{
  "model": "kannala_brandt (cv2.fisheye, KB4)",
  "image_size": [
    2704,
    2028
  ],
  "fps": 59.94005994005994,
  "K": [
    [
      1214.994936904524,
      0.0,
      1343.323085193826
    ],
    [
      0.0,
      1217.2868607326761,
      1030.4371361149906
    ],
    [
      0.0,
      0.0,
      1.0
    ]
  ],
  "D": [
    0.047586359482944,
    0.01906362986066018,
    -0.010853360711690135,
    0.0023006191201407804
  ],
  "rms_px": 0.8260028191606897,
  "n_views": 60,
  "board": {
    "dict": "DICT_ARUCO_ORIGINAL",
    "layout": [
      10,
      8
    ],
    "square_size_m": 0.023,
    "legacy": true
  },
  "video": "data/GX014222.MP4"
}