t,gx,gy,gz,ax,ay,az
-3.495131118915863087e-16,-6.389776357827475772e-03,-4.259850905218317760e-03,-3.514376996805111675e-02,8.858513189448441238e+00,6.187050359712230607e-01,4.211031175059951615e+00
4.955445544554106831e-03,-8.519701810436635520e-03,-1.064962726304579440e-03,-2.555910543130990309e-02,8.894484412470024637e+00,6.019184652278177783e-01,4.215827338129496837e+00
9.910891089108564075e-03,-1.064962726304579353e-02,-7.454739084132055646e-03,-2.023429179978700893e-02,8.956834532374100988e+00,5.923261390887289979e-01,4.249400479616307180e+00
1.486633663366302045e-02,-9.584664536741213658e-03,-8.519701810436635520e-03,-9.584664536741213658e-03,8.908872901678657641e+00,6.211031175059952281e-01,4.107913669064748419e+00
1.982178217821747510e-02,-1.277955271565495154e-02,-6.389776357827475772e-03,2.129925452609158880e-03,8.846522781774579514e+00,5.947242206235011652e-01,4.062350119904076351e+00
2.477722772277193147e-02,-1.277955271565495154e-02,1.064962726304579440e-03,1.171458998935037341e-02,8.853717026378896904e+00,4.940047961630695261e-01,4.035971223021582510e+00
2.973267326732638785e-02,-1.810436634717784918e-02,8.519701810436635520e-03,1.597444089456868943e-02,8.923261390887290645e+00,4.556354916067146266e-01,4.155875299760191766e+00
3.468811881188084423e-02,-1.810436634717784918e-02,6.389776357827475772e-03,1.277955271565495154e-02,8.940047961630694928e+00,4.724220623501199090e-01,4.199040767386090778e+00
3.964356435643530407e-02,-2.023429179978700893e-02,1.064962726304579440e-03,1.597444089456868943e-02,8.870503597122302963e+00,4.820143884892086339e-01,4.218225419664269005e+00
4.459900990098976392e-02,-1.703940362087327104e-02,-2.129925452609158880e-03,2.342917997870074681e-02,8.901678657074340251e+00,4.436450839328537343e-01,4.201438848920862945e+00
4.955445544554421683e-02,-1.916932907348242732e-02,-5.324813631522896766e-03,3.727369542066027996e-02,8.940047961630694928e+00,3.717026378896882699e-01,4.141486810551558762e+00
5.450990099009866974e-02,-2.236421725239616520e-02,-7.454739084132055646e-03,4.259850905218317413e-02,8.901678657074340251e+00,3.069544364508393075e-01,4.091127098321343247e+00
5.946534653465312958e-02,-2.023429179978700893e-02,-2.129925452609158880e-03,3.620873269435569836e-02,8.918465227817746310e+00,2.541966426858512929e-01,4.062350119904076351e+00
6.442079207920758943e-02,-2.342917997870074681e-02,3.194888178913737886e-03,2.981895633652822258e-02,8.916067146282973255e+00,2.661870503597122406e-01,4.086330935251798913e+00
6.937623762376203540e-02,-2.449414270500532495e-02,7.454739084132055646e-03,2.981895633652822258e-02,8.906474820143884585e+00,3.021582733812949728e-01,4.098321342925659749e+00
7.433168316831649525e-02,-2.236421725239616520e-02,9.584664536741213658e-03,3.301384451544196047e-02,8.906474820143884585e+00,2.853717026378896904e-01,4.196642685851318610e+00
7.928712871287095509e-02,-2.023429179978700893e-02,7.454739084132055646e-03,4.046858359957401785e-02,8.911270983213428920e+00,2.158273381294963933e-01,4.227817745803357674e+00
8.424257425742541494e-02,-1.810436634717784918e-02,2.129925452609158880e-03,4.366347177848775574e-02,8.908872901678657641e+00,1.294964028776978415e-01,4.215827338129496837e+00
8.919801980197987479e-02,-1.810436634717784918e-02,1.064962726304579440e-03,4.153354632587859252e-02,8.868105515587529908e+00,5.515587529976018893e-02,4.165467625899280435e+00
9.415346534653432076e-02,-2.023429179978700893e-02,1.064962726304579440e-03,3.301384451544196047e-02,8.836930455635490844e+00,2.398081534772182263e-02,4.165467625899280435e+00
9.910891089108878060e-02,-1.810436634717784918e-02,2.129925452609158880e-03,2.662406815761448470e-02,8.884892086330935967e+00,-1.918465227817745672e-02,4.148681055155875264e+00
1.040643564356432405e-01,-1.490947816826411129e-02,2.129925452609158880e-03,1.810436634717784918e-02,8.952038369304556653e+00,-5.515587529976018893e-02,4.182254196642685606e+00
1.090198019801976864e-01,-1.171458998935037341e-02,2.129925452609158880e-03,1.171458998935037341e-02,8.971223021582733992e+00,-1.247002398081534791e-01,4.208633093525179447e+00
1.139752475247521463e-01,-1.064962726304579353e-02,-3.194888178913737886e-03,3.194888178913737886e-03,9.009592326139088669e+00,-9.832134292565947176e-02,4.083932853717026745e+00
1.189306930693066061e-01,-1.384451544195953142e-02,-4.259850905218317760e-03,-7.454739084132055646e-03,8.944844124700239263e+00,-7.434052757793764565e-02,4.134292565947242259e+00
1.238861386138610660e-01,-8.519701810436635520e-03,0.000000000000000000e+00,-1.490947816826411129e-02,8.916067146282973255e+00,-8.633093525179856564e-02,4.067146282973620686e+00
1.288415841584155119e-01,-6.389776357827475772e-03,4.259850905218317760e-03,-2.449414270500532495e-02,8.916067146282973255e+00,-1.390887290167865664e-01,4.071942446043165909e+00
1.337970297029699718e-01,1.064962726304579440e-03,1.064962726304579353e-02,-3.194888178913737886e-02,8.940047961630694928e+00,-8.633093525179856564e-02,4.062350119904076351e+00
1.387524752475244039e-01,3.194888178913737886e-03,1.277955271565495154e-02,-3.940362087326943624e-02,9.011990407673861725e+00,-4.796163069544364180e-03,4.088729016786571080e+00
1.437079207920788637e-01,9.584664536741213658e-03,1.171458998935037341e-02,-3.407880724174654208e-02,9.038369304556354678e+00,5.275779376498800771e-02,4.110311750599520586e+00
1.486633663366333236e-01,2.023429179978700893e-02,1.703940362087327104e-02,-2.875399361022364098e-02,9.043165467625899012e+00,0.000000000000000000e+00,3.952038369304556209e+00
1.536188118811877834e-01,1.703940362087327104e-02,2.449414270500532495e-02,-4.259850905218317413e-02,9.026378896882494729e+00,-1.318944844124700366e-01,3.968824940047961825e+00
1.585742574257422433e-01,1.490947816826411129e-02,3.088391906283280072e-02,-6.283280085197018305e-02,8.937649880095923649e+00,-7.194244604316546443e-02,4.023980815347721673e+00
1.635297029702967031e-01,2.023429179978700893e-02,3.620873269435569836e-02,-7.880724174653887248e-02,8.827338129496402175e+00,7.673860911270982688e-02,4.153477218225419598e+00
1.684851485148511629e-01,2.768903088391906284e-02,3.833865814696485463e-02,-7.880724174653887248e-02,8.707434052757793808e+00,1.822541966426858562e-01,4.136690647482014427e+00
1.734405940594056228e-01,2.236421725239616520e-02,4.259850905218317413e-02,-7.454739084132055993e-02,8.800959232613909222e+00,2.158273381294963933e-01,4.359712230215827766e+00
1.783960396039600826e-01,2.342917997870074681e-02,3.514376996805111675e-02,-7.348242811501597138e-02,8.906474820143884585e+00,1.990407673860911386e-01,4.438848920863309289e+00
1.833514851485145147e-01,1.916932907348242732e-02,2.023429179978700893e-02,-8.093716719914803570e-02,8.872901678657074243e+00,2.134292565947242259e-01,4.398081534772182444e+00
1.883069306930689746e-01,1.277955271565495154e-02,1.171458998935037341e-02,-1.033013844515442009e-01,8.872901678657074243e+00,3.045563549160671402e-01,4.306954436450839196e+00
1.932623762376234344e-01,-4.259850905218317760e-03,1.064962726304579440e-03,-1.171458998935037271e-01,8.697841726618705138e+00,5.059952038369304184e-01,4.388489208633093774e+00
1.982178217821778943e-01,-2.129925452609158880e-03,-4.259850905218317760e-03,-1.043663471778487756e-01,8.697841726618705138e+00,6.570743405275779603e-01,4.347721822541966041e+00
2.031732673267323541e-01,4.259850905218317760e-03,-7.454739084132055646e-03,-7.667731629392970927e-02,8.774580335731414493e+00,6.570743405275779603e-01,4.172661870503596937e+00
2.081287128712868140e-01,0.000000000000000000e+00,-1.064962726304579353e-02,-5.963791267305644517e-02,8.839328537170263900e+00,5.803357314148680501e-01,4.175059952038369104e+00
2.130841584158412738e-01,5.324813631522896766e-03,-4.259850905218317760e-03,-4.898828541001064990e-02,8.808153477218224836e+00,5.491606714628297636e-01,4.199040767386090778e+00
2.180396039603957059e-01,1.916932907348242732e-02,6.389776357827475772e-03,-3.940362087326943624e-02,8.827338129496402175e+00,5.659472422062350461e-01,4.366906474820144268e+00
2.229950495049501658e-01,2.129925452609158706e-02,-7.454739084132055646e-03,-3.194888178913737886e-02,8.860911270983214294e+00,5.779376498800958828e-01,4.282973621103117523e+00
2.279504950495046256e-01,7.454739084132055646e-03,-2.768903088391906284e-02,-2.129925452609158706e-02,8.966426858513189657e+00,4.892086330935251914e-01,4.247002398081535013e+00
2.329059405940590854e-01,1.171458998935037341e-02,-2.768903088391906284e-02,-1.703940362087327104e-02,9.045563549160672068e+00,3.501199040767385973e-01,4.023980815347721673e+00
2.378613861386135453e-01,5.324813631522896766e-03,-1.916932907348242732e-02,-2.555910543130990309e-02,8.990407673860911331e+00,2.997601918465228055e-01,4.038369304556354678e+00
2.428168316831680051e-01,2.129925452609158880e-03,-1.597444089456868943e-02,-3.514376996805111675e-02,8.848920863309352569e+00,4.196642685851318944e-01,3.884892086330935079e+00
2.477722772277224650e-01,-6.389776357827475772e-03,-2.129925452609158880e-03,-2.768903088391906284e-02,8.829736211031175230e+00,5.155875299760191988e-01,3.887290167865707247e+00
2.527277227722769526e-01,0.000000000000000000e+00,1.171458998935037341e-02,-1.277955271565495154e-02,8.997601918465226944e+00,3.645083932853717124e-01,3.995203836930455665e+00
2.576831683168314124e-01,1.277955271565495154e-02,1.916932907348242732e-02,-5.324813631522896766e-03,9.107913669064748419e+00,1.558752997601918489e-01,3.911270983213429364e+00
2.626386138613858723e-01,6.389776357827475772e-03,3.088391906283280072e-02,-1.916932907348242732e-02,9.033573141486810343e+00,2.062350119904076684e-01,4.088729016786571080e+00
2.675940594059403321e-01,9.584664536741213658e-03,2.981895633652822258e-02,-2.981895633652822258e-02,8.863309352517985573e+00,3.333333333333333148e-01,4.211031175059951615e+00
2.725495049504947920e-01,1.171458998935037341e-02,2.555910543130990309e-02,-2.342917997870074681e-02,8.949640287769783598e+00,2.709832134292565753e-01,4.187050359712229941e+00
2.775049504950491963e-01,1.064962726304579440e-03,3.088391906283280072e-02,-3.088391906283280072e-02,8.889688249400480302e+00,2.350119904076738708e-01,4.247002398081535013e+00
2.824603960396036562e-01,-7.454739084132055646e-03,2.662406815761448470e-02,-4.579339723109691201e-02,8.700239808153476417e+00,3.381294964028777050e-01,4.553956834532374209e+00
2.874158415841581160e-01,-3.194888178913737886e-03,8.519701810436635520e-03,-4.046858359957401785e-02,8.633093525179855732e+00,4.196642685851318944e-01,4.491606714628296970e+00
2.923712871287125759e-01,-2.129925452609158880e-03,-1.064962726304579440e-03,-2.981895633652822258e-02,8.697841726618705138e+00,4.316546762589927866e-01,4.362110311750599934e+00
2.973267326732670357e-01,-6.389776357827475772e-03,0.000000000000000000e+00,-3.301384451544196047e-02,8.772182254196643214e+00,4.196642685851318944e-01,4.299760191846522694e+00
3.022821782178214955e-01,-1.490947816826411129e-02,-7.454739084132055646e-03,-3.514376996805111675e-02,8.760191846522781489e+00,3.836930455635491621e-01,4.431654676258992787e+00
3.072376237623759554e-01,-1.064962726304579353e-02,-1.810436634717784918e-02,-3.407880724174654208e-02,8.875299760191847298e+00,3.621103117505995450e-01,4.287769784172661858e+00
3.121930693069304152e-01,-6.389776357827475772e-03,-2.129925452609158706e-02,-3.727369542066027996e-02,8.925659472422061924e+00,3.932853717026378870e-01,4.254196642685851515e+00
3.171485148514848751e-01,5.324813631522896766e-03,-2.129925452609158706e-02,-3.088391906283280072e-02,8.877697841726618577e+00,4.916067146282973588e-01,4.179856115107913439e+00
3.221039603960393349e-01,5.324813631522896766e-03,-2.342917997870074681e-02,-1.490947816826411129e-02,8.829736211031175230e+00,5.467625899280575963e-01,4.093525179856115415e+00
3.270594059405937948e-01,4.259850905218317760e-03,-1.916932907348242732e-02,-2.129925452609158880e-03,8.896882494004795916e+00,4.628297362110311841e-01,4.016786570743405171e+00
3.320148514851482546e-01,0.000000000000000000e+00,-1.171458998935037341e-02,-2.129925452609158880e-03,8.952038369304556653e+00,4.028776978417266119e-01,3.940047961630695372e+00
3.369702970297027145e-01,-8.519701810436635520e-03,-7.454739084132055646e-03,-1.277955271565495154e-02,8.997601918465226944e+00,4.052757793764987793e-01,4.055155875299759849e+00
3.419257425742571743e-01,-9.584664536741213658e-03,-6.389776357827475772e-03,-2.023429179978700893e-02,9.019184652278177339e+00,5.299760191846523139e-01,4.059952038369304184e+00
3.468811881188116342e-01,-1.703940362087327104e-02,-7.454739084132055646e-03,-1.277955271565495154e-02,8.961630695443645322e+00,5.779376498800958828e-01,4.074340527577938076e+00
3.518366336633660940e-01,-1.810436634717784918e-02,-3.194888178913737886e-03,-1.064962726304579440e-03,8.884892086330935967e+00,5.227817745803357008e-01,4.014388489208633004e+00
3.567920792079205539e-01,-1.916932907348242732e-02,4.259850905218317760e-03,8.519701810436635520e-03,8.918465227817746310e+00,4.580335731414867939e-01,4.062350119904076351e+00
3.617475247524749582e-01,-1.490947816826411129e-02,9.584664536741213658e-03,1.064962726304579353e-02,8.844124700239808234e+00,4.652278177458033515e-01,4.067146282973620686e+00
3.667029702970294180e-01,-1.810436634717784918e-02,1.490947816826411129e-02,8.519701810436635520e-03,8.820143884892086561e+00,5.107913669064748641e-01,4.213429256594723782e+00
3.716584158415838779e-01,-1.810436634717784918e-02,1.171458998935037341e-02,1.384451544195953142e-02,8.832134292565946510e+00,5.707434052757793808e-01,4.280575539568345356e+00
3.766138613861383377e-01,-2.236421725239616520e-02,5.324813631522896766e-03,1.703940362087327104e-02,8.889688249400480302e+00,5.155875299760191988e-01,4.282973621103117523e+00
3.815693069306927976e-01,-2.129925452609158706e-02,-3.194888178913737886e-03,2.555910543130990309e-02,8.906474820143884585e+00,4.292565947242206192e-01,4.251798561151079348e+00
3.865247524752472574e-01,-2.023429179978700893e-02,-9.584664536741213658e-03,2.662406815761448470e-02,8.892086330935251581e+00,4.076738609112710021e-01,4.175059952038369104e+00
3.914801980198017173e-01,-2.023429179978700893e-02,-6.389776357827475772e-03,2.555910543130990309e-02,8.844124700239808234e+00,4.436450839328537343e-01,4.107913669064748419e+00
3.964356435643561771e-01,-1.916932907348242732e-02,1.064962726304579440e-03,2.662406815761448470e-02,8.803357314148680501e+00,4.820143884892086339e-01,4.081534772182254578e+00
4.013910891089106370e-01,-2.023429179978700893e-02,8.519701810436635520e-03,3.407880724174654208e-02,8.839328537170263900e+00,4.412470023980815115e-01,4.179856115107913439e+00
4.063465346534650968e-01,-2.129925452609158706e-02,8.519701810436635520e-03,3.727369542066027996e-02,8.935251798561150594e+00,3.764988009592326046e-01,4.206235011990407280e+00
4.113019801980195567e-01,-2.236421725239616520e-02,4.259850905218317760e-03,3.727369542066027996e-02,8.961630695443645322e+00,3.501199040767385973e-01,4.266187050359712352e+00
4.162574257425740165e-01,-2.662406815761448470e-02,-1.064962726304579440e-03,3.833865814696485463e-02,8.949640287769783598e+00,3.357314148681055377e-01,4.225419664268585507e+00
4.212128712871284764e-01,-2.662406815761448470e-02,-5.324813631522896766e-03,3.833865814696485463e-02,8.896882494004795916e+00,3.189448441247002553e-01,4.167865707434052602e+00
4.261683168316829362e-01,-2.236421725239616520e-02,-2.129925452609158880e-03,4.153354632587859252e-02,8.832134292565946510e+00,2.853717026378896904e-01,4.107913669064748419e+00
4.311237623762373961e-01,-2.129925452609158706e-02,4.259850905218317760e-03,4.259850905218317413e-02,8.822541966426857840e+00,2.062350119904076684e-01,4.131894484412470092e+00
4.360792079207918004e-01,-1.916932907348242732e-02,1.064962726304579353e-02,3.940362087326943624e-02,8.865707434052758629e+00,1.223021582733812979e-01,4.187050359712229941e+00
4.410346534653462602e-01,-1.703940362087327104e-02,1.277955271565495154e-02,3.194888178913737886e-02,8.940047961630694928e+00,7.673860911270982688e-02,4.292565947242206192e+00
4.459900990099007201e-01,-1.703940362087327104e-02,6.389776357827475772e-03,2.236421725239616520e-02,8.930455635491606259e+00,4.076738609112710160e-02,4.306954436450839196e+00
4.509455445544551799e-01,-1.490947816826411129e-02,-4.259850905218317760e-03,1.597444089456868943e-02,8.935251798561150594e+00,-7.194244604316547137e-03,4.268585131894484519e+00
4.559009900990096398e-01,-1.703940362087327104e-02,-1.171458998935037341e-02,8.519701810436635520e-03,8.906474820143884585e+00,-1.918465227817745672e-02,4.208633093525179447e+00
4.608564356435640996e-01,-1.384451544195953142e-02,-1.064962726304579353e-02,-4.259850905218317760e-03,8.894484412470024637e+00,-2.398081534772182263e-02,4.098321342925659749e+00
4.658118811881185595e-01,-1.384451544195953142e-02,-5.324813631522896766e-03,-1.597444089456868943e-02,8.884892086330935967e+00,-2.158273381294964141e-02,4.045563549160671180e+00
4.707673267326730193e-01,-1.384451544195953142e-02,1.064962726304579440e-03,-2.875399361022364098e-02,8.863309352517985573e+00,3.117505995203836977e-02,4.107913669064748419e+00
4.757227722772274792e-01,-1.277955271565495154e-02,7.454739084132055646e-03,-3.833865814696485463e-02,8.865707434052758629e+00,1.007194244604316530e-01,4.179856115107913439e+00
4.806782178217819390e-01,-1.490947816826411129e-02,6.389776357827475772e-03,-4.366347177848775574e-02,8.911270983213428920e+00,1.918465227817745811e-01,4.242206235011990678e+00
4.856336633663363989e-01,-1.277955271565495154e-02,2.129925452609158880e-03,-5.005324813631523151e-02,8.908872901678657641e+00,2.829736211031175230e-01,4.273381294964028854e+00
4.905891089108908587e-01,-1.171458998935037341e-02,-5.324813631522896766e-03,-5.324813631522896940e-02,8.844124700239808234e+00,3.165467625899280324e-01,4.235011990407674176e+00
4.955445544554453186e-01,-1.171458998935037341e-02,-9.584664536741213658e-03,-4.579339723109691201e-02,8.880095923261391633e+00,3.477218225419664299e-01,4.184652278177457774e+00
5.004999999999997229e-01,-1.277955271565495154e-02,-1.277955271565495154e-02,-4.153354632587859252e-02,8.935251798561150594e+00,3.285371702637889801e-01,4.105515587529976251e+00
5.054554455445542382e-01,-1.277955271565495154e-02,-9.584664536741213658e-03,-4.472843450479233041e-02,9.035971223021583398e+00,3.669064748201438797e-01,4.011990407673860837e+00
5.104108910891086426e-01,-1.384451544195953142e-02,-5.324813631522896766e-03,-5.111821086261980618e-02,9.031175059952039064e+00,4.364508393285371768e-01,4.023980815347721673e+00
5.153663366336631579e-01,-1.597444089456868943e-02,0.000000000000000000e+00,-5.431309904153354406e-02,8.959232613908872267e+00,5.299760191846523139e-01,4.026378896882493841e+00
5.203217821782175623e-01,-2.129925452609158706e-02,7.454739084132055646e-03,-4.898828541001064990e-02,8.916067146282973255e+00,6.306954436450838974e-01,4.028776978417266008e+00
5.252772277227720776e-01,-2.768903088391906284e-02,9.584664536741213658e-03,-4.579339723109691201e-02,8.959232613908872267e+00,7.410071942446042614e-01,3.935251798561151038e+00
5.302326732673264820e-01,-5.537806176783812567e-02,6.389776357827475772e-03,-5.005324813631523151e-02,8.964028776978416602e+00,8.705035971223021862e-01,3.918465227817745866e+00
5.351881188118809973e-01,-6.922257720979765883e-02,1.064962726304579353e-02,-4.472843450479233041e-02,8.997601918465226944e+00,9.904076738609112196e-01,3.925659472422062368e+00
5.401435643564354017e-01,-6.496272630457934627e-02,2.981895633652822258e-02,-2.555910543130990309e-02,8.968824940047960936e+00,1.095923261390887360e+00,3.925659472422062368e+00
5.450990099009899170e-01,-6.496272630457934627e-02,4.259850905218317413e-02,2.129925452609158880e-03,8.937649880095923649e+00,1.182254196642685828e+00,4.170263788968824770e+00
5.500544554455443214e-01,-5.750798722044728195e-02,4.153354632587859252e-02,4.153354632587859252e-02,8.800959232613909222e+00,1.206235011990407724e+00,4.184652278177457774e+00
5.550099009900987257e-01,-5.218317358892438779e-02,3.833865814696485463e-02,9.904153354632587447e-02,8.767386091127098879e+00,1.002398081534772167e+00,4.242206235011990678e+00
5.599653465346532411e-01,-3.727369542066027996e-02,4.366347177848775574e-02,1.427050053248136441e-01,8.923261390887290645e+00,6.354916067146283432e-01,4.199040767386090778e+00
5.649207920792076454e-01,-3.727369542066027996e-02,4.046858359957401785e-02,1.373801916932907430e-01,8.995203836930455665e+00,4.052757793764987793e-01,4.333333333333333037e+00
5.698762376237621607e-01,-4.685835995740149362e-02,2.449414270500532495e-02,1.011714589989350377e-01,8.918465227817746310e+00,4.988009592326139163e-01,4.261390887290168017e+00
5.748316831683165651e-01,-6.709265175718849561e-02,1.384451544195953142e-02,7.561235356762513460e-02,8.657074340527577405e+00,7.434052757793765398e-01,4.177458033573141272e+00
5.797871287128710804e-01,-8.200212992545261037e-02,1.810436634717784918e-02,7.987220447284344715e-02,8.422062350119903229e+00,8.896882494004796360e-01,4.321342925659472201e+00
5.847425742574254848e-01,-7.454739084132055993e-02,2.129925452609158706e-02,1.096911608093716767e-01,8.498800959232614360e+00,8.465227817745802907e-01,4.232613908872902009e+00
5.896980198019800001e-01,-7.348242811501597138e-02,3.407880724174654208e-02,1.395101171458998923e-01,8.621103117505995783e+00,7.098321342925659749e-01,4.537170263788969038e+00
5.946534653465344045e-01,-6.389776357827475772e-02,2.768903088391906284e-02,1.490947816826411199e-01,8.676258992805754744e+00,6.163069544364508934e-01,4.760191846522781489e+00
5.996089108910889198e-01,-5.644302449414270728e-02,4.259850905218317760e-03,1.512247071352502692e-01,8.729016786570744202e+00,6.618705035971222950e-01,4.748201438848920652e+00
6.045643564356433242e-01,-6.815761448349308416e-02,-2.129925452609158880e-03,1.554845580404685956e-01,8.508393285371703030e+00,8.705035971223021862e-01,4.853717026378896904e+00
6.095198019801978395e-01,-1.075612353567625135e-01,-2.129925452609158706e-02,1.874334398296059745e-01,8.390887290167865942e+00,8.345323741007194540e-01,5.345323741007193874e+00
6.144752475247522439e-01,-1.107561235356762513e-01,-8.732694355697551147e-02,2.247071352502662545e-01,8.764988009592325824e+00,2.613908872901678504e-01,4.992805755395683498e+00
6.194306930693067592e-01,-1.171458998935037271e-01,-1.256656017039403661e-01,2.087326943556975511e-01,9.105515587529975363e+00,-1.774580335731414937e-01,4.347721822541966041e+00
6.243861386138611635e-01,-1.331203407880724165e-01,-1.246006389776357776e-01,1.661341853035143701e-01,9.004796163069544335e+00,-5.755395683453237710e-02,4.309352517985611364e+00
6.293415841584156789e-01,-1.182108626198083018e-01,-1.331203407880724165e-01,1.629392971246006461e-01,8.810551558752997892e+00,8.153477218225420320e-02,3.803357314148680945e+00
6.342970297029700832e-01,-1.064962726304579388e-01,-1.192758253461128903e-01,1.895633652822151238e-01,9.215827338129496837e+00,-2.446043165467625957e-01,3.549160671462829875e+00
6.392524752475244876e-01,-8.945686900958466081e-02,-6.922257720979765883e-02,1.778487752928647470e-01,9.290167865707434913e+00,-2.805755395683453002e-01,3.462829736211030962e+00
6.442079207920790029e-01,-1.054313099041533502e-01,-5.750798722044728195e-02,1.576144834930777450e-01,8.860911270983214294e+00,-2.230215827338129508e-01,3.968824940047961825e+00
6.491633663366334073e-01,-7.135250266240682204e-02,-6.815761448349308416e-02,1.586794462193823196e-01,9.112709832134292753e+00,-4.292565947242206192e-01,3.541966426858513373e+00
6.541188118811879226e-01,-5.218317358892438779e-02,-3.514376996805111675e-02,1.416400425985090417e-01,9.189448441247002108e+00,-5.683453237410072134e-01,3.458033573141486627e+00
6.590742574257423270e-01,-5.111821086261980618e-02,-6.389776357827475772e-03,1.086261980830670881e-01,9.088729016786571080e+00,-4.556354916067146266e-01,3.700239808153477306e+00
6.640297029702968423e-01,-4.792332268370606829e-02,8.519701810436635520e-03,9.052183173588924936e-02,9.059952038369305072e+00,-3.237410071942445899e-01,3.997601918465227833e+00
6.689851485148512467e-01,-3.727369542066027996e-02,1.171458998935037341e-02,8.519701810436634826e-02,8.923261390887290645e+00,-3.669064748201438797e-01,4.172661870503596937e+00
6.739405940594057620e-01,-3.088391906283280072e-02,2.129925452609158880e-03,7.454739084132055993e-02,8.985611510791366996e+00,-4.772182254196642437e-01,4.050359712230215514e+00
6.788960396039601664e-01,-3.514376996805111675e-02,9.584664536741213658e-03,4.472843450479233041e-02,8.964028776978416602e+00,-4.220623501199040617e-01,4.314148681055155699e+00
6.838514851485146817e-01,-2.555910543130990309e-02,6.389776357827475772e-03,2.662406815761448470e-02,8.896882494004795916e+00,-2.158273381294963933e-01,4.369304556354916436e+00
6.888069306930690860e-01,-3.301384451544196047e-02,-1.490947816826411129e-02,2.023429179978700893e-02,8.988009592326138275e+00,-2.062350119904076684e-01,4.381294964028777272e+00
6.937623762376236014e-01,-3.514376996805111675e-02,-2.449414270500532495e-02,2.129925452609158880e-03,8.872901678657074243e+00,-1.438848920863309289e-01,4.067146282973620686e+00
6.987178217821780057e-01,-5.218317358892438779e-02,-1.810436634717784918e-02,-1.384451544195953142e-02,8.628297362110311397e+00,1.199040767386091132e-02,4.206235011990407280e+00
7.036732673267325211e-01,-4.792332268370606829e-02,-1.384451544195953142e-02,-1.171458998935037341e-02,8.803357314148680501e+00,1.031175059952038342e-01,4.285371702637889690e+00
7.086287128712869254e-01,-4.579339723109691201e-02,-1.490947816826411129e-02,-7.454739084132055646e-03,9.064748201438849406e+00,1.199040767386091132e-02,4.280575539568345356e+00
7.135841584158414408e-01,-5.111821086261980618e-02,-3.301384451544196047e-02,-1.703940362087327104e-02,9.225419664268585507e+00,-2.158273381294963933e-01,3.954436450839328376e+00
7.185396039603958451e-01,-5.537806176783812567e-02,-3.088391906283280072e-02,-6.283280085197018305e-02,9.340527577937649539e+00,-3.021582733812949728e-01,3.582733812949640217e+00
7.234950495049502495e-01,-5.431309904153354406e-02,6.389776357827475772e-03,-1.086261980830670881e-01,8.851318944844123848e+00,-7.194244604316547137e-03,3.599520383693045389e+00
7.284504950495047648e-01,-4.046858359957401785e-02,3.514376996805111675e-02,-1.139510117145899892e-01,8.712230215827338142e+00,2.541966426858512929e-01,3.671462829736210853e+00
7.334059405940591692e-01,-3.727369542066027996e-02,5.431309904153354406e-02,-9.797657082002129980e-02,8.772182254196643214e+00,1.726618705035971313e-01,3.709832134292565975e+00
7.383613861386136845e-01,-3.940362087326943624e-02,7.561235356762513460e-02,-1.033013844515442009e-01,8.923261390887290645e+00,-1.294964028776978415e-01,3.822541966426858728e+00
7.433168316831680889e-01,-4.366347177848775574e-02,1.022364217252396124e-01,-1.448349307774227934e-01,8.992805755395682610e+00,-1.918465227817745811e-01,4.237410071942446343e+00
7.482722772277226042e-01,-5.218317358892438779e-02,9.797657082002129980e-02,-1.810436634717784987e-01,8.822541966426857840e+00,1.510791366906474864e-01,4.959232613908873155e+00
7.532277227722770085e-01,-4.685835995740149362e-02,4.153354632587859252e-02,-1.693290734824281218e-01,8.549160671462828986e+00,5.851318944844124958e-01,5.076738609112710243e+00
7.581831683168315239e-01,-4.259850905218317413e-02,-9.584664536741213658e-03,-1.171458998935037271e-01,8.577937649880096771e+00,6.858513189448440794e-01,4.906474820143884585e+00
7.631386138613859282e-01,-4.366347177848775574e-02,-4.046858359957401785e-02,-5.963791267305644517e-02,8.757793764988010210e+00,5.731414868105515481e-01,4.618705035971222728e+00
7.680940594059404436e-01,-5.750798722044728195e-02,-5.537806176783812567e-02,-2.662406815761448470e-02,8.853717026378896904e+00,5.179856115107913661e-01,4.532374100719424703e+00
7.730495049504948479e-01,-6.389776357827475772e-02,-7.135250266240682204e-02,-2.129925452609158880e-03,8.724220623501199867e+00,5.467625899280575963e-01,4.438848920863309289e+00
7.780049504950493633e-01,-5.644302449414270728e-02,-8.200212992545261037e-02,2.981895633652822258e-02,8.848920863309352569e+00,4.388489208633093441e-01,4.136690647482014427e+00
7.829603960396037676e-01,-4.792332268370606829e-02,-8.093716719914803570e-02,3.833865814696485463e-02,9.081534772182253690e+00,2.877697841726618577e-01,3.836930455635491732e+00
7.879158415841582830e-01,-4.472843450479233041e-02,-6.283280085197018305e-02,1.810436634717784918e-02,9.076738609112709355e+00,2.949640287769784153e-01,3.678657074340527799e+00
7.928712871287126873e-01,-3.407880724174654208e-02,-3.407880724174654208e-02,8.519701810436635520e-03,9.043165467625899012e+00,4.268585131894484519e-01,3.796163069544364443e+00
7.978267326732670917e-01,-1.810436634717784918e-02,-3.301384451544196047e-02,2.662406815761448470e-02,9.434052757793764954e+00,3.405275779376498724e-01,3.652278177458033515e+00
8.027821782178216070e-01,-6.389776357827475772e-03,-1.064962726304579353e-02,3.407880724174654208e-02,9.328537170263789591e+00,2.757793764988009655e-01,3.206235011990407724e+00
8.077376237623760113e-01,-6.389776357827475772e-03,5.218317358892438779e-02,2.342917997870074681e-02,9.004796163069544335e+00,2.230215827338129508e-01,3.211031175059952059e+00
8.126930693069305267e-01,-6.389776357827475772e-03,1.086261980830670881e-01,9.584664536741213658e-03,8.896882494004795916e+00,0.000000000000000000e+00,3.438848920863309289e+00
8.176485148514849310e-01,-1.916932907348242732e-02,1.363152289669861683e-01,-2.236421725239616520e-02,8.968824940047960936e+00,-1.990407673860911386e-01,3.836930455635491732e+00
8.226039603960394464e-01,-2.662406815761448470e-02,1.341853035143769912e-01,-6.283280085197018305e-02,8.976019184652278327e+00,-3.165467625899280324e-01,4.105515587529976251e+00
8.275594059405938507e-01,-1.597444089456868943e-02,1.277955271565495154e-01,-8.945686900958466081e-02,9.004796163069544335e+00,-3.597122302158273222e-01,4.335731414868105205e+00
8.325148514851483661e-01,2.129925452609158880e-03,1.182108626198083018e-01,-1.128860489882854146e-01,9.151079136690647431e+00,-3.357314148681055377e-01,4.534772182254196871e+00
8.374702970297027704e-01,5.324813631522896766e-03,9.584664536741213658e-02,-1.405750798722044670e-01,9.206235011990408168e+00,-2.206235011990407557e-01,4.748201438848920652e+00
8.424257425742572858e-01,1.384451544195953142e-02,6.922257720979765883e-02,-1.490947816826411199e-01,9.294964028776979248e+00,-1.966426858513189435e-01,4.719424460431654644e+00
8.473811881188116901e-01,2.555910543130990309e-02,5.324813631522896940e-02,-1.522896698615548439e-01,9.467625899280575297e+00,-2.517985611510791255e-01,4.369304556354916436e+00
8.523366336633662055e-01,1.810436634717784918e-02,5.750798722044728195e-02,-1.640042598509052207e-01,9.964028776978416602e+00,-2.877697841726618577e-01,4.525179856115108201e+00
8.572920792079206098e-01,1.171458998935037341e-02,3.514376996805111675e-02,-1.831735889243876481e-01,9.839328537170263900e+00,-2.134292565947242259e-01,3.988009592326139163e+00
8.622475247524751252e-01,-6.389776357827475772e-03,6.389776357827475772e-02,-1.948881789137380249e-01,9.817745803357313505e+00,-2.805755395683453002e-01,4.002398081534772167e+00
8.672029702970295295e-01,6.389776357827475772e-03,1.075612353567625135e-01,-2.108626198083067005e-01,9.666666666666666075e+00,-1.678657074340527688e-01,4.177458033573141272e+00
8.721584158415839338e-01,4.259850905218317760e-03,8.413205537806177359e-02,-2.129925452609158776e-01,9.208633093525179447e+00,7.673860911270982688e-02,3.952038369304556209e+00
8.771138613861384492e-01,9.584664536741213658e-03,8.200212992545261037e-02,-1.991480298189563236e-01,9.278177458033573188e+00,1.247002398081534791e-01,3.580335731414868050e+00
8.820693069306928535e-01,1.916932907348242732e-02,1.214057507987220397e-01,-1.927582534611288478e-01,9.661870503597121740e+00,0.000000000000000000e+00,3.299760191846522694e+00
8.870247524752473689e-01,9.584664536741213658e-03,1.661341853035143701e-01,-2.034078807241746500e-01,9.642685851318944401e+00,-1.079136690647481966e-01,3.431654676258992787e+00
8.919801980198017732e-01,1.916932907348242732e-02,2.108626198083067005e-01,-2.236421725239616520e-01,9.477218225419663966e+00,5.515587529976018893e-02,3.520383693045563422e+00
8.969356435643562886e-01,2.023429179978700893e-02,2.587859424920127549e-01,-2.342917997870074542e-01,9.705035971223020752e+00,1.414868105515587615e-01,4.347721822541966041e+00
9.018910891089106929e-01,3.727369542066027996e-02,2.587859424920127549e-01,-2.406815761448349300e-01,9.589928057553956720e+00,1.031175059952038342e-01,4.896882494004795916e+00
9.068465346534652083e-01,4.685835995740149362e-02,2.183173588924387509e-01,-2.566560170394036056e-01,9.494004796163070026e+00,2.422062350119904006e-01,4.983213429256594829e+00
9.118019801980196126e-01,4.792332268370606829e-02,1.746538871139510229e-01,-2.641107561235356838e-01,9.263788968824940184e+00,7.098321342925659749e-01,4.988009592326139163e+00
9.167574257425741280e-01,5.431309904153354406e-02,1.352502662406815659e-01,-2.385516506922257807e-01,9.031175059952039064e+00,9.544364508393284874e-01,4.513189448441247364e+00
9.217128712871285323e-01,5.963791267305644517e-02,1.277955271565495154e-01,-1.853035143769967974e-01,9.359712230215826878e+00,5.323741007194244812e-01,4.148681055155875264e+00
9.266683168316830477e-01,7.774227902023429781e-02,1.597444089456868943e-01,-1.810436634717784987e-01,9.623501199040767062e+00,-2.877697841726618855e-02,3.899280575539568527e+00
9.316237623762374520e-01,7.987220447284344715e-02,2.012779552715655007e-01,-2.204472843450479280e-01,9.465227817745804018e+00,4.796163069544364180e-03,4.366906474820144268e+00
9.365792079207919674e-01,8.200212992545261037e-02,1.927582534611288478e-01,-2.481363152289669805e-01,8.944844124700239263e+00,6.139088729016786150e-01,5.321342925659472201e+00
9.415346534653463717e-01,1.011714589989350377e-01,1.096911608093716767e-01,-1.980830670926517489e-01,8.460431654676259683e+00,8.129496402877698369e-01,5.482014388489208301e+00
9.464900990099008871e-01,1.139510117145899892e-01,1.490947816826411129e-02,-1.384451544195953177e-01,8.743405275779377206e+00,2.110311750599520308e-01,5.258992805755395850e+00
9.514455445544552914e-01,1.384451544195953177e-01,-3.620873269435569836e-02,-1.448349307774227934e-01,9.247002398081534125e+00,-2.685851318944844079e-01,4.990407673860911331e+00
9.564009900990096957e-01,1.405750798722044670e-01,-7.987220447284344715e-02,-1.980830670926517489e-01,9.352517985611511264e+00,-2.158273381294963933e-01,5.172661870503596937e+00
9.613564356435642111e-01,1.629392971246006461e-01,-1.267305644302449408e-01,-2.257720979765708291e-01,9.235011990407674176e+00,2.589928057553956831e-01,5.119904076738609255e+00
9.663118811881186154e-01,1.778487752928647470e-01,-1.725239616613418459e-01,-2.066027689030884018e-01,9.088729016786571080e+00,4.388489208633093441e-01,4.954436450839328820e+00
9.712673267326731308e-01,1.959531416400425996e-01,-1.874334398296059745e-01,-1.874334398296059745e-01,9.340527577937649539e+00,3.741007194244604372e-01,4.964028776978417490e+00
9.762227722772275351e-01,2.023429179978700754e-01,-2.097976570820021258e-01,-1.938232161874334503e-01,9.453237410071942293e+00,4.316546762589927866e-01,5.004796163069544335e+00
9.811782178217820505e-01,1.927582534611288478e-01,-2.481363152289669805e-01,-2.034078807241746500e-01,9.472422062350119631e+00,5.923261390887289979e-01,5.244604316546762846e+00
9.861336633663364548e-01,1.959531416400425996e-01,-2.981895633652822397e-01,-1.959531416400425996e-01,9.294964028776979248e+00,8.489208633093525691e-01,4.978417266187050494e+00
9.910891089108909702e-01,1.842385516506922227e-01,-3.301384451544195908e-01,-1.735889243876464205e-01,9.218225419664268117e+00,1.023980815347721895e+00,5.059952038369304184e+00
9.960445544554453745e-01,1.916932907348242732e-01,-3.599574014909477926e-01,-1.363152289669861683e-01,9.244604316546762846e+00,1.134292565947242259e+00,4.942446043165467984e+00
1.000999999999999668e+00,1.821086261980830734e-01,-3.929712460063897739e-01,-9.691160809371672513e-02,9.534772182254195982e+00,1.107913669064748197e+00,5.071942446043165909e+00
1.005955445544554294e+00,1.778487752928647470e-01,-4.408945686900958560e-01,-6.496272630457934627e-02,9.510791366906474309e+00,1.083932853717026301e+00,4.714628297362110310e+00
1.010910891089108699e+00,1.565495207667731703e-01,-4.664536741214057591e-01,-4.579339723109691201e-02,9.604316546762589724e+00,1.064748201438848962e+00,4.582733812949640217e+00
1.015866336633663103e+00,1.458998935037273681e-01,-4.781682641107561360e-01,-2.129925452609158706e-02,9.573141486810552436e+00,1.043165467625899234e+00,4.316546762589927866e+00
1.020821782178217507e+00,1.320553780617678419e-01,-4.760383386581469867e-01,6.389776357827475772e-03,9.623501199040767062e+00,9.784172661870503829e-01,4.115107913669064921e+00
1.025777227722772134e+00,1.171458998935037271e-01,-4.717784877529286325e-01,2.875399361022364098e-02,9.712230215827338142e+00,7.913669064748201087e-01,4.009592326139088669e+00
1.030732673267326538e+00,1.096911608093716767e-01,-4.643237486687966098e-01,3.407880724174654208e-02,9.781774580335731883e+00,7.050359712230215292e-01,3.776978417266187105e+00
1.035688118811880942e+00,1.001064962726304630e-01,-4.526091586794462329e-01,4.046858359957401785e-02,9.721822541966426812e+00,6.954436450839328598e-01,3.724220623501198979e+00
1.040643564356435347e+00,1.064962726304579388e-01,-4.281150159744409045e-01,5.750798722044728195e-02,9.724220623501199867e+00,7.074340527577938076e-01,3.436450839328537121e+00
1.045599009900989751e+00,1.086261980830670881e-01,-3.940362087326943485e-01,8.093716719914803570e-02,9.755395683453237154e+00,6.282973621103117301e-01,3.297362110311750527e+00
1.050554455445544377e+00,1.235356762513312029e-01,-3.450479233226836917e-01,1.022364217252396124e-01,9.808153477218224836e+00,5.371702637889688159e-01,3.167865707434052602e+00
1.055509900990098782e+00,1.256656017039403661e-01,-2.960596379126730349e-01,1.096911608093716767e-01,9.733812949640288537e+00,5.683453237410072134e-01,3.321342925659472201e+00
1.060465346534653186e+00,1.267305644302449408e-01,-2.641107561235356838e-01,1.235356762513312029e-01,9.606714628297362779e+00,6.690647482014387970e-01,3.489208633093525247e+00
1.065420792079207590e+00,1.214057507987220397e-01,-2.417465388711395047e-01,1.384451544195953177e-01,9.426858513189447564e+00,7.553956834532373765e-01,3.532374100719424259e+00
1.070376237623762217e+00,1.086261980830670881e-01,-2.279020234291799785e-01,1.522896698615548439e-01,9.258992805755395850e+00,7.817745803357314394e-01,3.565947242206235046e+00
1.075331683168316621e+00,8.839190628328008614e-02,-2.161874334398296016e-01,1.693290734824281218e-01,9.251798561151078459e+00,7.266187050359712574e-01,3.565947242206235046e+00
1.080287128712871025e+00,6.070287539936101984e-02,-2.066027689030884018e-01,1.789137380191693216e-01,9.352517985611511264e+00,6.450839328537170125e-01,3.597122302158273222e+00
1.085242574257425430e+00,3.833865814696485463e-02,-1.980830670926517489e-01,1.799787007454738963e-01,9.359712230215826878e+00,6.570743405275779603e-01,3.558752997601918544e+00
1.090198019801980056e+00,5.324813631522896766e-03,-1.853035143769967974e-01,1.810436634717784987e-01,9.290167865707434913e+00,6.906474820143885252e-01,3.575539568345323715e+00
1.095153465346534460e+00,-1.916932907348242732e-02,-1.703940362087326965e-01,1.863684771033013721e-01,9.275779376498800133e+00,6.762589928057554101e-01,3.494004796163069582e+00
1.100108910891088865e+00,-4.579339723109691201e-02,-1.480298189563365174e-01,1.938232161874334503e-01,9.393285371702637221e+00,5.947242206235011652e-01,3.426858513189448452e+00
1.105064356435643269e+00,-7.561235356762513460e-02,-1.192758253461128903e-01,1.863684771033013721e-01,9.472422062350119631e+00,5.275779376498801465e-01,3.453237410071942293e+00
1.110019801980197673e+00,-1.054313099041533502e-01,-8.626198083067092293e-02,1.735889243876464205e-01,9.486810551558752636e+00,5.587529976019184330e-01,3.609112709832134502e+00
1.114975247524752300e+00,-1.235356762513312029e-01,-5.963791267305644517e-02,1.640042598509052207e-01,9.388489208633092886e+00,6.522781774580336256e-01,3.776978417266187105e+00
1.119930693069306704e+00,-1.405750798722044670e-01,-4.046858359957401785e-02,1.661341853035143701e-01,9.158273381294964821e+00,7.745803357314148263e-01,3.961630695443644878e+00
1.124886138613861108e+00,-1.554845580404685956e-01,-3.301384451544196047e-02,1.778487752928647470e-01,9.043165467625899012e+00,8.441247002398081234e-01,4.107913669064748419e+00
1.129841584158415513e+00,-1.640042598509052207e-01,-3.940362087326943624e-02,1.959531416400425996e-01,9.098321342925659749e+00,7.170263788968824770e-01,4.081534772182254578e+00
1.134797029702970139e+00,-1.703940362087326965e-01,-4.046858359957401785e-02,2.108626198083067005e-01,9.112709832134292753e+00,6.043165467625899456e-01,4.141486810551558762e+00
1.139752475247524544e+00,-1.714589989350372712e-01,-4.472843450479233041e-02,2.140575079872204523e-01,8.829736211031175230e+00,5.539568345323740983e-01,4.189448441247002108e+00
1.144707920792078948e+00,-1.810436634717784987e-01,-5.431309904153354406e-02,2.108626198083067005e-01,8.829736211031175230e+00,4.916067146282973588e-01,4.621103117505994895e+00
1.149663366336633352e+00,-1.842385516506922227e-01,-9.797657082002129980e-02,2.129925452609158776e-01,8.757793764988010210e+00,3.549160671462829875e-01,4.573141486810551548e+00
1.154618811881187979e+00,-1.895633652822151238e-01,-1.395101171458998923e-01,1.991480298189563236e-01,8.860911270983214294e+00,9.832134292565947176e-02,4.374100719424460770e+00
1.159574257425742383e+00,-1.842385516506922227e-01,-1.640042598509052207e-01,1.725239616613418459e-01,8.729016786570744202e+00,1.438848920863309427e-02,4.208633093525179447e+00
1.164529702970296787e+00,-1.767838125665601723e-01,-1.799787007454738963e-01,1.501597444089456945e-01,8.585131894484412385e+00,1.103117505995203779e-01,4.316546762589927866e+00
1.169485148514851192e+00,-1.597444089456868943e-01,-2.055378061767837994e-01,1.405750798722044670e-01,8.522781774580336034e+00,1.486810551558752913e-01,4.321342925659472201e+00
1.174440594059405818e+00,-1.448349307774227934e-01,-2.396166134185303553e-01,1.320553780617678419e-01,8.513189448441247364e+00,5.755395683453237710e-02,4.273381294964028854e+00
1.179396039603960222e+00,-1.235356762513312029e-01,-2.726304579339723366e-01,1.182108626198083018e-01,8.589928057553956720e+00,-4.796163069544364527e-02,4.095923261390887582e+00
1.184351485148514627e+00,-1.043663471778487756e-01,-2.981895633652822397e-01,1.011714589989350377e-01,8.693045563549160804e+00,-2.877697841726618855e-02,3.786570743405275774e+00
1.189306930693069031e+00,-8.413205537806177359e-02,-3.077742279020234117e-01,8.732694355697551147e-02,8.745803357314148485e+00,7.913669064748200810e-02,3.491606714628297414e+00
1.194262376237623435e+00,-6.176783812566560145e-02,-2.939297124600638855e-01,8.626198083067092293e-02,8.776978417266187549e+00,1.247002398081534791e-01,3.196642685851319055e+00
1.199217821782178062e+00,-4.472843450479233041e-02,-2.598509052183173851e-01,9.158679446219382403e-02,8.952038369304556653e+00,6.474820143884892076e-02,3.086330935251798468e+00
1.204173267326732466e+00,-2.662406815761448470e-02,-2.193823216187433534e-01,8.732694355697551147e-02,9.134292565947241371e+00,-7.194244604316547137e-03,3.086330935251798468e+00
1.209128712871286870e+00,-1.490947816826411129e-02,-1.874334398296059745e-01,6.922257720979765883e-02,9.107913669064748419e+00,4.076738609112710160e-02,3.167865707434052602e+00
1.214084158415841275e+00,-3.194888178913737886e-03,-1.608093716719914690e-01,5.324813631522896940e-02,8.952038369304556653e+00,2.278177458033573133e-01,3.153477218225419598e+00
1.219039603960395901e+00,2.129925452609158880e-03,-1.363152289669861683e-01,5.644302449414270728e-02,8.856115107913668183e+00,3.453237410071942626e-01,3.170263788968824770e+00
1.223995049504950305e+00,9.584664536741213658e-03,-1.075612353567625135e-01,6.389776357827475772e-02,8.844124700239808234e+00,3.477218225419664299e-01,3.211031175059952059e+00
1.228950495049504710e+00,8.519701810436635520e-03,-8.200212992545261037e-02,6.283280085197018305e-02,8.803357314148680501e+00,3.525179856115107646e-01,3.398081534772182444e+00
1.233905940594059114e+00,8.519701810436635520e-03,-7.561235356762513460e-02,5.750798722044728195e-02,8.709832134292565087e+00,4.052757793764987793e-01,3.630695443645084008e+00
1.238861386138613740e+00,5.324813631522896766e-03,-8.306709265175718504e-02,5.963791267305644517e-02,8.575539568345323715e+00,5.611510791366906004e-01,3.717026378896882477e+00
1.243816831683168145e+00,3.194888178913737886e-03,-9.584664536741213658e-02,7.135250266240682204e-02,8.484412470023981356e+00,6.690647482014387970e-01,3.700239808153477306e+00
1.248772277227722549e+00,4.259850905218317760e-03,-1.011714589989350377e-01,8.626198083067092293e-02,8.472422062350119631e+00,6.690647482014387970e-01,3.625899280575539674e+00
1.253727722772276953e+00,1.064962726304579440e-03,-9.904153354632587447e-02,1.011714589989350377e-01,8.508393285371703030e+00,6.235011990407673954e-01,3.731414868105515481e+00
1.258683168316831580e+00,-2.129925452609158880e-03,-1.075612353567625135e-01,1.128860489882854146e-01,8.446043165467626679e+00,6.402877697841726778e-01,3.760191846522781933e+00
1.263638613861385984e+00,-7.454739084132055646e-03,-1.150159744408945639e-01,1.256656017039403661e-01,8.477218225419663966e+00,5.827338129496403285e-01,3.757793764988009766e+00
1.268594059405940389e+00,-2.129925452609158880e-03,-1.256656017039403661e-01,1.416400425985090417e-01,8.709832134292565087e+00,4.340527577937650094e-01,3.776978417266187105e+00
1.273549504950494793e+00,-5.324813631522896766e-03,-1.448349307774227934e-01,1.416400425985090417e-01,8.580335731414868050e+00,3.884892086330935523e-01,3.460431654676258795e+00
1.278504950495049197e+00,-1.384451544195953142e-02,-1.277955271565495154e-01,1.299254526091586925e-01,8.558752997601917656e+00,5.587529976019184330e-01,3.597122302158273222e+00
1.283460396039603824e+00,-2.023429179978700893e-02,-1.171458998935037271e-01,1.416400425985090417e-01,8.482014388489208301e+00,7.266187050359712574e-01,3.817745803357313950e+00
1.288415841584158228e+00,-3.088391906283280072e-02,-1.320553780617678419e-01,1.671991480298189447e-01,8.443645083932853623e+00,6.882494004796163578e-01,3.913669064748201532e+00
1.293371287128712632e+00,-4.046858359957401785e-02,-1.501597444089456945e-01,1.863684771033013721e-01,8.474820143884892687e+00,5.539568345323740983e-01,3.767386091127098435e+00
1.298326732673267037e+00,-6.496272630457934627e-02,-1.650692225772097954e-01,1.842385516506922227e-01,8.458033573141486627e+00,5.203836930455635335e-01,3.764988009592326268e+00
1.303282178217821663e+00,-8.306709265175718504e-02,-1.831735889243876481e-01,1.767838125665601723e-01,8.369304556354915547e+00,6.426858513189448452e-01,3.697841726618705138e+00
1.308237623762376067e+00,-1.064962726304579388e-01,-2.002129925452609260e-01,1.831735889243876481e-01,8.422062350119903229e+00,7.290167865707434247e-01,3.623501199040767506e+00
1.313193069306930472e+00,-1.214057507987220397e-01,-2.129925452609158776e-01,1.970181043663471743e-01,8.491606714628296970e+00,7.458033573141487071e-01,3.316546762589927866e+00
1.318148514851484876e+00,-1.352502662406815659e-01,-2.087326943556975511e-01,2.151224707135250269e-01,8.630695443645084453e+00,7.050359712230215292e-01,3.043165467625899456e+00
1.323103960396039502e+00,-1.437699680511182188e-01,-1.842385516506922227e-01,2.364217252396166036e-01,8.745803357314148485e+00,7.170263788968824770e-01,2.872901678657074243e+00
1.328059405940593907e+00,-1.395101171458998923e-01,-1.533546325878594185e-01,2.598509052183173851e-01,8.793764988009591832e+00,7.050359712230215292e-01,2.721822541966426812e+00
1.333014851485148311e+00,-1.331203407880724165e-01,-1.150159744408945639e-01,2.949946751863684602e-01,8.949640287769783598e+00,5.755395683453237154e-01,2.618705035971223172e+00
1.337970297029702715e+00,-1.160809371671991524e-01,-6.602768903088392094e-02,3.248136315228967175e-01,9.069544364508393741e+00,3.549160671462829875e-01,2.525179856115107757e+00
1.342925742574257342e+00,-1.033013844515442009e-01,-1.384451544195953142e-02,3.407880724174653930e-01,9.064748201438849406e+00,1.366906474820143991e-01,2.661870503597122184e+00
1.347881188118811746e+00,-8.413205537806177359e-02,2.768903088391906284e-02,3.461128860489882664e-01,9.031175059952039064e+00,3.357314148681055099e-02,2.726618705035971146e+00
1.352836633663366150e+00,-7.241746538871139671e-02,5.857294994675186356e-02,3.471778487752928410e-01,9.055155875299760737e+00,-2.398081534772182263e-02,2.760191846522781933e+00
1.357792079207920555e+00,-6.070287539936101984e-02,9.584664536741213658e-02,3.439829605963791170e-01,9.059952038369305072e+00,-1.414868105515587615e-01,2.824940047961630896e+00
1.362747524752474959e+00,-4.792332268370606829e-02,1.331203407880724165e-01,3.407880724174653930e-01,9.045563549160672068e+00,-3.021582733812949728e-01,3.016786570743405171e+00
1.367702970297029585e+00,-3.833865814696485463e-02,1.682641107561235472e-01,3.269435569755058668e-01,9.009592326139088669e+00,-3.836930455635491621e-01,3.333333333333333481e+00
1.372658415841583990e+00,-2.875399361022364098e-02,1.778487752928647470e-01,3.088391906283279864e-01,8.851318944844123848e+00,-4.052757793764987793e-01,3.630695443645084008e+00
1.377613861386138394e+00,-3.088391906283280072e-02,1.661341853035143701e-01,2.875399361022364375e-01,8.678657074340527799e+00,-4.052757793764987793e-01,3.817745803357313950e+00
1.382569306930692798e+00,-3.407880724174654208e-02,1.490947816826411199e-01,2.630457933972311091e-01,8.597122302158274110e+00,-3.717026378896882699e-01,3.858513189448441238e+00
1.387524752475247425e+00,-4.685835995740149362e-02,1.341853035143769912e-01,2.364217252396166036e-01,8.537170263788969038e+00,-3.525179856115107646e-01,3.997601918465227833e+00
1.392480198019801829e+00,-5.324813631522896940e-02,1.107561235356762513e-01,2.193823216187433534e-01,8.563549160671461991e+00,-3.812949640287769948e-01,4.033573141486810343e+00
1.397435643564356234e+00,-5.963791267305644517e-02,8.519701810436634826e-02,2.034078807241746500e-01,8.558752997601917656e+00,-4.316546762589927866e-01,4.019184652278177339e+00
1.402391089108910638e+00,-6.815761448349308416e-02,7.241746538871139671e-02,1.767838125665601723e-01,8.546762589928057707e+00,-4.292565947242206192e-01,4.103117505995204084e+00
1.407346534653465264e+00,-8.626198083067092293e-02,4.792332268370606829e-02,1.469648562300319428e-01,8.575539568345323715e+00,-3.932853717026378870e-01,4.055155875299759849e+00
1.412301980198019669e+00,-1.064962726304579388e-01,2.981895633652822258e-02,1.214057507987220397e-01,8.788968824940047497e+00,-4.892086330935251914e-01,4.047961630695443347e+00
1.417257425742574073e+00,-1.224707135250266282e-01,6.389776357827475772e-03,8.306709265175718504e-02,8.705035971223020752e+00,-5.587529976019184330e-01,3.913669064748201532e+00
1.422212871287128477e+00,-1.458998935037273681e-01,-1.171458998935037341e-02,3.620873269435569836e-02,8.597122302158274110e+00,-5.443645083932853179e-01,3.980815347721822661e+00
1.427168316831683104e+00,-1.533546325878594185e-01,-3.407880724174654208e-02,3.194888178913737886e-03,8.661870503597121740e+00,-5.011990407673860837e-01,3.894484412470024193e+00
1.432123762376237508e+00,-1.640042598509052207e-01,-4.898828541001064990e-02,-3.088391906283280072e-02,8.709832134292565087e+00,-5.251798561151078681e-01,3.925659472422062368e+00
1.437079207920791912e+00,-1.629392971246006461e-01,-6.176783812566560145e-02,-6.496272630457934627e-02,8.690647482014387748e+00,-5.899280575539568305e-01,3.918465227817745866e+00
1.442034653465346317e+00,-1.576144834930777450e-01,-8.306709265175718504e-02,-1.011714589989350377e-01,8.743405275779377206e+00,-6.402877697841726778e-01,3.971223021582733992e+00
1.446990099009900721e+00,-1.437699680511182188e-01,-1.054313099041533502e-01,-1.341853035143769912e-01,8.731414868105515481e+00,-5.515587529976019310e-01,3.889688249400479414e+00
1.451945544554455347e+00,-1.246006389776357776e-01,-1.214057507987220397e-01,-1.608093716719914690e-01,8.793764988009591832e+00,-4.220623501199040617e-01,3.630695443645084008e+00
1.456900990099009752e+00,-1.107561235356762513e-01,-1.139510117145899892e-01,-1.810436634717784987e-01,8.887290167865707247e+00,-3.573141486810551548e-01,3.258992805755395850e+00
1.461856435643564156e+00,-9.478168264110756192e-02,-7.667731629392970927e-02,-1.959531416400425996e-01,8.760191846522781489e+00,-2.565947242206235157e-01,3.853717026378896904e+00
1.466811881188118560e+00,-5.324813631522896940e-02,-8.519701810436634826e-02,-1.959531416400425996e-01,9.057553956834532016e+00,-2.014388489208633060e-01,4.141486810551558762e+00
1.471767326732673187e+00,-3.514376996805111675e-02,-1.320553780617678419e-01,-1.959531416400425996e-01,8.882494004796162912e+00,-7.194244604316547137e-03,3.882494004796162912e+00
1.476722772277227591e+00,-1.277955271565495154e-02,-1.427050053248136441e-01,-1.884984025559105492e-01,8.788968824940047497e+00,2.110311750599520308e-01,3.551558752997602042e+00
1.481678217821781995e+00,6.389776357827475772e-03,-1.246006389776357776e-01,-1.757188498402555976e-01,8.738609112709832871e+00,4.652278177458033515e-01,3.429256594724220619e+00
1.486633663366336400e+00,1.703940362087327104e-02,-1.033013844515442009e-01,-1.437699680511182188e-01,8.796163069544364888e+00,5.803357314148680501e-01,3.880095923261390745e+00
1.491589108910891026e+00,3.727369542066027996e-02,-1.118210862619808260e-01,-1.054313099041533502e-01,8.988009592326138275e+00,5.467625899280575963e-01,3.899280575539568527e+00
1.496544554455445430e+00,2.768903088391906284e-02,-1.416400425985090417e-01,-8.413205537806177359e-02,9.007194244604317390e+00,4.868105515587530241e-01,3.834532374100719565e+00
1.501499999999999835e+00,3.194888178913737886e-02,-1.586794462193823196e-01,-7.135250266240682204e-02,8.884892086330935967e+00,6.139088729016786150e-01,3.381294964028776828e+00
1.506455445544554239e+00,1.597444089456868943e-02,-1.480298189563365174e-01,-4.259850905218317413e-02,8.793764988009591832e+00,7.002398081534771945e-01,3.342925659472422151e+00
1.511410891089108643e+00,1.810436634717784918e-02,-1.352502662406815659e-01,-2.129925452609158880e-03,8.841726618705035179e+00,6.618705035971222950e-01,3.184652278177458218e+00
1.516366336633663270e+00,7.454739084132055646e-03,-1.235356762513312029e-01,2.981895633652822258e-02,9.064748201438849406e+00,4.436450839328537343e-01,3.211031175059952059e+00
1.521321782178217674e+00,-6.389776357827475772e-03,-1.150159744408945639e-01,4.046858359957401785e-02,9.165467625899280435e+00,2.350119904076738708e-01,3.146282973621103096e+00
1.526277227722772079e+00,-2.449414270500532495e-02,-1.054313099041533502e-01,3.301384451544196047e-02,9.158273381294964821e+00,1.894484412470023860e-01,2.911270983213429364e+00
1.531232673267326483e+00,-4.685835995740149362e-02,-7.774227902023429781e-02,2.662406815761448470e-02,9.124700239808152702e+00,2.494004796163069582e-01,2.865707434052757741e+00
1.536188118811881109e+00,-5.644302449414270728e-02,-4.153354632587859252e-02,3.194888178913737886e-02,9.117505995203837088e+00,2.613908872901678504e-01,2.781774580335731439e+00
1.541143564356435514e+00,-6.922257720979765883e-02,-4.259850905218317760e-03,4.259850905218317413e-02,9.139088729016785706e+00,1.630695443645084064e-01,3.079136690647481966e+00
1.546099009900989918e+00,-7.241746538871139671e-02,1.916932907348242732e-02,4.685835995740149362e-02,9.100719424460431028e+00,1.366906474820143991e-01,3.194244604316546887e+00
1.551054455445544322e+00,-8.200212992545261037e-02,2.768903088391906284e-02,4.685835995740149362e-02,9.002398081534773056e+00,1.846522781774580235e-01,3.366906474820143824e+00
1.556009900990098949e+00,-8.519701810436634826e-02,2.875399361022364098e-02,5.324813631522896940e-02,8.868105515587529908e+00,2.973621103117505826e-01,3.299760191846522694e+00
1.560965346534653353e+00,-9.478168264110756192e-02,3.620873269435569836e-02,6.709265175718849561e-02,8.865707434052758629e+00,2.877697841726618577e-01,3.326139088729016979e+00
1.565920792079207757e+00,-1.011714589989350377e-01,4.685835995740149362e-02,7.774227902023429781e-02,8.944844124700239263e+00,2.230215827338129508e-01,3.366906474820143824e+00
1.570876237623762162e+00,-1.139510117145899892e-01,5.218317358892438779e-02,8.306709265175718504e-02,9.016786570743406060e+00,1.007194244604316530e-01,3.417266187050359783e+00
1.575831683168316788e+00,-1.267305644302449408e-01,5.218317358892438779e-02,7.987220447284344715e-02,9.071942446043165020e+00,1.199040767386091132e-02,3.494004796163069582e+00
1.580787128712871192e+00,-1.341853035143769912e-01,5.218317358892438779e-02,7.561235356762513460e-02,9.057553956834532016e+00,-1.918465227817745672e-02,3.436450839328537121e+00
1.585742574257425597e+00,-1.427050053248136441e-01,5.750798722044728195e-02,6.922257720979765883e-02,9.067146282973620686e+00,-3.836930455635491344e-02,3.482014388489208745e+00
1.590698019801980001e+00,-1.448349307774227934e-01,6.815761448349308416e-02,6.496272630457934627e-02,9.043165467625899012e+00,-3.117505995203836977e-02,3.491606714628297414e+00
1.595653465346534405e+00,-1.480298189563365174e-01,6.922257720979765883e-02,6.176783812566560145e-02,9.000000000000000000e+00,-4.316546762589928282e-02,3.640287769784172678e+00
1.600608910891089032e+00,-1.458998935037273681e-01,6.283280085197018305e-02,6.283280085197018305e-02,8.966426858513189657e+00,-1.918465227817745672e-02,3.613908872901678837e+00
1.605564356435643436e+00,-1.501597444089456945e-01,5.431309904153354406e-02,6.389776357827475772e-02,8.904076738609113306e+00,-2.398081534772182090e-03,3.633093525179856176e+00
1.610519801980197840e+00,-1.512247071352502692e-01,5.005324813631523151e-02,6.389776357827475772e-02,8.920863309352517589e+00,7.194244604316547137e-03,3.611510791366906670e+00
1.615475247524752245e+00,-1.586794462193823196e-01,4.579339723109691201e-02,6.070287539936101984e-02,8.978417266187049606e+00,-1.918465227817745672e-02,3.587529976019184552e+00
1.620430693069306871e+00,-1.671991480298189447e-01,4.472843450479233041e-02,5.963791267305644517e-02,9.026378896882494729e+00,-9.112709832134292809e-02,3.589928057553956720e+00
1.625386138613861275e+00,-1.671991480298189447e-01,4.685835995740149362e-02,5.218317358892438779e-02,9.023980815347721673e+00,-1.558752997601918489e-01,3.563549160671462879e+00
1.630341584158415680e+00,-1.682641107561235472e-01,5.005324813631523151e-02,4.259850905218317413e-02,8.964028776978416602e+00,-1.822541966426858562e-01,3.604316546762589724e+00
1.635297029702970084e+00,-1.608093716719914690e-01,5.111821086261980618e-02,3.727369542066027996e-02,8.901678657074340251e+00,-1.918465227817745811e-01,3.594724220623501054e+00
1.640252475247524711e+00,-1.565495207667731703e-01,5.005324813631523151e-02,3.620873269435569836e-02,8.954436450839327932e+00,-2.422062350119904006e-01,3.628297362110311841e+00
1.645207920792079115e+00,-1.437699680511182188e-01,5.005324813631523151e-02,3.407880724174654208e-02,9.035971223021583398e+00,-3.021582733812949728e-01,3.625899280575539674e+00
1.650163366336633519e+00,-1.331203407880724165e-01,5.005324813631523151e-02,2.449414270500532495e-02,9.095923261390886694e+00,-3.141486810551558650e-01,3.695443645083932971e+00
1.655118811881187924e+00,-1.192758253461128903e-01,4.792332268370606829e-02,1.490947816826411129e-02,9.038369304556354678e+00,-2.733812949640287981e-01,3.750599520383693264e+00
1.660074257425742550e+00,-1.107561235356762513e-01,4.259850905218317413e-02,9.584664536741213658e-03,8.961630695443645322e+00,-2.134292565947242259e-01,3.745803357314148485e+00
1.665029702970296954e+00,-1.022364217252396124e-01,3.727369542066027996e-02,5.324813631522896766e-03,8.920863309352517589e+00,-2.014388489208633060e-01,3.721822541966426812e+00
1.669985148514851359e+00,-9.584664536741213658e-02,3.088391906283280072e-02,3.194888178913737886e-03,8.949640287769783598e+00,-2.278177458033573133e-01,3.733812949640287648e+00
1.674940594059405763e+00,-9.797657082002129980e-02,1.916932907348242732e-02,-1.064962726304579440e-03,9.011990407673861725e+00,-2.661870503597122406e-01,3.791366906474820109e+00
1.679896039603960167e+00,-9.797657082002129980e-02,1.171458998935037341e-02,-1.064962726304579353e-02,9.057553956834532016e+00,-2.685851318944844079e-01,3.738609112709831983e+00
1.684851485148514794e+00,-9.478168264110756192e-02,7.454739084132055646e-03,-1.916932907348242732e-02,9.031175059952039064e+00,-2.901678657074340251e-01,3.729016786570743314e+00
1.689806930693069198e+00,-8.945686900958466081e-02,7.454739084132055646e-03,-2.555910543130990309e-02,9.043165467625899012e+00,-3.069544364508393075e-01,3.657074340527577849e+00
1.694762376237623602e+00,-8.200212992545261037e-02,6.389776357827475772e-03,-3.301384451544196047e-02,9.057553956834532016e+00,-3.549160671462829875e-01,3.683453237410072134e+00
1.699717821782178007e+00,-7.241746538871139671e-02,5.324813631522896766e-03,-4.259850905218317413e-02,9.091127098321342359e+00,-4.196642685851318944e-01,3.642685851318944845e+00
1.704673267326732633e+00,-6.176783812566560145e-02,6.389776357827475772e-03,-5.857294994675186356e-02,9.098321342925659749e+00,-4.532374100719424592e-01,3.623501199040767506e+00
1.709628712871287037e+00,-5.644302449414270728e-02,8.519701810436635520e-03,-7.348242811501597138e-02,9.110311750599519698e+00,-4.460431654676259017e-01,3.618705035971223172e+00
1.714584158415841442e+00,-5.111821086261980618e-02,1.490947816826411129e-02,-8.945686900958466081e-02,9.153477218225420486e+00,-4.340527577937650094e-01,3.589928057553956720e+00
1.719539603960395846e+00,-4.898828541001064990e-02,2.236421725239616520e-02,-1.096911608093716767e-01,9.107913669064748419e+00,-3.381294964028777050e-01,3.688249400479616469e+00
1.724495049504950472e+00,-4.792332268370606829e-02,2.342917997870074681e-02,-1.224707135250266282e-01,8.978417266187049606e+00,-2.158273381294963933e-01,3.729016786570743314e+00
1.729450495049504877e+00,-4.792332268370606829e-02,1.597444089456868943e-02,-1.267305644302449408e-01,8.949640287769783598e+00,-1.294964028776978415e-01,3.755395683453237599e+00
1.734405940594059281e+00,-5.111821086261980618e-02,7.454739084132055646e-03,-1.246006389776357776e-01,8.928057553956834980e+00,-1.462829736211031240e-01,3.764988009592326268e+00
1.739361386138613685e+00,-5.431309904153354406e-02,3.194888178913737886e-03,-1.246006389776357776e-01,8.925659472422061924e+00,-1.342925659472422040e-01,3.851318944844124736e+00
1.744316831683168090e+00,-5.857294994675186356e-02,-9.584664536741213658e-03,-1.246006389776357776e-01,8.988009592326138275e+00,-1.127098321342925591e-01,3.911270983213429364e+00
1.749272277227722716e+00,-6.389776357827475772e-02,-2.449414270500532495e-02,-1.256656017039403661e-01,9.002398081534773056e+00,-6.235011990407673954e-02,3.918465227817745866e+00
1.754227722772277120e+00,-6.922257720979765883e-02,-3.727369542066027996e-02,-1.224707135250266282e-01,8.949640287769783598e+00,0.000000000000000000e+00,3.870503597122302075e+00
1.759183168316831525e+00,-7.454739084132055993e-02,-4.366347177848775574e-02,-1.160809371671991524e-01,8.954436450839327932e+00,-4.796163069544364180e-03,3.829736211031175230e+00
1.764138613861385929e+00,-8.093716719914803570e-02,-5.005324813631523151e-02,-1.075612353567625135e-01,9.007194244604317390e+00,-7.673860911270982688e-02,3.796163069544364443e+00
1.769094059405940556e+00,-8.839190628328008614e-02,-5.750798722044728195e-02,-1.043663471778487756e-01,9.047961630695443347e+00,-1.630695443645084064e-01,3.738609112709831983e+00
1.774049504950494960e+00,-9.904153354632587447e-02,-6.389776357827475772e-02,-1.107561235356762513e-01,9.074340527577938076e+00,-2.134292565947242259e-01,3.661870503597122184e+00
1.779004950495049364e+00,-1.075612353567625135e-01,-6.283280085197018305e-02,-1.182108626198083018e-01,9.083932853717026745e+00,-2.350119904076738708e-01,3.556354916067146377e+00
1.783960396039603769e+00,-1.192758253461128903e-01,-6.176783812566560145e-02,-1.267305644302449408e-01,9.143884892086331817e+00,-2.470023980815347631e-01,3.422062350119904117e+00
1.788915841584158395e+00,-1.309904153354632672e-01,-5.111821086261980618e-02,-1.341853035143769912e-01,9.191846522781775164e+00,-2.589928057553956831e-01,3.335731414868105649e+00
1.793871287128712799e+00,-1.384451544195953177e-01,-3.514376996805111675e-02,-1.427050053248136441e-01,9.191846522781775164e+00,-2.278177458033573133e-01,3.378896882494004661e+00
1.798826732673267204e+00,-1.480298189563365174e-01,-2.129925452609158706e-02,-1.512247071352502692e-01,9.146282973621103096e+00,-2.182254196642685884e-01,3.431654676258992787e+00
1.803782178217821608e+00,-1.565495207667731703e-01,-1.810436634717784918e-02,-1.554845580404685956e-01,9.129496402877697037e+00,-1.822541966426858562e-01,3.474820143884892243e+00
1.808737623762376234e+00,-1.629392971246006461e-01,-1.810436634717784918e-02,-1.544195953141639932e-01,9.119904076738608367e+00,-1.798561151079136611e-01,3.474820143884892243e+00
1.813693069306930639e+00,-1.629392971246006461e-01,-1.171458998935037341e-02,-1.522896698615548439e-01,9.165467625899280435e+00,-1.726618705035971313e-01,3.458033573141486627e+00
1.818648514851485043e+00,-1.640042598509052207e-01,-4.259850905218317760e-03,-1.480298189563365174e-01,9.225419664268585507e+00,-1.798561151079136611e-01,3.494004796163069582e+00
1.823603960396039447e+00,-1.629392971246006461e-01,5.324813631522896766e-03,-1.458998935037273681e-01,9.251798561151078459e+00,-1.678657074340527688e-01,3.565947242206235046e+00
1.828559405940593852e+00,-1.608093716719914690e-01,1.277955271565495154e-02,-1.437699680511182188e-01,9.218225419664268117e+00,-1.510791366906474864e-01,3.575539568345323715e+00
1.833514851485148478e+00,-1.597444089456868943e-01,1.703940362087327104e-02,-1.405750798722044670e-01,9.143884892086331817e+00,-1.390887290167865664e-01,3.666666666666666519e+00
1.838470297029702882e+00,-1.608093716719914690e-01,1.597444089456868943e-02,-1.405750798722044670e-01,9.117505995203837088e+00,-1.678657074340527688e-01,3.709832134292565975e+00
1.843425742574257287e+00,-1.608093716719914690e-01,9.584664536741213658e-03,-1.416400425985090417e-01,9.100719424460431028e+00,-1.990407673860911386e-01,3.764988009592326268e+00
1.848381188118811691e+00,-1.608093716719914690e-01,-2.129925452609158880e-03,-1.416400425985090417e-01,9.071942446043165020e+00,-1.870503597122302186e-01,3.731414868105515481e+00
1.853336633663366317e+00,-1.608093716719914690e-01,-1.171458998935037341e-02,-1.437699680511182188e-01,9.043165467625899012e+00,-1.534772182254196538e-01,3.678657074340527799e+00
1.858292079207920722e+00,-1.640042598509052207e-01,-2.129925452609158706e-02,-1.427050053248136441e-01,9.033573141486810343e+00,-1.462829736211031240e-01,3.589928057553956720e+00
1.863247524752475126e+00,-1.629392971246006461e-01,-2.236421725239616520e-02,-1.395101171458998923e-01,9.098321342925659749e+00,-2.230215827338129508e-01,3.565947242206235046e+00
1.868202970297029530e+00,-1.640042598509052207e-01,-1.810436634717784918e-02,-1.437699680511182188e-01,9.184652278177457774e+00,-2.949640287769784153e-01,3.522781774580335590e+00
1.873158415841584157e+00,-1.661341853035143701e-01,-1.703940362087327104e-02,-1.533546325878594185e-01,9.182254196642686495e+00,-2.206235011990407557e-01,3.568345323741007213e+00
1.878113861386138561e+00,-1.650692225772097954e-01,-1.703940362087327104e-02,-1.565495207667731703e-01,9.139088729016785706e+00,-1.678657074340527688e-01,3.568345323741007213e+00
1.883069306930692965e+00,-1.597444089456868943e-01,-1.703940362087327104e-02,-1.522896698615548439e-01,9.122302158273381423e+00,-1.774580335731414937e-01,3.563549160671462879e+00
1.888024752475247370e+00,-1.533546325878594185e-01,-1.490947816826411129e-02,-1.458998935037273681e-01,9.148681055155876152e+00,-2.014388489208633060e-01,3.558752997601918544e+00
1.892980198019801996e+00,-1.512247071352502692e-01,-9.584664536741213658e-03,-1.416400425985090417e-01,9.211031175059952503e+00,-2.038369304556355011e-01,3.546762589928057707e+00
1.897935643564356401e+00,-1.512247071352502692e-01,-1.064962726304579353e-02,-1.448349307774227934e-01,9.211031175059952503e+00,-1.199040767386091166e-01,3.594724220623501054e+00
1.902891089108910805e+00,-1.554845580404685956e-01,-1.384451544195953142e-02,-1.416400425985090417e-01,9.172661870503597825e+00,-4.796163069544364527e-02,3.549160671462829875e+00
1.907846534653465209e+00,-1.597444089456868943e-01,-1.490947816826411129e-02,-1.320553780617678419e-01,9.153477218225420486e+00,-2.398081534772182263e-02,3.496402877697841749e+00
1.912801980198019614e+00,-1.661341853035143701e-01,-1.277955271565495154e-02,-1.235356762513312029e-01,9.172661870503597825e+00,-7.913669064748200810e-02,3.508393285371702586e+00
1.917757425742574240e+00,-1.778487752928647470e-01,-8.519701810436635520e-03,-1.214057507987220397e-01,9.201438848920863833e+00,-9.352517985611510931e-02,3.556354916067146377e+00
1.922712871287128644e+00,-1.927582534611288478e-01,-1.277955271565495154e-02,-1.235356762513312029e-01,9.170263788968824770e+00,-1.127098321342925591e-01,3.623501199040767506e+00
1.927668316831683049e+00,-2.076677316293929765e-01,-2.342917997870074681e-02,-1.203407880724174650e-01,9.129496402877697037e+00,-4.316546762589928282e-02,3.553956834532374209e+00
1.932623762376237453e+00,-2.257720979765708291e-01,-2.981895633652822258e-02,-1.160809371671991524e-01,9.088729016786571080e+00,-2.158273381294964141e-02,3.482014388489208745e+00
1.937579207920792079e+00,-2.406815761448349300e-01,-3.194888178913737886e-02,-1.086261980830670881e-01,9.119904076738608367e+00,-6.474820143884892076e-02,3.366906474820143824e+00
1.942534653465346484e+00,-2.577209797657081802e-01,-3.194888178913737886e-02,-1.022364217252396124e-01,9.184652278177457774e+00,-1.558752997601918489e-01,3.326139088729016979e+00
1.947490099009900888e+00,-2.758253461128860606e-01,-2.875399361022364098e-02,-1.022364217252396124e-01,9.244604316546762846e+00,-2.494004796163069582e-01,3.316546762589927866e+00
1.952445544554455292e+00,-2.875399361022364375e-01,-2.129925452609158706e-02,-1.128860489882854146e-01,9.273381294964028854e+00,-3.069544364508393075e-01,3.309352517985611364e+00
1.957400990099009919e+00,-2.992545260915868144e-01,-1.171458998935037341e-02,-1.256656017039403661e-01,9.270983213429255798e+00,-2.757793764988009655e-01,3.280575539568345356e+00
1.962356435643564323e+00,-3.056443024494142624e-01,1.064962726304579440e-03,-1.320553780617678419e-01,9.230215827338129841e+00,-2.470023980815347631e-01,3.318944844124700033e+00
1.967311881188118727e+00,-3.045793397231096877e-01,1.171458998935037341e-02,-1.331203407880724165e-01,9.199040767386090778e+00,-2.613908872901678504e-01,3.388489208633093330e+00
1.972267326732673132e+00,-2.971246006389776095e-01,1.810436634717784918e-02,-1.320553780617678419e-01,9.191846522781775164e+00,-2.853717026378896904e-01,3.474820143884892243e+00
1.977222772277227758e+00,-2.864749733759318628e-01,2.129925452609158706e-02,-1.309904153354632672e-01,9.170263788968824770e+00,-2.661870503597122406e-01,3.577937649880095883e+00
1.982178217821782162e+00,-2.779552715654952100e-01,1.703940362087327104e-02,-1.256656017039403661e-01,9.165467625899280435e+00,-2.541966426858512929e-01,3.573141486810551548e+00
1.987133663366336567e+00,-2.694355697550585571e-01,1.597444089456868943e-02,-1.214057507987220397e-01,9.122302158273381423e+00,-2.206235011990407557e-01,3.558752997601918544e+00
1.992089108910890971e+00,-2.598509052183173851e-01,1.384451544195953142e-02,-1.203407880724174650e-01,9.095923261390886694e+00,-2.254196642685851182e-01,3.649880095923261347e+00
1.997044554455445375e+00,-2.523961661341853069e-01,8.519701810436635520e-03,-1.160809371671991524e-01,9.103117505995204084e+00,-2.589928057553956831e-01,3.700239808153477306e+00
2.001999999999999780e+00,-2.481363152289669805e-01,-3.194888178913737886e-03,-1.192758253461128903e-01,9.076738609112709355e+00,-3.069544364508393075e-01,3.645083932853717013e+00
2.006955445544554184e+00,-2.449414270500532564e-01,-1.703940362087327104e-02,-1.246006389776357776e-01,9.095923261390886694e+00,-3.165467625899280324e-01,3.580335731414868050e+00
2.011910891089109032e+00,-2.417465388711395047e-01,-2.449414270500532495e-02,-1.309904153354632672e-01,9.086330935251798024e+00,-2.853717026378896904e-01,3.467625899280575741e+00
2.016866336633663437e+00,-2.428115015974440793e-01,-2.768903088391906284e-02,-1.373801916932907430e-01,9.091127098321342359e+00,-2.613908872901678504e-01,3.410071942446043280e+00
2.021821782178217841e+00,-2.481363152289669805e-01,-2.662406815761448470e-02,-1.427050053248136441e-01,9.146282973621103096e+00,-2.805755395683453002e-01,3.338129496402877816e+00
2.026777227722772245e+00,-2.545260915867944562e-01,-2.129925452609158706e-02,-1.501597444089456945e-01,9.191846522781775164e+00,-3.189448441247002553e-01,3.333333333333333481e+00
2.031732673267326650e+00,-2.598509052183173851e-01,-1.597444089456868943e-02,-1.629392971246006461e-01,9.249400479616307180e+00,-3.189448441247002553e-01,3.354916067146282987e+00
2.036688118811881054e+00,-2.694355697550585571e-01,-1.277955271565495154e-02,-1.799787007454738963e-01,9.158273381294964821e+00,-2.398081534772182333e-01,3.426858513189448452e+00
2.041643564356435459e+00,-2.758253461128860606e-01,-1.277955271565495154e-02,-1.895633652822151238e-01,9.040767386091127733e+00,-1.103117505995203779e-01,3.479616306954436578e+00
2.046599009900989863e+00,-2.779552715654952100e-01,-1.703940362087327104e-02,-1.874334398296059745e-01,9.002398081534773056e+00,-3.117505995203836977e-02,3.486810551558753080e+00
2.051554455445544711e+00,-2.811501597444089340e-01,-1.916932907348242732e-02,-1.799787007454738963e-01,9.064748201438849406e+00,-3.357314148681055099e-02,3.503597122302158251e+00
2.056509900990099116e+00,-2.854100106496272882e-01,-2.236421725239616520e-02,-1.778487752928647470e-01,9.110311750599519698e+00,-7.194244604316547137e-03,3.527577937649879924e+00
2.061465346534653520e+00,-2.864749733759318628e-01,-2.662406815761448470e-02,-1.746538871139510229e-01,9.127098321342925757e+00,5.275779376498800771e-02,3.517985611510791255e+00
2.066420792079207924e+00,-2.864749733759318628e-01,-2.981895633652822258e-02,-1.661341853035143701e-01,9.148681055155876152e+00,7.194244604316546443e-02,3.465227817745803574e+00
2.071376237623762329e+00,-2.832800851970180833e-01,-2.449414270500532495e-02,-1.544195953141639932e-01,9.131894484412470092e+00,5.995203836930455832e-02,3.455635491606714460e+00
2.076331683168316733e+00,-2.811501597444089340e-01,-1.703940362087327104e-02,-1.427050053248136441e-01,9.165467625899280435e+00,-1.438848920863309427e-02,3.503597122302158251e+00
2.081287128712871137e+00,-2.800851970181043593e-01,-1.277955271565495154e-02,-1.395101171458998923e-01,9.206235011990408168e+00,-8.393285371702638442e-02,3.537170263788969038e+00
2.086242574257425542e+00,-2.779552715654952100e-01,-1.384451544195953142e-02,-1.427050053248136441e-01,9.158273381294964821e+00,-9.112709832134292809e-02,3.541966426858513373e+00
2.091198019801979946e+00,-2.779552715654952100e-01,-1.916932907348242732e-02,-1.427050053248136441e-01,9.143884892086331817e+00,-9.832134292565947176e-02,3.467625899280575741e+00
2.096153465346534794e+00,-2.811501597444089340e-01,-1.810436634717784918e-02,-1.469648562300319428e-01,9.131894484412470092e+00,-1.294964028776978415e-01,3.426858513189448452e+00
2.101108910891089199e+00,-2.811501597444089340e-01,-1.277955271565495154e-02,-1.512247071352502692e-01,9.146282973621103096e+00,-1.414868105515587615e-01,3.441247002398081456e+00
2.106064356435643603e+00,-2.822151224707135087e-01,-1.384451544195953142e-02,-1.586794462193823196e-01,9.153477218225420486e+00,-1.486810551558752913e-01,3.520383693045563422e+00
2.111019801980198007e+00,-2.843450479233226580e-01,-1.810436634717784918e-02,-1.682641107561235472e-01,9.163069544364509156e+00,-1.342925659472422040e-01,3.529976019184652092e+00
2.115975247524752412e+00,-2.854100106496272882e-01,-2.555910543130990309e-02,-1.746538871139510229e-01,9.127098321342925757e+00,-4.796163069544364527e-02,3.510791366906474753e+00
2.120930693069306816e+00,-2.886048988285410122e-01,-2.768903088391906284e-02,-1.778487752928647470e-01,9.122302158273381423e+00,2.398081534772182090e-03,3.436450839328537121e+00
2.125886138613861220e+00,-2.896698615548455868e-01,-2.768903088391906284e-02,-1.778487752928647470e-01,9.124700239808152702e+00,4.076738609112710160e-02,3.388489208633093330e+00
2.130841584158415625e+00,-2.928647497337593109e-01,-2.449414270500532495e-02,-1.757188498402555976e-01,9.158273381294964821e+00,8.153477218225420320e-02,3.347721822541966485e+00
2.135797029702970473e+00,-2.971246006389776095e-01,-1.810436634717784918e-02,-1.735889243876464205e-01,9.155875299760191766e+00,1.414868105515587615e-01,3.350119904076738653e+00
2.140752475247524877e+00,-3.067092651757188371e-01,-1.810436634717784918e-02,-1.714589989350372712e-01,9.095923261390886694e+00,2.350119904076738708e-01,3.364508393285371657e+00
2.145707920792079282e+00,-3.152289669861554899e-01,-1.810436634717784918e-02,-1.629392971246006461e-01,9.079136690647482411e+00,2.733812949640287981e-01,3.340527577937649983e+00
2.150663366336633686e+00,-3.194888178913737886e-01,-1.384451544195953142e-02,-1.512247071352502692e-01,9.124700239808152702e+00,2.637889688249400733e-01,3.309352517985611364e+00
2.155618811881188090e+00,-3.258785942492012921e-01,-5.324813631522896766e-03,-1.405750798722044670e-01,9.223021582733812451e+00,2.326139088729016757e-01,3.266187050359712352e+00
2.160574257425742495e+00,-3.333333333333333148e-01,3.194888178913737886e-03,-1.299254526091586925e-01,9.251798561151078459e+00,1.894484412470023860e-01,3.251798561151079348e+00
2.165529702970296899e+00,-3.397231096911608184e-01,1.490947816826411129e-02,-1.246006389776357776e-01,9.237410071942445455e+00,1.127098321342925591e-01,3.258992805755395850e+00
2.170485148514851304e+00,-3.439829605963791170e-01,2.768903088391906284e-02,-1.235356762513312029e-01,9.194244604316546443e+00,6.954436450839328321e-02,3.280575539568345356e+00
2.175440594059405708e+00,-3.429179978700745424e-01,4.046858359957401785e-02,-1.267305644302449408e-01,9.177458033573142160e+00,7.194244604316546443e-02,3.393285371702638109e+00
2.180396039603960556e+00,-3.450479233226836917e-01,4.259850905218317413e-02,-1.277955271565495154e-01,9.110311750599519698e+00,4.796163069544364527e-02,3.489208633093525247e+00
2.185351485148514961e+00,-3.429179978700745424e-01,3.940362087326943624e-02,-1.246006389776357776e-01,9.110311750599519698e+00,4.556354916067146404e-02,3.484412470023980912e+00
2.190306930693069365e+00,-3.365282215122470943e-01,3.727369542066027996e-02,-1.256656017039403661e-01,9.112709832134292753e+00,4.796163069544364527e-02,3.426858513189448452e+00
2.195262376237623769e+00,-3.333333333333333148e-01,3.833865814696485463e-02,-1.214057507987220397e-01,9.131894484412470092e+00,1.031175059952038342e-01,3.381294964028776828e+00
2.200217821782178174e+00,-3.280085197018104415e-01,4.685835995740149362e-02,-1.203407880724174650e-01,9.163069544364509156e+00,1.007194244604316530e-01,3.362110311750599489e+00
2.205173267326732578e+00,-3.258785942492012921e-01,5.324813631522896940e-02,-1.160809371671991524e-01,9.167865707434053490e+00,9.832134292565947176e-02,3.395683453237410276e+00
2.210128712871286982e+00,-3.258785942492012921e-01,5.963791267305644517e-02,-1.182108626198083018e-01,9.151079136690647431e+00,9.112709832134292809e-02,3.388489208633093330e+00
2.215084158415841387e+00,-3.290734824281150162e-01,6.922257720979765883e-02,-1.182108626198083018e-01,9.131894484412470092e+00,1.318944844124700366e-01,3.453237410071942293e+00
2.220039603960395791e+00,-3.301384451544195908e-01,7.348242811501597138e-02,-1.182108626198083018e-01,9.122302158273381423e+00,1.702637889688249362e-01,3.494004796163069582e+00
2.224995049504950639e+00,-3.312034078807241655e-01,7.561235356762513460e-02,-1.182108626198083018e-01,9.098321342925659749e+00,2.182254196642685884e-01,3.505995203836930418e+00
2.229950495049505044e+00,-3.301384451544195908e-01,7.667731629392970927e-02,-1.086261980830670881e-01,9.074340527577938076e+00,2.494004796163069582e-01,3.498800959232613916e+00
2.234905940594059448e+00,-3.333333333333333148e-01,7.774227902023429781e-02,-1.033013844515442009e-01,9.124700239808152702e+00,2.805755395683453002e-01,3.474820143884892243e+00
2.239861386138613852e+00,-3.365282215122470943e-01,8.626198083067092293e-02,-9.904153354632587447e-02,9.158273381294964821e+00,2.901678657074340251e-01,3.486810551558753080e+00
2.244816831683168257e+00,-3.407880724174653930e-01,9.584664536741213658e-02,-9.158679446219382403e-02,9.203836930455635112e+00,2.541966426858512929e-01,3.510791366906474753e+00
2.249772277227722661e+00,-3.439829605963791170e-01,1.022364217252396124e-01,-8.306709265175718504e-02,9.187050359712230829e+00,2.254196642685851182e-01,3.565947242206235046e+00
2.254727722772277065e+00,-3.482428115015974712e-01,1.064962726304579388e-01,-7.880724174653887248e-02,9.196642685851319499e+00,2.038369304556355011e-01,3.630695443645084008e+00
2.259683168316831470e+00,-3.482428115015974712e-01,1.075612353567625135e-01,-7.880724174653887248e-02,9.143884892086331817e+00,1.966426858513189435e-01,3.719424460431654644e+00
2.264638613861386318e+00,-3.461128860489882664e-01,1.054313099041533502e-01,-7.774227902023429781e-02,9.069544364508393741e+00,1.966426858513189435e-01,3.805755395683453113e+00
2.269594059405940722e+00,-3.450479233226836917e-01,9.371671991480298725e-02,-7.348242811501597138e-02,9.011990407673861725e+00,1.990407673860911386e-01,3.848920863309352569e+00
2.274549504950495127e+00,-3.386581469648562437e-01,7.667731629392970927e-02,-6.709265175718849561e-02,9.031175059952039064e+00,1.175059952038369354e-01,3.848920863309352569e+00
2.279504950495049531e+00,-3.343982960596378895e-01,6.176783812566560145e-02,-6.709265175718849561e-02,9.093525179856115415e+00,3.597122302158273222e-02,3.829736211031175230e+00
2.284460396039603935e+00,-3.343982960596378895e-01,5.111821086261980618e-02,-7.774227902023429781e-02,9.093525179856115415e+00,0.000000000000000000e+00,3.851318944844124736e+00
2.289415841584158340e+00,-3.258785942492012921e-01,3.940362087326943624e-02,-8.413205537806177359e-02,9.107913669064748419e+00,-2.637889688249400386e-02,3.791366906474820109e+00
2.294371287128712744e+00,-3.205537806176783633e-01,3.088391906283280072e-02,-8.839190628328008614e-02,9.083932853717026745e+00,-6.235011990407673954e-02,3.697841726618705138e+00
2.299326732673267148e+00,-3.130990415335463406e-01,2.981895633652822258e-02,-9.158679446219382403e-02,9.103117505995204084e+00,-1.079136690647481966e-01,3.654676258992805682e+00
2.304282178217821553e+00,-3.067092651757188371e-01,3.088391906283280072e-02,-1.022364217252396124e-01,9.172661870503597825e+00,-1.342925659472422040e-01,3.676258992805755188e+00
2.309237623762376401e+00,-3.056443024494142624e-01,2.981895633652822258e-02,-1.160809371671991524e-01,9.179856115107913439e+00,-1.247002398081534791e-01,3.745803357314148485e+00
2.314193069306930806e+00,-3.045793397231096877e-01,2.981895633652822258e-02,-1.277955271565495154e-01,9.119904076738608367e+00,4.796163069544364180e-03,3.741007194244604150e+00
2.319148514851485210e+00,-3.024494142705005384e-01,2.768903088391906284e-02,-1.309904153354632672e-01,9.052757793764987682e+00,8.153477218225420320e-02,3.786570743405275774e+00
2.324103960396039614e+00,-3.056443024494142624e-01,2.023429179978700893e-02,-1.288604898828540901e-01,9.028776978417266008e+00,1.199040767386091166e-01,3.803357314148680945e+00
2.329059405940594019e+00,-3.067092651757188371e-01,1.277955271565495154e-02,-1.288604898828540901e-01,9.026378896882494729e+00,1.175059952038369354e-01,3.796163069544364443e+00
2.334014851485148423e+00,-3.173588924387646393e-01,2.129925452609158880e-03,-1.341853035143769912e-01,9.083932853717026745e+00,8.872901678657074687e-02,3.788968824940047941e+00
2.338970297029702827e+00,-3.290734824281150162e-01,-5.324813631522896766e-03,-1.395101171458998923e-01,9.088729016786571080e+00,9.352517985611510931e-02,3.733812949640287648e+00
2.343925742574257232e+00,-3.429179978700745424e-01,-1.277955271565495154e-02,-1.458998935037273681e-01,9.155875299760191766e+00,7.194244604316546443e-02,3.649880095923261347e+00
2.348881188118812080e+00,-3.493077742279020459e-01,-1.384451544195953142e-02,-1.480298189563365174e-01,9.160671462829736100e+00,4.796163069544364527e-02,3.546762589928057707e+00
2.353836633663366484e+00,-3.556975505857294939e-01,-9.584664536741213658e-03,-1.533546325878594185e-01,9.199040767386090778e+00,-3.357314148681055099e-02,3.482014388489208745e+00
2.358792079207920889e+00,-3.578274760383386432e-01,-1.064962726304579440e-03,-1.629392971246006461e-01,9.266187050359711463e+00,-1.031175059952038342e-01,3.472422062350120076e+00
2.363747524752475293e+00,-3.578274760383386432e-01,8.519701810436635520e-03,-1.746538871139510229e-01,9.273381294964028854e+00,-9.112709832134292809e-02,3.498800959232613916e+00
2.368702970297029697e+00,-3.588924387646432179e-01,1.490947816826411129e-02,-1.821086261980830734e-01,9.225419664268585507e+00,-2.158273381294964141e-02,3.494004796163069582e+00
2.373658415841584102e+00,-3.567625133120340686e-01,2.555910543130990309e-02,-1.842385516506922227e-01,9.151079136690647431e+00,-9.592326139088728360e-03,3.474820143884892243e+00
2.378613861386138506e+00,-3.503727369542066206e-01,3.407880724174654208e-02,-1.842385516506922227e-01,9.139088729016785706e+00,-3.117505995203836977e-02,3.515587529976019088e+00
2.383569306930692910e+00,-3.450479233226836917e-01,4.366347177848775574e-02,-1.842385516506922227e-01,9.117505995203837088e+00,-3.836930455635491344e-02,3.616306954436451004e+00
2.388524752475247315e+00,-3.439829605963791170e-01,4.472843450479233041e-02,-1.906283280085196985e-01,9.083932853717026745e+00,-9.592326139088728360e-03,3.719424460431654644e+00
2.393480198019802163e+00,-3.407880724174653930e-01,3.620873269435569836e-02,-1.927582534611288478e-01,9.086330935251798024e+00,3.836930455635491344e-02,3.690647482014388636e+00
2.398435643564356567e+00,-3.397231096911608184e-01,3.301384451544196047e-02,-1.938232161874334503e-01,9.122302158273381423e+00,7.194244604316546443e-02,3.604316546762589724e+00
2.403391089108910972e+00,-3.429179978700745424e-01,3.833865814696485463e-02,-1.927582534611288478e-01,9.124700239808152702e+00,1.151079136690647542e-01,3.577937649880095883e+00
2.408346534653465376e+00,-3.461128860489882664e-01,4.472843450479233041e-02,-1.927582534611288478e-01,9.139088729016785706e+00,1.558752997601918489e-01,3.609112709832134502e+00
2.413301980198019780e+00,-3.546325878594249192e-01,4.685835995740149362e-02,-1.948881789137380249e-01,9.117505995203837088e+00,1.558752997601918489e-01,3.681055155875299967e+00
2.418257425742574185e+00,-3.620873269435569974e-01,4.792332268370606829e-02,-1.959531416400425996e-01,9.153477218225420486e+00,1.390887290167865664e-01,3.688249400479616469e+00
2.423212871287128589e+00,-3.642172523961661468e-01,4.792332268370606829e-02,-2.002129925452609260e-01,9.155875299760191766e+00,8.153477218225420320e-02,3.724220623501198979e+00
2.428168316831682993e+00,-3.663471778487752961e-01,4.898828541001064990e-02,-2.076677316293929765e-01,9.160671462829736100e+00,9.832134292565947176e-02,3.757793764988009766e+00
2.433123762376237842e+00,-3.652822151224707214e-01,5.218317358892438779e-02,-2.108626198083067005e-01,9.093525179856115415e+00,1.798561151079136611e-01,3.820143884892086117e+00
2.438079207920792246e+00,-3.578274760383386432e-01,4.579339723109691201e-02,-2.076677316293929765e-01,9.014388489208633004e+00,2.182254196642685884e-01,3.892086330935251581e+00
2.443034653465346651e+00,-3.514376996805111952e-01,3.301384451544196047e-02,-1.970181043663471743e-01,9.059952038369305072e+00,2.254196642685851182e-01,3.860911270983213406e+00
2.447990099009901055e+00,-3.482428115015974712e-01,2.768903088391906284e-02,-1.916932907348242732e-01,9.148681055155876152e+00,1.654676258992805737e-01,3.808153477218225280e+00
2.452945544554455459e+00,-3.471778487752928410e-01,2.662406815761448470e-02,-1.906283280085196985e-01,9.143884892086331817e+00,1.534772182254196538e-01,3.805755395683453113e+00
2.457900990099009864e+00,-3.461128860489882664e-01,2.342917997870074681e-02,-1.895633652822151238e-01,9.131894484412470092e+00,1.654676258992805737e-01,3.829736211031175230e+00
2.462856435643564268e+00,-3.461128860489882664e-01,1.916932907348242732e-02,-1.874334398296059745e-01,9.124700239808152702e+00,1.558752997601918489e-01,3.812949640287769615e+00
2.467811881188118672e+00,-3.471778487752928410e-01,1.384451544195953142e-02,-1.853035143769967974e-01,9.148681055155876152e+00,1.199040767386091166e-01,3.764988009592326268e+00
2.472767326732673077e+00,-3.514376996805111952e-01,1.171458998935037341e-02,-1.863684771033013721e-01,9.191846522781775164e+00,1.127098321342925591e-01,3.738609112709831983e+00
2.477722772277227925e+00,-3.556975505857294939e-01,1.490947816826411129e-02,-1.938232161874334503e-01,9.218225419664268117e+00,1.414868105515587615e-01,3.743405275779376318e+00
2.482678217821782329e+00,-3.652822151224707214e-01,1.490947816826411129e-02,-2.002129925452609260e-01,9.163069544364509156e+00,2.278177458033573133e-01,3.796163069544364443e+00
2.487633663366336734e+00,-3.716719914802981695e-01,1.064962726304579353e-02,-1.948881789137380249e-01,9.107913669064748419e+00,3.285371702637889801e-01,3.815347721822541782e+00
2.492589108910891138e+00,-3.780617678381256730e-01,2.129925452609158880e-03,-1.853035143769967974e-01,9.076738609112709355e+00,3.669064748201438797e-01,3.841726618705036067e+00
2.497544554455445542e+00,-3.887113951011714752e-01,2.129925452609158880e-03,-1.799787007454738963e-01,9.107913669064748419e+00,3.021582733812949728e-01,3.872901678657074243e+00
2.502499999999999947e+00,-4.004259850905218521e-01,-2.129925452609158880e-03,-1.789137380191693216e-01,9.146282973621103096e+00,2.589928057553956831e-01,3.870503597122302075e+00
2.507455445544554351e+00,-4.153354632587859530e-01,-1.490947816826411129e-02,-1.863684771033013721e-01,9.141486810551558762e+00,2.446043165467625957e-01,3.836930455635491732e+00
2.512410891089108755e+00,-4.217252396166134010e-01,-2.342917997870074681e-02,-1.863684771033013721e-01,9.139088729016785706e+00,2.278177458033573133e-01,3.743405275779376318e+00
2.517366336633663604e+00,-4.238551650692225503e-01,-2.129925452609158706e-02,-1.874334398296059745e-01,9.136690647482014427e+00,2.062350119904076684e-01,3.705035971223021640e+00
2.522321782178218008e+00,-4.227902023429179756e-01,-1.916932907348242732e-02,-1.895633652822151238e-01,9.155875299760191766e+00,1.318944844124700366e-01,3.781774580335731439e+00
2.527277227722772412e+00,-4.185303514376996770e-01,-2.129925452609158706e-02,-1.927582534611288478e-01,9.160671462829736100e+00,7.673860911270982688e-02,3.764988009592326268e+00
2.532232673267326817e+00,-4.142705005324813783e-01,-2.449414270500532495e-02,-2.034078807241746500e-01,9.153477218225420486e+00,8.153477218225420320e-02,3.685851318944844301e+00
2.537188118811881221e+00,-4.132055378061768036e-01,-2.342917997870074681e-02,-2.119275825346112752e-01,9.136690647482014427e+00,1.247002398081534791e-01,3.642685851318944845e+00
2.542143564356435625e+00,-4.100106496272630241e-01,-1.916932907348242732e-02,-2.193823216187433534e-01,9.141486810551558762e+00,1.630695443645084064e-01,3.652278177458033515e+00
2.547099009900990030e+00,-4.078807241746538748e-01,-1.277955271565495154e-02,-2.236421725239616520e-01,9.143884892086331817e+00,1.774580335731414937e-01,3.729016786570743314e+00
2.552054455445544434e+00,-4.057507987220447254e-01,-1.064962726304579353e-02,-2.300319488817891278e-01,9.124700239808152702e+00,1.990407673860911386e-01,3.750599520383693264e+00
2.557009900990098838e+00,-4.057507987220447254e-01,-1.171458998935037341e-02,-2.374866879659212060e-01,9.069544364508393741e+00,2.517985611510791255e-01,3.812949640287769615e+00
2.561965346534653687e+00,-4.089456869009584494e-01,-1.597444089456868943e-02,-2.449414270500532564e-01,9.002398081534773056e+00,3.453237410071942626e-01,3.817745803357313950e+00
2.566920792079208091e+00,-4.057507987220447254e-01,-2.342917997870074681e-02,-2.492012779552715551e-01,8.990407673860911331e+00,3.956834532374100544e-01,3.803357314148680945e+00
2.571876237623762496e+00,-4.078807241746538748e-01,-2.768903088391906284e-02,-2.470713525026624058e-01,9.007194244604317390e+00,4.460431654676259017e-01,3.764988009592326268e+00
2.576831683168316900e+00,-4.110756123535675988e-01,-2.662406815761448470e-02,-2.406815761448349300e-01,8.980815347721822661e+00,4.628297362110311841e-01,3.810551558752997447e+00
2.581787128712871304e+00,-4.121405750798722289e-01,-2.875399361022364098e-02,-2.406815761448349300e-01,8.971223021582733992e+00,4.772182254196642437e-01,3.836930455635491732e+00
2.586742574257425709e+00,-4.132055378061768036e-01,-3.514376996805111675e-02,-2.406815761448349300e-01,8.947242206235012318e+00,5.059952038369304184e-01,3.800959232613908778e+00
2.591698019801980113e+00,-4.185303514376996770e-01,-3.833865814696485463e-02,-2.385516506922257807e-01,8.949640287769783598e+00,4.532374100719424592e-01,3.731414868105515481e+00
2.596653465346534517e+00,-4.217252396166134010e-01,-4.046858359957401785e-02,-2.396166134185303553e-01,8.988009592326138275e+00,4.724220623501199090e-01,3.702637889688249473e+00
2.601608910891089366e+00,-4.206602768903088263e-01,-4.046858359957401785e-02,-2.385516506922257807e-01,9.004796163069544335e+00,5.035971223021582510e-01,3.678657074340527799e+00
2.606564356435643770e+00,-4.227902023429179756e-01,-3.727369542066027996e-02,-2.385516506922257807e-01,8.976019184652278327e+00,5.179856115107913661e-01,3.637889688249400511e+00
2.611519801980198174e+00,-4.227902023429179756e-01,-3.514376996805111675e-02,-2.364217252396166036e-01,8.985611510791366996e+00,5.419664268585131506e-01,3.597122302158273222e+00
2.616475247524752579e+00,-4.238551650692225503e-01,-3.194888178913737886e-02,-2.342917997870074542e-01,9.040767386091127733e+00,4.652278177458033515e-01,3.582733812949640217e+00
2.621430693069306983e+00,-4.249201277955271805e-01,-2.875399361022364098e-02,-2.406815761448349300e-01,9.103117505995204084e+00,4.292565947242206192e-01,3.517985611510791255e+00
2.626386138613861387e+00,-4.238551650692225503e-01,-2.342917997870074681e-02,-2.502662406815761575e-01,9.131894484412470092e+00,4.436450839328537343e-01,3.491606714628297414e+00
2.631341584158415792e+00,-4.206602768903088263e-01,-1.277955271565495154e-02,-2.523961661341853069e-01,9.069544364508393741e+00,5.443645083932853179e-01,3.513189448441246920e+00
2.636297029702970196e+00,-4.153354632587859530e-01,-2.129925452609158880e-03,-2.460063897763578311e-01,9.016786570743406060e+00,6.139088729016786150e-01,3.544364508393285540e+00
2.641252475247524600e+00,-4.089456869009584494e-01,1.064962726304579353e-02,-2.385516506922257807e-01,8.990407673860911331e+00,6.378896882494005105e-01,3.633093525179856176e+00
2.646207920792079449e+00,-4.057507987220447254e-01,1.384451544195953142e-02,-2.310969116080937302e-01,9.028776978417266008e+00,5.899280575539568305e-01,3.697841726618705138e+00
2.651163366336633853e+00,-3.982960596379126472e-01,1.277955271565495154e-02,-2.310969116080937302e-01,9.047961630695443347e+00,5.923261390887289979e-01,3.750599520383693264e+00
2.656118811881188257e+00,-3.908413205537806245e-01,1.064962726304579353e-02,-2.332268370607028796e-01,8.983213429256593940e+00,6.474820143884891799e-01,3.769784172661870603e+00
2.661074257425742662e+00,-3.865814696485623259e-01,9.584664536741213658e-03,-2.300319488817891278e-01,8.856115107913668183e+00,7.122302158273381423e-01,3.796163069544364443e+00
2.666029702970297066e+00,-3.801916932907348223e-01,7.454739084132055646e-03,-2.204472843450479280e-01,8.810551558752997892e+00,7.242206235011990900e-01,3.788968824940047941e+00
2.670985148514851470e+00,-3.695420660276890201e-01,0.000000000000000000e+00,-2.108626198083067005e-01,8.930455635491606259e+00,6.834532374100719121e-01,3.738609112709831983e+00
2.675940594059405875e+00,-3.631522896698615721e-01,-2.129925452609158880e-03,-2.108626198083067005e-01,9.057553956834532016e+00,6.450839328537170125e-01,3.714628297362110310e+00
2.680896039603960279e+00,-3.567625133120340686e-01,0.000000000000000000e+00,-2.161874334398296016e-01,9.026378896882494729e+00,7.098321342925659749e-01,3.693045563549160804e+00
2.685851485148515128e+00,-3.546325878594249192e-01,1.064962726304579440e-03,-2.108626198083067005e-01,8.942446043165467984e+00,8.537170263788969038e-01,3.690647482014388636e+00
2.690806930693069532e+00,-3.493077742279020459e-01,0.000000000000000000e+00,-1.916932907348242732e-01,8.877697841726618577e+00,9.040767386091127511e-01,3.654676258992805682e+00
2.695762376237623936e+00,-3.461128860489882664e-01,-1.064962726304579440e-03,-1.757188498402555976e-01,8.870503597122302963e+00,8.153477218225420042e-01,3.601918465227817556e+00
2.700717821782178341e+00,-3.418530351437699677e-01,-3.194888178913737886e-03,-1.640042598509052207e-01,8.964028776978416602e+00,7.218225419664268117e-01,3.573141486810551548e+00
2.705673267326732745e+00,-3.365282215122470943e-01,-8.519701810436635520e-03,-1.629392971246006461e-01,9.055155875299760737e+00,7.026378896882493619e-01,3.496402877697841749e+00
2.710628712871287149e+00,-3.343982960596378895e-01,-8.519701810436635520e-03,-1.597444089456868943e-01,9.095923261390886694e+00,7.170263788968824770e-01,3.359712230215827322e+00
2.715584158415841554e+00,-3.226837060702875126e-01,6.389776357827475772e-03,-1.490947816826411199e-01,9.100719424460431028e+00,6.666666666666666297e-01,3.239808153477218067e+00
2.720539603960395958e+00,-3.120340788072417659e-01,3.088391906283280072e-02,-1.416400425985090417e-01,9.175059952038369104e+00,5.419664268585131506e-01,3.218225419664268561e+00
2.725495049504950362e+00,-3.024494142705005384e-01,5.324813631522896940e-02,-1.437699680511182188e-01,9.247002398081534125e+00,3.932853717026378870e-01,3.215827338129496393e+00
2.730450495049505211e+00,-2.896698615548455868e-01,7.241746538871139671e-02,-1.533546325878594185e-01,9.263788968824940184e+00,3.117505995203836977e-01,3.297362110311750527e+00
2.735405940594059615e+00,-2.736954206602769113e-01,8.732694355697551147e-02,-1.693290734824281218e-01,9.187050359712230829e+00,3.237410071942445899e-01,3.350119904076738653e+00
2.740361386138614019e+00,-2.587859424920127549e-01,1.022364217252396124e-01,-1.821086261980830734e-01,9.088729016786571080e+00,3.621103117505995450e-01,3.446043165467625791e+00
2.745316831683168424e+00,-2.396166134185303553e-01,1.107561235356762513e-01,-1.863684771033013721e-01,9.055155875299760737e+00,4.508393285371702364e-01,3.525179856115107757e+00
2.750272277227722828e+00,-2.279020234291799785e-01,1.150159744408945639e-01,-1.895633652822151238e-01,9.019184652278177339e+00,5.179856115107913661e-01,3.705035971223021640e+00
2.755227722772277232e+00,-2.172523961661341763e-01,1.086261980830670881e-01,-1.948881789137380249e-01,8.971223021582733992e+00,5.731414868105515481e-01,3.827338129496403063e+00
2.760183168316831637e+00,-2.108626198083067005e-01,9.797657082002129980e-02,-1.991480298189563236e-01,8.937649880095923649e+00,6.258992805755395628e-01,3.851318944844124736e+00
2.765138613861386041e+00,-2.097976570820021258e-01,8.200212992545261037e-02,-1.991480298189563236e-01,8.896882494004795916e+00,7.026378896882493619e-01,3.870503597122302075e+00
2.770094059405940889e+00,-2.066027689030884018e-01,7.135250266240682204e-02,-1.948881789137380249e-01,8.935251798561150594e+00,7.074340527577938076e-01,3.834532374100719565e+00
2.775049504950495294e+00,-2.055378061767837994e-01,5.963791267305644517e-02,-1.980830670926517489e-01,8.985611510791366996e+00,7.002398081534771945e-01,3.812949640287769615e+00
2.780004950495049698e+00,-2.066027689030884018e-01,5.431309904153354406e-02,-2.002129925452609260e-01,9.035971223021583398e+00,7.697841726618704916e-01,3.822541966426858728e+00
2.784960396039604102e+00,-2.108626198083067005e-01,4.685835995740149362e-02,-1.970181043663471743e-01,8.995203836930455665e+00,8.920863309352518034e-01,3.839328537170263900e+00
2.789915841584158507e+00,-2.129925452609158776e-01,3.833865814696485463e-02,-1.853035143769967974e-01,9.014388489208633004e+00,9.784172661870503829e-01,3.772182254196642770e+00
2.794871287128712911e+00,-2.140575079872204523e-01,3.407880724174654208e-02,-1.714589989350372712e-01,9.064748201438849406e+00,9.328537170263788703e-01,3.661870503597122184e+00
2.799826732673267315e+00,-2.161874334398296016e-01,4.153354632587859252e-02,-1.640042598509052207e-01,9.127098321342925757e+00,8.896882494004796360e-01,3.669064748201438686e+00
2.804782178217821720e+00,-2.183173588924387509e-01,4.579339723109691201e-02,-1.533546325878594185e-01,9.158273381294964821e+00,8.705035971223021862e-01,3.714628297362110310e+00
2.809737623762376124e+00,-2.151224707135250269e-01,4.685835995740149362e-02,-1.405750798722044670e-01,9.153477218225420486e+00,8.465227817745802907e-01,3.707434052757793808e+00
2.814693069306930973e+00,-2.044728434504792247e-01,4.792332268370606829e-02,-1.320553780617678419e-01,9.153477218225420486e+00,7.793764988009592720e-01,3.633093525179856176e+00
2.819648514851485377e+00,-1.906283280085196985e-01,5.431309904153354406e-02,-1.224707135250266282e-01,9.187050359712230829e+00,6.858513189448440794e-01,3.654676258992805682e+00
2.824603960396039781e+00,-1.767838125665601723e-01,6.070287539936101984e-02,-1.182108626198083018e-01,9.182254196642686495e+00,6.666666666666666297e-01,3.721822541966426812e+00
2.829559405940594186e+00,-1.618743343982960714e-01,6.176783812566560145e-02,-1.150159744408945639e-01,9.208633093525179447e+00,7.410071942446042614e-01,3.788968824940047941e+00
2.834514851485148590e+00,-1.469648562300319428e-01,5.644302449414270728e-02,-1.107561235356762513e-01,9.179856115107913439e+00,8.249400479616306736e-01,3.796163069544364443e+00
2.839470297029702994e+00,-1.341853035143769912e-01,5.857294994675186356e-02,-9.691160809371672513e-02,9.170263788968824770e+00,8.513189448441247364e-01,3.781774580335731439e+00
2.844425742574257399e+00,-1.246006389776357776e-01,6.070287539936101984e-02,-8.200212992545261037e-02,9.129496402877697037e+00,8.561151079136690711e-01,3.820143884892086117e+00
2.849381188118811803e+00,-1.224707135250266282e-01,6.283280085197018305e-02,-6.922257720979765883e-02,9.103117505995204084e+00,8.129496402877698369e-01,3.918465227817745866e+00
2.854336633663366651e+00,-1.256656017039403661e-01,5.111821086261980618e-02,-6.283280085197018305e-02,9.067146282973620686e+00,8.201438848920863389e-01,4.002398081534772167e+00
2.859292079207921056e+00,-1.309904153354632672e-01,3.301384451544196047e-02,-5.750798722044728195e-02,9.000000000000000000e+00,8.800959232613908556e-01,4.021582733812949506e+00
2.864247524752475460e+00,-1.373801916932907430e-01,1.916932907348242732e-02,-4.472843450479233041e-02,8.966426858513189657e+00,9.064748201438849184e-01,3.942446043165467540e+00
2.869202970297029864e+00,-1.427050053248136441e-01,6.389776357827475772e-03,-2.768903088391906284e-02,9.040767386091127733e+00,8.633093525179855732e-01,3.860911270983213406e+00
2.874158415841584269e+00,-1.512247071352502692e-01,1.064962726304579440e-03,-1.277955271565495154e-02,9.071942446043165020e+00,7.505995203836930418e-01,3.841726618705036067e+00
2.879113861386138673e+00,-1.565495207667731703e-01,-3.194888178913737886e-03,-7.454739084132055646e-03,9.105515587529975363e+00,5.971223021582733326e-01,3.829736211031175230e+00
2.884069306930693077e+00,-1.618743343982960714e-01,-1.384451544195953142e-02,-7.454739084132055646e-03,9.088729016786571080e+00,4.988009592326139163e-01,3.743405275779376318e+00
2.889024752475247482e+00,-1.576144834930777450e-01,-1.810436634717784918e-02,-1.277955271565495154e-02,9.139088729016785706e+00,4.100719424460431695e-01,3.563549160671462879e+00
2.893980198019801886e+00,-1.458998935037273681e-01,-5.324813631522896766e-03,-1.703940362087327104e-02,9.167865707434053490e+00,2.901678657074340251e-01,3.472422062350120076e+00
2.898935643564356734e+00,-1.288604898828540901e-01,7.454739084132055646e-03,-2.555910543130990309e-02,9.206235011990408168e+00,1.870503597122302186e-01,3.517985611510791255e+00
2.903891089108911139e+00,-1.086261980830670881e-01,1.916932907348242732e-02,-3.301384451544196047e-02,9.285371702637888802e+00,1.127098321342925591e-01,3.517985611510791255e+00
2.908846534653465543e+00,-8.306709265175718504e-02,3.194888178913737886e-02,-4.153354632587859252e-02,9.242206235011989790e+00,1.247002398081534791e-01,3.489208633093525247e+00
2.913801980198019947e+00,-5.537806176783812567e-02,4.472843450479233041e-02,-5.218317358892438779e-02,9.175059952038369104e+00,2.014388489208633060e-01,3.503597122302158251e+00
2.918757425742574352e+00,-3.301384451544196047e-02,5.644302449414270728e-02,-5.431309904153354406e-02,9.110311750599519698e+00,3.477218225419664299e-01,3.546762589928057707e+00
2.923712871287128756e+00,-2.023429179978700893e-02,6.070287539936101984e-02,-5.537806176783812567e-02,9.107913669064748419e+00,3.812949640287769948e-01,3.582733812949640217e+00
2.928668316831683160e+00,-1.277955271565495154e-02,5.750798722044728195e-02,-5.644302449414270728e-02,9.136690647482014427e+00,3.908872901678657197e-01,3.582733812949640217e+00
2.933623762376237565e+00,-7.454739084132055646e-03,5.750798722044728195e-02,-5.750798722044728195e-02,9.177458033573142160e+00,4.628297362110311841e-01,3.561151079136690711e+00
2.938579207920791969e+00,-5.324813631522896766e-03,6.602768903088392094e-02,-5.750798722044728195e-02,9.179856115107913439e+00,5.155875299760191988e-01,3.563549160671462879e+00
2.943534653465346818e+00,-1.064962726304579440e-03,7.454739084132055993e-02,-5.005324813631523151e-02,9.134292565947241371e+00,6.354916067146283432e-01,3.635491606714628343e+00
2.948490099009901222e+00,-1.064962726304579440e-03,7.667731629392970927e-02,-3.727369542066027996e-02,9.122302158273381423e+00,6.426858513189448452e-01,3.709832134292565975e+00
2.953445544554455626e+00,-5.324813631522896766e-03,7.348242811501597138e-02,-2.662406815761448470e-02,9.110311750599519698e+00,6.498800959232613472e-01,3.726618705035971146e+00
2.958400990099010031e+00,-1.277955271565495154e-02,6.815761448349308416e-02,-1.703940362087327104e-02,9.086330935251798024e+00,6.834532374100719121e-01,3.764988009592326268e+00
2.963356435643564435e+00,-1.916932907348242732e-02,6.283280085197018305e-02,-4.259850905218317760e-03,9.071942446043165020e+00,6.930455635491606925e-01,3.803357314148680945e+00
2.968311881188118839e+00,-2.342917997870074681e-02,5.963791267305644517e-02,9.584664536741213658e-03,9.115107913669064033e+00,7.050359712230215292e-01,3.769784172661870603e+00
2.973267326732673244e+00,-2.981895633652822258e-02,5.857294994675186356e-02,2.129925452609158706e-02,9.148681055155876152e+00,6.091127098321342803e-01,3.784172661870503607e+00
2.978222772277227648e+00,-3.727369542066027996e-02,5.644302449414270728e-02,2.768903088391906284e-02,9.129496402877697037e+00,5.419664268585131506e-01,3.817745803357313950e+00
2.983178217821782496e+00,-4.153354632587859252e-02,5.005324813631523151e-02,2.768903088391906284e-02,9.100719424460431028e+00,5.299760191846523139e-01,3.803357314148680945e+00
2.988133663366336901e+00,-3.940362087326943624e-02,4.366347177848775574e-02,3.301384451544196047e-02,9.110311750599519698e+00,4.820143884892086339e-01,3.772182254196642770e+00
2.993089108910891305e+00,-3.940362087326943624e-02,4.472843450479233041e-02,3.833865814696485463e-02,9.095923261390886694e+00,4.580335731414867939e-01,3.738609112709831983e+00
2.998044554455445709e+00,-3.620873269435569836e-02,4.579339723109691201e-02,4.366347177848775574e-02,9.110311750599519698e+00,4.004796163069544446e-01,3.764988009592326268e+00
3.003000000000000114e+00,-3.407880724174654208e-02,4.259850905218317413e-02,4.472843450479233041e-02,9.098321342925659749e+00,3.309352517985611475e-01,3.762589928057554101e+00
3.007955445544554518e+00,-3.301384451544196047e-02,3.620873269435569836e-02,4.259850905218317413e-02,9.105515587529975363e+00,2.757793764988009655e-01,3.673860911270983021e+00
3.012910891089108922e+00,-3.088391906283280072e-02,3.514376996805111675e-02,3.514376996805111675e-02,9.136690647482014427e+00,2.925659472422062479e-01,3.597122302158273222e+00
3.017866336633663327e+00,-3.194888178913737886e-02,4.046858359957401785e-02,2.981895633652822258e-02,9.129496402877697037e+00,3.333333333333333148e-01,3.570743405275779381e+00
3.022821782178217731e+00,-3.301384451544196047e-02,4.259850905218317413e-02,2.662406815761448470e-02,9.158273381294964821e+00,3.645083932853717124e-01,3.594724220623501054e+00
3.027777227722772579e+00,-3.833865814696485463e-02,4.472843450479233041e-02,2.342917997870074681e-02,9.155875299760191766e+00,4.172661870503597270e-01,3.585131894484412385e+00
3.032732673267326984e+00,-4.472843450479233041e-02,4.898828541001064990e-02,2.129925452609158706e-02,9.117505995203837088e+00,4.340527577937650094e-01,3.589928057553956720e+00
3.037688118811881388e+00,-5.005324813631523151e-02,5.218317358892438779e-02,1.916932907348242732e-02,9.122302158273381423e+00,4.508393285371702364e-01,3.642685851318944845e+00
3.042643564356435792e+00,-6.070287539936101984e-02,5.111821086261980618e-02,2.023429179978700893e-02,9.088729016786571080e+00,4.508393285371702364e-01,3.721822541966426812e+00
3.047599009900990197e+00,-6.496272630457934627e-02,4.259850905218317413e-02,2.129925452609158706e-02,9.076738609112709355e+00,4.388489208633093441e-01,3.731414868105515481e+00
3.052554455445544601e+00,-6.496272630457934627e-02,3.727369542066027996e-02,2.023429179978700893e-02,9.088729016786571080e+00,4.292565947242206192e-01,3.714628297362110310e+00
3.057509900990099005e+00,-6.283280085197018305e-02,3.620873269435569836e-02,2.236421725239616520e-02,9.088729016786571080e+00,4.412470023980815115e-01,3.755395683453237599e+00
3.062465346534653410e+00,-6.176783812566560145e-02,3.088391906283280072e-02,2.555910543130990309e-02,9.071942446043165020e+00,5.203836930455635335e-01,3.832134292565947398e+00
3.067420792079208258e+00,-6.602768903088392094e-02,1.703940362087327104e-02,3.088391906283280072e-02,9.076738609112709355e+00,5.419664268585131506e-01,3.815347721822541782e+00
3.072376237623762663e+00,-7.028753993610223350e-02,7.454739084132055646e-03,3.727369542066027996e-02,9.083932853717026745e+00,5.107913669064748641e-01,3.779376498800959272e+00
3.077331683168317067e+00,-7.135250266240682204e-02,3.194888178913737886e-03,3.940362087326943624e-02,9.110311750599519698e+00,4.532374100719424592e-01,3.707434052757793808e+00
3.082287128712871471e+00,-7.348242811501597138e-02,3.194888178913737886e-03,4.259850905218317413e-02,9.107913669064748419e+00,3.956834532374100544e-01,3.736211031175059816e+00
3.087242574257425876e+00,-7.028753993610223350e-02,4.259850905218317760e-03,4.046858359957401785e-02,9.119904076738608367e+00,3.717026378896882699e-01,3.760191846522781933e+00
3.092198019801980280e+00,-6.602768903088392094e-02,-2.129925452609158880e-03,3.620873269435569836e-02,9.100719424460431028e+00,3.357314148681055377e-01,3.781774580335731439e+00
3.097153465346534684e+00,-5.750798722044728195e-02,-6.389776357827475772e-03,2.875399361022364098e-02,9.110311750599519698e+00,2.877697841726618577e-01,3.774580335731414937e+00
3.102108910891089089e+00,-5.005324813631523151e-02,-1.490947816826411129e-02,2.236421725239616520e-02,9.079136690647482411e+00,2.781774580335731328e-01,3.729016786570743314e+00
3.107064356435643493e+00,-3.940362087326943624e-02,-2.023429179978700893e-02,1.916932907348242732e-02,9.014388489208633004e+00,3.213429256594724226e-01,3.697841726618705138e+00
3.112019801980198341e+00,-3.194888178913737886e-02,-2.768903088391906284e-02,1.171458998935037341e-02,9.057553956834532016e+00,3.237410071942445899e-01,3.647482014388489180e+00
3.116975247524752746e+00,-2.981895633652822258e-02,-3.194888178913737886e-02,1.064962726304579440e-03,9.122302158273381423e+00,3.285371702637889801e-01,3.635491606714628343e+00
3.121930693069307150e+00,-3.088391906283280072e-02,-3.620873269435569836e-02,-1.064962726304579353e-02,9.153477218225420486e+00,3.693045563549160470e-01,3.613908872901678837e+00
3.126886138613861554e+00,-3.301384451544196047e-02,-4.046858359957401785e-02,-2.023429179978700893e-02,9.127098321342925757e+00,4.292565947242206192e-01,3.549160671462829875e+00
3.131841584158415959e+00,-2.981895633652822258e-02,-4.046858359957401785e-02,-2.129925452609158706e-02,9.107913669064748419e+00,4.556354916067146266e-01,3.503597122302158251e+00
3.136797029702970363e+00,-2.875399361022364098e-02,-3.301384451544196047e-02,-2.342917997870074681e-02,9.081534772182253690e+00,4.292565947242206192e-01,3.541966426858513373e+00
3.141752475247524767e+00,-3.194888178913737886e-02,-3.194888178913737886e-02,-2.662406815761448470e-02,9.095923261390886694e+00,3.932853717026378870e-01,3.585131894484412385e+00
3.146707920792079172e+00,-3.514376996805111675e-02,-3.727369542066027996e-02,-3.407880724174654208e-02,9.091127098321342359e+00,3.597122302158273222e-01,3.517985611510791255e+00
3.151663366336634020e+00,-3.194888178913737886e-02,-4.153354632587859252e-02,-4.366347177848775574e-02,9.086330935251798024e+00,3.693045563549160470e-01,3.395683453237410276e+00
3.156618811881188424e+00,-3.088391906283280072e-02,-3.727369542066027996e-02,-4.685835995740149362e-02,9.103117505995204084e+00,3.549160671462829875e-01,3.311750599520383531e+00
3.161574257425742829e+00,-2.449414270500532495e-02,-2.449414270500532495e-02,-5.005324813631523151e-02,9.136690647482014427e+00,2.781774580335731328e-01,3.304556354916067029e+00
3.166529702970297233e+00,-1.597444089456868943e-02,-1.277955271565495154e-02,-5.963791267305644517e-02,9.208633093525179447e+00,2.014388489208633060e-01,3.302158273381294862e+00
3.171485148514851637e+00,-6.389776357827475772e-03,-3.194888178913737886e-03,-7.454739084132055993e-02,9.182254196642686495e+00,2.062350119904076684e-01,3.364508393285371657e+00
3.176440594059406042e+00,4.259850905218317760e-03,9.584664536741213658e-03,-8.626198083067092293e-02,9.074340527577938076e+00,3.069544364508393075e-01,3.431654676258992787e+00
3.181396039603960446e+00,1.703940362087327104e-02,1.490947816826411129e-02,-8.945686900958466081e-02,8.966426858513189657e+00,3.764988009592326046e-01,3.539568345323741205e+00
3.186351485148514850e+00,2.875399361022364098e-02,1.277955271565495154e-02,-9.158679446219382403e-02,8.930455635491606259e+00,3.764988009592326046e-01,3.637889688249400511e+00
3.191306930693069255e+00,3.940362087326943624e-02,5.324813631522896766e-03,-9.584664536741213658e-02,8.942446043165467984e+00,4.148681055155875042e-01,3.693045563549160804e+00
3.196262376237624103e+00,4.366347177848775574e-02,-4.259850905218317760e-03,-1.022364217252396124e-01,8.961630695443645322e+00,5.131894484412470314e-01,3.726618705035971146e+00
3.201217821782178508e+00,4.792332268370606829e-02,-1.810436634717784918e-02,-1.033013844515442009e-01,8.944844124700239263e+00,6.115107913669064477e-01,3.697841726618705138e+00
3.206173267326732912e+00,4.898828541001064990e-02,-2.555910543130990309e-02,-9.158679446219382403e-02,8.983213429256593940e+00,7.002398081534771945e-01,3.563549160671462879e+00
3.211128712871287316e+00,4.898828541001064990e-02,-2.023429179978700893e-02,-7.987220447284344715e-02,9.038369304556354678e+00,7.098321342925659749e-01,3.513189448441246920e+00
3.216084158415841721e+00,4.685835995740149362e-02,-1.171458998935037341e-02,-6.709265175718849561e-02,9.062350119904076351e+00,7.314148681055155921e-01,3.515587529976019088e+00
3.221039603960396125e+00,3.940362087326943624e-02,-5.324813631522896766e-03,-5.537806176783812567e-02,9.045563549160672068e+00,7.649880095923261569e-01,3.529976019184652092e+00
3.225995049504950529e+00,3.088391906283280072e-02,-5.324813631522896766e-03,-4.579339723109691201e-02,9.062350119904076351e+00,8.081534772182253912e-01,3.438848920863309289e+00
3.230950495049504934e+00,2.023429179978700893e-02,4.259850905218317760e-03,-3.194888178913737886e-02,9.095923261390886694e+00,8.033573141486810565e-01,3.402877697841726778e+00
3.235905940594059782e+00,1.064962726304579353e-02,2.342917997870074681e-02,-1.703940362087327104e-02,9.122302158273381423e+00,7.338129496402877594e-01,3.402877697841726778e+00
3.240861386138614186e+00,-1.064962726304579440e-03,3.833865814696485463e-02,-5.324813631522896766e-03,9.079136690647482411e+00,7.218225419664268117e-01,3.479616306954436578e+00
3.245816831683168591e+00,-1.277955271565495154e-02,4.472843450479233041e-02,3.194888178913737886e-03,9.038369304556354678e+00,6.954436450839328598e-01,3.546762589928057707e+00
3.250772277227722995e+00,-2.236421725239616520e-02,4.472843450479233041e-02,1.171458998935037341e-02,8.971223021582733992e+00,6.762589928057554101e-01,3.585131894484412385e+00
3.255727722772277399e+00,-3.514376996805111675e-02,4.472843450479233041e-02,2.129925452609158706e-02,8.952038369304556653e+00,6.786570743405275774e-01,3.625899280575539674e+00
3.260683168316831804e+00,-4.366347177848775574e-02,4.259850905218317413e-02,3.194888178913737886e-02,8.920863309352517589e+00,6.450839328537170125e-01,3.551558752997602042e+00
3.265638613861386208e+00,-5.537806176783812567e-02,3.833865814696485463e-02,4.046858359957401785e-02,8.932853717026379314e+00,5.515587529976019310e-01,3.541966426858513373e+00
3.270594059405940612e+00,-6.176783812566560145e-02,3.940362087326943624e-02,4.366347177848775574e-02,8.961630695443645322e+00,4.844124700239808012e-01,3.520383693045563422e+00
3.275549504950495017e+00,-7.135250266240682204e-02,3.833865814696485463e-02,4.046858359957401785e-02,8.997601918465226944e+00,4.124700239808153368e-01,3.508393285371702586e+00
3.280504950495049865e+00,-7.667731629392970927e-02,3.727369542066027996e-02,3.940362087326943624e-02,9.014388489208633004e+00,3.381294964028777050e-01,3.417266187050359783e+00
3.285460396039604269e+00,-8.200212992545261037e-02,4.046858359957401785e-02,3.620873269435569836e-02,9.033573141486810343e+00,2.949640287769784153e-01,3.280575539568345356e+00
3.290415841584158674e+00,-8.093716719914803570e-02,5.431309904153354406e-02,3.088391906283280072e-02,9.112709832134292753e+00,2.182254196642685884e-01,3.220623501199040728e+00
3.295371287128713078e+00,-7.774227902023429781e-02,7.348242811501597138e-02,2.342917997870074681e-02,9.206235011990408168e+00,1.582733812949640162e-01,3.239808153477218067e+00
3.300326732673267482e+00,-7.454739084132055993e-02,9.371671991480298725e-02,1.384451544195953142e-02,9.177458033573142160e+00,1.534772182254196538e-01,3.309352517985611364e+00
3.305282178217821887e+00,-6.602768903088392094e-02,1.086261980830670881e-01,4.259850905218317760e-03,9.134292565947241371e+00,1.558752997601918489e-01,3.395683453237410276e+00
3.310237623762376291e+00,-5.963791267305644517e-02,1.160809371671991524e-01,-2.129925452609158880e-03,9.136690647482014427e+00,1.966426858513189435e-01,3.479616306954436578e+00
3.315193069306930695e+00,-5.111821086261980618e-02,1.256656017039403661e-01,-1.064962726304579353e-02,9.098321342925659749e+00,2.302158273381295084e-01,3.563549160671462879e+00
3.320148514851485544e+00,-4.366347177848775574e-02,1.309904153354632672e-01,-1.916932907348242732e-02,9.040767386091127733e+00,3.117505995203836977e-01,3.752997601918465431e+00
3.325103960396039948e+00,-3.833865814696485463e-02,1.288604898828540901e-01,-2.342917997870074681e-02,8.937649880095923649e+00,4.100719424460431695e-01,3.913669064748201532e+00
3.330059405940594353e+00,-3.301384451544196047e-02,1.107561235356762513e-01,-2.023429179978700893e-02,8.920863309352517589e+00,4.676258992805755188e-01,4.000000000000000000e+00
3.335014851485148757e+00,-2.768903088391906284e-02,9.265175718849839870e-02,-1.490947816826411129e-02,8.947242206235012318e+00,4.580335731414867939e-01,3.971223021582733992e+00
3.339970297029703161e+00,-2.555910543130990309e-02,7.987220447284344715e-02,-9.584664536741213658e-03,8.923261390887290645e+00,4.700239808153477417e-01,3.964028776978417046e+00
3.344925742574257566e+00,-2.449414270500532495e-02,6.815761448349308416e-02,-5.324813631522896766e-03,8.925659472422061924e+00,4.580335731414867939e-01,3.985611510791366996e+00
3.349881188118811970e+00,-2.555910543130990309e-02,5.218317358892438779e-02,-5.324813631522896766e-03,8.918465227817746310e+00,4.268585131894484519e-01,3.952038369304556209e+00
3.354836633663366374e+00,-2.768903088391906284e-02,3.833865814696485463e-02,-5.324813631522896766e-03,8.964028776978416602e+00,3.860911270983213295e-01,3.892086330935251581e+00
3.359792079207920779e+00,-3.088391906283280072e-02,2.662406815761448470e-02,-8.519701810436635520e-03,8.980815347721822661e+00,3.045563549160671402e-01,3.788968824940047941e+00
3.364747524752475627e+00,-2.981895633652822258e-02,2.023429179978700893e-02,-1.277955271565495154e-02,9.047961630695443347e+00,2.230215827338129508e-01,3.669064748201438686e+00
3.369702970297030031e+00,-3.194888178913737886e-02,2.449414270500532495e-02,-2.236421725239616520e-02,9.110311750599519698e+00,1.654676258992805737e-01,3.594724220623501054e+00
3.374658415841584436e+00,-3.301384451544196047e-02,3.301384451544196047e-02,-3.514376996805111675e-02,9.115107913669064033e+00,1.630695443645084064e-01,3.601918465227817556e+00
3.379613861386138840e+00,-2.768903088391906284e-02,4.046858359957401785e-02,-4.898828541001064990e-02,9.086330935251798024e+00,1.678657074340527688e-01,3.666666666666666519e+00
3.384569306930693244e+00,-2.449414270500532495e-02,4.153354632587859252e-02,-5.537806176783812567e-02,9.069544364508393741e+00,1.702637889688249362e-01,3.678657074340527799e+00
3.389524752475247649e+00,-1.810436634717784918e-02,4.366347177848775574e-02,-6.922257720979765883e-02,9.124700239808152702e+00,1.870503597122302186e-01,3.681055155875299967e+00
3.394480198019802053e+00,-1.597444089456868943e-02,5.111821086261980618e-02,-8.200212992545261037e-02,9.081534772182253690e+00,3.093525179856115304e-01,3.808153477218225280e+00
3.399435643564356457e+00,-1.384451544195953142e-02,4.898828541001064990e-02,-8.626198083067092293e-02,9.033573141486810343e+00,4.436450839328537343e-01,3.901678657074340695e+00
3.404391089108911306e+00,-9.584664536741213658e-03,3.620873269435569836e-02,-8.306709265175718504e-02,9.038369304556354678e+00,4.796163069544364665e-01,3.906474820143885029e+00
3.409346534653465710e+00,-1.171458998935037341e-02,3.194888178913737886e-02,-7.241746538871139671e-02,9.057553956834532016e+00,4.820143884892086339e-01,3.877697841726618577e+00
3.414301980198020114e+00,-9.584664536741213658e-03,2.875399361022364098e-02,-6.815761448349308416e-02,9.057553956834532016e+00,5.059952038369304184e-01,3.875299760191846410e+00
3.419257425742574519e+00,-1.064962726304579353e-02,2.129925452609158706e-02,-6.389776357827475772e-02,9.057553956834532016e+00,5.011990407673860837e-01,3.892086330935251581e+00
3.424212871287128923e+00,-1.703940362087327104e-02,1.277955271565495154e-02,-5.537806176783812567e-02,9.047961630695443347e+00,4.940047961630695261e-01,3.796163069544364443e+00
3.429168316831683327e+00,-1.916932907348242732e-02,6.389776357827475772e-03,-5.111821086261980618e-02,9.009592326139088669e+00,4.700239808153477417e-01,3.709832134292565975e+00
3.434123762376237732e+00,-2.342917997870074681e-02,6.389776357827475772e-03,-4.898828541001064990e-02,9.055155875299760737e+00,4.268585131894484519e-01,3.649880095923261347e+00
3.439079207920792136e+00,-3.088391906283280072e-02,1.277955271565495154e-02,-5.218317358892438779e-02,9.093525179856115415e+00,3.357314148681055377e-01,3.625899280575539674e+00
3.444034653465346540e+00,-3.194888178913737886e-02,2.023429179978700893e-02,-5.644302449414270728e-02,9.107913669064748419e+00,2.637889688249400733e-01,3.611510791366906670e+00
3.448990099009901389e+00,-2.981895633652822258e-02,2.768903088391906284e-02,-6.922257720979765883e-02,9.052757793764987682e+00,2.038369304556355011e-01,3.585131894484412385e+00
3.453945544554455793e+00,-2.555910543130990309e-02,3.514376996805111675e-02,-8.732694355697551147e-02,9.009592326139088669e+00,1.894484412470023860e-01,3.654676258992805682e+00
3.458900990099010198e+00,-1.810436634717784918e-02,4.579339723109691201e-02,-9.904153354632587447e-02,8.940047961630694928e+00,2.254196642685851182e-01,3.733812949640287648e+00
3.463856435643564602e+00,-9.584664536741213658e-03,4.685835995740149362e-02,-1.107561235356762513e-01,8.887290167865707247e+00,2.901678657074340251e-01,3.829736211031175230e+00
3.468811881188119006e+00,2.129925452609158880e-03,4.259850905218317413e-02,-1.224707135250266282e-01,8.860911270983214294e+00,3.693045563549160470e-01,3.846522781774580402e+00
3.473767326732673411e+00,1.171458998935037341e-02,3.940362087326943624e-02,-1.267305644302449408e-01,8.908872901678657641e+00,4.148681055155875042e-01,3.858513189448441238e+00
3.478722772277227815e+00,1.810436634717784918e-02,4.046858359957401785e-02,-1.341853035143769912e-01,8.959232613908872267e+00,5.035971223021582510e-01,3.918465227817745866e+00
3.483678217821782219e+00,2.236421725239616520e-02,3.833865814696485463e-02,-1.373801916932907430e-01,8.961630695443645322e+00,5.947242206235011652e-01,3.947242206235011874e+00
3.488633663366336624e+00,2.129925452609158706e-02,3.407880724174654208e-02,-1.341853035143769912e-01,8.964028776978416602e+00,6.546762589928057929e-01,3.942446043165467540e+00
3.493589108910891472e+00,1.916932907348242732e-02,2.981895633652822258e-02,-1.246006389776357776e-01,8.940047961630694928e+00,7.386091127098320941e-01,3.908872901678657197e+00
3.498544554455445876e+00,1.384451544195953142e-02,2.768903088391906284e-02,-1.139510117145899892e-01,8.947242206235012318e+00,8.177458033573141716e-01,3.896882494004796360e+00
3.503500000000000281e+00,0.000000000000000000e+00,2.449414270500532495e-02,-1.054313099041533502e-01,8.988009592326138275e+00,8.417266187050359560e-01,3.853717026378896904e+00
3.508455445544554685e+00,-1.597444089456868943e-02,2.023429179978700893e-02,-9.478168264110756192e-02,9.064748201438849406e+00,7.961630695443645545e-01,3.800959232613908778e+00
3.513410891089109089e+00,-3.620873269435569836e-02,2.236421725239616520e-02,-8.626198083067092293e-02,9.148681055155876152e+00,7.721822541966426590e-01,3.712230215827338142e+00
3.518366336633663494e+00,-5.431309904153354406e-02,3.301384451544196047e-02,-8.093716719914803570e-02,9.194244604316546443e+00,7.314148681055155921e-01,3.640287769784172678e+00
3.523321782178217898e+00,-7.135250266240682204e-02,4.685835995740149362e-02,-7.561235356762513460e-02,9.184652278177457774e+00,7.745803357314148263e-01,3.635491606714628343e+00
3.528277227722772302e+00,-8.306709265175718504e-02,6.283280085197018305e-02,-6.602768903088392094e-02,9.131894484412470092e+00,7.290167865707434247e-01,3.702637889688249473e+00
3.533232673267327151e+00,-9.158679446219382403e-02,7.454739084132055993e-02,-5.857294994675186356e-02,9.095923261390886694e+00,6.954436450839328598e-01,3.798561151079136611e+00
3.538188118811881555e+00,-9.584664536741213658e-02,8.200212992545261037e-02,-5.431309904153354406e-02,9.098321342925659749e+00,6.139088729016786150e-01,3.942446043165467540e+00
3.543143564356435959e+00,-9.584664536741213658e-02,8.732694355697551147e-02,-5.431309904153354406e-02,9.074340527577938076e+00,5.443645083932853179e-01,4.052757793764987682e+00
3.548099009900990364e+00,-8.732694355697551147e-02,8.306709265175718504e-02,-5.644302449414270728e-02,9.021582733812950394e+00,5.395683453237409832e-01,4.091127098321343247e+00
3.553054455445544768e+00,-7.454739084132055993e-02,7.880724174653887248e-02,-5.537806176783812567e-02,8.961630695443645322e+00,5.611510791366906004e-01,4.071942446043165909e+00
3.558009900990099172e+00,-5.857294994675186356e-02,7.561235356762513460e-02,-4.792332268370606829e-02,8.947242206235012318e+00,5.635491606714628787e-01,4.071942446043165909e+00
3.562965346534653577e+00,-4.046858359957401785e-02,7.561235356762513460e-02,-4.259850905218317413e-02,9.000000000000000000e+00,5.563549160671462657e-01,4.136690647482014427e+00
3.567920792079207981e+00,-2.981895633652822258e-02,7.348242811501597138e-02,-4.259850905218317413e-02,9.016786570743406060e+00,5.947242206235011652e-01,4.218225419664269005e+00
3.572876237623762385e+00,-2.449414270500532495e-02,6.602768903088392094e-02,-4.366347177848775574e-02,8.978417266187049606e+00,6.762589928057554101e-01,4.213429256594723782e+00
3.577831683168317234e+00,-1.810436634717784918e-02,5.431309904153354406e-02,-3.727369542066027996e-02,8.889688249400480302e+00,7.913669064748201087e-01,4.155875299760191766e+00
3.582787128712871638e+00,-1.384451544195953142e-02,4.898828541001064990e-02,-2.555910543130990309e-02,8.853717026378896904e+00,8.273381294964028410e-01,4.071942446043165909e+00
3.587742574257426043e+00,-1.597444089456868943e-02,4.685835995740149362e-02,-1.064962726304579353e-02,8.940047961630694928e+00,7.601918465227818222e-01,4.055155875299759849e+00
3.592698019801980447e+00,-2.449414270500532495e-02,4.046858359957401785e-02,-2.129925452609158880e-03,9.059952038369305072e+00,6.786570743405275774e-01,4.007194244604316502e+00
3.597653465346534851e+00,-3.194888178913737886e-02,3.833865814696485463e-02,0.000000000000000000e+00,9.107913669064748419e+00,6.498800959232613472e-01,3.918465227817745866e+00
3.602608910891089256e+00,-4.366347177848775574e-02,4.685835995740149362e-02,2.129925452609158880e-03,9.088729016786571080e+00,6.690647482014387970e-01,3.824940047961630896e+00
3.607564356435643660e+00,-5.537806176783812567e-02,6.176783812566560145e-02,5.324813631522896766e-03,9.107913669064748419e+00,6.786570743405275774e-01,3.750599520383693264e+00
3.612519801980198064e+00,-6.709265175718849561e-02,7.667731629392970927e-02,1.277955271565495154e-02,9.172661870503597825e+00,6.235011990407673954e-01,3.774580335731414937e+00
3.617475247524752913e+00,-7.561235356762513460e-02,9.158679446219382403e-02,1.490947816826411129e-02,9.208633093525179447e+00,5.467625899280575963e-01,3.841726618705036067e+00
3.622430693069307317e+00,-8.626198083067092293e-02,1.011714589989350377e-01,9.584664536741213658e-03,9.191846522781775164e+00,5.299760191846523139e-01,3.992805755395683498e+00
3.627386138613861721e+00,-8.839190628328008614e-02,1.054313099041533502e-01,7.454739084132055646e-03,9.062350119904076351e+00,6.067146282973621130e-01,4.127098321342925757e+00
3.632341584158416126e+00,-8.945686900958466081e-02,1.043663471778487756e-01,1.597444089456868943e-02,8.995203836930455665e+00,6.426858513189448452e-01,4.167865707434052602e+00
3.637297029702970530e+00,-8.413205537806177359e-02,9.478168264110756192e-02,2.875399361022364098e-02,8.942446043165467984e+00,5.755395683453237154e-01,4.163069544364508268e+00
3.642252475247524934e+00,-7.987220447284344715e-02,9.052183173588924936e-02,3.514376996805111675e-02,8.988009592326138275e+00,5.371702637889688159e-01,4.220623501199041172e+00
3.647207920792079339e+00,-7.561235356762513460e-02,8.200212992545261037e-02,3.194888178913737886e-02,8.952038369304556653e+00,5.323741007194244812e-01,4.316546762589927866e+00
3.652163366336633743e+00,-7.348242811501597138e-02,6.496272630457934627e-02,3.194888178913737886e-02,8.863309352517985573e+00,5.083932853717025857e-01,4.294964028776978360e+00
3.657118811881188147e+00,-6.922257720979765883e-02,4.579339723109691201e-02,3.514376996805111675e-02,8.808153477218224836e+00,4.916067146282973588e-01,4.242206235011990678e+00
3.662074257425742996e+00,-6.070287539936101984e-02,3.514376996805111675e-02,3.727369542066027996e-02,8.834532374100719565e+00,4.052757793764987793e-01,4.127098321342925757e+00
3.667029702970297400e+00,-5.005324813631523151e-02,2.981895633652822258e-02,3.407880724174654208e-02,8.877697841726618577e+00,2.877697841726618577e-01,4.079136690647482411e+00
3.671985148514851804e+00,-4.579339723109691201e-02,2.555910543130990309e-02,2.555910543130990309e-02,8.930455635491606259e+00,2.062350119904076684e-01,4.045563549160671180e+00
3.676940594059406209e+00,-4.259850905218317413e-02,2.342917997870074681e-02,1.064962726304579353e-02,8.944844124700239263e+00,2.278177458033573133e-01,3.942446043165467540e+00
3.681896039603960613e+00,-4.046858359957401785e-02,2.555910543130990309e-02,-3.194888178913737886e-03,8.923261390887290645e+00,2.541966426858512929e-01,3.887290167865707247e+00
3.686851485148515017e+00,-3.620873269435569836e-02,3.407880724174654208e-02,-1.277955271565495154e-02,8.928057553956834980e+00,2.158273381294963933e-01,3.824940047961630896e+00
3.691806930693069422e+00,-3.088391906283280072e-02,4.579339723109691201e-02,-1.916932907348242732e-02,8.997601918465226944e+00,2.038369304556355011e-01,3.841726618705036067e+00
3.696762376237623826e+00,-2.981895633652822258e-02,6.070287539936101984e-02,-3.301384451544196047e-02,8.983213429256593940e+00,2.398081534772182333e-01,3.899280575539568527e+00
3.701717821782178675e+00,-3.301384451544196047e-02,6.709265175718849561e-02,-4.792332268370606829e-02,8.964028776978416602e+00,3.285371702637889801e-01,3.925659472422062368e+00
3.706673267326733079e+00,-3.514376996805111675e-02,6.922257720979765883e-02,-5.644302449414270728e-02,8.913669064748201976e+00,4.196642685851318944e-01,3.906474820143885029e+00
3.711628712871287483e+00,-4.153354632587859252e-02,7.454739084132055993e-02,-5.857294994675186356e-02,8.851318944844123848e+00,4.868105515587530241e-01,3.920863309352518034e+00
3.716584158415841888e+00,-5.111821086261980618e-02,8.093716719914803570e-02,-6.070287539936101984e-02,8.880095923261391633e+00,5.467625899280575963e-01,4.023980815347721673e+00
3.721539603960396292e+00,-6.283280085197018305e-02,8.413205537806177359e-02,-6.176783812566560145e-02,8.908872901678657641e+00,5.683453237410072134e-01,4.191846522781774276e+00
3.726495049504950696e+00,-6.815761448349308416e-02,7.561235356762513460e-02,-5.857294994675186356e-02,8.884892086330935967e+00,5.899280575539568305e-01,4.261390887290168017e+00
3.731450495049505101e+00,-7.348242811501597138e-02,6.496272630457934627e-02,-5.537806176783812567e-02,8.822541966426857840e+00,5.995203836930456109e-01,4.213429256594723782e+00
3.736405940594059505e+00,-7.561235356762513460e-02,5.857294994675186356e-02,-5.111821086261980618e-02,8.848920863309352569e+00,6.043165467625899456e-01,4.187050359712229941e+00
3.741361386138613909e+00,-7.454739084132055993e-02,5.750798722044728195e-02,-4.259850905218317413e-02,8.858513189448441238e+00,6.067146282973621130e-01,4.268585131894484519e+00
3.746316831683168758e+00,-7.135250266240682204e-02,5.324813631522896940e-02,-3.301384451544196047e-02,8.887290167865707247e+00,5.971223021582733326e-01,4.330935251798560870e+00
3.751272277227723162e+00,-6.496272630457934627e-02,4.259850905218317413e-02,-2.236421725239616520e-02,8.860911270983214294e+00,5.755395683453237154e-01,4.321342925659472201e+00
3.756227722772277566e+00,-5.857294994675186356e-02,3.301384451544196047e-02,-9.584664536741213658e-03,8.856115107913668183e+00,5.491606714628297636e-01,4.266187050359712352e+00
3.761183168316831971e+00,-4.898828541001064990e-02,2.662406815761448470e-02,4.259850905218317760e-03,8.863309352517985573e+00,4.748201438848920763e-01,4.167865707434052602e+00
3.766138613861386375e+00,-4.046858359957401785e-02,2.768903088391906284e-02,1.384451544195953142e-02,8.920863309352517589e+00,3.884892086330935523e-01,4.091127098321343247e+00
3.771094059405940779e+00,-3.194888178913737886e-02,2.981895633652822258e-02,1.490947816826411129e-02,9.016786570743406060e+00,3.141486810551558650e-01,4.040767386091126845e+00
3.776049504950495184e+00,-2.555910543130990309e-02,3.727369542066027996e-02,1.277955271565495154e-02,9.050359712230216402e+00,2.997601918465228055e-01,3.988009592326139163e+00
3.781004950495049588e+00,-1.916932907348242732e-02,4.579339723109691201e-02,1.064962726304579353e-02,9.074340527577938076e+00,3.093525179856115304e-01,3.959232613908872711e+00
3.785960396039604436e+00,-1.384451544195953142e-02,6.176783812566560145e-02,5.324813631522896766e-03,9.021582733812950394e+00,3.884892086330935523e-01,4.062350119904076351e+00
3.790915841584158841e+00,-1.277955271565495154e-02,6.815761448349308416e-02,4.259850905218317760e-03,8.856115107913668183e+00,5.083932853717025857e-01,4.251798561151079348e+00
3.795871287128713245e+00,-1.384451544195953142e-02,5.537806176783812567e-02,1.384451544195953142e-02,8.750599520383692820e+00,6.378896882494005105e-01,4.330935251798560870e+00
3.800826732673267649e+00,-1.490947816826411129e-02,3.407880724174654208e-02,2.981895633652822258e-02,8.748201438848921541e+00,6.450839328537170125e-01,4.292565947242206192e+00
3.805782178217822054e+00,-2.129925452609158706e-02,1.810436634717784918e-02,4.259850905218317413e-02,8.786570743405276218e+00,6.522781774580336256e-01,4.213429256594723782e+00
3.810737623762376458e+00,-3.194888178913737886e-02,9.584664536741213658e-03,5.324813631522896940e-02,8.863309352517985573e+00,6.211031175059952281e-01,4.163069544364508268e+00
3.815693069306930862e+00,-4.685835995740149362e-02,2.129925452609158880e-03,5.857294994675186356e-02,8.887290167865707247e+00,6.211031175059952281e-01,4.079136690647482411e+00
3.820648514851485267e+00,-6.283280085197018305e-02,-2.129925452609158880e-03,6.709265175718849561e-02,8.884892086330935967e+00,5.659472422062350461e-01,4.000000000000000000e+00
3.825603960396039671e+00,-7.561235356762513460e-02,3.194888178913737886e-03,7.135250266240682204e-02,8.920863309352517589e+00,4.916067146282973588e-01,3.899280575539568527e+00
3.830559405940594520e+00,-8.519701810436634826e-02,1.171458998935037341e-02,7.135250266240682204e-02,8.935251798561150594e+00,3.645083932853717124e-01,3.856115107913669071e+00
3.835514851485148924e+00,-9.052183173588924936e-02,2.129925452609158706e-02,7.241746538871139671e-02,8.956834532374100988e+00,2.949640287769784153e-01,3.803357314148680945e+00
3.840470297029703328e+00,-9.158679446219382403e-02,3.514376996805111675e-02,6.496272630457934627e-02,8.980815347721822661e+00,2.038369304556355011e-01,3.800959232613908778e+00
3.845425742574257733e+00,-9.158679446219382403e-02,5.111821086261980618e-02,5.111821086261980618e-02,8.949640287769783598e+00,1.175059952038369354e-01,3.880095923261390745e+00
3.850381188118812137e+00,-8.519701810436634826e-02,6.283280085197018305e-02,3.833865814696485463e-02,8.896882494004795916e+00,4.076738609112710160e-02,3.928057553956834536e+00
3.855336633663366541e+00,-7.454739084132055993e-02,6.709265175718849561e-02,2.342917997870074681e-02,8.863309352517985573e+00,1.199040767386091132e-02,3.990407673860911331e+00
3.860292079207920946e+00,-5.857294994675186356e-02,7.135250266240682204e-02,5.324813631522896766e-03,8.815347721822542226e+00,1.438848920863309427e-02,4.091127098321343247e+00
3.865247524752475350e+00,-4.046858359957401785e-02,7.241746538871139671e-02,-5.324813631522896766e-03,8.762589928057554545e+00,4.316546762589928282e-02,4.206235011990407280e+00
3.870202970297030198e+00,-2.023429179978700893e-02,6.496272630457934627e-02,-1.703940362087327104e-02,8.717026378896882477e+00,1.151079136690647542e-01,4.275779376498801021e+00
3.875158415841584603e+00,-7.454739084132055646e-03,5.324813631522896940e-02,-3.301384451544196047e-02,8.681055155875299079e+00,1.750599520383692986e-01,4.304556354916067029e+00
3.880113861386139007e+00,1.064962726304579440e-03,3.940362087326943624e-02,-4.685835995740149362e-02,8.700239808153476417e+00,1.846522781774580235e-01,4.292565947242206192e+00
3.885069306930693411e+00,6.389776357827475772e-03,2.342917997870074681e-02,-6.176783812566560145e-02,8.743405275779377206e+00,2.685851318944844079e-01,4.244604316546762846e+00
3.890024752475247816e+00,8.519701810436635520e-03,1.597444089456868943e-02,-7.348242811501597138e-02,8.738609112709832871e+00,3.453237410071942626e-01,4.199040767386090778e+00
3.894980198019802220e+00,9.584664536741213658e-03,1.384451544195953142e-02,-8.413205537806177359e-02,8.776978417266187549e+00,3.908872901678657197e-01,4.143884892086330929e+00
3.899935643564356624e+00,3.194888178913737886e-03,1.171458998935037341e-02,-8.945686900958466081e-02,8.832134292565946510e+00,4.340527577937650094e-01,4.076738609112710243e+00
3.904891089108911029e+00,-7.454739084132055646e-03,1.597444089456868943e-02,-9.691160809371672513e-02,8.896882494004795916e+00,4.772182254196642437e-01,4.007194244604316502e+00
3.909846534653465433e+00,-2.129925452609158706e-02,2.662406815761448470e-02,-1.043663471778487756e-01,8.906474820143884585e+00,5.227817745803357008e-01,3.992805755395683498e+00
3.914801980198020281e+00,-3.194888178913737886e-02,3.514376996805111675e-02,-1.086261980830670881e-01,8.882494004796162912e+00,6.258992805755395628e-01,4.031175059952038175e+00
3.919757425742574686e+00,-4.259850905218317413e-02,4.579339723109691201e-02,-1.086261980830670881e-01,8.880095923261391633e+00,6.450839328537170125e-01,4.122302158273381423e+00
3.924712871287129090e+00,-5.111821086261980618e-02,5.111821086261980618e-02,-1.054313099041533502e-01,8.858513189448441238e+00,6.378896882494005105e-01,4.232613908872902009e+00
3.929668316831683494e+00,-5.537806176783812567e-02,4.898828541001064990e-02,-1.033013844515442009e-01,8.820143884892086561e+00,7.170263788968824770e-01,4.294964028776978360e+00
3.934623762376237899e+00,-5.857294994675186356e-02,4.366347177848775574e-02,-9.584664536741213658e-02,8.752997601918465875e+00,7.865707434052757741e-01,4.338129496402877372e+00
3.939579207920792303e+00,-5.963791267305644517e-02,3.833865814696485463e-02,-8.306709265175718504e-02,8.757793764988010210e+00,7.985611510791367218e-01,4.328537170263788703e+00
3.944534653465346707e+00,-6.176783812566560145e-02,3.088391906283280072e-02,-7.135250266240682204e-02,8.755395683453237154e+00,7.937649880095922761e-01,4.350119904076738209e+00
3.949490099009901112e+00,-6.496272630457934627e-02,2.768903088391906284e-02,-6.070287539936101984e-02,8.800959232613909222e+00,7.314148681055155921e-01,4.405275779376498946e+00
3.954445544554455960e+00,-6.815761448349308416e-02,2.342917997870074681e-02,-5.644302449414270728e-02,8.800959232613909222e+00,6.954436450839328598e-01,4.374100719424460770e+00
3.959400990099010365e+00,-6.815761448349308416e-02,1.597444089456868943e-02,-5.218317358892438779e-02,8.812949640287769171e+00,6.810551558752997447e-01,4.340527577937649539e+00
3.964356435643564769e+00,-6.709265175718849561e-02,1.597444089456868943e-02,-5.111821086261980618e-02,8.810551558752997892e+00,6.738609112709832427e-01,4.292565947242206192e+00
3.969311881188119173e+00,-6.496272630457934627e-02,1.703940362087327104e-02,-5.005324813631523151e-02,8.791366906474820553e+00,6.690647482014387970e-01,4.330935251798560870e+00
3.974267326732673578e+00,-6.389776357827475772e-02,1.171458998935037341e-02,-4.685835995740149362e-02,8.832134292565946510e+00,6.378896882494005105e-01,4.340527577937649539e+00
3.979222772277227982e+00,-6.070287539936101984e-02,6.389776357827475772e-03,-4.579339723109691201e-02,8.920863309352517589e+00,6.378896882494005105e-01,4.314148681055155699e+00
3.984178217821782386e+00,-6.070287539936101984e-02,7.454739084132055646e-03,-5.111821086261980618e-02,8.937649880095923649e+00,6.378896882494005105e-01,4.357314148681055599e+00
3.989133663366336791e+00,-6.389776357827475772e-02,3.194888178913737886e-03,-5.750798722044728195e-02,8.954436450839327932e+00,7.074340527577938076e-01,4.335731414868105205e+00
3.994089108910891195e+00,-6.070287539936101984e-02,1.064962726304579440e-03,-5.431309904153354406e-02,8.956834532374100988e+00,7.601918465227818222e-01,4.309352517985611364e+00
3.999044554455446043e+00,-5.644302449414270728e-02,0.000000000000000000e+00,-4.366347177848775574e-02,8.925659472422061924e+00,7.697841726618704916e-01,4.330935251798560870e+00
4.004000000000000448e+00,-5.111821086261980618e-02,-2.129925452609158880e-03,-3.407880724174654208e-02,8.983213429256593940e+00,7.577937649880095439e-01,4.398081534772182444e+00
4.008955445544555296e+00,-5.005324813631523151e-02,-1.171458998935037341e-02,-2.662406815761448470e-02,8.988009592326138275e+00,7.098321342925659749e-01,4.455635491606714460e+00
4.013910891089109256e+00,-4.685835995740149362e-02,-2.662406815761448470e-02,-2.342917997870074681e-02,9.002398081534773056e+00,7.242206235011990900e-01,4.371702637889688603e+00
4.018866336633664105e+00,-4.472843450479233041e-02,-3.514376996805111675e-02,-1.916932907348242732e-02,8.968824940047960936e+00,7.434052757793765398e-01,4.237410071942446343e+00
4.023821782178218953e+00,-4.685835995740149362e-02,-2.023429179978700893e-02,-1.703940362087327104e-02,9.517985611510791699e+00,7.577937649880095439e-01,4.136690647482014427e+00
4.028777227722772913e+00,-7.348242811501597138e-02,-2.875399361022364098e-02,2.129925452609158880e-03,8.673860911270983465e+00,3.309352517985611475e-01,3.225419664268585063e+00
4.033732673267327762e+00,-7.454739084132055993e-02,2.875399361022364098e-02,-6.389776357827475772e-03,8.748201438848921541e+00,0.000000000000000000e+00,2.666666666666666519e+00
4.038688118811881722e+00,-5.857294994675186356e-02,1.437699680511182188e-01,-7.880724174653887248e-02,8.268585131894484519e+00,1.107913669064748197e+00,3.916067146282973699e+00
4.043643564356436571e+00,-7.454739084132055993e-02,1.288604898828540901e-01,-2.449414270500532495e-02,8.438848920863309289e+00,1.263788968824939962e+00,5.743405275779376318e+00
4.048599009900990531e+00,-3.514376996805111675e-02,5.324813631522896766e-03,5.537806176783812567e-02,9.083932853717026745e+00,3.980815347721822772e-01,4.904076738609112418e+00
4.053554455445545379e+00,-6.709265175718849561e-02,-5.111821086261980618e-02,7.454739084132055646e-03,9.515587529976018644e+00,-2.398081534772182263e-02,4.203836930455635112e+00
4.058509900990099339e+00,-8.839190628328008614e-02,-3.514376996805111675e-02,-7.241746538871139671e-02,9.004796163069544335e+00,5.515587529976019310e-01,3.599520383693045389e+00
4.063465346534654188e+00,-1.001064962726304630e-01,2.236421725239616520e-02,-8.413205537806177359e-02,8.577937649880096771e+00,1.244604316546762623e+00,3.918465227817745866e+00
4.068420792079209036e+00,-8.945686900958466081e-02,4.898828541001064990e-02,-2.129925452609158706e-02,8.580335731414868050e+00,1.083932853717026301e+00,4.438848920863309289e+00
4.073376237623762997e+00,-7.667731629392970927e-02,3.833865814696485463e-02,2.555910543130990309e-02,9.306954436450839196e+00,2.733812949640287981e-01,4.561151079136690711e+00
4.078331683168317845e+00,-8.413205537806177359e-02,3.194888178913737886e-03,-1.916932907348242732e-02,9.318944844124700921e+00,-9.592326139088728360e-03,4.546762589928057707e+00
4.083287128712871805e+00,-7.987220447284344715e-02,-2.342917997870074681e-02,-8.413205537806177359e-02,8.860911270983214294e+00,4.796163069544364665e-01,3.846522781774580402e+00
4.088242574257426654e+00,-7.454739084132055993e-02,-4.259850905218317760e-03,-9.584664536741213658e-02,8.280575539568344468e+00,1.182254196642685828e+00,3.817745803357313950e+00
4.093198019801980614e+00,-4.366347177848775574e-02,3.620873269435569836e-02,-2.875399361022364098e-02,8.400479616306954611e+00,1.143884892086330929e+00,4.016786570743405171e+00
4.098153465346535462e+00,-2.236421725239616520e-02,5.111821086261980618e-02,3.194888178913737886e-02,9.091127098321342359e+00,3.956834532374100544e-01,4.405275779376498946e+00
4.103108910891090311e+00,-1.490947816826411129e-02,3.620873269435569836e-02,1.064962726304579440e-03,9.494004796163070026e+00,7.673860911270982688e-02,4.551558752997602042e+00
4.108064356435644271e+00,-2.981895633652822258e-02,1.064962726304579440e-03,-6.389776357827475772e-02,9.153477218225420486e+00,5.563549160671462657e-01,4.541966426858513373e+00
4.113019801980199119e+00,-3.301384451544196047e-02,-2.342917997870074681e-02,-7.135250266240682204e-02,8.671462829736210409e+00,1.172661870503597159e+00,4.230215827338129841e+00
4.117975247524753080e+00,-2.342917997870074681e-02,-1.277955271565495154e-02,-1.384451544195953142e-02,8.697841726618705138e+00,1.081534772182254134e+00,3.810551558752997447e+00
4.122930693069307928e+00,-1.916932907348242732e-02,2.342917997870074681e-02,3.194888178913737886e-02,9.220623501199041172e+00,4.004796163069544446e-01,3.971223021582733992e+00
4.127886138613861888e+00,-1.703940362087327104e-02,4.046858359957401785e-02,1.064962726304579353e-02,9.448441247002397958e+00,8.633093525179856564e-02,4.100719424460431917e+00
4.132841584158416737e+00,-2.981895633652822258e-02,2.449414270500532495e-02,-4.898828541001064990e-02,9.103117505995204084e+00,4.028776978417266119e-01,4.261390887290168017e+00
4.137797029702970697e+00,-2.236421725239616520e-02,1.171458998935037341e-02,-6.922257720979765883e-02,8.642685851318944401e+00,9.520383693045563200e-01,4.019184652278177339e+00
4.142752475247525545e+00,-2.236421725239616520e-02,2.023429179978700893e-02,-3.514376996805111675e-02,8.635491606714628787e+00,1.064748201438848962e+00,4.122302158273381423e+00
4.147707920792080394e+00,-1.277955271565495154e-02,2.662406815761448470e-02,5.324813631522896766e-03,9.059952038369305072e+00,6.738609112709832427e-01,4.299760191846522694e+00
4.152663366336634354e+00,-1.810436634717784918e-02,9.584664536741213658e-03,1.064962726304579440e-03,9.330935251798560870e+00,3.908872901678657197e-01,4.470023980815347464e+00
4.157618811881189202e+00,-2.449414270500532495e-02,-1.916932907348242732e-02,-3.407880724174654208e-02,9.155875299760191766e+00,5.467625899280575963e-01,4.304556354916067029e+00
4.162574257425743163e+00,-2.555910543130990309e-02,-3.194888178913737886e-02,-5.324813631522896940e-02,8.860911270983214294e+00,9.472422062350119853e-01,4.151079136690647431e+00
4.167529702970298011e+00,-2.236421725239616520e-02,-3.088391906283280072e-02,-2.555910543130990309e-02,8.726618705035971146e+00,1.055155875299760293e+00,4.148681055155875264e+00
4.172485148514851971e+00,-1.810436634717784918e-02,-2.449414270500532495e-02,1.277955271565495154e-02,8.995203836930455665e+00,7.362110311750599267e-01,4.213429256594723782e+00
4.177440594059406820e+00,-1.384451544195953142e-02,-2.981895633652822258e-02,1.490947816826411129e-02,9.165467625899280435e+00,4.724220623501199090e-01,4.364508393285372101e+00
4.182396039603960780e+00,-1.597444089456868943e-02,-5.324813631522896940e-02,-8.519701810436635520e-03,9.059952038369305072e+00,5.563549160671462657e-01,4.316546762589927866e+00
4.187351485148515629e+00,-1.703940362087327104e-02,-7.241746538871139671e-02,-2.023429179978700893e-02,8.822541966426857840e+00,8.800959232613908556e-01,4.163069544364508268e+00
4.192306930693070477e+00,-1.171458998935037341e-02,-7.348242811501597138e-02,0.000000000000000000e+00,8.729016786570744202e+00,9.016786570743404727e-01,3.930455635491606703e+00
4.197262376237624437e+00,-1.064962726304579353e-02,-6.283280085197018305e-02,2.768903088391906284e-02,9.045563549160672068e+00,6.306954436450838974e-01,3.964028776978417046e+00
4.202217821782179286e+00,-8.519701810436635520e-03,-5.644302449414270728e-02,2.449414270500532495e-02,9.223021582733812451e+00,4.724220623501199090e-01,3.904076738609112862e+00
4.207173267326733246e+00,-2.236421725239616520e-02,-6.283280085197018305e-02,1.064962726304579440e-03,9.220623501199041172e+00,4.964028776978417490e-01,3.995203836930455665e+00
4.212128712871288094e+00,-1.597444089456868943e-02,-6.922257720979765883e-02,-1.490947816826411129e-02,9.011990407673861725e+00,7.170263788968824770e-01,3.743405275779376318e+00
4.217084158415842055e+00,-1.490947816826411129e-02,-5.750798722044728195e-02,0.000000000000000000e+00,8.985611510791366996e+00,7.386091127098320941e-01,3.681055155875299967e+00
4.222039603960396903e+00,-3.194888178913737886e-03,-3.194888178913737886e-02,2.449414270500532495e-02,9.083932853717026745e+00,5.899280575539568305e-01,3.678657074340527799e+00
4.226995049504950863e+00,1.064962726304579440e-03,-1.703940362087327104e-02,2.555910543130990309e-02,9.270983213429255798e+00,4.268585131894484519e-01,3.844124700239808234e+00
4.231950495049505712e+00,2.129925452609158880e-03,-1.703940362087327104e-02,9.584664536741213658e-03,9.223021582733812451e+00,4.748201438848920763e-01,3.834532374100719565e+00
4.236905940594060560e+00,3.194888178913737886e-03,-1.171458998935037341e-02,2.129925452609158880e-03,9.035971223021583398e+00,7.194244604316546443e-01,3.752997601918465431e+00
4.241861386138614520e+00,5.324813631522896766e-03,2.129925452609158880e-03,1.490947816826411129e-02,8.973621103117505271e+00,8.537170263788969038e-01,3.827338129496403063e+00
4.246816831683169369e+00,9.584664536741213658e-03,1.810436634717784918e-02,3.727369542066027996e-02,9.033573141486810343e+00,7.482014388489208745e-01,3.968824940047961825e+00
4.251772277227723329e+00,7.454739084132055646e-03,2.449414270500532495e-02,5.005324813631523151e-02,9.100719424460431028e+00,6.282973621103117301e-01,4.131894484412470092e+00
4.256727722772278177e+00,4.259850905218317760e-03,1.703940362087327104e-02,4.579339723109691201e-02,8.985611510791366996e+00,7.146282973621103096e-01,4.059952038369304184e+00
4.261683168316832138e+00,1.064962726304579440e-03,1.597444089456868943e-02,4.579339723109691201e-02,8.841726618705035179e+00,8.681055155875300189e-01,4.122302158273381423e+00
4.266638613861386986e+00,4.259850905218317760e-03,1.810436634717784918e-02,5.963791267305644517e-02,8.717026378896882477e+00,9.112709832134292531e-01,4.043165467625899012e+00
4.271594059405941834e+00,2.129925452609158880e-03,2.662406815761448470e-02,8.519701810436634826e-02,8.868105515587529908e+00,7.362110311750599267e-01,4.208633093525179447e+00
4.276549504950495795e+00,6.389776357827475772e-03,2.023429179978700893e-02,8.732694355697551147e-02,8.949640287769783598e+00,5.923261390887289979e-01,4.251798561151079348e+00
4.281504950495050643e+00,3.194888178913737886e-03,6.389776357827475772e-03,7.454739084132055993e-02,8.937649880095923649e+00,5.827338129496403285e-01,4.306954436450839196e+00
4.286460396039604603e+00,7.454739084132055646e-03,-7.454739084132055646e-03,7.028753993610223350e-02,8.741007194244604150e+00,6.786570743405275774e-01,4.163069544364508268e+00
4.291415841584159452e+00,1.171458998935037341e-02,-8.519701810436635520e-03,7.880724174653887248e-02,8.755395683453237154e+00,6.930455635491606925e-01,4.129496402877697925e+00
4.296371287128713412e+00,1.810436634717784918e-02,-6.389776357827475772e-03,8.839190628328008614e-02,8.832134292565946510e+00,6.402877697841726778e-01,4.160671462829736100e+00
4.301326732673268260e+00,1.810436634717784918e-02,-1.277955271565495154e-02,8.945686900958466081e-02,8.901678657074340251e+00,4.580335731414867939e-01,4.103117505995204084e+00
4.306282178217822221e+00,1.384451544195953142e-02,-1.703940362087327104e-02,7.028753993610223350e-02,8.971223021582733992e+00,4.340527577937650094e-01,4.160671462829736100e+00
4.311237623762377069e+00,1.703940362087327104e-02,-2.342917997870074681e-02,5.537806176783812567e-02,8.810551558752997892e+00,6.019184652278177783e-01,4.033573141486810343e+00
4.316193069306931918e+00,1.703940362087327104e-02,-1.916932907348242732e-02,5.644302449414270728e-02,8.791366906474820553e+00,6.187050359712230607e-01,4.119904076738609255e+00
4.321148514851485878e+00,2.981895633652822258e-02,-1.384451544195953142e-02,6.176783812566560145e-02,8.796163069544364888e+00,5.827338129496403285e-01,4.074340527577938076e+00
4.326103960396040726e+00,2.875399361022364098e-02,-9.584664536741213658e-03,6.283280085197018305e-02,8.853717026378896904e+00,4.196642685851318944e-01,4.239808153477218511e+00
4.331059405940594687e+00,3.727369542066027996e-02,-1.171458998935037341e-02,5.644302449414270728e-02,8.896882494004795916e+00,4.292565947242206192e-01,4.201438848920862945e+00
4.336014851485149535e+00,3.727369542066027996e-02,-1.703940362087327104e-02,4.685835995740149362e-02,8.822541966426857840e+00,5.275779376498801465e-01,4.213429256594723782e+00
4.340970297029703495e+00,4.259850905218317413e-02,-1.916932907348242732e-02,4.472843450479233041e-02,8.748201438848921541e+00,5.755395683453237154e-01,4.160671462829736100e+00
4.345925742574258344e+00,4.579339723109691201e-02,-1.597444089456868943e-02,5.644302449414270728e-02,8.803357314148680501e+00,5.395683453237409832e-01,4.055155875299759849e+00
4.350881188118812304e+00,4.685835995740149362e-02,-1.277955271565495154e-02,6.070287539936101984e-02,8.942446043165467984e+00,4.412470023980815115e-01,4.100719424460431917e+00
4.355836633663367152e+00,5.218317358892438779e-02,-5.324813631522896766e-03,5.750798722044728195e-02,8.968824940047960936e+00,3.764988009592326046e-01,4.011990407673860837e+00
4.360792079207922001e+00,5.005324813631523151e-02,2.129925452609158880e-03,4.792332268370606829e-02,8.928057553956834980e+00,4.388489208633093441e-01,4.184652278177457774e+00
4.365747524752475961e+00,5.324813631522896940e-02,0.000000000000000000e+00,4.046858359957401785e-02,8.858513189448441238e+00,5.923261390887289979e-01,4.122302158273381423e+00
4.370702970297030809e+00,4.472843450479233041e-02,-2.129925452609158880e-03,5.111821086261980618e-02,8.892086330935251581e+00,5.947242206235011652e-01,4.160671462829736100e+00
4.375658415841584770e+00,4.685835995740149362e-02,0.000000000000000000e+00,5.537806176783812567e-02,8.949640287769783598e+00,5.707434052757793808e-01,4.067146282973620686e+00
4.380613861386139618e+00,3.194888178913737886e-02,0.000000000000000000e+00,5.111821086261980618e-02,8.980815347721822661e+00,5.947242206235011652e-01,4.230215827338129841e+00
4.385569306930693578e+00,2.555910543130990309e-02,-1.064962726304579353e-02,5.005324813631523151e-02,8.944844124700239263e+00,6.258992805755395628e-01,4.146282973621103096e+00
4.390524752475248427e+00,1.171458998935037341e-02,-1.490947816826411129e-02,5.111821086261980618e-02,8.853717026378896904e+00,6.690647482014387970e-01,4.117505995203837088e+00
4.395480198019802387e+00,5.324813631522896766e-03,-1.384451544195953142e-02,5.431309904153354406e-02,8.846522781774579514e+00,6.714628297362110754e-01,4.160671462829736100e+00
4.400435643564357235e+00,-6.389776357827475772e-03,-1.810436634717784918e-02,6.176783812566560145e-02,8.928057553956834980e+00,6.426858513189448452e-01,4.223021582733813339e+00
4.405391089108912084e+00,-1.810436634717784918e-02,-2.236421725239616520e-02,6.815761448349308416e-02,8.956834532374100988e+00,5.203836930455635335e-01,4.220623501199041172e+00
4.410346534653466044e+00,-2.555910543130990309e-02,-2.449414270500532495e-02,6.070287539936101984e-02,8.983213429256593940e+00,5.395683453237409832e-01,4.206235011990407280e+00
4.415301980198020892e+00,-3.301384451544196047e-02,-2.662406815761448470e-02,5.963791267305644517e-02,8.913669064748201976e+00,6.091127098321342803e-01,4.342925659472421707e+00
4.420257425742574853e+00,-2.875399361022364098e-02,-3.407880724174654208e-02,6.922257720979765883e-02,8.947242206235012318e+00,5.491606714628297636e-01,4.273381294964028854e+00
4.425212871287129701e+00,-3.301384451544196047e-02,-3.833865814696485463e-02,7.241746538871139671e-02,8.997601918465226944e+00,3.980815347721822772e-01,4.333333333333333037e+00
4.430168316831683661e+00,-2.981895633652822258e-02,-3.727369542066027996e-02,6.283280085197018305e-02,9.074340527577938076e+00,3.621103117505995450e-01,4.278177458033573188e+00
4.435123762376238510e+00,-2.981895633652822258e-02,-3.833865814696485463e-02,4.898828541001064990e-02,8.985611510791366996e+00,3.333333333333333148e-01,4.258992805755395850e+00
4.440079207920792470e+00,-2.023429179978700893e-02,-4.153354632587859252e-02,4.046858359957401785e-02,8.865707434052758629e+00,3.860911270983213295e-01,4.256594724220623682e+00
4.445034653465347319e+00,-1.171458998935037341e-02,-4.153354632587859252e-02,3.620873269435569836e-02,8.786570743405276218e+00,4.460431654676259017e-01,4.309352517985611364e+00
4.449990099009902167e+00,-1.064962726304579440e-03,-4.153354632587859252e-02,3.940362087326943624e-02,8.784172661870503163e+00,4.340527577937650094e-01,4.429256594724220619e+00
4.454945544554456127e+00,1.064962726304579440e-03,-6.176783812566560145e-02,4.472843450479233041e-02,8.714628297362111198e+00,3.165467625899280324e-01,4.383693045563549440e+00
4.459900990099010976e+00,1.384451544195953142e-02,-7.987220447284344715e-02,3.301384451544196047e-02,8.841726618705035179e+00,3.261390887290168128e-01,4.441247002398081456e+00
4.464856435643564936e+00,3.407880724174654208e-02,-9.691160809371672513e-02,2.768903088391906284e-02,8.803357314148680501e+00,4.964028776978417490e-01,4.330935251798560870e+00
4.469811881188119784e+00,4.046858359957401785e-02,-1.096911608093716767e-01,3.833865814696485463e-02,8.944844124700239263e+00,4.604316546762590168e-01,4.218225419664269005e+00
4.474767326732673745e+00,4.685835995740149362e-02,-1.054313099041533502e-01,3.940362087326943624e-02,9.014388489208633004e+00,3.860911270983213295e-01,3.834532374100719565e+00
4.479722772277228593e+00,3.301384451544196047e-02,-8.626198083067092293e-02,3.514376996805111675e-02,9.021582733812950394e+00,3.021582733812949728e-01,4.035971223021582510e+00
4.484678217821783441e+00,5.218317358892438779e-02,-7.241746538871139671e-02,2.981895633652822258e-02,8.937649880095923649e+00,4.148681055155875042e-01,3.988009592326139163e+00
4.489633663366337402e+00,5.324813631522896940e-02,-6.283280085197018305e-02,3.301384451544196047e-02,8.899280575539568972e+00,4.580335731414867939e-01,4.057553956834532016e+00
4.494589108910892250e+00,5.537806176783812567e-02,-5.644302449414270728e-02,4.153354632587859252e-02,8.942446043165467984e+00,3.764988009592326046e-01,3.966426858513189657e+00
4.499544554455446210e+00,5.431309904153354406e-02,-4.046858359957401785e-02,3.940362087326943624e-02,8.988009592326138275e+00,3.405275779376498724e-01,3.817745803357313950e+00
4.504500000000001059e+00,4.366347177848775574e-02,-1.703940362087327104e-02,2.662406815761448470e-02,9.033573141486810343e+00,3.501199040767385973e-01,3.980815347721822661e+00
4.509455445544555019e+00,4.259850905218317413e-02,2.129925452609158880e-03,1.916932907348242732e-02,8.932853717026379314e+00,4.724220623501199090e-01,3.952038369304556209e+00
4.514410891089109867e+00,2.768903088391906284e-02,1.384451544195953142e-02,1.916932907348242732e-02,8.786570743405276218e+00,4.988009592326139163e-01,4.268585131894484519e+00
4.519366336633663828e+00,3.088391906283280072e-02,1.171458998935037341e-02,1.810436634717784918e-02,8.733812949640288537e+00,5.011990407673860837e-01,4.223021582733813339e+00
4.524321782178218676e+00,1.703940362087327104e-02,-1.064962726304579440e-03,1.277955271565495154e-02,8.697841726618705138e+00,4.556354916067146266e-01,4.467625899280575297e+00
4.529277227722773524e+00,1.916932907348242732e-02,-1.810436634717784918e-02,6.389776357827475772e-03,8.685851318944843413e+00,4.772182254196642437e-01,4.400479616306954611e+00
4.534232673267327485e+00,9.584664536741213658e-03,-3.088391906283280072e-02,6.389776357827475772e-03,8.726618705035971146e+00,5.275779376498801465e-01,4.390887290167865942e+00
4.539188118811882333e+00,1.171458998935037341e-02,-4.046858359957401785e-02,7.454739084132055646e-03,8.779376498800958828e+00,5.131894484412470314e-01,4.297362110311750527e+00
4.544143564356436293e+00,7.454739084132055646e-03,-4.153354632587859252e-02,0.000000000000000000e+00,8.822541966426857840e+00,4.676258992805755188e-01,4.225419664268585507e+00
4.549099009900991142e+00,3.194888178913737886e-03,-3.940362087326943624e-02,-4.259850905218317760e-03,8.875299760191847298e+00,4.100719424460431695e-01,4.333333333333333037e+00
4.554054455445545102e+00,5.324813631522896766e-03,-4.046858359957401785e-02,-1.277955271565495154e-02,8.839328537170263900e+00,4.268585131894484519e-01,4.316546762589927866e+00
4.559009900990099950e+00,1.064962726304579440e-03,-4.579339723109691201e-02,-2.023429179978700893e-02,8.808153477218224836e+00,4.508393285371702364e-01,4.364508393285372101e+00
4.563965346534653911e+00,8.519701810436635520e-03,-4.472843450479233041e-02,-2.555910543130990309e-02,8.805755395683453557e+00,4.772182254196642437e-01,4.196642685851318610e+00
4.568920792079208759e+00,1.064962726304579440e-03,-3.833865814696485463e-02,-3.088391906283280072e-02,8.774580335731414493e+00,4.748201438848920763e-01,4.294964028776978360e+00
4.573876237623763608e+00,1.064962726304579353e-02,-2.768903088391906284e-02,-3.407880724174654208e-02,8.767386091127098879e+00,4.892086330935251914e-01,4.273381294964028854e+00
4.578831683168317568e+00,9.584664536741213658e-03,-2.342917997870074681e-02,-3.620873269435569836e-02,8.781774580335731883e+00,4.652278177458033515e-01,4.412470023980815448e+00
4.583787128712872416e+00,1.916932907348242732e-02,-2.129925452609158706e-02,-4.153354632587859252e-02,8.808153477218224836e+00,4.652278177458033515e-01,4.345323741007193874e+00
4.588742574257426377e+00,2.555910543130990309e-02,-9.584664536741213658e-03,-4.685835995740149362e-02,8.786570743405276218e+00,5.083932853717025857e-01,4.362110311750599934e+00
4.593698019801981225e+00,3.194888178913737886e-02,4.259850905218317760e-03,-4.792332268370606829e-02,8.750599520383692820e+00,5.851318944844124958e-01,4.470023980815347464e+00
4.598653465346535185e+00,4.366347177848775574e-02,1.171458998935037341e-02,-4.472843450479233041e-02,8.729016786570744202e+00,6.474820143884891799e-01,4.544364508393285540e+00
4.603608910891090034e+00,4.579339723109691201e-02,7.454739084132055646e-03,-3.514376996805111675e-02,8.757793764988010210e+00,6.666666666666666297e-01,4.688249400479616469e+00
4.608564356435643994e+00,5.537806176783812567e-02,3.194888178913737886e-03,-2.662406815761448470e-02,8.757793764988010210e+00,7.170263788968824770e-01,4.635491606714627899e+00
4.613519801980198842e+00,5.324813631522896940e-02,3.194888178913737886e-03,-1.810436634717784918e-02,8.731414868105515481e+00,7.793764988009592720e-01,4.707434052757793808e+00
4.618475247524753691e+00,5.537806176783812567e-02,2.129925452609158880e-03,-7.454739084132055646e-03,8.733812949640288537e+00,9.184652278177457552e-01,4.657074340527578293e+00
4.623430693069307651e+00,4.579339723109691201e-02,3.194888178913737886e-03,1.384451544195953142e-02,8.719424460431655532e+00,9.736211031175060482e-01,4.707434052757793808e+00
4.628386138613862499e+00,3.940362087326943624e-02,3.194888178913737886e-03,3.301384451544196047e-02,8.738609112709832871e+00,9.832134292565947176e-01,4.688249400479616469e+00
4.633341584158416460e+00,2.342917997870074681e-02,5.324813631522896766e-03,5.111821086261980618e-02,8.748201438848921541e+00,9.832134292565947176e-01,4.690647482014388636e+00
4.638297029702971308e+00,6.389776357827475772e-03,1.064962726304579353e-02,6.602768903088392094e-02,8.755395683453237154e+00,1.014388489208633004e+00,4.705035971223021640e+00
4.643252475247525268e+00,-1.064962726304579353e-02,1.490947816826411129e-02,7.987220447284344715e-02,8.712230215827338142e+00,1.000000000000000000e+00,4.709832134292565975e+00
4.648207920792080117e+00,-3.088391906283280072e-02,2.129925452609158706e-02,9.478168264110756192e-02,8.666666666666666075e+00,9.928057553956834980e-01,4.793764988009592720e+00
4.653163366336634965e+00,-4.472843450479233041e-02,2.342917997870074681e-02,1.139510117145899892e-01,8.635491606714628787e+00,9.112709832134292531e-01,4.812949640287770059e+00
4.658118811881188925e+00,-5.963791267305644517e-02,2.449414270500532495e-02,1.299254526091586925e-01,8.661870503597121740e+00,7.338129496402877594e-01,4.896882494004795916e+00
4.663074257425743774e+00,-6.389776357827475772e-02,1.597444089456868943e-02,1.331203407880724165e-01,8.673860911270983465e+00,6.378896882494005105e-01,4.836930455635491732e+00
4.668029702970297734e+00,-6.922257720979765883e-02,9.584664536741213658e-03,1.320553780617678419e-01,8.697841726618705138e+00,5.251798561151078681e-01,4.832134292565947398e+00
4.672985148514852582e+00,-6.496272630457934627e-02,6.389776357827475772e-03,1.246006389776357776e-01,8.671462829736210409e+00,4.724220623501199090e-01,4.786570743405276218e+00
4.677940594059406543e+00,-6.389776357827475772e-02,-2.129925452609158880e-03,1.192758253461128903e-01,8.659472422062350461e+00,4.316546762589927866e-01,4.800959232613909222e+00
4.682896039603961391e+00,-5.537806176783812567e-02,-1.277955271565495154e-02,1.160809371671991524e-01,8.652278177458033070e+00,3.309352517985611475e-01,4.805755395683453557e+00
4.687851485148515351e+00,-4.259850905218317413e-02,-1.703940362087327104e-02,1.086261980830670881e-01,8.721822541966426812e+00,2.613908872901678504e-01,4.743405275779376318e+00
4.692806930693070200e+00,-3.407880724174654208e-02,-2.129925452609158706e-02,9.691160809371672513e-02,8.697841726618705138e+00,2.494004796163069582e-01,4.724220623501198979e+00
4.697762376237625048e+00,-2.023429179978700893e-02,-2.236421725239616520e-02,8.306709265175718504e-02,8.659472422062350461e+00,3.069544364508393075e-01,4.700239808153477306e+00
4.702717821782179008e+00,-1.597444089456868943e-02,-2.555910543130990309e-02,7.667731629392970927e-02,8.601918465227818444e+00,3.501199040767385973e-01,4.700239808153477306e+00
4.707673267326733857e+00,-1.171458998935037341e-02,-2.875399361022364098e-02,7.135250266240682204e-02,8.613908872901678393e+00,3.788968824940047719e-01,4.630695443645083564e+00
4.712628712871287817e+00,-1.384451544195953142e-02,-2.875399361022364098e-02,6.815761448349308416e-02,8.671462829736210409e+00,3.980815347721822772e-01,4.633093525179855732e+00
4.717584158415842666e+00,-1.597444089456868943e-02,-2.449414270500532495e-02,6.070287539936101984e-02,8.709832134292565087e+00,4.532374100719424592e-01,4.623501199040767062e+00
4.722539603960396626e+00,-2.023429179978700893e-02,-2.342917997870074681e-02,5.750798722044728195e-02,8.678657074340527799e+00,5.323741007194244812e-01,4.669064748201439130e+00
4.727495049504951474e+00,-2.449414270500532495e-02,-2.023429179978700893e-02,5.857294994675186356e-02,8.645083932853717457e+00,5.419664268585131506e-01,4.669064748201439130e+00
4.732450495049505435e+00,-2.555910543130990309e-02,-1.810436634717784918e-02,6.496272630457934627e-02,8.659472422062350461e+00,5.131894484412470314e-01,4.683453237410072134e+00
4.737405940594060283e+00,-2.768903088391906284e-02,-2.236421725239616520e-02,6.496272630457934627e-02,8.642685851318944401e+00,4.820143884892086339e-01,4.676258992805755632e+00
4.742361386138615131e+00,-2.981895633652822258e-02,-2.662406815761448470e-02,6.389776357827475772e-02,8.597122302158274110e+00,4.556354916067146266e-01,4.707434052757793808e+00
4.747316831683169092e+00,-3.407880724174654208e-02,-3.833865814696485463e-02,6.283280085197018305e-02,8.597122302158274110e+00,4.220623501199040617e-01,4.731414868105515481e+00
4.752272277227723940e+00,-3.088391906283280072e-02,-5.218317358892438779e-02,6.389776357827475772e-02,8.604316546762589724e+00,3.764988009592326046e-01,4.604316546762589724e+00
4.757227722772277900e+00,-2.768903088391906284e-02,-6.176783812566560145e-02,6.389776357827475772e-02,8.712230215827338142e+00,2.613908872901678504e-01,4.465227817745803129e+00
4.762183168316832749e+00,-2.129925452609158706e-02,-5.750798722044728195e-02,5.857294994675186356e-02,8.793764988009591832e+00,1.822541966426858562e-01,4.323741007194244368e+00
4.767138613861386709e+00,-1.597444089456868943e-02,-4.898828541001064990e-02,4.685835995740149362e-02,8.858513189448441238e+00,1.582733812949640162e-01,4.321342925659472201e+00
4.772094059405941557e+00,-7.454739084132055646e-03,-4.046858359957401785e-02,3.620873269435569836e-02,8.820143884892086561e+00,1.414868105515587615e-01,4.306954436450839196e+00
4.777049504950495518e+00,0.000000000000000000e+00,-3.194888178913737886e-02,2.875399361022364098e-02,8.764988009592325824e+00,1.510791366906474864e-01,4.287769784172661858e+00
4.782004950495050366e+00,7.454739084132055646e-03,-2.662406815761448470e-02,1.810436634717784918e-02,8.772182254196643214e+00,2.206235011990407557e-01,4.321342925659472201e+00
4.786960396039605214e+00,1.171458998935037341e-02,-1.703940362087327104e-02,7.454739084132055646e-03,8.745803357314148485e+00,3.093525179856115304e-01,4.412470023980815448e+00
4.791915841584159175e+00,8.519701810436635520e-03,-1.810436634717784918e-02,3.194888178913737886e-03,8.731414868105515481e+00,4.028776978417266119e-01,4.491606714628296970e+00
4.796871287128714023e+00,8.519701810436635520e-03,-2.236421725239616520e-02,5.324813631522896766e-03,8.673860911270983465e+00,4.484412470023980690e-01,4.491606714628296970e+00
4.801826732673267983e+00,5.324813631522896766e-03,-2.555910543130990309e-02,1.064962726304579353e-02,8.676258992805754744e+00,4.772182254196642437e-01,4.484412470023980468e+00
4.806782178217822832e+00,1.064962726304579440e-03,-3.194888178913737886e-02,1.277955271565495154e-02,8.657074340527577405e+00,5.131894484412470314e-01,4.496402877697841305e+00
4.811737623762376792e+00,-9.584664536741213658e-03,-4.046858359957401785e-02,1.810436634717784918e-02,8.635491606714628787e+00,5.635491606714628787e-01,4.494004796163069138e+00
4.816693069306931640e+00,-1.916932907348242732e-02,-5.537806176783812567e-02,2.449414270500532495e-02,8.649880095923261791e+00,5.683453237410072134e-01,4.393285371702638109e+00
4.821648514851486489e+00,-2.981895633652822258e-02,-6.815761448349308416e-02,2.875399361022364098e-02,8.685851318944843413e+00,5.323741007194244812e-01,4.282973621103117523e+00
4.826603960396040449e+00,-4.153354632587859252e-02,-7.774227902023429781e-02,3.407880724174654208e-02,8.736211031175059816e+00,4.724220623501199090e-01,4.179856115107913439e+00
4.831559405940595298e+00,-5.537806176783812567e-02,-7.987220447284344715e-02,3.194888178913737886e-02,8.810551558752997892e+00,3.980815347721822772e-01,4.067146282973620686e+00
4.836514851485149258e+00,-6.709265175718849561e-02,-7.774227902023429781e-02,2.981895633652822258e-02,8.887290167865707247e+00,3.836930455635491621e-01,3.971223021582733992e+00
4.841470297029704106e+00,-7.987220447284344715e-02,-6.922257720979765883e-02,2.449414270500532495e-02,8.932853717026379314e+00,3.429256594724220397e-01,3.856115107913669071e+00
4.846425742574258066e+00,-8.839190628328008614e-02,-5.644302449414270728e-02,2.023429179978700893e-02,8.887290167865707247e+00,2.781774580335731328e-01,3.863309352517985573e+00
4.851381188118812915e+00,-9.584664536741213658e-02,-4.366347177848775574e-02,1.064962726304579353e-02,8.884892086330935967e+00,2.541966426858512929e-01,3.892086330935251581e+00
4.856336633663366875e+00,-1.001064962726304630e-01,-3.620873269435569836e-02,1.064962726304579440e-03,8.846522781774579514e+00,2.613908872901678504e-01,3.959232613908872711e+00
4.861292079207921724e+00,-1.022364217252396124e-01,-3.407880724174654208e-02,-4.259850905218317760e-03,8.803357314148680501e+00,2.565947242206235157e-01,3.964028776978417046e+00
4.866247524752476572e+00,-1.064962726304579388e-01,-3.194888178913737886e-02,-1.171458998935037341e-02,8.793764988009591832e+00,2.901678657074340251e-01,3.971223021582733992e+00
4.871202970297030532e+00,-1.064962726304579388e-01,-2.768903088391906284e-02,-1.703940362087327104e-02,8.839328537170263900e+00,2.589928057553956831e-01,3.966426858513189657e+00
4.876158415841585381e+00,-1.054313099041533502e-01,-2.236421725239616520e-02,-2.449414270500532495e-02,8.856115107913668183e+00,2.086330935251798635e-01,3.976019184652278327e+00
4.881113861386139341e+00,-1.022364217252396124e-01,-2.129925452609158706e-02,-3.301384451544196047e-02,8.853717026378896904e+00,2.374100719424460382e-01,4.026378896882493841e+00
4.886069306930694189e+00,-1.001064962726304630e-01,-2.449414270500532495e-02,-4.046858359957401785e-02,8.880095923261391633e+00,2.446043165467625957e-01,4.016786570743405171e+00
4.891024752475248150e+00,-9.691160809371672513e-02,-2.981895633652822258e-02,-4.792332268370606829e-02,8.906474820143884585e+00,2.973621103117505826e-01,3.954436450839328376e+00
4.895980198019802998e+00,-9.904153354632587447e-02,-3.407880724174654208e-02,-5.537806176783812567e-02,8.932853717026379314e+00,3.477218225419664299e-01,3.836930455635491732e+00
4.900935643564356958e+00,-1.075612353567625135e-01,-2.662406815761448470e-02,-6.070287539936101984e-02,8.920863309352517589e+00,4.076738609112710021e-01,3.889688249400479414e+00
4.905891089108911807e+00,-1.139510117145899892e-01,-1.597444089456868943e-02,-5.431309904153354406e-02,8.829736211031175230e+00,4.244604316546762846e-01,3.985611510791366996e+00
4.910846534653466655e+00,-1.139510117145899892e-01,-1.490947816826411129e-02,-4.685835995740149362e-02,8.887290167865707247e+00,4.244604316546762846e-01,4.129496402877697925e+00
4.915801980198020615e+00,-1.139510117145899892e-01,-3.407880724174654208e-02,-4.472843450479233041e-02,8.935251798561150594e+00,4.388489208633093441e-01,4.028776978417266008e+00
4.920757425742575464e+00,-1.256656017039403661e-01,-4.898828541001064990e-02,-4.472843450479233041e-02,8.968824940047960936e+00,4.868105515587530241e-01,3.930455635491606703e+00
4.925712871287129424e+00,-1.352502662406815659e-01,-5.537806176783812567e-02,-3.833865814696485463e-02,9.023980815347721673e+00,5.659472422062350461e-01,3.877697841726618577e+00
4.930668316831684272e+00,-1.437699680511182188e-01,-5.750798722044728195e-02,-3.301384451544196047e-02,9.004796163069544335e+00,5.899280575539568305e-01,3.868105515587529908e+00
4.935623762376238233e+00,-1.480298189563365174e-01,-5.218317358892438779e-02,-2.449414270500532495e-02,9.011990407673861725e+00,5.539568345323740983e-01,3.976019184652278327e+00
4.940579207920793081e+00,-1.512247071352502692e-01,-5.324813631522896940e-02,-1.916932907348242732e-02,8.949640287769783598e+00,5.203836930455635335e-01,4.035971223021582510e+00
4.945534653465347041e+00,-1.490947816826411199e-01,-6.070287539936101984e-02,-1.171458998935037341e-02,9.045563549160672068e+00,5.011990407673860837e-01,4.105515587529976251e+00
4.950490099009901890e+00,-1.427050053248136441e-01,-7.774227902023429781e-02,-3.194888178913737886e-03,9.014388489208633004e+00,4.844124700239808012e-01,3.856115107913669071e+00
4.955445544554456738e+00,-1.469648562300319428e-01,-7.667731629392970927e-02,0.000000000000000000e+00,8.997601918465226944e+00,4.892086330935251914e-01,3.796163069544364443e+00
4.960400990099010698e+00,-1.490947816826411199e-01,-7.241746538871139671e-02,8.519701810436635520e-03,8.995203836930455665e+00,5.491606714628297636e-01,3.832134292565947398e+00
4.965356435643565547e+00,-1.554845580404685956e-01,-7.667731629392970927e-02,1.384451544195953142e-02,9.067146282973620686e+00,4.988009592326139163e-01,4.107913669064748419e+00
4.970311881188119507e+00,-1.437699680511182188e-01,-9.158679446219382403e-02,2.555910543130990309e-02,9.141486810551558762e+00,4.268585131894484519e-01,3.803357314148680945e+00
4.975267326732674356e+00,-1.469648562300319428e-01,-9.797657082002129980e-02,2.875399361022364098e-02,9.136690647482014427e+00,3.788968824940047719e-01,3.827338129496403063e+00
4.980222772277228316e+00,-1.299254526091586925e-01,-9.371671991480298725e-02,3.301384451544196047e-02,9.028776978417266008e+00,4.532374100719424592e-01,3.434052757793764954e+00
4.985178217821783164e+00,-1.448349307774227934e-01,-8.413205537806177359e-02,3.727369542066027996e-02,9.146282973621103096e+00,4.244604316546762846e-01,3.661870503597122184e+00
4.990133663366338013e+00,-1.405750798722044670e-01,-9.158679446219382403e-02,3.727369542066027996e-02,9.083932853717026745e+00,3.237410071942445899e-01,3.534772182254196426e+00
4.995089108910891973e+00,-1.469648562300319428e-01,-9.691160809371672513e-02,2.662406815761448470e-02,9.199040767386090778e+00,1.726618705035971313e-01,3.544364508393285540e+00
5.000044554455446821e+00,-1.490947816826411199e-01,-9.265175718849839870e-02,1.384451544195953142e-02,9.292565947242206192e+00,1.726618705035971313e-01,3.436450839328537121e+00
5.005000000000000782e+00,-1.458998935037273681e-01,-9.052183173588924936e-02,2.129925452609158880e-03,9.378896882494004217e+00,2.446043165467625957e-01,3.282973621103117523e+00
5.009955445544555630e+00,-1.363152289669861683e-01,-7.135250266240682204e-02,-1.064962726304579440e-03,9.302158273381294862e+00,3.645083932853717124e-01,3.055155875299760293e+00
5.014910891089109590e+00,-1.352502662406815659e-01,-3.727369542066027996e-02,2.129925452609158880e-03,9.326139088729016535e+00,3.669064748201438797e-01,3.203836930455635557e+00
5.019866336633664439e+00,-1.384451544195953177e-01,-1.490947816826411129e-02,0.000000000000000000e+00,9.223021582733812451e+00,3.621103117505995450e-01,3.479616306954436578e+00
5.024821782178218399e+00,-1.469648562300319428e-01,-1.277955271565495154e-02,-3.194888178913737886e-03,9.318944844124700921e+00,4.148681055155875042e-01,3.863309352517985573e+00
5.029777227722773247e+00,-1.384451544195953177e-01,-4.259850905218317413e-02,-6.389776357827475772e-03,9.112709832134292753e+00,4.916067146282973588e-01,3.865707434052757741e+00
5.034732673267328096e+00,-1.171458998935037271e-01,-5.218317358892438779e-02,-3.194888178913737886e-03,8.853717026378896904e+00,6.163069544364508934e-01,3.477218225419664410e+00
5.039688118811882056e+00,-1.171458998935037271e-01,-4.046858359957401785e-02,2.129925452609158706e-02,8.928057553956834980e+00,5.419664268585131506e-01,3.611510791366906670e+00
5.044643564356436904e+00,-9.691160809371672513e-02,-3.727369542066027996e-02,3.727369542066027996e-02,9.182254196642686495e+00,3.429256594724220397e-01,3.748201438848920652e+00
5.049599009900990865e+00,-6.922257720979765883e-02,-5.005324813631523151e-02,4.259850905218317413e-02,9.163069544364509156e+00,1.966426858513189435e-01,3.539568345323741205e+00
5.054554455445545713e+00,-5.750798722044728195e-02,-5.857294994675186356e-02,3.727369542066027996e-02,9.107913669064748419e+00,1.414868105515587615e-01,3.570743405275779381e+00
5.059509900990099673e+00,-3.407880724174654208e-02,-6.389776357827475772e-02,2.555910543130990309e-02,8.973621103117505271e+00,2.829736211031175230e-01,3.448441247002397958e+00
5.064465346534654522e+00,-2.342917997870074681e-02,-6.496272630457934627e-02,2.875399361022364098e-02,8.853717026378896904e+00,3.045563549160671402e-01,3.366906474820143824e+00
5.069420792079208482e+00,1.064962726304579440e-03,-5.005324813631523151e-02,3.833865814696485463e-02,9.251798561151078459e+00,1.151079136690647542e-01,3.345323741007194318e+00
5.074376237623763330e+00,1.277955271565495154e-02,-4.898828541001064990e-02,2.555910543130990309e-02,9.359712230215826878e+00,-4.316546762589928282e-02,2.983213429256594829e+00
5.079331683168318179e+00,6.389776357827475772e-03,-2.768903088391906284e-02,-1.171458998935037341e-02,9.309352517985612252e+00,5.995203836930455832e-02,3.143884892086330929e+00
5.084287128712872139e+00,1.597444089456868943e-02,-8.519701810436635520e-03,-3.727369542066027996e-02,9.134292565947241371e+00,3.573141486810551548e-01,3.119904076738609255e+00
5.089242574257426988e+00,1.490947816826411129e-02,7.454739084132055646e-03,-3.194888178913737886e-02,9.103117505995204084e+00,4.124700239808153368e-01,3.395683453237410276e+00
5.094198019801980948e+00,2.981895633652822258e-02,1.490947816826411129e-02,-2.342917997870074681e-02,9.170263788968824770e+00,2.398081534772182333e-01,3.306954436450839196e+00
5.099153465346535796e+00,2.449414270500532495e-02,2.129925452609158706e-02,-3.620873269435569836e-02,9.294964028776979248e+00,1.151079136690647542e-01,3.460431654676258795e+00
5.104108910891089756e+00,2.342917997870074681e-02,2.023429179978700893e-02,-6.602768903088392094e-02,9.175059952038369104e+00,2.997601918465228055e-01,3.448441247002397958e+00
5.109064356435644605e+00,1.490947816826411129e-02,1.490947816826411129e-02,-7.561235356762513460e-02,9.011990407673861725e+00,4.892086330935251914e-01,3.477218225419664410e+00
5.114019801980198565e+00,1.171458998935037341e-02,1.490947816826411129e-02,-6.815761448349308416e-02,9.000000000000000000e+00,5.059952038369304184e-01,3.436450839328537121e+00
5.118975247524753414e+00,6.389776357827475772e-03,2.342917997870074681e-02,-6.389776357827475772e-02,9.179856115107913439e+00,3.381294964028777050e-01,3.424460431654676285e+00
5.123930693069308262e+00,-6.389776357827475772e-03,3.301384451544196047e-02,-7.667731629392970927e-02,9.235011990407674176e+00,2.062350119904076684e-01,3.676258992805755188e+00
5.128886138613862222e+00,-1.171458998935037341e-02,2.662406815761448470e-02,-9.904153354632587447e-02,9.196642685851319499e+00,2.997601918465228055e-01,3.724220623501198979e+00
5.133841584158417071e+00,-2.449414270500532495e-02,1.384451544195953142e-02,-1.128860489882854146e-01,9.021582733812950394e+00,4.628297362110311841e-01,3.654676258992805682e+00
5.138797029702971031e+00,-2.768903088391906284e-02,1.490947816826411129e-02,-1.118210862619808260e-01,9.069544364508393741e+00,4.892086330935251914e-01,3.527577937649879924e+00
5.143752475247525879e+00,-2.981895633652822258e-02,2.662406815761448470e-02,-1.107561235356762513e-01,9.100719424460431028e+00,3.717026378896882699e-01,3.805755395683453113e+00
5.148707920792079840e+00,-1.277955271565495154e-02,2.875399361022364098e-02,-1.128860489882854146e-01,9.141486810551558762e+00,3.333333333333333148e-01,3.649880095923261347e+00
5.153663366336634688e+00,-2.875399361022364098e-02,2.236421725239616520e-02,-1.224707135250266282e-01,9.148681055155876152e+00,3.093525179856115304e-01,3.947242206235011874e+00
5.158618811881188648e+00,-2.129925452609158706e-02,1.490947816826411129e-02,-1.352502662406815659e-01,9.100719424460431028e+00,4.004796163069544446e-01,3.750599520383693264e+00
5.163574257425743497e+00,-3.407880724174654208e-02,1.171458998935037341e-02,-1.437699680511182188e-01,9.009592326139088669e+00,5.059952038369304184e-01,3.762589928057554101e+00
5.168529702970298345e+00,-3.194888178913737886e-02,1.384451544195953142e-02,-1.405750798722044670e-01,8.894484412470024637e+00,5.995203836930456109e-01,3.741007194244604150e+00
5.173485148514852305e+00,-3.620873269435569836e-02,1.064962726304579353e-02,-1.288604898828540901e-01,8.913669064748201976e+00,5.515587529976019310e-01,3.786570743405275774e+00
5.178440594059407154e+00,-4.153354632587859252e-02,3.194888178913737886e-03,-1.256656017039403661e-01,9.069544364508393741e+00,4.652278177458033515e-01,3.839328537170263900e+00
5.183396039603961114e+00,-4.792332268370606829e-02,-1.064962726304579440e-03,-1.352502662406815659e-01,9.203836930455635112e+00,4.052757793764987793e-01,3.700239808153477306e+00
5.188351485148515962e+00,-6.176783812566560145e-02,0.000000000000000000e+00,-1.522896698615548439e-01,9.139088729016785706e+00,5.299760191846523139e-01,3.748201438848920652e+00
5.193306930693069923e+00,-5.857294994675186356e-02,6.389776357827475772e-03,-1.512247071352502692e-01,8.971223021582733992e+00,6.930455635491606925e-01,3.712230215827338142e+00
5.198262376237624771e+00,-6.070287539936101984e-02,1.171458998935037341e-02,-1.384451544195953177e-01,8.971223021582733992e+00,6.834532374100719121e-01,3.913669064748201532e+00
5.203217821782179620e+00,-5.111821086261980618e-02,9.584664536741213658e-03,-1.267305644302449408e-01,9.134292565947241371e+00,5.563549160671462657e-01,3.930455635491606703e+00
5.208173267326733580e+00,-4.579339723109691201e-02,3.194888178913737886e-03,-1.224707135250266282e-01,9.208633093525179447e+00,5.107913669064748641e-01,3.880095923261390745e+00
5.213128712871288428e+00,-5.111821086261980618e-02,-1.064962726304579440e-03,-1.224707135250266282e-01,9.167865707434053490e+00,5.515587529976019310e-01,3.880095923261390745e+00
5.218084158415842388e+00,-5.218317358892438779e-02,-3.194888178913737886e-03,-1.203407880724174650e-01,9.069544364508393741e+00,6.258992805755395628e-01,4.004796163069544335e+00
5.223039603960397237e+00,-3.940362087326943624e-02,1.064962726304579440e-03,-1.064962726304579388e-01,9.011990407673861725e+00,6.690647482014387970e-01,3.954436450839328376e+00
5.227995049504951197e+00,-3.407880724174654208e-02,4.259850905218317760e-03,-8.839190628328008614e-02,9.004796163069544335e+00,6.163069544364508934e-01,4.074340527577938076e+00
5.232950495049506046e+00,-2.342917997870074681e-02,-6.389776357827475772e-03,-7.348242811501597138e-02,9.002398081534773056e+00,5.563549160671462657e-01,4.086330935251798913e+00
5.237905940594060006e+00,-2.129925452609158706e-02,-2.342917997870074681e-02,-6.496272630457934627e-02,9.004796163069544335e+00,5.251798561151078681e-01,4.011990407673860837e+00
5.242861386138614854e+00,-1.490947816826411129e-02,-3.514376996805111675e-02,-5.750798722044728195e-02,9.033573141486810343e+00,5.011990407673860837e-01,3.834532374100719565e+00
5.247816831683169703e+00,-1.171458998935037341e-02,-3.301384451544196047e-02,-5.218317358892438779e-02,9.083932853717026745e+00,4.964028776978417490e-01,3.659472422062350017e+00
5.252772277227723663e+00,-1.064962726304579353e-02,-1.597444089456868943e-02,-4.898828541001064990e-02,9.167865707434053490e+00,4.652278177458033515e-01,3.683453237410072134e+00
5.257727722772278511e+00,-8.519701810436635520e-03,2.129925452609158880e-03,-5.218317358892438779e-02,9.175059952038369104e+00,4.988009592326139163e-01,3.700239808153477306e+00
5.262683168316832472e+00,-1.810436634717784918e-02,1.490947816826411129e-02,-5.111821086261980618e-02,9.081534772182253690e+00,5.155875299760191988e-01,3.791366906474820109e+00
5.267638613861387320e+00,-2.662406815761448470e-02,1.810436634717784918e-02,-4.898828541001064990e-02,9.016786570743406060e+00,5.587529976019184330e-01,3.676258992805755188e+00
5.272594059405941280e+00,-5.005324813631523151e-02,1.703940362087327104e-02,-5.324813631522896940e-02,9.033573141486810343e+00,6.019184652278177783e-01,3.697841726618705138e+00
5.277549504950496129e+00,-5.963791267305644517e-02,1.171458998935037341e-02,-5.857294994675186356e-02,8.944844124700239263e+00,6.882494004796163578e-01,3.774580335731414937e+00
5.282504950495050089e+00,-5.431309904153354406e-02,1.384451544195953142e-02,-5.111821086261980618e-02,8.964028776978416602e+00,7.266187050359712574e-01,3.717026378896882477e+00
5.287460396039604937e+00,-6.709265175718849561e-02,1.597444089456868943e-02,-3.833865814696485463e-02,9.131894484412470092e+00,6.115107913669064477e-01,4.000000000000000000e+00
5.292415841584159786e+00,-6.389776357827475772e-02,1.597444089456868943e-02,-3.620873269435569836e-02,9.160671462829736100e+00,5.731414868105515481e-01,3.887290167865707247e+00
5.297371287128713746e+00,-7.561235356762513460e-02,1.703940362087327104e-02,-3.301384451544196047e-02,9.167865707434053490e+00,5.587529976019184330e-01,3.949640287769784042e+00
5.302326732673268594e+00,-8.519701810436634826e-02,2.023429179978700893e-02,-3.088391906283280072e-02,9.028776978417266008e+00,6.450839328537170125e-01,3.882494004796162912e+00
5.307282178217822555e+00,-9.371671991480298725e-02,2.023429179978700893e-02,-2.449414270500532495e-02,8.889688249400480302e+00,6.618705035971222950e-01,4.160671462829736100e+00
5.312237623762377403e+00,-6.815761448349308416e-02,2.236421725239616520e-02,-5.324813631522896766e-03,8.827338129496402175e+00,6.954436450839328598e-01,3.865707434052757741e+00
5.317193069306931363e+00,-9.158679446219382403e-02,2.129925452609158706e-02,9.584664536741213658e-03,8.894484412470024637e+00,5.443645083932853179e-01,4.314148681055155699e+00
5.322148514851486212e+00,-8.093716719914803570e-02,5.324813631522896766e-03,9.584664536741213658e-03,8.839328537170263900e+00,4.868105515587530241e-01,4.247002398081535013e+00
5.327103960396040172e+00,-8.519701810436634826e-02,-1.597444089456868943e-02,8.519701810436635520e-03,8.935251798561150594e+00,5.131894484412470314e-01,4.028776978417266008e+00
5.332059405940595020e+00,-1.160809371671991524e-01,-1.703940362087327104e-02,1.064962726304579440e-03,8.745803357314148485e+00,7.434052757793765398e-01,3.738609112709831983e+00
5.337014851485149869e+00,-1.767838125665601723e-01,-5.324813631522896766e-03,1.277955271565495154e-02,8.597122302158274110e+00,7.458033573141487071e-01,4.033573141486810343e+00
5.341970297029703829e+00,-2.002129925452609260e-01,-9.584664536741213658e-03,4.153354632587859252e-02,8.678657074340527799e+00,4.940047961630695261e-01,4.225419664268585507e+00
5.346925742574258678e+00,-1.948881789137380249e-01,-2.023429179978700893e-02,4.579339723109691201e-02,8.904076738609113306e+00,3.237410071942445899e-01,4.208633093525179447e+00
5.351881188118812638e+00,-1.927582534611288478e-01,-3.088391906283280072e-02,2.875399361022364098e-02,8.971223021582733992e+00,4.844124700239808012e-01,4.189448441247002108e+00
5.356836633663367486e+00,-1.959531416400425996e-01,-4.153354632587859252e-02,2.342917997870074681e-02,8.798561151079136167e+00,7.865707434052757741e-01,4.074340527577938076e+00
5.361792079207921446e+00,-2.097976570820021258e-01,-4.898828541001064990e-02,4.472843450479233041e-02,8.791366906474820553e+00,8.441247002398081234e-01,3.901678657074340695e+00
5.366747524752476295e+00,-2.289669861554845531e-01,-3.940362087326943624e-02,6.922257720979765883e-02,8.844124700239808234e+00,6.378896882494005105e-01,3.709832134292565975e+00
5.371702970297031143e+00,-2.673056443024494078e-01,-2.662406815761448470e-02,8.200212992545261037e-02,9.031175059952039064e+00,3.405275779376498724e-01,4.023980815347721673e+00
5.376658415841585104e+00,-2.779552715654952100e-01,-3.407880724174654208e-02,7.348242811501597138e-02,9.074340527577938076e+00,2.805755395683453002e-01,3.985611510791366996e+00
5.381613861386139952e+00,-2.960596379126730349e-01,-4.579339723109691201e-02,6.709265175718849561e-02,8.932853717026379314e+00,3.908872901678657197e-01,3.791366906474820109e+00
5.386569306930693912e+00,-3.130990415335463406e-01,-3.833865814696485463e-02,7.987220447284344715e-02,8.664268585131894795e+00,3.477218225419664299e-01,3.616306954436451004e+00
5.391524752475248761e+00,-3.173588924387646393e-01,-2.023429179978700893e-02,1.001064962726304630e-01,8.865707434052758629e+00,-6.714628297362110199e-02,3.489208633093525247e+00
5.396480198019802721e+00,-3.173588924387646393e-01,-2.129925452609158880e-03,9.158679446219382403e-02,9.218225419664268117e+00,-4.412470023980815115e-01,3.604316546762589724e+00
5.401435643564357569e+00,-3.088391906283279864e-01,1.597444089456868943e-02,4.472843450479233041e-02,9.299760191846523583e+00,-3.741007194244604372e-01,3.755395683453237599e+00
5.406391089108911530e+00,-2.875399361022364375e-01,2.555910543130990309e-02,9.584664536741213658e-03,9.105515587529975363e+00,-1.031175059952038342e-01,3.956834532374100544e+00
5.411346534653466378e+00,-2.523961661341853069e-01,4.046858359957401785e-02,1.703940362087327104e-02,8.791366906474820553e+00,6.474820143884892076e-02,3.378896882494004661e+00
5.416301980198021226e+00,-2.662406815761448331e-01,7.241746538871139671e-02,2.981895633652822258e-02,9.007194244604317390e+00,-3.213429256594724226e-01,4.052757793764987682e+00
5.421257425742575187e+00,-1.970181043663471743e-01,8.306709265175718504e-02,-2.129925452609158880e-03,8.956834532374100988e+00,-4.124700239808153368e-01,4.011990407673860837e+00
5.426212871287130035e+00,-1.629392971246006461e-01,7.667731629392970927e-02,-3.727369542066027996e-02,8.906474820143884585e+00,-2.230215827338129508e-01,3.949640287769784042e+00
5.431168316831683995e+00,-1.650692225772097954e-01,5.111821086261980618e-02,-5.537806176783812567e-02,8.817745803357313505e+00,-5.755395683453237710e-02,4.606714628297361891e+00
5.436123762376238844e+00,-9.797657082002129980e-02,2.768903088391906284e-02,-5.324813631522896940e-02,8.767386091127098879e+00,7.913669064748200810e-02,3.961630695443644878e+00
5.441079207920792804e+00,-8.200212992545261037e-02,3.301384451544196047e-02,-4.153354632587859252e-02,8.913669064748201976e+00,3.836930455635491344e-02,3.767386091127098435e+00
5.446034653465347652e+00,-9.584664536741213658e-02,5.644302449414270728e-02,-6.176783812566560145e-02,9.000000000000000000e+00,1.103117505995203779e-01,3.868105515587529908e+00
5.450990099009901613e+00,-1.214057507987220397e-01,5.537806176783812567e-02,-7.774227902023429781e-02,8.928057553956834980e+00,2.781774580335731328e-01,4.393285371702638109e+00
5.455945544554456461e+00,-1.437699680511182188e-01,2.768903088391906284e-02,-6.709265175718849561e-02,8.916067146282973255e+00,3.141486810551558650e-01,4.062350119904076351e+00
5.460900990099011310e+00,-1.778487752928647470e-01,2.129925452609158880e-03,-6.389776357827475772e-02,8.846522781774579514e+00,2.757793764988009655e-01,4.335731414868105205e+00
5.465856435643565270e+00,-1.512247071352502692e-01,2.129925452609158880e-03,-6.922257720979765883e-02,8.904076738609113306e+00,5.035971223021582510e-01,2.966426858513189657e+00
5.470811881188120118e+00,-2.566560170394036056e-01,3.727369542066027996e-02,-7.028753993610223350e-02,8.937649880095923649e+00,4.988009592326139163e-01,3.832134292565947398e+00
5.475767326732674078e+00,-2.864749733759318628e-01,5.324813631522896940e-02,-5.005324813631523151e-02,8.923261390887290645e+00,4.172661870503597270e-01,4.038369304556354678e+00
5.480722772277228927e+00,-3.290734824281150162e-01,2.023429179978700893e-02,-2.023429179978700893e-02,9.184652278177457774e+00,-1.079136690647481966e-01,4.496402877697841305e+00
5.485678217821782887e+00,-3.024494142705005384e-01,-5.324813631522896766e-03,-3.620873269435569836e-02,9.244604316546762846e+00,-3.213429256594724226e-01,3.458033573141486627e+00
5.490633663366337736e+00,-3.141640042598509153e-01,2.768903088391906284e-02,-7.880724174653887248e-02,8.952038369304556653e+00,-1.342925659472422040e-01,3.676258992805755188e+00
5.495589108910891696e+00,-2.641107561235356838e-01,7.454739084132055993e-02,-8.519701810436634826e-02,8.702637889688249473e+00,1.414868105515587615e-01,3.724220623501198979e+00
5.500544554455446544e+00,-2.332268370607028796e-01,1.022364217252396124e-01,-4.898828541001064990e-02,8.920863309352517589e+00,-1.127098321342925591e-01,4.107913669064748419e+00
5.505500000000001393e+00,-2.108626198083067005e-01,9.478168264110756192e-02,-4.792332268370606829e-02,9.249400479616307180e+00,-4.940047961630695261e-01,4.549160671462829875e+00
5.510455445544555353e+00,-1.799787007454738963e-01,5.963791267305644517e-02,-9.478168264110756192e-02,9.201438848920863833e+00,-3.741007194244604372e-01,4.551558752997602042e+00
5.515410891089110201e+00,-1.469648562300319428e-01,2.981895633652822258e-02,-1.299254526091586925e-01,8.606714628297362779e+00,1.822541966426858562e-01,4.446043165467625791e+00
5.520366336633664162e+00,-1.246006389776357776e-01,3.088391906283280072e-02,-1.064962726304579388e-01,8.426858513189447564e+00,5.539568345323740983e-01,4.095923261390887582e+00
5.525321782178219010e+00,-1.256656017039403661e-01,3.407880724174654208e-02,-7.348242811501597138e-02,8.700239808153476417e+00,3.021582733812949728e-01,4.745803357314148485e+00
5.530277227722772970e+00,-7.880724174653887248e-02,2.129925452609158706e-02,-6.389776357827475772e-02,9.069544364508393741e+00,1.558752997601918489e-01,4.426858513189448452e+00
5.535232673267327819e+00,-1.171458998935037271e-01,-1.277955271565495154e-02,-8.519701810436634826e-02,8.997601918465226944e+00,1.822541966426858562e-01,4.834532374100719565e+00
5.540188118811882667e+00,-1.203407880724174650e-01,-4.472843450479233041e-02,-1.011714589989350377e-01,8.882494004796162912e+00,5.923261390887289979e-01,3.647482014388489180e+00
5.545143564356436627e+00,-2.385516506922257807e-01,-5.005324813631523151e-02,-9.371671991480298725e-02,8.841726618705035179e+00,6.115107913669064477e-01,4.081534772182254578e+00
5.550099009900991476e+00,-2.545260915867944562e-01,-4.366347177848775574e-02,-7.987220447284344715e-02,8.887290167865707247e+00,4.628297362110311841e-01,3.839328537170263900e+00
5.555054455445545436e+00,-2.683706070287539824e-01,-3.940362087326943624e-02,-6.815761448349308416e-02,9.050359712230216402e+00,1.774580335731414937e-01,3.832134292565947398e+00
5.560009900990100284e+00,-2.790202342917997846e-01,-2.981895633652822258e-02,-6.496272630457934627e-02,9.045563549160672068e+00,9.592326139088728360e-03,3.796163069544364443e+00
5.564965346534654245e+00,-2.800851970181043593e-01,-2.555910543130990309e-02,-8.945686900958466081e-02,8.942446043165467984e+00,9.592326139088729053e-02,4.376498800959232938e+00
5.569920792079209093e+00,-2.353567625133120289e-01,-3.833865814696485463e-02,-9.052183173588924936e-02,8.726618705035971146e+00,2.661870503597122406e-01,3.868105515587529908e+00
5.574876237623763053e+00,-2.428115015974440793e-01,-4.153354632587859252e-02,-8.626198083067092293e-02,8.798561151079136167e+00,-1.678657074340527550e-02,4.474820143884891799e+00
5.579831683168317902e+00,-1.725239616613418459e-01,-4.259850905218317413e-02,-9.158679446219382403e-02,9.062350119904076351e+00,-1.270983213429256464e-01,3.916067146282973699e+00
5.584787128712872750e+00,-1.821086261980830734e-01,-6.602768903088392094e-02,-9.371671991480298725e-02,8.812949640287769171e+00,-4.820143884892086339e-01,5.611510791366906226e+00
5.589742574257426710e+00,1.416400425985090417e-01,-7.348242811501597138e-02,-8.839190628328008614e-02,8.700239808153476417e+00,-3.693045563549160470e-01,5.007194244604316502e+00
5.594698019801981559e+00,3.407880724174653930e-01,7.454739084132055646e-03,-1.309904153354632672e-01,8.752997601918465875e+00,9.088729016786570858e-01,2.306954436450839196e+00
5.599653465346535519e+00,5.963791267305644517e-02,-1.064962726304579440e-03,-1.405750798722044670e-01,8.455635491606715348e+00,1.340527577937649983e+00,6.115107913669064921e+00
5.604608910891090368e+00,1.033013844515442009e-01,-1.246006389776357776e-01,-6.496272630457934627e-02,8.714628297362111198e+00,1.299760191846522694e+00,3.652278177458033515e+00
5.609564356435644328e+00,-2.129925452609158706e-02,-1.959531416400425996e-01,-2.449414270500532495e-02,9.256594724220622794e+00,2.853717026378896904e-01,4.693045563549160804e+00
5.614519801980199176e+00,9.691160809371672513e-02,-1.671991480298189447e-01,-7.987220447284344715e-02,9.318944844124700921e+00,7.194244604316546443e-01,2.215827338129496393e+00
5.619475247524753136e+00,-1.916932907348242732e-02,-1.128860489882854146e-01,-9.158679446219382403e-02,8.657074340527577405e+00,1.206235011990407724e+00,3.573141486810551548e+00
5.624430693069307985e+00,5.111821086261980618e-02,-4.153354632587859252e-02,-3.407880724174654208e-02,8.522781774580336034e+00,1.381294964028777050e+00,2.954436450839328376e+00
5.629386138613862833e+00,-2.129925452609158880e-03,-1.064962726304579440e-03,3.620873269435569836e-02,9.223021582733812451e+00,8.585131894484412385e-01,3.882494004796162912e+00
5.634341584158416794e+00,-1.064962726304579440e-03,-2.555910543130990309e-02,3.620873269435569836e-02,9.570743405275779381e+00,6.282973621103117301e-01,4.378896882494005105e+00
5.639297029702971642e+00,1.810436634717784918e-02,-6.709265175718849561e-02,2.981895633652822258e-02,9.390887290167865942e+00,1.086330935251798468e+00,3.426858513189448452e+00
5.644252475247525602e+00,-3.727369542066027996e-02,-5.963791267305644517e-02,5.537806176783812567e-02,9.237410071942445455e+00,1.163069544364508490e+00,4.083932853717026745e+00
5.649207920792080451e+00,1.703940362087327104e-02,-2.023429179978700893e-02,1.096911608093716767e-01,9.606714628297362779e+00,1.107913669064748197e+00,3.386091127098321163e+00
5.654163366336634411e+00,-3.194888178913737886e-03,7.454739084132055646e-03,1.331203407880724165e-01,9.597122302158274110e+00,8.129496402877698369e-01,4.079136690647482411e+00
5.659118811881189259e+00,9.584664536741213658e-03,2.342917997870074681e-02,1.405750798722044670e-01,9.323741007194245256e+00,8.297362110311750083e-01,3.666666666666666519e+00
5.664074257425743220e+00,-3.301384451544196047e-02,2.129925452609158880e-03,1.384451544195953177e-01,9.441247002398082344e+00,5.779376498800958828e-01,4.474820143884891799e+00
5.669029702970298068e+00,1.384451544195953142e-02,-1.703940362087327104e-02,1.512247071352502692e-01,9.213429256594723782e+00,6.019184652278177783e-01,3.100719424460431473e+00
5.673985148514852916e+00,-3.620873269435569836e-02,8.519701810436635520e-03,1.597444089456868943e-01,9.275779376498800133e+00,2.302158273381295084e-01,3.673860911270983021e+00
5.678940594059406877e+00,-1.064962726304579440e-03,3.514376996805111675e-02,1.363152289669861683e-01,9.215827338129496837e+00,-1.918465227817745672e-02,3.393285371702638109e+00
5.683896039603961725e+00,3.194888178913737886e-03,5.963791267305644517e-02,1.224707135250266282e-01,9.153477218225420486e+00,-1.151079136690647542e-01,3.599520383693045389e+00
5.688851485148515685e+00,-2.129925452609158880e-03,6.602768903088392094e-02,9.052183173588924936e-02,9.189448441247002108e+00,-1.846522781774580235e-01,3.870503597122302075e+00
5.693806930693070534e+00,5.324813631522896766e-03,6.389776357827475772e-02,5.218317358892438779e-02,9.062350119904076351e+00,-8.633093525179856564e-02,3.988009592326139163e+00
5.698762376237624494e+00,2.342917997870074681e-02,7.135250266240682204e-02,5.324813631522896940e-02,8.952038369304556653e+00,1.007194244604316530e-01,3.985611510791366996e+00
5.703717821782179342e+00,1.597444089456868943e-02,5.963791267305644517e-02,4.685835995740149362e-02,9.167865707434053490e+00,-2.398081534772182263e-02,4.326139088729016535e+00
5.708673267326734191e+00,4.153354632587859252e-02,3.407880724174654208e-02,3.088391906283280072e-02,8.877697841726618577e+00,-1.942446043165467762e-01,4.323741007194244368e+00
5.713628712871288151e+00,7.241746538871139671e-02,3.514376996805111675e-02,3.620873269435569836e-02,8.918465227817746310e+00,-2.877697841726618855e-02,3.719424460431654644e+00
5.718584158415843000e+00,-5.324813631522896766e-03,1.810436634717784918e-02,-1.810436634717784918e-02,8.848920863309352569e+00,2.637889688249400386e-02,4.146282973621103096e+00
5.723539603960396960e+00,0.000000000000000000e+00,5.324813631522896766e-03,-5.431309904153354406e-02,8.513189448441247364e+00,3.932853717026378870e-01,4.141486810551558762e+00
5.728495049504951808e+00,1.916932907348242732e-02,-9.584664536741213658e-03,-3.514376996805111675e-02,8.760191846522781489e+00,5.731414868105515481e-01,3.760191846522781933e+00
5.733450495049505768e+00,-5.324813631522896766e-03,-1.810436634717784918e-02,-1.703940362087327104e-02,9.064748201438849406e+00,3.429256594724220397e-01,3.635491606714628343e+00
5.738405940594060617e+00,-2.129925452609158706e-02,-1.490947816826411129e-02,-4.259850905218317413e-02,9.191846522781775164e+00,3.621103117505995450e-01,3.942446043165467540e+00
5.743361386138614577e+00,3.194888178913737886e-02,1.277955271565495154e-02,-2.662406815761448470e-02,8.143884892086331817e+00,6.187050359712230607e-01,3.918465227817745866e+00
5.748316831683169426e+00,4.366347177848775574e-02,5.857294994675186356e-02,5.963791267305644517e-02,8.952038369304556653e+00,4.268585131894484519e-01,3.836930455635491732e+00
5.753272277227724274e+00,-3.514376996805111675e-02,1.597444089456868943e-02,2.236421725239616520e-02,9.244604316546762846e+00,5.035971223021582649e-02,4.769784172661870159e+00
5.758227722772278234e+00,-6.389776357827475772e-03,-2.875399361022364098e-02,-4.472843450479233041e-02,8.752997601918465875e+00,8.465227817745802907e-01,3.803357314148680945e+00
5.763183168316833083e+00,-4.579339723109691201e-02,-3.514376996805111675e-02,-1.810436634717784918e-02,8.685851318944843413e+00,1.107913669064748197e+00,4.223021582733813339e+00
5.768138613861387043e+00,-9.584664536741213658e-03,-2.662406815761448470e-02,5.005324813631523151e-02,9.103117505995204084e+00,6.834532374100719121e-01,3.549160671462829875e+00
5.773094059405941891e+00,-2.662406815761448470e-02,-9.584664536741213658e-03,6.496272630457934627e-02,9.321342925659472201e+00,1.774580335731414937e-01,3.810551558752997447e+00
5.778049504950495852e+00,-2.662406815761448470e-02,-9.584664536741213658e-03,3.088391906283280072e-02,9.223021582733812451e+00,2.446043165467625957e-01,3.640287769784172678e+00
5.783004950495050700e+00,-5.431309904153354406e-02,-2.129925452609158706e-02,1.064962726304579353e-02,8.705035971223020752e+00,4.988009592326139163e-01,3.834532374100719565e+00
5.787960396039604660e+00,-4.259850905218317413e-02,-4.046858359957401785e-02,2.236421725239616520e-02,9.223021582733812451e+00,3.836930455635491621e-01,3.657074340527577849e+00
5.792915841584159509e+00,-5.431309904153354406e-02,-8.626198083067092293e-02,1.384451544195953142e-02,9.829736211031175230e+00,-1.582733812949640162e-01,3.541966426858513373e+00
5.797871287128714357e+00,1.597444089456868943e-02,-4.898828541001064990e-02,-1.384451544195953142e-02,8.582733812949641106e+00,-1.438848920863309289e-01,2.836930455635491732e+00
5.802826732673268317e+00,4.153354632587859252e-02,1.192758253461128903e-01,2.981895633652822258e-02,8.455635491606715348e+00,-2.158273381294963933e-01,3.522781774580335590e+00
5.807782178217823166e+00,-1.064962726304579440e-03,1.128860489882854146e-01,1.810436634717784918e-02,9.261390887290167129e+00,-1.218225419664268561e+00,6.505995203836930862e+00
5.812737623762377126e+00,1.480298189563365174e-01,-3.514376996805111675e-02,-7.241746538871139671e-02,9.479616306954437022e+00,-6.378896882494005105e-01,3.865707434052757741e+00
5.817693069306931974e+00,3.194888178913737886e-02,-9.584664536741213658e-02,-1.608093716719914690e-01,8.887290167865707247e+00,4.052757793764987793e-01,4.534772182254196871e+00
5.822648514851485935e+00,9.158679446219382403e-02,-5.644302449414270728e-02,-1.299254526091586925e-01,8.297362110311750527e+00,1.333333333333333259e+00,3.184652278177458218e+00
5.827603960396040783e+00,4.685835995740149362e-02,-3.194888178913737886e-03,-2.023429179978700893e-02,8.836930455635490844e+00,6.091127098321342803e-01,4.115107913669064921e+00
5.832559405940594743e+00,6.389776357827475772e-02,3.194888178913737886e-03,-3.194888178913737886e-03,9.479616306954437022e+00,-3.237410071942445899e-01,3.836930455635491732e+00
5.837514851485149592e+00,-3.194888178913737886e-03,-2.768903088391906284e-02,-9.478168264110756192e-02,9.309352517985612252e+00,-3.261390887290168128e-01,4.424460431654676285e+00
5.842470297029704440e+00,-1.171458998935037341e-02,-8.200212992545261037e-02,-1.757188498402555976e-01,8.611510791366907114e+00,5.587529976019184330e-01,4.139088729016786594e+00
5.847425742574258400e+00,-2.129925452609158706e-02,-1.075612353567625135e-01,-1.544195953141639932e-01,8.364508393285371213e+00,1.148681055155875264e+00,3.381294964028776828e+00
5.852381188118813249e+00,-3.727369542066027996e-02,-6.176783812566560145e-02,-8.945686900958466081e-02,8.810551558752997892e+00,8.297362110311750083e-01,3.306954436450839196e+00
5.857336633663367209e+00,-4.792332268370606829e-02,1.064962726304579440e-03,-5.857294994675186356e-02,9.244604316546762846e+00,4.100719424460431695e-01,3.438848920863309289e+00
5.862292079207922058e+00,-8.413205537806177359e-02,5.324813631522896766e-03,-7.348242811501597138e-02,9.100719424460431028e+00,2.206235011990407557e-01,4.597122302158273222e+00
5.867247524752476018e+00,-5.111821086261980618e-02,-3.727369542066027996e-02,-9.478168264110756192e-02,8.968824940047960936e+00,3.884892086330935523e-01,4.285371702637889690e+00
5.872202970297030866e+00,-5.963791267305644517e-02,-7.880724174653887248e-02,-1.022364217252396124e-01,9.055155875299760737e+00,4.364508393285371768e-01,4.441247002398081456e+00
5.877158415841584826e+00,-2.236421725239616520e-02,-9.265175718849839870e-02,-1.086261980830670881e-01,8.954436450839327932e+00,7.074340527577938076e-01,3.465227817745803574e+00
5.882113861386139675e+00,-5.111821086261980618e-02,-7.561235356762513460e-02,-8.945686900958466081e-02,8.916067146282973255e+00,7.434052757793765398e-01,3.774580335731414937e+00
5.887069306930694523e+00,-2.449414270500532495e-02,-5.111821086261980618e-02,-6.070287539936101984e-02,8.961630695443645322e+00,7.434052757793765398e-01,3.254196642685851515e+00
5.892024752475248484e+00,-4.792332268370606829e-02,-1.916932907348242732e-02,-3.940362087326943624e-02,9.127098321342925757e+00,5.371702637889688159e-01,3.805755395683453113e+00
5.896980198019803332e+00,-3.088391906283280072e-02,-4.259850905218317760e-03,-3.514376996805111675e-02,9.143884892086331817e+00,4.772182254196642437e-01,3.805755395683453113e+00
5.901935643564357292e+00,-3.940362087326943624e-02,-1.064962726304579353e-02,-2.768903088391906284e-02,9.021582733812950394e+00,4.412470023980815115e-01,4.158273381294963933e+00
5.906891089108912141e+00,-1.703940362087327104e-02,-2.875399361022364098e-02,-2.129925452609158706e-02,9.069544364508393741e+00,3.908872901678657197e-01,4.047961630695443347e+00
5.911846534653466101e+00,-1.384451544195953142e-02,-4.153354632587859252e-02,-1.916932907348242732e-02,9.225419664268585507e+00,3.309352517985611475e-01,3.796163069544364443e+00
5.916801980198020949e+00,-1.810436634717784918e-02,-3.194888178913737886e-02,-2.555910543130990309e-02,9.275779376498800133e+00,3.117505995203836977e-01,3.748201438848920652e+00
5.921757425742575798e+00,-1.171458998935037341e-02,-8.519701810436635520e-03,-2.662406815761448470e-02,9.050359712230216402e+00,3.669064748201438797e-01,3.772182254196642770e+00
5.926712871287129758e+00,-6.389776357827475772e-03,3.194888178913737886e-03,-1.384451544195953142e-02,9.071942446043165020e+00,2.038369304556355011e-01,4.122302158273381423e+00
5.931668316831684606e+00,1.490947816826411129e-02,-8.519701810436635520e-03,-8.519701810436635520e-03,9.235011990407674176e+00,9.592326139088728360e-03,3.892086330935251581e+00
5.936623762376238567e+00,9.584664536741213658e-03,-9.584664536741213658e-03,-3.407880724174654208e-02,9.199040767386090778e+00,5.515587529976018893e-02,4.086330935251798913e+00
5.941579207920793415e+00,2.555910543130990309e-02,-1.064962726304579353e-02,-5.324813631522896940e-02,8.992805755395682610e+00,3.213429256594724226e-01,4.002398081534772167e+00
5.946534653465347375e+00,2.981895633652822258e-02,-1.597444089456868943e-02,-4.366347177848775574e-02,8.916067146282973255e+00,4.508393285371702364e-01,4.028776978417266008e+00
5.951490099009902224e+00,4.366347177848775574e-02,-1.703940362087327104e-02,-3.514376996805111675e-02,8.973621103117505271e+00,4.604316546762590168e-01,3.815347721822541782e+00
5.956445544554456184e+00,3.620873269435569836e-02,-1.490947816826411129e-02,-3.194888178913737886e-02,9.011990407673861725e+00,4.292565947242206192e-01,4.016786570743405171e+00
5.961400990099011032e+00,4.366347177848775574e-02,-1.384451544195953142e-02,-3.620873269435569836e-02,8.976019184652278327e+00,5.299760191846523139e-01,3.860911270983213406e+00
5.966356435643565881e+00,3.194888178913737886e-02,-1.490947816826411129e-02,-3.407880724174654208e-02,8.884892086330935967e+00,6.738609112709832427e-01,3.913669064748201532e+00
5.971311881188119841e+00,3.088391906283280072e-02,-1.490947816826411129e-02,-2.555910543130990309e-02,8.872901678657074243e+00,7.721822541966426590e-01,3.791366906474820109e+00
5.976267326732674690e+00,1.703940362087327104e-02,-7.454739084132055646e-03,-9.584664536741213658e-03,8.887290167865707247e+00,8.057553956834532238e-01,3.848920863309352569e+00
5.981222772277228650e+00,7.454739084132055646e-03,-5.324813631522896766e-03,6.389776357827475772e-03,8.964028776978416602e+00,7.026378896882493619e-01,3.877697841726618577e+00
5.986178217821783498e+00,0.000000000000000000e+00,-7.454739084132055646e-03,1.810436634717784918e-02,9.059952038369305072e+00,6.187050359712230607e-01,3.892086330935251581e+00
5.991133663366337458e+00,-7.454739084132055646e-03,-6.389776357827475772e-03,2.129925452609158706e-02,9.028776978417266008e+00,6.954436450839328598e-01,3.916067146282973699e+00
5.996089108910892307e+00,-1.490947816826411129e-02,-9.584664536741213658e-03,3.301384451544196047e-02,8.976019184652278327e+00,7.266187050359712574e-01,3.841726618705036067e+00
6.001044554455446267e+00,-1.810436634717784918e-02,-1.171458998935037341e-02,5.111821086261980618e-02,8.976019184652278327e+00,6.330935251798560648e-01,3.817745803357313950e+00
6.006000000000001116e+00,-2.023429179978700893e-02,-9.584664536741213658e-03,5.963791267305644517e-02,9.047961630695443347e+00,5.635491606714628787e-01,3.752997601918465431e+00
6.010955445544555964e+00,-2.981895633652822258e-02,-6.389776357827475772e-03,6.283280085197018305e-02,9.119904076738608367e+00,5.011990407673860837e-01,3.796163069544364443e+00
6.015910891089109924e+00,-2.875399361022364098e-02,-3.194888178913737886e-03,6.602768903088392094e-02,9.134292565947241371e+00,4.676258992805755188e-01,3.690647482014388636e+00
6.020866336633664773e+00,-2.875399361022364098e-02,4.259850905218317760e-03,6.815761448349308416e-02,9.215827338129496837e+00,4.292565947242206192e-01,3.762589928057554101e+00
6.025821782178218733e+00,-2.236421725239616520e-02,1.490947816826411129e-02,6.709265175718849561e-02,9.251798561151078459e+00,4.532374100719424592e-01,3.736211031175059816e+00
6.030777227722773581e+00,-2.768903088391906284e-02,2.342917997870074681e-02,7.028753993610223350e-02,9.103117505995204084e+00,4.700239808153477417e-01,3.947242206235011874e+00
6.035732673267327542e+00,-2.023429179978700893e-02,1.703940362087327104e-02,7.561235356762513460e-02,9.035971223021583398e+00,4.796163069544364665e-01,3.992805755395683498e+00
6.040688118811882390e+00,-1.810436634717784918e-02,6.389776357827475772e-03,8.626198083067092293e-02,9.100719424460431028e+00,4.340527577937650094e-01,3.877697841726618577e+00
6.045643564356436350e+00,-1.490947816826411129e-02,5.324813631522896766e-03,8.732694355697551147e-02,9.146282973621103096e+00,4.004796163069544446e-01,3.712230215827338142e+00
6.050599009900991199e+00,-1.810436634717784918e-02,1.597444089456868943e-02,8.839190628328008614e-02,9.213429256594723782e+00,3.884892086330935523e-01,3.724220623501198979e+00
6.055554455445546047e+00,-1.597444089456868943e-02,3.407880724174654208e-02,9.052183173588924936e-02,9.187050359712230829e+00,3.645083932853717124e-01,3.630695443645084008e+00
6.060509900990100007e+00,-1.703940362087327104e-02,5.218317358892438779e-02,8.945686900958466081e-02,9.127098321342925757e+00,2.757793764988009655e-01,3.853717026378896904e+00
6.065465346534654856e+00,-1.597444089456868943e-02,4.685835995740149362e-02,8.413205537806177359e-02,9.208633093525179447e+00,8.153477218225420320e-02,3.976019184652278327e+00
6.070420792079208816e+00,-1.490947816826411129e-02,3.301384451544196047e-02,7.028753993610223350e-02,9.235011990407674176e+00,-1.918465227817745672e-02,3.815347721822541782e+00
6.075376237623763664e+00,-1.384451544195953142e-02,3.727369542066027996e-02,4.472843450479233041e-02,9.263788968824940184e+00,1.918465227817745672e-02,3.803357314148680945e+00
6.080331683168317625e+00,-8.519701810436635520e-03,4.579339723109691201e-02,2.768903088391906284e-02,9.095923261390886694e+00,1.606714628297362113e-01,3.868105515587529908e+00
6.085287128712872473e+00,-2.129925452609158880e-03,5.005324813631523151e-02,2.662406815761448470e-02,8.973621103117505271e+00,1.990407673860911386e-01,3.978417266187050494e+00
6.090242574257427322e+00,8.519701810436635520e-03,4.685835995740149362e-02,2.875399361022364098e-02,8.966426858513189657e+00,1.486810551558752913e-01,4.033573141486810343e+00
6.095198019801981282e+00,1.171458998935037341e-02,3.620873269435569836e-02,2.342917997870074681e-02,9.011990407673861725e+00,8.633093525179856564e-02,4.057553956834532016e+00
6.100153465346536130e+00,1.384451544195953142e-02,2.662406815761448470e-02,6.389776357827475772e-03,8.940047961630694928e+00,1.750599520383692986e-01,4.045563549160671180e+00
6.105108910891090090e+00,1.703940362087327104e-02,1.597444089456868943e-02,-2.129925452609158880e-03,8.892086330935251581e+00,3.189448441247002553e-01,4.067146282973620686e+00
6.110064356435644939e+00,1.810436634717784918e-02,6.389776357827475772e-03,3.194888178913737886e-03,8.988009592326138275e+00,3.717026378896882699e-01,3.942446043165467540e+00
6.115019801980198899e+00,1.703940362087327104e-02,1.277955271565495154e-02,0.000000000000000000e+00,9.023980815347721673e+00,4.676258992805755188e-01,3.940047961630695372e+00
6.119975247524753748e+00,7.454739084132055646e-03,1.810436634717784918e-02,-3.194888178913737886e-03,8.925659472422061924e+00,6.187050359712230607e-01,4.167865707434052602e+00
6.124930693069307708e+00,1.064962726304579440e-03,5.324813631522896766e-03,6.389776357827475772e-03,8.786570743405276218e+00,7.577937649880095439e-01,4.275779376498801021e+00
6.129886138613862556e+00,-6.389776357827475772e-03,-1.597444089456868943e-02,2.555910543130990309e-02,8.841726618705035179e+00,7.529976019184652092e-01,4.194244604316546443e+00
6.134841584158417405e+00,-1.597444089456868943e-02,-3.514376996805111675e-02,3.940362087326943624e-02,8.822541966426857840e+00,7.266187050359712574e-01,4.038369304556354678e+00
6.139797029702971365e+00,-2.768903088391906284e-02,-4.685835995740149362e-02,4.792332268370606829e-02,8.832134292565946510e+00,7.458033573141487071e-01,3.956834532374100544e+00
6.144752475247526213e+00,-3.301384451544196047e-02,-5.005324813631523151e-02,6.496272630457934627e-02,8.911270983213428920e+00,6.594724220623501276e-01,3.678657074340527799e+00
6.149707920792080174e+00,-3.620873269435569836e-02,-3.727369542066027996e-02,8.200212992545261037e-02,9.011990407673861725e+00,5.323741007194244812e-01,3.491606714628297414e+00
6.154663366336635022e+00,-4.046858359957401785e-02,-5.324813631522896766e-03,8.945686900958466081e-02,9.122302158273381423e+00,3.932853717026378870e-01,3.616306954436451004e+00
6.159618811881188982e+00,-4.259850905218317413e-02,8.519701810436635520e-03,9.265175718849839870e-02,9.035971223021583398e+00,2.949640287769784153e-01,3.800959232613908778e+00
6.164574257425743831e+00,-3.940362087326943624e-02,7.454739084132055646e-03,8.945686900958466081e-02,9.011990407673861725e+00,1.294964028776978415e-01,3.875299760191846410e+00
6.169529702970297791e+00,-3.301384451544196047e-02,0.000000000000000000e+00,8.306709265175718504e-02,9.095923261390886694e+00,-4.556354916067146404e-02,3.824940047961630896e+00
6.174485148514852639e+00,-2.342917997870074681e-02,4.259850905218317760e-03,6.922257720979765883e-02,9.062350119904076351e+00,-1.007194244604316530e-01,3.774580335731414937e+00
6.179440594059407488e+00,-1.277955271565495154e-02,8.519701810436635520e-03,5.111821086261980618e-02,9.103117505995204084e+00,-1.151079136690647542e-01,3.796163069544364443e+00
6.184396039603961448e+00,3.194888178913737886e-03,1.916932907348242732e-02,3.833865814696485463e-02,9.119904076738608367e+00,-1.366906474820143991e-01,3.781774580335731439e+00
6.189351485148516296e+00,1.597444089456868943e-02,3.194888178913737886e-02,2.449414270500532495e-02,9.112709832134292753e+00,-1.582733812949640162e-01,3.892086330935251581e+00
6.194306930693070257e+00,3.301384451544196047e-02,3.301384451544196047e-02,8.519701810436635520e-03,9.062350119904076351e+00,-1.247002398081534791e-01,4.057553956834532016e+00
6.199262376237625105e+00,4.685835995740149362e-02,2.236421725239616520e-02,-1.064962726304579353e-02,9.062350119904076351e+00,-2.158273381294964141e-02,4.112709832134292753e+00
6.204217821782179065e+00,5.750798722044728195e-02,1.171458998935037341e-02,-2.768903088391906284e-02,8.918465227817746310e+00,2.182254196642685884e-01,4.134292565947242259e+00
6.209173267326733914e+00,6.389776357827475772e-02,-5.324813631522896766e-03,-3.727369542066027996e-02,8.812949640287769171e+00,4.652278177458033515e-01,4.191846522781774276e+00
6.214128712871287874e+00,6.709265175718849561e-02,-2.555910543130990309e-02,-2.662406815761448470e-02,8.872901678657074243e+00,6.330935251798560648e-01,4.088729016786571080e+00
6.219084158415842722e+00,6.602768903088392094e-02,-3.088391906283280072e-02,-1.171458998935037341e-02,8.949640287769783598e+00,7.410071942446042614e-01,3.990407673860911331e+00
6.224039603960397571e+00,6.070287539936101984e-02,-3.088391906283280072e-02,-1.064962726304579440e-03,8.918465227817746310e+00,7.841726618705036067e-01,4.062350119904076351e+00
6.228995049504951531e+00,5.111821086261980618e-02,-3.727369542066027996e-02,1.597444089456868943e-02,8.870503597122302963e+00,8.225419664268585063e-01,4.155875299760191766e+00
6.233950495049506380e+00,4.366347177848775574e-02,-5.537806176783812567e-02,3.620873269435569836e-02,8.913669064748201976e+00,7.601918465227818222e-01,4.095923261390887582e+00
6.238905940594060340e+00,3.407880724174654208e-02,-7.667731629392970927e-02,5.005324813631523151e-02,8.995203836930455665e+00,6.091127098321342803e-01,3.988009592326139163e+00
6.243861386138615188e+00,2.768903088391906284e-02,-8.626198083067092293e-02,5.750798722044728195e-02,9.079136690647482411e+00,4.508393285371702364e-01,3.714628297362110310e+00
6.248816831683169148e+00,2.662406815761448470e-02,-7.880724174653887248e-02,6.815761448349308416e-02,9.167865707434053490e+00,3.309352517985611475e-01,3.458033573141486627e+00
6.253772277227723997e+00,2.662406815761448470e-02,-5.750798722044728195e-02,7.348242811501597138e-02,9.177458033573142160e+00,2.182254196642685884e-01,3.362110311750599489e+00
6.258727722772278845e+00,2.875399361022364098e-02,-3.620873269435569836e-02,7.667731629392970927e-02,9.189448441247002108e+00,6.954436450839328321e-02,3.268585131894484519e+00
6.263683168316832806e+00,2.981895633652822258e-02,-1.490947816826411129e-02,7.241746538871139671e-02,9.290167865707434913e+00,-6.954436450839328321e-02,3.282973621103117523e+00
6.268638613861387654e+00,2.981895633652822258e-02,6.389776357827475772e-03,5.218317358892438779e-02,9.354916067146282543e+00,-5.035971223021582649e-02,3.273381294964028854e+00
6.273594059405941614e+00,2.342917997870074681e-02,3.194888178913737886e-02,2.768903088391906284e-02,9.254196642685851515e+00,1.294964028776978415e-01,3.431654676258992787e+00
6.278549504950496463e+00,2.023429179978700893e-02,4.792332268370606829e-02,1.703940362087327104e-02,9.098321342925659749e+00,3.141486810551558650e-01,3.594724220623501054e+00
6.283504950495050423e+00,1.916932907348242732e-02,5.324813631522896940e-02,2.342917997870074681e-02,9.093525179856115415e+00,3.285371702637889801e-01,3.743405275779376318e+00
6.288460396039605271e+00,1.810436634717784918e-02,5.537806176783812567e-02,2.662406815761448470e-02,9.112709832134292753e+00,3.069544364508393075e-01,3.836930455635491732e+00
6.293415841584159232e+00,1.597444089456868943e-02,5.431309904153354406e-02,2.023429179978700893e-02,9.107913669064748419e+00,3.549160671462829875e-01,4.081534772182254578e+00
6.298371287128714080e+00,2.236421725239616520e-02,4.579339723109691201e-02,2.236421725239616520e-02,9.033573141486810343e+00,4.676258992805755188e-01,4.230215827338129841e+00
6.303326732673268928e+00,2.768903088391906284e-02,2.236421725239616520e-02,3.301384451544196047e-02,9.009592326139088669e+00,4.652278177458033515e-01,4.270983213429256686e+00
6.308282178217822889e+00,3.407880724174654208e-02,5.324813631522896766e-03,4.153354632587859252e-02,9.112709832134292753e+00,4.268585131894484519e-01,4.232613908872902009e+00
6.313237623762377737e+00,3.833865814696485463e-02,-2.129925452609158880e-03,4.472843450479233041e-02,9.148681055155876152e+00,4.196642685851318944e-01,4.237410071942446343e+00
6.318193069306931697e+00,4.898828541001064990e-02,-1.597444089456868943e-02,5.005324813631523151e-02,9.141486810551558762e+00,4.388489208633093441e-01,4.311750599520383531e+00
6.323148514851486546e+00,6.070287539936101984e-02,-3.407880724174654208e-02,5.963791267305644517e-02,9.098321342925659749e+00,4.556354916067146266e-01,4.280575539568345356e+00
6.328103960396040506e+00,6.815761448349308416e-02,-4.792332268370606829e-02,7.028753993610223350e-02,9.160671462829736100e+00,4.172661870503597270e-01,4.211031175059951615e+00
6.333059405940595354e+00,7.454739084132055993e-02,-6.283280085197018305e-02,7.667731629392970927e-02,9.206235011990408168e+00,3.693045563549160470e-01,4.127098321342925757e+00
6.338014851485149315e+00,7.561235356762513460e-02,-7.028753993610223350e-02,8.200212992545261037e-02,9.196642685851319499e+00,3.549160671462829875e-01,4.059952038369304184e+00
6.342970297029704163e+00,7.667731629392970927e-02,-7.774227902023429781e-02,8.306709265175718504e-02,9.167865707434053490e+00,3.645083932853717124e-01,3.954436450839328376e+00
6.347925742574259012e+00,7.241746538871139671e-02,-8.839190628328008614e-02,8.093716719914803570e-02,9.196642685851319499e+00,3.117505995203836977e-01,3.928057553956834536e+00
6.352881188118812972e+00,6.815761448349308416e-02,-1.011714589989350377e-01,8.200212992545261037e-02,9.258992805755395850e+00,2.685851318944844079e-01,3.767386091127098435e+00
6.357836633663367820e+00,6.070287539936101984e-02,-1.033013844515442009e-01,7.880724174653887248e-02,9.302158273381294862e+00,2.134292565947242259e-01,3.616306954436451004e+00
6.362792079207921780e+00,5.431309904153354406e-02,-9.371671991480298725e-02,7.454739084132055993e-02,9.359712230215826878e+00,2.206235011990407557e-01,3.537170263788969038e+00
6.367747524752476629e+00,4.366347177848775574e-02,-8.306709265175718504e-02,6.283280085197018305e-02,9.390887290167865942e+00,2.038369304556355011e-01,3.505995203836930418e+00
6.372702970297030589e+00,3.194888178913737886e-02,-7.348242811501597138e-02,5.111821086261980618e-02,9.465227817745804018e+00,1.438848920863309289e-01,3.503597122302158251e+00
6.377658415841585438e+00,2.129925452609158706e-02,-6.496272630457934627e-02,3.833865814696485463e-02,9.453237410071942293e+00,1.199040767386091166e-01,3.597122302158273222e+00
6.382613861386139398e+00,1.703940362087327104e-02,-5.963791267305644517e-02,2.236421725239616520e-02,9.374100719424459882e+00,1.726618705035971313e-01,3.719424460431654644e+00
6.387569306930694246e+00,1.171458998935037341e-02,-6.070287539936101984e-02,1.490947816826411129e-02,9.256594724220622794e+00,2.781774580335731328e-01,3.774580335731414937e+00
6.392524752475249095e+00,1.171458998935037341e-02,-6.922257720979765883e-02,1.916932907348242732e-02,9.218225419664268117e+00,3.357314148681055377e-01,3.832134292565947398e+00
6.397480198019803055e+00,1.490947816826411129e-02,-7.241746538871139671e-02,2.449414270500532495e-02,9.242206235011989790e+00,3.189448441247002553e-01,3.820143884892086117e+00
6.402435643564357903e+00,1.597444089456868943e-02,-7.774227902023429781e-02,2.342917997870074681e-02,9.302158273381294862e+00,2.757793764988009655e-01,3.858513189448441238e+00
6.407391089108911864e+00,1.916932907348242732e-02,-8.413205537806177359e-02,2.023429179978700893e-02,9.311750599520383531e+00,2.853717026378896904e-01,3.884892086330935079e+00
6.412346534653466712e+00,2.875399361022364098e-02,-8.413205537806177359e-02,2.342917997870074681e-02,9.335731414868105205e+00,3.261390887290168128e-01,3.880095923261390745e+00
6.417301980198020672e+00,3.514376996805111675e-02,-8.519701810436634826e-02,3.407880724174654208e-02,9.326139088729016535e+00,3.645083932853717124e-01,3.839328537170263900e+00
6.422257425742575521e+00,3.940362087326943624e-02,-8.519701810436634826e-02,4.259850905218317413e-02,9.362110311750599934e+00,4.124700239808153368e-01,3.815347721822541782e+00
6.427212871287129481e+00,4.153354632587859252e-02,-8.626198083067092293e-02,4.792332268370606829e-02,9.383693045563548552e+00,4.652278177458033515e-01,3.796163069544364443e+00
6.432168316831684329e+00,3.407880724174654208e-02,-8.626198083067092293e-02,5.005324813631523151e-02,9.266187050359711463e+00,5.779376498800958828e-01,3.851318944844124736e+00
6.437123762376239178e+00,2.662406815761448470e-02,-9.691160809371672513e-02,6.602768903088392094e-02,9.237410071942445455e+00,6.282973621103117301e-01,3.820143884892086117e+00
6.442079207920793138e+00,1.490947816826411129e-02,-1.150159744408945639e-01,8.306709265175718504e-02,9.347721822541966930e+00,5.539568345323740983e-01,3.599520383693045389e+00
6.447034653465347986e+00,-1.064962726304579440e-03,-1.160809371671991524e-01,9.371671991480298725e-02,9.486810551558752636e+00,4.628297362110311841e-01,3.479616306954436578e+00
6.451990099009901947e+00,-1.597444089456868943e-02,-1.064962726304579388e-01,9.265175718849839870e-02,9.496402877697841305e+00,4.460431654676259017e-01,3.520383693045563422e+00
6.456945544554456795e+00,-2.981895633652822258e-02,-1.043663471778487756e-01,9.691160809371672513e-02,9.486810551558752636e+00,3.836930455635491621e-01,3.522781774580335590e+00
6.461900990099010755e+00,-4.046858359957401785e-02,-1.022364217252396124e-01,1.001064962726304630e-01,9.472422062350119631e+00,2.901678657074340251e-01,3.426858513189448452e+00
6.466856435643565604e+00,-5.431309904153354406e-02,-9.691160809371672513e-02,9.584664536741213658e-02,9.503597122302158695e+00,1.103117505995203779e-01,3.513189448441246920e+00
6.471811881188120452e+00,-6.070287539936101984e-02,-9.584664536741213658e-02,8.306709265175718504e-02,9.494004796163070026e+00,-1.199040767386091132e-02,3.534772182254196426e+00
6.476767326732674412e+00,-5.963791267305644517e-02,-9.265175718849839870e-02,6.709265175718849561e-02,9.453237410071942293e+00,-3.597122302158273222e-02,3.558752997601918544e+00
6.481722772277229261e+00,-5.644302449414270728e-02,-8.945686900958466081e-02,5.750798722044728195e-02,9.405275779376498946e+00,-3.117505995203836977e-02,3.669064748201438686e+00
6.486678217821783221e+00,-5.005324813631523151e-02,-9.478168264110756192e-02,5.111821086261980618e-02,9.347721822541966930e+00,-1.079136690647481966e-01,3.755395683453237599e+00
6.491633663366338070e+00,-4.153354632587859252e-02,-1.064962726304579388e-01,4.046858359957401785e-02,9.395683453237410276e+00,-1.894484412470023860e-01,3.707434052757793808e+00
6.496589108910892030e+00,-3.194888178913737886e-02,-1.150159744408945639e-01,2.023429179978700893e-02,9.410071942446043280e+00,-2.278177458033573133e-01,3.714628297362110310e+00
6.501544554455446878e+00,-1.810436634717784918e-02,-1.192758253461128903e-01,0.000000000000000000e+00,9.328537170263789591e+00,-7.673860911270982688e-02,3.776978417266187105e+00
6.506500000000000838e+00,-5.324813631522896766e-03,-1.256656017039403661e-01,-8.519701810436635520e-03,9.299760191846523583e+00,1.678657074340527550e-02,3.832134292565947398e+00
6.511455445544555687e+00,6.389776357827475772e-03,-1.373801916932907430e-01,-4.259850905218317760e-03,9.390887290167865942e+00,7.194244604316547137e-03,3.779376498800959272e+00
6.516410891089110535e+00,1.171458998935037341e-02,-1.480298189563365174e-01,-1.171458998935037341e-02,9.390887290167865942e+00,2.637889688249400386e-02,3.762589928057554101e+00
6.521366336633664496e+00,1.703940362087327104e-02,-1.608093716719914690e-01,-2.555910543130990309e-02,9.342925659472422595e+00,1.822541966426858562e-01,3.764988009592326268e+00
6.526321782178219344e+00,2.236421725239616520e-02,-1.725239616613418459e-01,-2.662406815761448470e-02,9.316546762589927866e+00,3.189448441247002553e-01,3.729016786570743314e+00
6.531277227722773304e+00,2.129925452609158706e-02,-1.863684771033013721e-01,-2.236421725239616520e-02,9.359712230215826878e+00,4.052757793764987793e-01,3.613908872901678837e+00
6.536232673267328153e+00,1.171458998935037341e-02,-1.959531416400425996e-01,-1.916932907348242732e-02,9.429256594724220619e+00,4.700239808153477417e-01,3.532374100719424259e+00
6.541188118811882113e+00,1.064962726304579440e-03,-2.034078807241746500e-01,-1.171458998935037341e-02,9.381294964028777272e+00,5.635491606714628787e-01,3.539568345323741205e+00
6.546143564356436961e+00,-8.519701810436635520e-03,-2.129925452609158776e-01,-1.064962726304579440e-03,9.302158273381294862e+00,6.115107913669064477e-01,3.527577937649879924e+00
6.551099009900990922e+00,-2.449414270500532495e-02,-2.289669861554845531e-01,1.171458998935037341e-02,9.388489208633092886e+00,5.755395683453237154e-01,3.374100719424460326e+00
6.556054455445545770e+00,-4.898828541001064990e-02,-2.438764643237486818e-01,1.810436634717784918e-02,9.470023980815348352e+00,4.604316546762590168e-01,3.290167865707434025e+00
6.561009900990100618e+00,-7.028753993610223350e-02,-2.481363152289669805e-01,1.703940362087327104e-02,9.534772182254195982e+00,3.237410071942445899e-01,3.203836930455635557e+00
6.565965346534654579e+00,-8.945686900958466081e-02,-2.438764643237486818e-01,1.064962726304579353e-02,9.592326139088729775e+00,2.134292565947242259e-01,3.112709832134292753e+00
6.570920792079209427e+00,-1.054313099041533502e-01,-2.385516506922257807e-01,1.064962726304579440e-03,9.633093525179855732e+00,9.112709832134292809e-02,3.083932853717026301e+00
6.575876237623763387e+00,-1.192758253461128903e-01,-2.310969116080937302e-01,-1.384451544195953142e-02,9.592326139088729775e+00,-7.194244604316546443e-02,3.057553956834532460e+00
6.580831683168318236e+00,-1.320553780617678419e-01,-2.247071352502662545e-01,-3.407880724174654208e-02,9.582733812949641106e+00,-2.110311750599520308e-01,3.067146282973621130e+00
6.585787128712872196e+00,-1.373801916932907430e-01,-2.225772097976570774e-01,-5.857294994675186356e-02,9.563549160671461991e+00,-3.453237410071942626e-01,3.002398081534772167e+00
6.590742574257427044e+00,-1.373801916932907430e-01,-2.119275825346112752e-01,-8.732694355697551147e-02,9.623501199040767062e+00,-3.860911270983213295e-01,2.956834532374100544e+00
6.595698019801981005e+00,-1.384451544195953177e-01,-1.938232161874334503e-01,-1.214057507987220397e-01,9.690647482014387748e+00,-3.453237410071942626e-01,3.050359712230215958e+00
6.600653465346535853e+00,-1.331203407880724165e-01,-1.778487752928647470e-01,-1.544195953141639932e-01,9.623501199040767062e+00,-2.350119904076738708e-01,3.232613908872901565e+00
6.605608910891090702e+00,-1.256656017039403661e-01,-1.725239616613418459e-01,-1.789137380191693216e-01,9.494004796163070026e+00,-1.438848920863309289e-01,3.455635491606714460e+00
6.610564356435644662e+00,-1.203407880724174650e-01,-1.778487752928647470e-01,-2.002129925452609260e-01,9.393285371702637221e+00,-3.836930455635491344e-02,3.606714628297361891e+00
6.615519801980199510e+00,-1.150159744408945639e-01,-1.927582534611288478e-01,-2.151224707135250269e-01,9.335731414868105205e+00,9.112709832134292809e-02,3.693045563549160804e+00
6.620475247524753470e+00,-1.043663471778487756e-01,-2.097976570820021258e-01,-2.247071352502662545e-01,9.251798561151078459e+00,2.661870503597122406e-01,3.661870503597122184e+00
6.625430693069308319e+00,-9.584664536741213658e-02,-2.161874334398296016e-01,-2.279020234291799785e-01,9.211031175059952503e+00,4.580335731414867939e-01,3.685851318944844301e+00
6.630386138613862279e+00,-8.519701810436634826e-02,-2.236421725239616520e-01,-2.161874334398296016e-01,9.167865707434053490e+00,5.563549160671462657e-01,3.791366906474820109e+00
6.635341584158417128e+00,-7.348242811501597138e-02,-2.406815761448349300e-01,-2.023429179978700754e-01,9.110311750599519698e+00,5.779376498800958828e-01,3.928057553956834536e+00
6.640297029702971976e+00,-6.709265175718849561e-02,-2.736954206602769113e-01,-1.884984025559105492e-01,9.129496402877697037e+00,5.419664268585131506e-01,3.899280575539568527e+00
6.645252475247525936e+00,-6.070287539936101984e-02,-3.077742279020234117e-01,-1.799787007454738963e-01,9.263788968824940184e+00,4.796163069544364665e-01,3.630695443645084008e+00
6.650207920792080785e+00,-5.644302449414270728e-02,-3.173588924387646393e-01,-1.746538871139510229e-01,9.362110311750599934e+00,4.700239808153477417e-01,3.398081534772182444e+00
6.655163366336634745e+00,-5.111821086261980618e-02,-3.045793397231096877e-01,-1.671991480298189447e-01,9.354916067146282543e+00,5.011990407673860837e-01,3.309352517985611364e+00
6.660118811881189593e+00,-4.579339723109691201e-02,-2.917997870074547362e-01,-1.576144834930777450e-01,9.405275779376498946e+00,4.580335731414867939e-01,3.316546762589927866e+00
6.665074257425743554e+00,-4.685835995740149362e-02,-2.854100106496272882e-01,-1.512247071352502692e-01,9.534772182254195982e+00,3.573141486810551548e-01,3.330935251798561314e+00
6.670029702970298402e+00,-4.898828541001064990e-02,-2.896698615548455868e-01,-1.576144834930777450e-01,9.537170263788969038e+00,3.381294964028777050e-01,3.278177458033573188e+00
6.674985148514852362e+00,-5.111821086261980618e-02,-2.854100106496272882e-01,-1.682641107561235472e-01,9.489208633093525691e+00,4.268585131894484519e-01,3.127098321342925757e+00
6.679940594059407211e+00,-5.431309904153354406e-02,-2.683706070287539824e-01,-1.661341853035143701e-01,9.441247002398082344e+00,5.659472422062350461e-01,3.155875299760191766e+00
6.684896039603962059e+00,-5.750798722044728195e-02,-2.470713525026624058e-01,-1.554845580404685956e-01,9.381294964028777272e+00,6.498800959232613472e-01,3.318944844124700033e+00
6.689851485148516019e+00,-6.389776357827475772e-02,-2.417465388711395047e-01,-1.427050053248136441e-01,9.340527577937649539e+00,6.570743405275779603e-01,3.462829736211030962e+00
6.694806930693070868e+00,-6.815761448349308416e-02,-2.534611288604898816e-01,-1.331203407880724165e-01,9.261390887290167129e+00,6.522781774580336256e-01,3.539568345323741205e+00
6.699762376237624828e+00,-6.922257720979765883e-02,-2.694355697550585571e-01,-1.214057507987220397e-01,9.220623501199041172e+00,7.098321342925659749e-01,3.443645083932853623e+00
6.704717821782179676e+00,-6.815761448349308416e-02,-2.758253461128860606e-01,-1.075612353567625135e-01,9.136690647482014427e+00,7.505995203836930418e-01,3.326139088729016979e+00
6.709673267326733637e+00,-6.602768903088392094e-02,-2.726304579339723366e-01,-8.093716719914803570e-02,9.170263788968824770e+00,7.290167865707434247e-01,3.316546762589927866e+00
6.714628712871288485e+00,-6.283280085197018305e-02,-2.683706070287539824e-01,-5.750798722044728195e-02,9.287769784172661858e+00,6.330935251798560648e-01,3.299760191846522694e+00
6.719584158415842445e+00,-5.963791267305644517e-02,-2.673056443024494078e-01,-4.579339723109691201e-02,9.328537170263789591e+00,4.916067146282973588e-01,3.335731414868105649e+00
6.724539603960397294e+00,-5.111821086261980618e-02,-2.726304579339723366e-01,-4.153354632587859252e-02,9.362110311750599934e+00,4.628297362110311841e-01,3.247002398081534569e+00
6.729495049504952142e+00,-4.472843450479233041e-02,-2.683706070287539824e-01,-3.620873269435569836e-02,9.311750599520383531e+00,5.107913669064748641e-01,3.165467625899280435e+00
6.734450495049506102e+00,-3.940362087326943624e-02,-2.577209797657081802e-01,-2.342917997870074681e-02,9.268585131894484519e+00,5.395683453237409832e-01,3.127098321342925757e+00
6.739405940594060951e+00,-2.981895633652822258e-02,-2.460063897763578311e-01,-1.064962726304579353e-02,9.338129496402878260e+00,4.892086330935251914e-01,3.117505995203837088e+00
6.744361386138614911e+00,-2.236421725239616520e-02,-2.289669861554845531e-01,-2.129925452609158880e-03,9.326139088729016535e+00,4.916067146282973588e-01,3.206235011990407724e+00
6.749316831683169760e+00,-2.023429179978700893e-02,-2.183173588924387509e-01,1.064962726304579440e-03,9.218225419664268117e+00,6.139088729016786150e-01,3.400479616306954611e+00
6.754272277227723720e+00,-1.277955271565495154e-02,-2.193823216187433534e-01,1.597444089456868943e-02,9.158273381294964821e+00,7.170263788968824770e-01,3.520383693045563422e+00
6.759227722772278568e+00,-7.454739084132055646e-03,-2.353567625133120289e-01,3.833865814696485463e-02,9.179856115107913439e+00,7.338129496402877594e-01,3.484412470023980912e+00
6.764183168316832528e+00,-7.454739084132055646e-03,-2.449414270500532564e-01,6.070287539936101984e-02,9.179856115107913439e+00,7.122302158273381423e-01,3.362110311750599489e+00
6.769138613861387377e+00,-5.324813631522896766e-03,-2.396166134185303553e-01,7.454739084132055993e-02,9.151079136690647431e+00,6.834532374100719121e-01,3.292565947242206192e+00
6.774094059405942225e+00,-5.324813631522896766e-03,-2.310969116080937302e-01,8.519701810436634826e-02,9.163069544364509156e+00,6.354916067146283432e-01,3.362110311750599489e+00
6.779049504950496186e+00,-6.389776357827475772e-03,-2.300319488817891278e-01,1.001064962726304630e-01,9.203836930455635112e+00,5.371702637889688159e-01,3.335731414868105649e+00
6.784004950495051034e+00,-1.064962726304579353e-02,-2.353567625133120289e-01,1.086261980830670881e-01,9.254196642685851515e+00,4.076738609112710021e-01,3.268585131894484519e+00
6.788960396039604994e+00,-1.064962726304579353e-02,-2.342917997870074542e-01,1.096911608093716767e-01,9.294964028776979248e+00,2.805755395683453002e-01,3.167865707434052602e+00
6.793915841584159843e+00,-7.454739084132055646e-03,-2.279020234291799785e-01,1.043663471778487756e-01,9.304556354916067917e+00,1.942446043165467762e-01,3.095923261390887138e+00
6.798871287128713803e+00,-5.324813631522896766e-03,-2.161874334398296016e-01,9.691160809371672513e-02,9.330935251798560870e+00,1.990407673860911386e-01,2.985611510791366996e+00
6.803826732673268651e+00,-2.129925452609158880e-03,-1.970181043663471743e-01,9.265175718849839870e-02,9.268585131894484519e+00,2.086330935251798635e-01,2.988009592326139163e+00
6.808782178217823500e+00,2.129925452609158880e-03,-1.767838125665601723e-01,8.732694355697551147e-02,9.251798561151078459e+00,2.350119904076738708e-01,3.115107913669064921e+00
6.813737623762377460e+00,7.454739084132055646e-03,-1.650692225772097954e-01,8.626198083067092293e-02,9.290167865707434913e+00,2.302158273381295084e-01,3.239808153477218067e+00
6.818693069306932308e+00,7.454739084132055646e-03,-1.608093716719914690e-01,8.200212992545261037e-02,9.266187050359711463e+00,2.446043165467625957e-01,3.323741007194244812e+00
6.823648514851486269e+00,3.194888178913737886e-03,-1.608093716719914690e-01,7.241746538871139671e-02,9.225419664268585507e+00,3.237410071942445899e-01,3.366906474820143824e+00
6.828603960396041117e+00,-1.064962726304579440e-03,-1.597444089456868943e-01,6.922257720979765883e-02,9.182254196642686495e+00,3.741007194244604372e-01,3.340527577937649983e+00
6.833559405940595077e+00,-5.324813631522896766e-03,-1.586794462193823196e-01,6.709265175718849561e-02,9.091127098321342359e+00,3.932853717026378870e-01,3.402877697841726778e+00
6.838514851485149926e+00,-1.064962726304579353e-02,-1.618743343982960714e-01,6.602768903088392094e-02,9.050359712230216402e+00,3.860911270983213295e-01,3.515587529976019088e+00
6.843470297029703886e+00,-9.584664536741213658e-03,-1.703940362087326965e-01,6.602768903088392094e-02,9.050359712230216402e+00,3.621103117505995450e-01,3.558752997601918544e+00
6.848425742574258734e+00,-3.194888178913737886e-03,-1.821086261980830734e-01,6.602768903088392094e-02,9.000000000000000000e+00,3.309352517985611475e-01,3.611510791366906670e+00
6.853381188118813583e+00,2.129925452609158880e-03,-1.938232161874334503e-01,6.815761448349308416e-02,8.904076738609113306e+00,3.453237410071942626e-01,3.654676258992805682e+00
6.858336633663367543e+00,1.064962726304579353e-02,-2.140575079872204523e-01,7.454739084132055993e-02,8.887290167865707247e+00,3.141486810551558650e-01,3.702637889688249473e+00
6.863292079207922392e+00,2.236421725239616520e-02,-2.406815761448349300e-01,7.774227902023429781e-02,8.932853717026379314e+00,2.206235011990407557e-01,3.551558752997602042e+00
6.868247524752476352e+00,3.514376996805111675e-02,-2.566560170394036056e-01,7.561235356762513460e-02,8.997601918465226944e+00,1.318944844124700366e-01,3.354916067146282987e+00
6.873202970297031200e+00,4.579339723109691201e-02,-2.523961661341853069e-01,7.028753993610223350e-02,9.004796163069544335e+00,1.582733812949640162e-01,3.215827338129496393e+00
6.878158415841585160e+00,5.750798722044728195e-02,-2.449414270500532564e-01,6.815761448349308416e-02,8.952038369304556653e+00,2.733812949640287981e-01,3.290167865707434025e+00
6.883113861386140009e+00,6.709265175718849561e-02,-2.481363152289669805e-01,7.348242811501597138e-02,8.925659472422061924e+00,2.853717026378896904e-01,3.282973621103117523e+00
6.888069306930693969e+00,6.709265175718849561e-02,-2.609158679446219598e-01,7.667731629392970927e-02,9.016786570743406060e+00,1.942446043165467762e-01,3.105515587529975807e+00
6.893024752475248818e+00,5.963791267305644517e-02,-2.651757188498402584e-01,6.389776357827475772e-02,9.100719424460431028e+00,1.606714628297362113e-01,2.899280575539568527e+00
6.897980198019803666e+00,5.218317358892438779e-02,-2.523961661341853069e-01,4.685835995740149362e-02,9.093525179856115415e+00,2.829736211031175230e-01,2.745803357314148485e+00
6.902935643564357626e+00,4.259850905218317413e-02,-2.310969116080937302e-01,3.833865814696485463e-02,9.083932853717026745e+00,4.916067146282973588e-01,2.707434052757793808e+00
6.907891089108912475e+00,2.875399361022364098e-02,-2.076677316293929765e-01,4.472843450479233041e-02,9.057553956834532016e+00,5.683453237410072134e-01,2.772182254196642770e+00
6.912846534653466435e+00,1.384451544195953142e-02,-1.948881789137380249e-01,5.324813631522896940e-02,9.062350119904076351e+00,4.988009592326139163e-01,2.892086330935251581e+00
6.917801980198021283e+00,-4.259850905218317760e-03,-1.959531416400425996e-01,5.218317358892438779e-02,9.088729016786571080e+00,4.124700239808153368e-01,2.918465227817745866e+00
6.922757425742575244e+00,-1.916932907348242732e-02,-1.991480298189563236e-01,4.153354632587859252e-02,9.045563549160672068e+00,3.908872901678657197e-01,2.868105515587529908e+00
6.927712871287130092e+00,-2.768903088391906284e-02,-1.959531416400425996e-01,3.833865814696485463e-02,8.908872901678657641e+00,4.724220623501199090e-01,2.796163069544364443e+00
6.932668316831684052e+00,-3.407880724174654208e-02,-1.863684771033013721e-01,4.792332268370606829e-02,8.882494004796162912e+00,4.412470023980815115e-01,2.832134292565947398e+00
6.937623762376238901e+00,-3.301384451544196047e-02,-1.725239616613418459e-01,5.644302449414270728e-02,8.959232613908872267e+00,3.021582733812949728e-01,2.841726618705036067e+00
6.942579207920793749e+00,-2.662406815761448470e-02,-1.629392971246006461e-01,5.963791267305644517e-02,9.002398081534773056e+00,2.014388489208633060e-01,2.940047961630695372e+00
6.947534653465347709e+00,-1.916932907348242732e-02,-1.650692225772097954e-01,5.324813631522896940e-02,8.983213429256593940e+00,1.414868105515587615e-01,3.002398081534772167e+00
6.952490099009902558e+00,-8.519701810436635520e-03,-1.682641107561235472e-01,4.792332268370606829e-02,8.947242206235012318e+00,1.870503597122302186e-01,2.937649880095923205e+00
6.957445544554456518e+00,4.259850905218317760e-03,-1.650692225772097954e-01,5.431309904153354406e-02,8.949640287769783598e+00,2.182254196642685884e-01,2.822541966426858728e+00
6.962400990099011366e+00,1.810436634717784918e-02,-1.533546325878594185e-01,5.750798722044728195e-02,8.964028776978416602e+00,1.990407673860911386e-01,2.755395683453237599e+00
6.967356435643565327e+00,2.981895633652822258e-02,-1.427050053248136441e-01,5.750798722044728195e-02,9.028776978417266008e+00,1.606714628297362113e-01,2.721822541966426812e+00
6.972311881188120175e+00,3.940362087326943624e-02,-1.320553780617678419e-01,5.431309904153354406e-02,9.004796163069544335e+00,1.510791366906474864e-01,2.717026378896882477e+00
6.977267326732674135e+00,4.153354632587859252e-02,-1.235356762513312029e-01,4.579339723109691201e-02,8.954436450839327932e+00,2.517985611510791255e-01,2.748201438848920652e+00
6.982222772277228984e+00,4.153354632587859252e-02,-1.203407880724174650e-01,4.259850905218317413e-02,8.947242206235012318e+00,3.333333333333333148e-01,2.752997601918465431e+00
6.987178217821783832e+00,4.153354632587859252e-02,-1.192758253461128903e-01,4.472843450479233041e-02,8.988009592326138275e+00,2.997601918465228055e-01,2.671462829736210853e+00
6.992133663366337792e+00,3.727369542066027996e-02,-1.139510117145899892e-01,4.366347177848775574e-02,8.997601918465226944e+00,2.661870503597122406e-01,2.570743405275779381e+00
6.997089108910892641e+00,3.194888178913737886e-02,-9.691160809371672513e-02,3.727369542066027996e-02,8.966426858513189657e+00,3.213429256594724226e-01,2.589928057553956720e+00
7.002044554455446601e+00,2.768903088391906284e-02,-8.306709265175718504e-02,3.620873269435569836e-02,8.952038369304556653e+00,3.908872901678657197e-01,2.669064748201438686e+00
7.007000000000001450e+00,2.236421725239616520e-02,-7.241746538871139671e-02,4.366347177848775574e-02,8.940047961630694928e+00,3.764988009592326046e-01,2.767386091127098435e+00
7.011955445544555410e+00,1.810436634717784918e-02,-6.602768903088392094e-02,5.111821086261980618e-02,9.002398081534773056e+00,2.973621103117505826e-01,2.815347721822541782e+00
7.016910891089110258e+00,1.810436634717784918e-02,-6.283280085197018305e-02,4.472843450479233041e-02,9.016786570743406060e+00,2.350119904076738708e-01,2.832134292565947398e+00
7.021866336633665107e+00,1.916932907348242732e-02,-5.963791267305644517e-02,3.514376996805111675e-02,8.928057553956834980e+00,1.990407673860911386e-01,2.882494004796162912e+00
7.026821782178219067e+00,2.236421725239616520e-02,-6.176783812566560145e-02,3.088391906283280072e-02,8.832134292565946510e+00,1.342925659472422040e-01,2.887290167865707247e+00
7.031777227722773915e+00,2.768903088391906284e-02,-6.283280085197018305e-02,2.449414270500532495e-02,8.810551558752997892e+00,9.592326139088729053e-02,2.829736211031175230e+00
7.036732673267327876e+00,3.407880724174654208e-02,-5.857294994675186356e-02,1.490947816826411129e-02,8.848920863309352569e+00,3.117505995203836977e-02,2.841726618705036067e+00
7.041688118811882724e+00,4.153354632587859252e-02,-5.218317358892438779e-02,0.000000000000000000e+00,8.884892086330935967e+00,9.592326139088728360e-03,2.882494004796162912e+00
7.046643564356436684e+00,5.111821086261980618e-02,-5.005324813631523151e-02,-1.597444089456868943e-02,8.949640287769783598e+00,2.398081534772182090e-03,2.935251798561151038e+00
7.051599009900991533e+00,5.963791267305644517e-02,-5.111821086261980618e-02,-3.194888178913737886e-02,8.971223021582733992e+00,5.755395683453237710e-02,2.942446043165467540e+00
7.056554455445545493e+00,6.602768903088392094e-02,-5.431309904153354406e-02,-4.792332268370606829e-02,9.033573141486810343e+00,1.199040767386091166e-01,2.827338129496403063e+00
7.061509900990100341e+00,7.028753993610223350e-02,-5.005324813631523151e-02,-6.389776357827475772e-02,9.014388489208633004e+00,1.750599520383692986e-01,2.793764988009592276e+00
7.066465346534655190e+00,7.135250266240682204e-02,-4.366347177848775574e-02,-7.880724174653887248e-02,9.057553956834532016e+00,3.069544364508393075e-01,2.726618705035971146e+00
7.071420792079209150e+00,6.709265175718849561e-02,-3.407880724174654208e-02,-8.519701810436634826e-02,9.076738609112709355e+00,4.532374100719424592e-01,2.741007194244604150e+00
7.076376237623763998e+00,6.283280085197018305e-02,-2.449414270500532495e-02,-9.052183173588924936e-02,9.071942446043165020e+00,5.515587529976019310e-01,2.824940047961630896e+00
7.081331683168317959e+00,5.750798722044728195e-02,-2.129925452609158706e-02,-8.945686900958466081e-02,9.052757793764987682e+00,6.235011990407673954e-01,2.944844124700239707e+00
7.086287128712872807e+00,5.111821086261980618e-02,-2.555910543130990309e-02,-8.732694355697551147e-02,9.079136690647482411e+00,6.594724220623501276e-01,3.026378896882493841e+00
7.091242574257426767e+00,4.366347177848775574e-02,-3.407880724174654208e-02,-8.626198083067092293e-02,9.052757793764987682e+00,6.498800959232613472e-01,3.014388489208633004e+00
7.096198019801981616e+00,3.727369542066027996e-02,-4.046858359957401785e-02,-8.732694355697551147e-02,9.045563549160672068e+00,6.714628297362110754e-01,3.040767386091127289e+00
7.101153465346535576e+00,3.833865814696485463e-02,-4.898828541001064990e-02,-8.413205537806177359e-02,9.019184652278177339e+00,6.594724220623501276e-01,3.014388489208633004e+00
7.106108910891090424e+00,4.366347177848775574e-02,-5.218317358892438779e-02,-7.987220447284344715e-02,9.016786570743406060e+00,6.474820143884891799e-01,3.009592326139088669e+00
7.111064356435645273e+00,5.218317358892438779e-02,-5.218317358892438779e-02,-7.348242811501597138e-02,9.045563549160672068e+00,5.707434052757793808e-01,3.043165467625899456e+00
7.116019801980199233e+00,6.389776357827475772e-02,-6.283280085197018305e-02,-7.028753993610223350e-02,9.081534772182253690e+00,4.868105515587530241e-01,3.081534772182254134e+00
7.120975247524754081e+00,7.987220447284344715e-02,-7.135250266240682204e-02,-6.922257720979765883e-02,9.146282973621103096e+00,4.316546762589927866e-01,2.966426858513189657e+00
7.125930693069308042e+00,9.478168264110756192e-02,-7.241746538871139671e-02,-7.348242811501597138e-02,9.247002398081534125e+00,4.028776978417266119e-01,2.803357314148680945e+00
7.130886138613862890e+00,1.096911608093716767e-01,-5.750798722044728195e-02,-7.987220447284344715e-02,9.266187050359711463e+00,4.724220623501199090e-01,2.726618705035971146e+00
7.135841584158416850e+00,1.224707135250266282e-01,-4.259850905218317413e-02,-8.413205537806177359e-02,9.268585131894484519e+00,5.491606714628297636e-01,2.810551558752997447e+00
7.140797029702971699e+00,1.395101171458998923e-01,-3.727369542066027996e-02,-8.093716719914803570e-02,9.290167865707434913e+00,5.731414868105515481e-01,2.805755395683453113e+00
7.145752475247525659e+00,1.501597444089456945e-01,-3.194888178913737886e-02,-8.306709265175718504e-02,9.282973621103117523e+00,6.450839328537170125e-01,2.767386091127098435e+00
7.150707920792080508e+00,1.554845580404685956e-01,-2.875399361022364098e-02,-8.626198083067092293e-02,9.256594724220622794e+00,7.553956834532373765e-01,2.719424460431654644e+00
7.155663366336635356e+00,1.586794462193823196e-01,-2.236421725239616520e-02,-8.306709265175718504e-02,9.268585131894484519e+00,8.992805755395683054e-01,2.649880095923261347e+00
7.160618811881189316e+00,1.597444089456868943e-01,-1.277955271565495154e-02,-7.667731629392970927e-02,9.268585131894484519e+00,1.014388489208633004e+00,2.575539568345323715e+00
7.165574257425744165e+00,1.544195953141639932e-01,-5.324813631522896766e-03,-6.709265175718849561e-02,9.357314148681055599e+00,1.074340527577937632e+00,2.580335731414868050e+00
7.170529702970298125e+00,1.458998935037273681e-01,3.194888178913737886e-03,-5.537806176783812567e-02,9.417266187050358894e+00,1.103117505995203862e+00,2.599520383693045389e+00
7.175485148514852973e+00,1.352502662406815659e-01,9.584664536741213658e-03,-4.579339723109691201e-02,9.422062350119903229e+00,1.179856115107913661e+00,2.616306954436451004e+00
7.180440594059406934e+00,1.256656017039403661e-01,1.384451544195953142e-02,-3.514376996805111675e-02,9.434052757793764954e+00,1.213429256594724226e+00,2.654676258992805682e+00
7.185396039603961782e+00,1.150159744408945639e-01,1.810436634717784918e-02,-2.342917997870074681e-02,9.465227817745804018e+00,1.191846522781774498e+00,2.587529976019184552e+00
7.190351485148516630e+00,1.022364217252396124e-01,2.768903088391906284e-02,-1.064962726304579353e-02,9.460431654676259683e+00,1.167865707434052824e+00,2.529976019184652092e+00
7.195306930693070591e+00,9.371671991480298725e-02,4.046858359957401785e-02,1.064962726304579440e-03,9.443645083932853623e+00,1.119904076738609033e+00,2.568345323741007213e+00
7.200262376237625439e+00,8.945686900958466081e-02,5.324813631522896940e-02,8.519701810436635520e-03,9.510791366906474309e+00,1.074340527577937632e+00,2.604316546762589724e+00
7.205217821782179399e+00,8.839190628328008614e-02,6.602768903088392094e-02,1.916932907348242732e-02,9.472422062350119631e+00,9.928057553956834980e-01,2.702637889688249473e+00
7.210173267326734248e+00,9.052183173588924936e-02,7.561235356762513460e-02,2.662406815761448470e-02,9.443645083932853623e+00,9.400479616306954833e-01,2.880095923261390745e+00
7.215128712871288208e+00,9.691160809371672513e-02,7.774227902023429781e-02,3.407880724174654208e-02,9.407673860911270225e+00,8.705035971223021862e-01,2.940047961630695372e+00
7.220084158415843056e+00,1.075612353567625135e-01,7.241746538871139671e-02,4.259850905218317413e-02,9.350119904076738209e+00,8.201438848920863389e-01,2.988009592326139163e+00
7.225039603960397017e+00,1.214057507987220397e-01,6.496272630457934627e-02,4.792332268370606829e-02,9.297362110311750527e+00,8.273381294964028410e-01,2.968824940047961825e+00
7.229995049504951865e+00,1.416400425985090417e-01,6.070287539936101984e-02,5.431309904153354406e-02,9.302158273381294862e+00,7.985611510791367218e-01,2.944844124700239707e+00
7.234950495049506713e+00,1.597444089456868943e-01,6.070287539936101984e-02,5.963791267305644517e-02,9.330935251798560870e+00,7.697841726618704916e-01,2.928057553956834536e+00
7.239905940594060674e+00,1.725239616613418459e-01,6.176783812566560145e-02,6.070287539936101984e-02,9.364508393285371213e+00,7.553956834532373765e-01,2.997601918465227833e+00
7.244861386138615522e+00,1.853035143769967974e-01,5.644302449414270728e-02,5.750798722044728195e-02,9.374100719424459882e+00,7.194244604316546443e-01,3.093525179856114971e+00
7.249816831683169482e+00,1.948881789137380249e-01,4.153354632587859252e-02,4.898828541001064990e-02,9.383693045563548552e+00,7.386091127098320941e-01,3.139088729016786594e+00
7.254772277227724331e+00,2.066027689030884018e-01,2.342917997870074681e-02,4.046858359957401785e-02,9.378896882494004217e+00,7.601918465227818222e-01,3.059952038369304628e+00
7.259727722772278291e+00,2.151224707135250269e-01,1.384451544195953142e-02,3.194888178913737886e-02,9.371702637889688603e+00,8.273381294964028410e-01,2.959232613908872711e+00
7.264683168316833139e+00,2.236421725239616520e-01,1.171458998935037341e-02,2.981895633652822258e-02,9.321342925659472201e+00,9.304556354916067029e-01,2.952038369304556209e+00
7.269638613861387100e+00,2.300319488817891278e-01,1.171458998935037341e-02,3.620873269435569836e-02,9.299760191846523583e+00,1.002398081534772167e+00,2.995203836930455665e+00
7.274594059405941948e+00,2.332268370607028796e-01,8.519701810436635520e-03,4.153354632587859252e-02,9.362110311750599934e+00,1.009592326139088669e+00,3.009592326139088669e+00
7.279549504950496797e+00,2.332268370607028796e-01,-6.389776357827475772e-03,4.366347177848775574e-02,9.443645083932853623e+00,1.007194244604316502e+00,2.983213429256594829e+00
7.284504950495050757e+00,2.268370607028754038e-01,-1.490947816826411129e-02,4.366347177848775574e-02,9.417266187050358894e+00,1.055155875299760293e+00,2.925659472422062368e+00
7.289460396039605605e+00,2.236421725239616520e-01,-2.342917997870074681e-02,4.472843450479233041e-02,9.393285371702637221e+00,1.081534772182254134e+00,2.863309352517985573e+00
7.294415841584159566e+00,2.215122470713525027e-01,-2.768903088391906284e-02,5.111821086261980618e-02,9.431654676258993675e+00,1.040767386091127067e+00,2.714628297362110310e+00
7.299371287128714414e+00,2.172523961661341763e-01,-2.129925452609158706e-02,5.644302449414270728e-02,9.486810551558752636e+00,9.520383693045563200e-01,2.616306954436451004e+00
7.304326732673268374e+00,2.161874334398296016e-01,-1.384451544195953142e-02,5.537806176783812567e-02,9.491606714628296970e+00,8.920863309352518034e-01,2.640287769784172678e+00
7.309282178217823223e+00,2.172523961661341763e-01,-9.584664536741213658e-03,5.644302449414270728e-02,9.553956834532373321e+00,8.201438848920863389e-01,2.621103117505995339e+00
7.314237623762377183e+00,2.193823216187433534e-01,-5.324813631522896766e-03,4.898828541001064990e-02,9.585131894484412385e+00,7.769784172661871047e-01,2.585131894484412385e+00
7.319193069306932031e+00,2.225772097976570774e-01,0.000000000000000000e+00,3.514376996805111675e-02,9.541966426858513373e+00,7.625899280575539896e-01,2.613908872901678837e+00
7.324148514851486880e+00,2.310969116080937302e-01,5.324813631522896766e-03,3.301384451544196047e-02,9.477218225419663966e+00,7.290167865707434247e-01,2.664268585131894351e+00
7.329103960396040840e+00,2.406815761448349300e-01,6.389776357827475772e-03,2.875399361022364098e-02,9.520383693045562978e+00,6.546762589928057929e-01,2.625899280575539674e+00
7.334059405940595688e+00,2.534611288604898816e-01,9.584664536741213658e-03,2.023429179978700893e-02,9.546762589928057707e+00,6.139088729016786150e-01,2.589928057553956720e+00
7.339014851485149649e+00,2.683706070287539824e-01,1.916932907348242732e-02,6.389776357827475772e-03,9.484412470023981356e+00,6.546762589928057929e-01,2.700239808153477306e+00
7.343970297029704497e+00,2.896698615548455868e-01,2.555910543130990309e-02,-6.389776357827475772e-03,9.426858513189447564e+00,6.978417266187050272e-01,2.858513189448441238e+00
7.348925742574258457e+00,3.152289669861554899e-01,1.703940362087327104e-02,-6.389776357827475772e-03,9.422062350119903229e+00,7.386091127098320941e-01,2.947242206235011874e+00
7.353881188118813306e+00,3.429179978700745424e-01,8.519701810436635520e-03,-1.064962726304579440e-03,9.465227817745804018e+00,7.098321342925659749e-01,2.942446043165467540e+00
7.358836633663368154e+00,3.674121405750798708e-01,5.324813631522896766e-03,-4.259850905218317760e-03,9.467625899280575297e+00,8.033573141486810565e-01,2.968824940047961825e+00
7.363792079207922114e+00,3.897763578274760499e-01,-2.129925452609158880e-03,-4.259850905218317760e-03,9.419664268585131950e+00,9.376498800959233160e-01,2.985611510791366996e+00
7.368747524752476963e+00,4.100106496272630241e-01,-1.384451544195953142e-02,3.194888178913737886e-03,9.448441247002397958e+00,1.069544364508393297e+00,2.942446043165467540e+00
7.373702970297030923e+00,4.217252396166134010e-01,-2.342917997870074681e-02,1.171458998935037341e-02,9.470023980815348352e+00,1.131894484412470092e+00,2.822541966426858728e+00
7.378658415841585771e+00,4.302449414270500538e-01,-2.449414270500532495e-02,2.023429179978700893e-02,9.489208633093525691e+00,1.175059952038369326e+00,2.772182254196642770e+00
7.383613861386139732e+00,4.334398296059637778e-01,-2.662406815761448470e-02,2.768903088391906284e-02,9.474820143884892687e+00,1.242206235011990456e+00,2.803357314148680945e+00
7.388569306930694580e+00,4.313099041533546285e-01,-3.301384451544196047e-02,3.940362087326943624e-02,9.455635491606715348e+00,1.292565947242206192e+00,2.767386091127098435e+00
7.393524752475248540e+00,4.217252396166134010e-01,-3.833865814696485463e-02,5.005324813631523151e-02,9.494004796163070026e+00,1.302158273381294862e+00,2.688249400479616469e+00
7.398480198019803389e+00,4.100106496272630241e-01,-4.259850905218317413e-02,6.070287539936101984e-02,9.525179856115107313e+00,1.306954436450839419e+00,2.597122302158273222e+00
7.403435643564358237e+00,3.993610223642172774e-01,-3.727369542066027996e-02,7.028753993610223350e-02,9.501199040767385640e+00,1.270983213429256686e+00,2.527577937649879924e+00
7.408391089108912198e+00,3.897763578274760499e-01,-3.407880724174654208e-02,7.987220447284344715e-02,9.477218225419663966e+00,1.232613908872901787e+00,2.553956834532374209e+00
7.413346534653467046e+00,3.791267305644302477e-01,-3.194888178913737886e-02,9.052183173588924936e-02,9.489208633093525691e+00,1.153477218225419598e+00,2.510791366906474753e+00
7.418301980198021006e+00,3.706070287539935948e-01,-2.875399361022364098e-02,1.001064962726304630e-01,9.541966426858513373e+00,1.071942446043165464e+00,2.429256594724220619e+00
7.423257425742575855e+00,3.652822151224707214e-01,-1.810436634717784918e-02,1.033013844515442009e-01,9.558752997601917656e+00,9.688249400479616025e-01,2.414868105515587615e+00
7.428212871287129815e+00,3.652822151224707214e-01,-7.454739084132055646e-03,1.075612353567625135e-01,9.585131894484412385e+00,9.352517985611510376e-01,2.402877697841726778e+00
7.433168316831684663e+00,3.695420660276890201e-01,4.259850905218317760e-03,1.107561235356762513e-01,9.561151079136690711e+00,8.201438848920863389e-01,2.460431654676258795e+00
7.438123762376238624e+00,3.769968051118210983e-01,1.916932907348242732e-02,1.160809371671991524e-01,9.558752997601917656e+00,7.386091127098320941e-01,2.474820143884892243e+00
7.443079207920793472e+00,3.908413205537806245e-01,2.555910543130990309e-02,1.182108626198083018e-01,9.585131894484412385e+00,6.810551558752997447e-01,2.510791366906474753e+00
7.448034653465348320e+00,4.089456869009584494e-01,3.620873269435569836e-02,1.203407880724174650e-01,9.587529976019185440e+00,6.714628297362110754e-01,2.539568345323741205e+00
7.452990099009902281e+00,4.291799787007454792e-01,5.005324813631523151e-02,1.192758253461128903e-01,9.544364508393284652e+00,6.906474820143885252e-01,2.613908872901678837e+00
7.457945544554457129e+00,4.472843450479233041e-01,6.070287539936101984e-02,1.235356762513312029e-01,9.527577937649880369e+00,7.242206235011990900e-01,2.702637889688249473e+00
7.462900990099011089e+00,4.632587859424920351e-01,6.389776357827475772e-02,1.277955271565495154e-01,9.426858513189447564e+00,7.937649880095922761e-01,2.805755395683453113e+00
7.467856435643565938e+00,4.802981895633652853e-01,5.963791267305644517e-02,1.309904153354632672e-01,9.345323741007193874e+00,8.177458033573141716e-01,2.906474820143885029e+00
7.472811881188119898e+00,4.984025559105431102e-01,5.111821086261980618e-02,1.405750798722044670e-01,9.333333333333333925e+00,8.249400479616306736e-01,2.918465227817745866e+00
7.477767326732674746e+00,5.133120340788072111e-01,3.940362087326943624e-02,1.533546325878594185e-01,9.347721822541966930e+00,8.345323741007194540e-01,2.889688249400479414e+00
7.482722772277228707e+00,5.228966986155484387e-01,4.046858359957401785e-02,1.629392971246006461e-01,9.390887290167865942e+00,8.057553956834532238e-01,2.863309352517985573e+00
7.487678217821783555e+00,5.335463258785942964e-01,4.046858359957401785e-02,1.650692225772097954e-01,9.424460431654676285e+00,8.513189448441247364e-01,2.904076738609112862e+00
7.492633663366338403e+00,5.399361022364217444e-01,3.514376996805111675e-02,1.682641107561235472e-01,9.414868105515587615e+00,8.297362110311750083e-01,2.976019184652278327e+00
7.497589108910892364e+00,5.431309904153354129e-01,2.768903088391906284e-02,1.725239616613418459e-01,9.431654676258993675e+00,7.649880095923261569e-01,2.952038369304556209e+00
7.502544554455447212e+00,5.441959531416400431e-01,1.916932907348242732e-02,1.725239616613418459e-01,9.455635491606715348e+00,7.434052757793765398e-01,2.860911270983213406e+00
7.507500000000001172e+00,5.441959531416400431e-01,1.597444089456868943e-02,1.693290734824281218e-01,9.448441247002397958e+00,7.721822541966426590e-01,2.781774580335731439e+00
7.512455445544556021e+00,5.452609158679446733e-01,2.236421725239616520e-02,1.693290734824281218e-01,9.453237410071942293e+00,7.793764988009592720e-01,2.705035971223021640e+00
7.517410891089109981e+00,5.431309904153354129e-01,2.875399361022364098e-02,1.703940362087326965e-01,9.477218225419663966e+00,7.362110311750599267e-01,2.736211031175059816e+00
7.522366336633664829e+00,5.441959531416400431e-01,3.407880724174654208e-02,1.703940362087326965e-01,9.477218225419663966e+00,6.954436450839328598e-01,2.793764988009592276e+00
7.527321782178219678e+00,5.431309904153354129e-01,3.088391906283280072e-02,1.693290734824281218e-01,9.501199040767385640e+00,6.690647482014387970e-01,2.817745803357313950e+00
7.532277227722773638e+00,5.441959531416400431e-01,2.662406815761448470e-02,1.650692225772097954e-01,9.498800959232614360e+00,7.098321342925659749e-01,2.796163069544364443e+00
7.537232673267328487e+00,5.484558040468583417e-01,2.449414270500532495e-02,1.618743343982960714e-01,9.460431654676259683e+00,8.033573141486810565e-01,2.764988009592326268e+00
7.542188118811882447e+00,5.516506922257721213e-01,3.088391906283280072e-02,1.714589989350372712e-01,9.484412470023981356e+00,8.872901678657074687e-01,2.748201438848920652e+00
7.547143564356437295e+00,5.537806176783812706e-01,3.727369542066027996e-02,1.853035143769967974e-01,9.520383693045562978e+00,9.136690647482014205e-01,2.745803357314148485e+00
7.552099009900991256e+00,5.537806176783812706e-01,4.792332268370606829e-02,1.970181043663471743e-01,9.472422062350119631e+00,9.496402877697841527e-01,2.836930455635491732e+00
7.557054455445546104e+00,5.569755058572950501e-01,4.898828541001064990e-02,2.097976570820021258e-01,9.395683453237410276e+00,9.808153477218225502e-01,2.966426858513189657e+00
7.562009900990100064e+00,5.591054313099041995e-01,4.579339723109691201e-02,2.247071352502662545e-01,9.371702637889688603e+00,1.011990407673860837e+00,2.985611510791366996e+00
7.566965346534654913e+00,5.559105431309904199e-01,3.514376996805111675e-02,2.449414270500532564e-01,9.434052757793764954e+00,9.520383693045563200e-01,2.980815347721822661e+00
7.571920792079209761e+00,5.591054313099041995e-01,3.301384451544196047e-02,2.619808306709265344e-01,9.479616306954437022e+00,8.657074340527577405e-01,2.932853717026378870e+00
7.576876237623763721e+00,5.644302449414270173e-01,3.940362087326943624e-02,2.779552715654952100e-01,9.436450839328538009e+00,7.505995203836930418e-01,2.983213429256594829e+00
7.581831683168318570e+00,5.633652822151224981e-01,3.833865814696485463e-02,2.843450479233226580e-01,9.388489208633092886e+00,6.258992805755395628e-01,3.117505995203837088e+00
7.586787128712872530e+00,5.601703940362087186e-01,2.129925452609158706e-02,2.800851970181043593e-01,9.362110311750599934e+00,4.580335731414867939e-01,3.249400479616306736e+00
7.591742574257427378e+00,5.559105431309904199e-01,-2.129925452609158880e-03,2.662406815761448331e-01,9.376498800959232938e+00,3.405275779376498724e-01,3.189448441247002553e+00
7.596698019801981339e+00,5.495207667731629719e-01,-2.236421725239616520e-02,2.428115015974440793e-01,9.345323741007193874e+00,3.141486810551558650e-01,3.086330935251798468e+00
7.601653465346536187e+00,5.441959531416400431e-01,-3.514376996805111675e-02,2.204472843450479280e-01,9.278177458033573188e+00,3.333333333333333148e-01,3.091127098321342803e+00
7.606608910891090147e+00,5.378061767838125951e-01,-4.792332268370606829e-02,2.097976570820021258e-01,9.266187050359711463e+00,3.021582733812949728e-01,3.127098321342925757e+00
7.611564356435644996e+00,5.314164004259850360e-01,-6.602768903088392094e-02,1.948881789137380249e-01,9.376498800959232938e+00,1.654676258992805737e-01,3.071942446043165464e+00
7.616519801980199844e+00,5.260915867944622182e-01,-8.093716719914803570e-02,1.682641107561235472e-01,9.412470023980814560e+00,5.275779376498800771e-02,3.014388489208633004e+00
7.621475247524753804e+00,5.197018104366347702e-01,-8.945686900958466081e-02,1.331203407880724165e-01,9.398081534772181556e+00,1.007194244604316530e-01,3.004796163069544335e+00
7.626430693069308653e+00,5.165069222577209906e-01,-9.478168264110756192e-02,1.096911608093716767e-01,9.359712230215826878e+00,2.062350119904076684e-01,3.033573141486810343e+00
7.631386138613862613e+00,5.175718849840255098e-01,-1.011714589989350377e-01,9.265175718849839870e-02,9.333333333333333925e+00,2.062350119904076684e-01,3.038369304556355122e+00
7.636341584158417461e+00,5.218317358892439195e-01,-1.064962726304579388e-01,7.774227902023429781e-02,9.314148681055156587e+00,1.774580335731414937e-01,2.988009592326139163e+00
7.641297029702971422e+00,5.239616613418530688e-01,-1.128860489882854146e-01,6.389776357827475772e-02,9.326139088729016535e+00,2.230215827338129508e-01,3.000000000000000000e+00
7.646252475247526270e+00,5.292864749733758867e-01,-1.203407880724174650e-01,4.898828541001064990e-02,9.311750599520383531e+00,3.477218225419664299e-01,2.966426858513189657e+00
7.651207920792080230e+00,5.314164004259850360e-01,-1.277955271565495154e-01,3.940362087326943624e-02,9.311750599520383531e+00,4.076738609112710021e-01,2.856115107913669071e+00
7.656163366336635079e+00,5.335463258785942964e-01,-1.256656017039403661e-01,3.301384451544196047e-02,9.345323741007193874e+00,4.484412470023980690e-01,2.824940047961630896e+00
7.661118811881189927e+00,5.388711395101171142e-01,-1.214057507987220397e-01,3.088391906283280072e-02,9.378896882494004217e+00,5.035971223021582510e-01,2.875299760191846410e+00
7.666074257425743887e+00,5.410010649627262636e-01,-1.203407880724174650e-01,2.768903088391906284e-02,9.352517985611511264e+00,5.731414868105515481e-01,2.884892086330935079e+00
7.671029702970298736e+00,5.420660276890308937e-01,-1.246006389776357776e-01,2.662406815761448470e-02,9.328537170263789591e+00,6.522781774580336256e-01,2.882494004796162912e+00
7.675985148514852696e+00,5.388711395101171142e-01,-1.309904153354632672e-01,2.875399361022364098e-02,9.326139088729016535e+00,7.050359712230215292e-01,2.810551558752997447e+00
7.680940594059407545e+00,5.335463258785942964e-01,-1.331203407880724165e-01,3.088391906283280072e-02,9.374100719424459882e+00,7.434052757793765398e-01,2.613908872901678837e+00
7.685896039603961505e+00,5.314164004259850360e-01,-1.267305644302449408e-01,3.407880724174654208e-02,9.448441247002397958e+00,7.793764988009592720e-01,2.501199040767386084e+00
7.690851485148516353e+00,5.239616613418530688e-01,-1.075612353567625135e-01,3.940362087326943624e-02,9.422062350119903229e+00,9.016786570743404727e-01,2.563549160671462879e+00
7.695806930693070314e+00,5.218317358892439195e-01,-8.839190628328008614e-02,5.005324813631523151e-02,9.357314148681055599e+00,1.023980815347721895e+00,2.695443645083932971e+00
7.700762376237625162e+00,5.165069222577209906e-01,-8.839190628328008614e-02,7.348242811501597138e-02,9.321342925659472201e+00,1.007194244604316502e+00,2.788968824940047941e+00
7.705717821782180010e+00,5.101171458998935426e-01,-9.691160809371672513e-02,9.691160809371672513e-02,9.294964028776979248e+00,9.328537170263788703e-01,2.661870503597122184e+00
7.710673267326733971e+00,5.005324813631523151e-01,-9.691160809371672513e-02,1.064962726304579388e-01,9.290167865707434913e+00,8.657074340527577405e-01,2.549160671462829875e+00
7.715628712871288819e+00,4.941427050053248116e-01,-8.732694355697551147e-02,1.139510117145899892e-01,9.282973621103117523e+00,8.944844124700239707e-01,2.496402877697841749e+00
7.720584158415842779e+00,4.909478168264110876e-01,-7.241746538871139671e-02,1.341853035143769912e-01,9.302158273381294862e+00,9.112709832134292531e-01,2.448441247002397958e+00
7.725539603960397628e+00,4.856230031948881587e-01,-5.857294994675186356e-02,1.512247071352502692e-01,9.352517985611511264e+00,7.937649880095922761e-01,2.446043165467625791e+00
7.730495049504951588e+00,4.813631522896698600e-01,-4.472843450479233041e-02,1.629392971246006461e-01,9.438848920863309289e+00,6.402877697841726778e-01,2.498800959232613916e+00
7.735450495049506436e+00,4.792332268370607107e-01,-3.833865814696485463e-02,1.629392971246006461e-01,9.419664268585131950e+00,5.371702637889688159e-01,2.558752997601918544e+00
7.740405940594061285e+00,4.781682641107561360e-01,-4.579339723109691201e-02,1.565495207667731703e-01,9.359712230215826878e+00,4.700239808153477417e-01,2.520383693045563422e+00
7.745361386138615245e+00,4.781682641107561360e-01,-4.792332268370606829e-02,1.522896698615548439e-01,9.345323741007193874e+00,4.316546762589927866e-01,2.333333333333333481e+00
7.750316831683170093e+00,4.824281150159744347e-01,-3.301384451544196047e-02,1.490947816826411199e-01,9.321342925659472201e+00,4.052757793764987793e-01,2.258992805755395850e+00
7.755272277227724054e+00,4.845580404685835840e-01,-1.277955271565495154e-02,1.458998935037273681e-01,9.352517985611511264e+00,3.836930455635491621e-01,2.347721822541966485e+00
7.760227722772278902e+00,4.941427050053248116e-01,-1.064962726304579440e-03,1.427050053248136441e-01,9.354916067146282543e+00,3.501199040767385973e-01,2.496402877697841749e+00
7.765183168316832862e+00,4.994675186368476849e-01,-3.194888178913737886e-03,1.341853035143769912e-01,9.335731414868105205e+00,3.429256594724220397e-01,2.582733812949640217e+00
7.770138613861387711e+00,5.047923322683706138e-01,-7.454739084132055646e-03,1.277955271565495154e-01,9.333333333333333925e+00,4.100719424460431695e-01,2.589928057553956720e+00
7.775094059405941671e+00,5.079872204472843933e-01,-7.454739084132055646e-03,1.203407880724174650e-01,9.311750599520383531e+00,4.412470023980815115e-01,2.541966426858513373e+00
7.780049504950496519e+00,5.111821086261980618e-01,1.064962726304579440e-03,1.171458998935037271e-01,9.282973621103117523e+00,4.532374100719424592e-01,2.544364508393285540e+00
7.785004950495051368e+00,5.122470713525026920e-01,8.519701810436635520e-03,1.150159744408945639e-01,9.285371702637888802e+00,4.604316546762590168e-01,2.623501199040767506e+00
7.789960396039605328e+00,5.111821086261980618e-01,8.519701810436635520e-03,1.107561235356762513e-01,9.258992805755395850e+00,4.628297362110311841e-01,2.642685851318944845e+00
7.794915841584160177e+00,5.090521831735889124e-01,2.129925452609158880e-03,1.086261980830670881e-01,9.280575539568344468e+00,4.748201438848920763e-01,2.585131894484412385e+00
7.799871287128714137e+00,5.058572949946751329e-01,0.000000000000000000e+00,1.033013844515442009e-01,9.304556354916067917e+00,5.227817745803357008e-01,2.508393285371702586e+00
7.804826732673268985e+00,5.005324813631523151e-01,4.259850905218317760e-03,1.001064962726304630e-01,9.330935251798560870e+00,5.059952038369304184e-01,2.501199040767386084e+00
7.809782178217822945e+00,4.941427050053248116e-01,8.519701810436635520e-03,9.478168264110756192e-02,9.364508393285371213e+00,5.035971223021582510e-01,2.494004796163069582e+00
7.814737623762377794e+00,4.898828541001065129e-01,1.171458998935037341e-02,9.371671991480298725e-02,9.424460431654676285e+00,4.700239808153477417e-01,2.486810551558753080e+00
7.819693069306931754e+00,4.866879659211927334e-01,1.277955271565495154e-02,8.839190628328008614e-02,9.429256594724220619e+00,4.268585131894484519e-01,2.503597122302158251e+00
7.824648514851486603e+00,4.856230031948881587e-01,1.810436634717784918e-02,8.200212992545261037e-02,9.352517985611511264e+00,4.652278177458033515e-01,2.561151079136690711e+00
7.829603960396041451e+00,4.930777422790202369e-01,2.023429179978700893e-02,8.626198083067092293e-02,9.297362110311750527e+00,5.107913669064748641e-01,2.628297362110311841e+00
7.834559405940595411e+00,5.026624068157614644e-01,1.490947816826411129e-02,9.584664536741213658e-02,9.338129496402878260e+00,4.724220623501199090e-01,2.628297362110311841e+00
7.839514851485150260e+00,5.090521831735889124e-01,1.490947816826411129e-02,9.797657082002129980e-02,9.352517985611511264e+00,4.580335731414867939e-01,2.642685851318944845e+00
7.844470297029704220e+00,5.154419595314163605e-01,1.703940362087327104e-02,9.584664536741213658e-02,9.323741007194245256e+00,5.179856115107913661e-01,2.786570743405275774e+00
7.849425742574259068e+00,5.260915867944622182e-01,1.277955271565495154e-02,9.904153354632587447e-02,9.275779376498800133e+00,5.947242206235011652e-01,2.908872901678657197e+00
7.854381188118813029e+00,5.324813631522896662e-01,1.064962726304579440e-03,1.096911608093716767e-01,9.254196642685851515e+00,6.235011990407673954e-01,2.947242206235011874e+00
7.859336633663367877e+00,5.399361022364217444e-01,-1.171458998935037341e-02,1.203407880724174650e-01,9.239808153477218511e+00,6.378896882494005105e-01,2.882494004796162912e+00
7.864292079207921837e+00,5.420660276890308937e-01,-2.129925452609158706e-02,1.299254526091586925e-01,9.189448441247002108e+00,6.163069544364508934e-01,2.808153477218225280e+00
7.869247524752476686e+00,5.452609158679446733e-01,-2.768903088391906284e-02,1.352502662406815659e-01,9.218225419664268117e+00,5.491606714628297636e-01,2.683453237410072134e+00
7.874202970297031534e+00,5.431309904153354129e-01,-3.301384451544196047e-02,1.363152289669861683e-01,9.270983213429255798e+00,4.916067146282973588e-01,2.628297362110311841e+00
7.879158415841585494e+00,5.346112886048988155e-01,-3.194888178913737886e-02,1.341853035143769912e-01,9.285371702637888802e+00,4.508393285371702364e-01,2.575539568345323715e+00
7.884113861386140343e+00,5.303514376996805169e-01,-2.981895633652822258e-02,1.277955271565495154e-01,9.350119904076738209e+00,4.100719424460431695e-01,2.553956834532374209e+00
7.889069306930694303e+00,5.228966986155484387e-01,-3.088391906283280072e-02,1.214057507987220397e-01,9.381294964028777272e+00,2.973621103117505826e-01,2.534772182254196426e+00
7.894024752475249151e+00,5.133120340788072111e-01,-3.514376996805111675e-02,1.128860489882854146e-01,9.402877697841725890e+00,2.182254196642685884e-01,2.431654676258992787e+00
7.898980198019803112e+00,5.037273695420659836e-01,-3.407880724174654208e-02,1.011714589989350377e-01,9.441247002398082344e+00,1.438848920863309289e-01,2.311750599520383531e+00
7.903935643564357960e+00,4.952076677316293862e-01,-2.662406815761448470e-02,8.626198083067092293e-02,9.503597122302158695e+00,1.175059952038369354e-01,2.191846522781774720e+00
7.908891089108912809e+00,4.866879659211927334e-01,-1.277955271565495154e-02,6.602768903088392094e-02,9.508393285371703030e+00,1.366906474820143991e-01,2.151079136690647431e+00
7.913846534653466769e+00,4.792332268370607107e-01,8.519701810436635520e-03,5.218317358892438779e-02,9.467625899280575297e+00,2.014388489208633060e-01,2.249400479616306736e+00
7.918801980198021617e+00,4.728434504792332072e-01,2.342917997870074681e-02,4.685835995740149362e-02,9.434052757793764954e+00,2.254196642685851182e-01,2.402877697841726778e+00
7.923757425742575577e+00,4.653887113951011845e-01,2.129925452609158706e-02,4.366347177848775574e-02,9.474820143884892687e+00,2.230215827338129508e-01,2.450839328537170125e+00
7.928712871287130426e+00,4.579339723109691063e-01,1.916932907348242732e-02,3.620873269435569836e-02,9.520383693045562978e+00,1.966426858513189435e-01,2.333333333333333481e+00
7.933668316831684386e+00,4.547390841320553823e-01,2.875399361022364098e-02,2.449414270500532495e-02,9.503597122302158695e+00,2.757793764988009655e-01,2.235011990407673732e+00
7.938623762376239235e+00,4.547390841320553823e-01,5.111821086261980618e-02,2.236421725239616520e-02,9.484412470023981356e+00,3.645083932853717124e-01,2.347721822541966485e+00
7.943579207920793195e+00,4.536741214057508076e-01,6.815761448349308416e-02,3.194888178913737886e-02,9.438848920863309289e+00,4.556354916067146266e-01,2.508393285371702586e+00
7.948534653465348043e+00,4.494142705005325089e-01,7.241746538871139671e-02,4.259850905218317413e-02,9.378896882494004217e+00,4.940047961630695261e-01,2.681055155875299967e+00
7.953490099009902892e+00,4.504792332268370836e-01,6.283280085197018305e-02,5.324813631522896940e-02,9.342925659472422595e+00,5.275779376498801465e-01,2.805755395683453113e+00
7.958445544554456852e+00,4.504792332268370836e-01,4.685835995740149362e-02,6.283280085197018305e-02,9.340527577937649539e+00,5.467625899280575963e-01,2.755395683453237599e+00
7.963400990099011700e+00,4.483493077742278787e-01,3.620873269435569836e-02,7.241746538871139671e-02,9.345323741007193874e+00,5.803357314148680501e-01,2.625899280575539674e+00
7.968356435643565661e+00,4.440894568690095801e-01,3.727369542066027996e-02,8.519701810436634826e-02,9.338129496402878260e+00,6.282973621103117301e-01,2.553956834532374209e+00
7.973311881188120509e+00,4.408945686900958560e-01,4.366347177848775574e-02,9.691160809371672513e-02,9.345323741007193874e+00,6.019184652278177783e-01,2.609112709832134502e+00
7.978267326732674469e+00,4.334398296059637778e-01,4.153354632587859252e-02,1.107561235356762513e-01,9.410071942446043280e+00,5.299760191846523139e-01,2.645083932853717013e+00
7.983222772277229318e+00,4.238551650692225503e-01,3.620873269435569836e-02,1.160809371671991524e-01,9.443645083932853623e+00,4.820143884892086339e-01,2.623501199040767506e+00
7.988178217821783278e+00,4.164004259850905276e-01,3.301384451544196047e-02,1.160809371671991524e-01,9.395683453237410276e+00,5.107913669064748641e-01,2.606714628297361891e+00
7.993133663366338126e+00,4.089456869009584494e-01,2.662406815761448470e-02,1.214057507987220397e-01,9.412470023980814560e+00,5.443645083932853179e-01,2.515587529976019088e+00
7.998089108910892975e+00,4.046858359957401508e-01,2.981895633652822258e-02,1.363152289669861683e-01,9.472422062350119631e+00,4.676258992805755188e-01,2.350119904076738653e+00
8.003044554455447823e+00,3.993610223642172774e-01,4.472843450479233041e-02,1.458998935037273681e-01,9.546762589928057707e+00,3.549160671462829875e-01,2.311750599520383531e+00
8.008000000000000895e+00,3.972310969116080726e-01,5.857294994675186356e-02,1.458998935037273681e-01,9.568345323741006325e+00,3.045563549160671402e-01,2.419664268585131950e+00
8.012955445544555744e+00,3.982960596379126472e-01,6.815761448349308416e-02,1.469648562300319428e-01,9.585131894484412385e+00,2.733812949640287981e-01,2.489208633093525247e+00
8.017910891089110592e+00,3.982960596379126472e-01,7.135250266240682204e-02,1.448349307774227934e-01,9.541966426858513373e+00,2.565947242206235157e-01,2.561151079136690711e+00
8.022866336633665441e+00,3.993610223642172774e-01,7.028753993610223350e-02,1.405750798722044670e-01,9.529976019184651648e+00,2.086330935251798635e-01,2.613908872901678837e+00
8.027821782178218513e+00,4.036208732694355761e-01,7.028753993610223350e-02,1.395101171458998923e-01,9.498800959232614360e+00,1.678657074340527688e-01,2.587529976019184552e+00
8.032777227722773361e+00,4.057507987220447254e-01,6.815761448349308416e-02,1.341853035143769912e-01,9.462829736211030962e+00,1.486810551558752913e-01,2.604316546762589724e+00
8.037732673267328209e+00,4.068157614483493001e-01,6.496272630457934627e-02,1.256656017039403661e-01,9.390887290167865942e+00,1.438848920863309289e-01,2.601918465227817556e+00
8.042688118811883058e+00,4.068157614483493001e-01,5.963791267305644517e-02,1.171458998935037271e-01,9.342925659472422595e+00,1.630695443645084064e-01,2.633093525179856176e+00
8.047643564356437906e+00,4.078807241746538748e-01,5.218317358892438779e-02,1.118210862619808260e-01,9.321342925659472201e+00,1.582733812949640162e-01,2.705035971223021640e+00
8.052599009900990978e+00,4.121405750798722289e-01,3.940362087326943624e-02,1.054313099041533502e-01,9.261390887290167129e+00,1.846522781774580235e-01,2.767386091127098435e+00
8.057554455445545827e+00,4.121405750798722289e-01,1.916932907348242732e-02,1.001064962726304630e-01,9.285371702637888802e+00,2.038369304556355011e-01,2.743405275779376318e+00
8.062509900990100675e+00,4.068157614483493001e-01,1.064962726304579440e-03,9.371671991480298725e-02,9.304556354916067917e+00,1.894484412470023860e-01,2.645083932853717013e+00
8.067465346534655524e+00,4.036208732694355761e-01,-9.584664536741213658e-03,8.519701810436634826e-02,9.304556354916067917e+00,1.654676258992805737e-01,2.498800959232613916e+00
8.072420792079208596e+00,3.993610223642172774e-01,-1.277955271565495154e-02,7.987220447284344715e-02,9.383693045563548552e+00,1.630695443645084064e-01,2.424460431654676285e+00
8.077376237623763444e+00,3.961661341853034979e-01,-1.064962726304579353e-02,7.880724174653887248e-02,9.448441247002397958e+00,1.678657074340527688e-01,2.362110311750599489e+00
8.082331683168318293e+00,3.897763578274760499e-01,-3.194888178913737886e-03,7.348242811501597138e-02,9.470023980815348352e+00,1.366906474820143991e-01,2.311750599520383531e+00
8.087287128712873141e+00,3.865814696485623259e-01,-2.129925452609158880e-03,6.283280085197018305e-02,9.494004796163070026e+00,1.366906474820143991e-01,2.292565947242206192e+00
8.092242574257427989e+00,3.833865814696485463e-01,2.129925452609158880e-03,6.070287539936101984e-02,9.551558752997602042e+00,1.414868105515587615e-01,2.203836930455635557e+00
8.097198019801981062e+00,3.780617678381256730e-01,1.277955271565495154e-02,5.963791267305644517e-02,9.577937649880096771e+00,1.151079136690647542e-01,2.151079136690647431e+00
8.102153465346535910e+00,3.738019169329073743e-01,2.875399361022364098e-02,5.750798722044728195e-02,9.508393285371703030e+00,1.175059952038369354e-01,2.131894484412470092e+00
8.107108910891090758e+00,3.706070287539935948e-01,4.259850905218317413e-02,5.431309904153354406e-02,9.491606714628296970e+00,1.654676258992805737e-01,2.184652278177458218e+00
8.112064356435645607e+00,3.631522896698615721e-01,5.431309904153354406e-02,5.431309904153354406e-02,9.522781774580336034e+00,2.158273381294963933e-01,2.223021582733812895e+00
8.117019801980198679e+00,3.567625133120340686e-01,5.963791267305644517e-02,5.644302449414270728e-02,9.558752997601917656e+00,2.517985611510791255e-01,2.254196642685851515e+00
8.121975247524753527e+00,3.471778487752928410e-01,6.602768903088392094e-02,5.644302449414270728e-02,9.517985611510791699e+00,3.381294964028777050e-01,2.256594724220623682e+00
8.126930693069308376e+00,3.312034078807241655e-01,7.454739084132055993e-02,5.750798722044728195e-02,9.489208633093525691e+00,3.764988009592326046e-01,2.292565947242206192e+00
8.131886138613863224e+00,3.194888178913737886e-01,7.561235356762513460e-02,6.815761448349308416e-02,9.467625899280575297e+00,4.220623501199040617e-01,2.335731414868105649e+00
8.136841584158418073e+00,3.099041533546325611e-01,7.348242811501597138e-02,7.561235356762513460e-02,9.484412470023981356e+00,3.956834532374100544e-01,2.306954436450839196e+00
8.141797029702971145e+00,2.949946751863684602e-01,7.987220447284344715e-02,8.306709265175718504e-02,9.455635491606715348e+00,3.645083932853717124e-01,2.292565947242206192e+00
8.146752475247525993e+00,2.822151224707135087e-01,8.839190628328008614e-02,8.839190628328008614e-02,9.422062350119903229e+00,3.597122302158273222e-01,2.364508393285371657e+00
8.151707920792080841e+00,2.715654952076677064e-01,8.945686900958466081e-02,9.584664536741213658e-02,9.489208633093525691e+00,3.093525179856115304e-01,2.450839328537170125e+00
8.156663366336635690e+00,2.641107561235356838e-01,8.732694355697551147e-02,1.043663471778487756e-01,9.546762589928057707e+00,2.541966426858512929e-01,2.393285371702638109e+00
8.161618811881190538e+00,2.566560170394036056e-01,9.052183173588924936e-02,1.064962726304579388e-01,9.575539568345323715e+00,1.942446043165467762e-01,2.366906474820143824e+00
8.166574257425743610e+00,2.492012779552715551e-01,9.797657082002129980e-02,1.075612353567625135e-01,9.604316546762589724e+00,1.870503597122302186e-01,2.383693045563548996e+00
8.171529702970298459e+00,2.449414270500532564e-01,1.033013844515442009e-01,1.128860489882854146e-01,9.580335731414868050e+00,1.894484412470023860e-01,2.338129496402877816e+00
8.176485148514853307e+00,2.364217252396166036e-01,1.107561235356762513e-01,1.139510117145899892e-01,9.558752997601917656e+00,1.894484412470023860e-01,2.352517985611510820e+00
8.181440594059408156e+00,2.268370607028754038e-01,1.171458998935037271e-01,1.192758253461128903e-01,9.585131894484412385e+00,1.726618705035971313e-01,2.378896882494004661e+00
8.186396039603961228e+00,2.204472843450479280e-01,1.203407880724174650e-01,1.192758253461128903e-01,9.633093525179855732e+00,8.393285371702638442e-02,2.381294964028776828e+00
8.191351485148516076e+00,2.119275825346112752e-01,1.235356762513312029e-01,1.118210862619808260e-01,9.604316546762589724e+00,4.316546762589928282e-02,2.494004796163069582e+00
8.196306930693070925e+00,2.076677316293929765e-01,1.214057507987220397e-01,1.054313099041533502e-01,9.527577937649880369e+00,8.393285371702638442e-02,2.657074340527577849e+00
8.201262376237625773e+00,2.066027689030884018e-01,1.064962726304579388e-01,1.054313099041533502e-01,9.453237410071942293e+00,4.796163069544364527e-02,2.719424460431654644e+00
8.206217821782180621e+00,2.087326943556975511e-01,8.945686900958466081e-02,1.064962726304579388e-01,9.443645083932853623e+00,-4.316546762589928282e-02,2.647482014388489180e+00
8.211173267326733693e+00,2.151224707135250269e-01,7.880724174653887248e-02,1.033013844515442009e-01,9.508393285371703030e+00,-5.515587529976018893e-02,2.671462829736210853e+00
8.216128712871288542e+00,2.204472843450479280e-01,7.028753993610223350e-02,1.022364217252396124e-01,9.486810551558752636e+00,-1.918465227817745672e-02,2.729016786570743314e+00
8.221084158415843390e+00,2.289669861554845531e-01,6.283280085197018305e-02,1.011714589989350377e-01,9.431654676258993675e+00,1.678657074340527550e-02,2.791366906474820109e+00
8.226039603960398239e+00,2.374866879659212060e-01,4.792332268370606829e-02,1.022364217252396124e-01,9.477218225419663966e+00,1.438848920863309427e-02,2.800959232613908778e+00
8.230995049504951311e+00,2.417465388711395047e-01,3.088391906283280072e-02,1.011714589989350377e-01,9.546762589928057707e+00,-9.592326139088728360e-03,2.743405275779376318e+00
8.235950495049506159e+00,2.417465388711395047e-01,1.703940362087327104e-02,9.478168264110756192e-02,9.594724220623501054e+00,0.000000000000000000e+00,2.633093525179856176e+00
8.240905940594061008e+00,2.428115015974440793e-01,1.064962726304579353e-02,8.839190628328008614e-02,9.551558752997602042e+00,4.556354916067146404e-02,2.474820143884892243e+00
8.245861386138615856e+00,2.428115015974440793e-01,1.171458998935037341e-02,8.626198083067092293e-02,9.611510791366907114e+00,7.434052757793764565e-02,2.364508393285371657e+00
8.250816831683170705e+00,2.385516506922257807e-01,2.236421725239616520e-02,8.306709265175718504e-02,9.657074340527577405e+00,4.796163069544364527e-02,2.371702637889688159e+00
8.255772277227723777e+00,2.342917997870074542e-01,3.088391906283280072e-02,7.774227902023429781e-02,9.695443645083932083e+00,3.597122302158273222e-02,2.436450839328537121e+00
8.260727722772278625e+00,2.257720979765708291e-01,3.194888178913737886e-02,7.348242811501597138e-02,9.705035971223020752e+00,8.153477218225420320e-02,2.448441247002397958e+00
8.265683168316833473e+00,2.161874334398296016e-01,2.555910543130990309e-02,6.815761448349308416e-02,9.681055155875299079e+00,1.462829736211031240e-01,2.362110311750599489e+00
8.270638613861388322e+00,2.034078807241746500e-01,2.555910543130990309e-02,6.389776357827475772e-02,9.657074340527577405e+00,1.798561151079136611e-01,2.242206235011990234e+00
8.275594059405941394e+00,1.927582534611288478e-01,3.833865814696485463e-02,6.176783812566560145e-02,9.635491606714628787e+00,2.302158273381295084e-01,2.239808153477218067e+00
8.280549504950496242e+00,1.810436634717784987e-01,5.005324813631523151e-02,6.389776357827475772e-02,9.604316546762589724e+00,2.637889688249400733e-01,2.270983213429256686e+00
8.285504950495051091e+00,1.725239616613418459e-01,5.644302449414270728e-02,7.028753993610223350e-02,9.575539568345323715e+00,2.829736211031175230e-01,2.342925659472422151e+00
8.290460396039605939e+00,1.629392971246006461e-01,5.857294994675186356e-02,7.241746538871139671e-02,9.589928057553956720e+00,3.141486810551558650e-01,2.436450839328537121e+00
8.295415841584160788e+00,1.490947816826411199e-01,5.857294994675186356e-02,7.561235356762513460e-02,9.613908872901678393e+00,3.429256594724220397e-01,2.434052757793764954e+00
8.300371287128713860e+00,1.373801916932907430e-01,6.283280085197018305e-02,8.306709265175718504e-02,9.527577937649880369e+00,4.100719424460431695e-01,2.486810551558753080e+00
8.305326732673268708e+00,1.277955271565495154e-01,6.389776357827475772e-02,9.265175718849839870e-02,9.520383693045562978e+00,4.532374100719424592e-01,2.527577937649879924e+00
8.310282178217823557e+00,1.171458998935037271e-01,5.963791267305644517e-02,1.054313099041533502e-01,9.496402877697841305e+00,4.244604316546762846e-01,2.505995203836930418e+00
8.315237623762378405e+00,1.054313099041533502e-01,5.644302449414270728e-02,1.182108626198083018e-01,9.479616306954437022e+00,3.908872901678657197e-01,2.513189448441246920e+00
8.320193069306931477e+00,9.691160809371672513e-02,5.750798722044728195e-02,1.299254526091586925e-01,9.489208633093525691e+00,3.381294964028777050e-01,2.505995203836930418e+00
8.325148514851486325e+00,8.945686900958466081e-02,5.750798722044728195e-02,1.405750798722044670e-01,9.515587529976018644e+00,2.925659472422062479e-01,2.472422062350120076e+00
8.330103960396041174e+00,8.093716719914803570e-02,5.750798722044728195e-02,1.448349307774227934e-01,9.565947242206235046e+00,2.589928057553956831e-01,2.498800959232613916e+00
8.335059405940596022e+00,7.241746538871139671e-02,5.644302449414270728e-02,1.437699680511182188e-01,9.570743405275779381e+00,2.254196642685851182e-01,2.553956834532374209e+00
8.340014851485150871e+00,6.496272630457934627e-02,5.324813631522896940e-02,1.416400425985090417e-01,9.568345323741006325e+00,1.558752997601918489e-01,2.580335731414868050e+00
8.344970297029703943e+00,5.857294994675186356e-02,4.472843450479233041e-02,1.405750798722044670e-01,9.561151079136690711e+00,1.007194244604316530e-01,2.539568345323741205e+00
8.349925742574258791e+00,4.792332268370606829e-02,3.407880724174654208e-02,1.373801916932907430e-01,9.515587529976018644e+00,8.872901678657074687e-02,2.482014388489208745e+00
8.354881188118813640e+00,4.153354632587859252e-02,3.088391906283280072e-02,1.277955271565495154e-01,9.486810551558752636e+00,4.796163069544364527e-02,2.453237410071942293e+00
8.359836633663368488e+00,3.727369542066027996e-02,3.088391906283280072e-02,1.246006389776357776e-01,9.455635491606715348e+00,2.158273381294964141e-02,2.479616306954436578e+00
8.364792079207921560e+00,3.620873269435569836e-02,2.768903088391906284e-02,1.203407880724174650e-01,9.494004796163070026e+00,-6.714628297362110199e-02,2.537170263788969038e+00
8.369747524752476409e+00,3.194888178913737886e-02,1.916932907348242732e-02,1.107561235356762513e-01,9.520383693045562978e+00,-1.438848920863309289e-01,2.532374100719424259e+00
8.374702970297031257e+00,2.981895633652822258e-02,1.384451544195953142e-02,9.691160809371672513e-02,9.505995203836929974e+00,-1.534772182254196538e-01,2.544364508393285540e+00
8.379658415841586105e+00,3.301384451544196047e-02,8.519701810436635520e-03,8.413205537806177359e-02,9.501199040767385640e+00,-2.206235011990407557e-01,2.563549160671462879e+00
8.384613861386140954e+00,3.301384451544196047e-02,3.194888178913737886e-03,6.815761448349308416e-02,9.532374100719424703e+00,-2.949640287769784153e-01,2.448441247002397958e+00
8.389569306930694026e+00,3.088391906283280072e-02,0.000000000000000000e+00,5.218317358892438779e-02,9.561151079136690711e+00,-3.189448441247002553e-01,2.338129496402877816e+00
8.394524752475248874e+00,2.875399361022364098e-02,3.194888178913737886e-03,2.981895633652822258e-02,9.539568345323740317e+00,-3.189448441247002553e-01,2.249400479616306736e+00
8.399480198019803723e+00,2.981895633652822258e-02,1.064962726304579353e-02,9.584664536741213658e-03,9.573141486810552436e+00,-3.045563549160671402e-01,2.182254196642686050e+00
8.404435643564358571e+00,2.875399361022364098e-02,2.129925452609158706e-02,-1.277955271565495154e-02,9.623501199040767062e+00,-3.069544364508393075e-01,2.191846522781774720e+00
8.409391089108911643e+00,2.449414270500532495e-02,3.407880724174654208e-02,-3.727369542066027996e-02,9.640287769784173122e+00,-2.446043165467625957e-01,2.285371702637889690e+00
8.414346534653466492e+00,2.129925452609158706e-02,3.620873269435569836e-02,-5.750798722044728195e-02,9.604316546762589724e+00,-1.366906474820143991e-01,2.417266187050359783e+00
8.419301980198021340e+00,1.916932907348242732e-02,2.875399361022364098e-02,-6.709265175718849561e-02,9.616306954436451448e+00,2.637889688249400386e-02,2.414868105515587615e+00
8.424257425742576189e+00,1.490947816826411129e-02,2.768903088391906284e-02,-7.241746538871139671e-02,9.544364508393284652e+00,2.374100719424460382e-01,2.378896882494004661e+00
8.429212871287131037e+00,8.519701810436635520e-03,2.875399361022364098e-02,-6.922257720979765883e-02,9.448441247002397958e+00,4.196642685851318944e-01,2.448441247002397958e+00
8.434168316831684109e+00,2.129925452609158880e-03,2.875399361022364098e-02,-5.218317358892438779e-02,9.412470023980814560e+00,4.916067146282973588e-01,2.520383693045563422e+00
8.439123762376238957e+00,-4.259850905218317760e-03,2.236421725239616520e-02,-3.407880724174654208e-02,9.460431654676259683e+00,4.676258992805755188e-01,2.577937649880095883e+00
8.444079207920793806e+00,-1.810436634717784918e-02,1.277955271565495154e-02,-1.810436634717784918e-02,9.527577937649880369e+00,4.604316546762590168e-01,2.599520383693045389e+00
8.449034653465348654e+00,-2.875399361022364098e-02,0.000000000000000000e+00,-9.584664536741213658e-03,9.553956834532373321e+00,4.436450839328537343e-01,2.570743405275779381e+00
8.453990099009901726e+00,-3.940362087326943624e-02,-7.454739084132055646e-03,2.129925452609158880e-03,9.546762589928057707e+00,4.364508393285371768e-01,2.510791366906474753e+00
8.458945544554456575e+00,-5.324813631522896940e-02,-9.584664536741213658e-03,1.384451544195953142e-02,9.604316546762589724e+00,3.788968824940047719e-01,2.455635491606714460e+00
8.463900990099011423e+00,-6.709265175718849561e-02,-1.064962726304579353e-02,1.810436634717784918e-02,9.642685851318944401e+00,2.134292565947242259e-01,2.410071942446043280e+00
8.468856435643566272e+00,-7.987220447284344715e-02,-1.810436634717784918e-02,1.171458998935037341e-02,9.690647482014387748e+00,5.755395683453237710e-02,2.350119904076738653e+00
8.473811881188121120e+00,-9.371671991480298725e-02,-2.342917997870074681e-02,-3.194888178913737886e-03,9.664268585131894795e+00,-2.158273381294964141e-02,2.326139088729016979e+00
8.478767326732674192e+00,-1.022364217252396124e-01,-1.916932907348242732e-02,-2.342917997870074681e-02,9.606714628297362779e+00,-2.637889688249400386e-02,2.278177458033573188e+00
8.483722772277229041e+00,-1.128860489882854146e-01,-1.597444089456868943e-02,-4.046858359957401785e-02,9.606714628297362779e+00,-1.918465227817745672e-02,2.326139088729016979e+00
8.488678217821783889e+00,-1.139510117145899892e-01,-1.703940362087327104e-02,-5.218317358892438779e-02,9.630695443645084453e+00,0.000000000000000000e+00,2.366906474820143824e+00
8.493633663366338737e+00,-1.171458998935037271e-01,-1.810436634717784918e-02,-6.709265175718849561e-02,9.654676258992806126e+00,-1.918465227817745672e-02,2.441247002398081456e+00
8.498589108910891810e+00,-1.182108626198083018e-01,-2.023429179978700893e-02,-8.200212992545261037e-02,9.635491606714628787e+00,-1.438848920863309427e-02,2.489208633093525247e+00
8.503544554455446658e+00,-1.160809371671991524e-01,-2.662406815761448470e-02,-9.478168264110756192e-02,9.589928057553956720e+00,8.393285371702638442e-02,2.515587529976019088e+00
8.508500000000001506e+00,-1.107561235356762513e-01,-3.194888178913737886e-02,-1.011714589989350377e-01,9.534772182254195982e+00,1.678657074340527688e-01,2.517985611510791255e+00
8.513455445544556355e+00,-1.054313099041533502e-01,-3.301384451544196047e-02,-9.797657082002129980e-02,9.527577937649880369e+00,2.038369304556355011e-01,2.496402877697841749e+00
8.518410891089111203e+00,-9.904153354632587447e-02,-2.981895633652822258e-02,-9.904153354632587447e-02,9.549160671462828986e+00,2.398081534772182333e-01,2.525179856115107757e+00
8.523366336633664275e+00,-9.584664536741213658e-02,-3.088391906283280072e-02,-9.904153354632587447e-02,9.549160671462828986e+00,3.045563549160671402e-01,2.623501199040767506e+00
8.528321782178219124e+00,-9.478168264110756192e-02,-4.153354632587859252e-02,-9.691160809371672513e-02,9.503597122302158695e+00,3.501199040767385973e-01,2.618705035971223172e+00
8.533277227722773972e+00,-9.478168264110756192e-02,-5.431309904153354406e-02,-9.371671991480298725e-02,9.527577937649880369e+00,3.477218225419664299e-01,2.484412470023980912e+00
8.538232673267328821e+00,-1.022364217252396124e-01,-6.070287539936101984e-02,-9.691160809371672513e-02,9.589928057553956720e+00,3.309352517985611475e-01,2.340527577937649983e+00
8.543188118811883669e+00,-1.086261980830670881e-01,-5.963791267305644517e-02,-1.001064962726304630e-01,9.594724220623501054e+00,3.573141486810551548e-01,2.268585131894484519e+00
8.548143564356436741e+00,-1.182108626198083018e-01,-5.218317358892438779e-02,-1.064962726304579388e-01,9.558752997601917656e+00,4.268585131894484519e-01,2.251798561151079348e+00
8.553099009900991589e+00,-1.288604898828540901e-01,-4.898828541001064990e-02,-1.086261980830670881e-01,9.525179856115107313e+00,4.388489208633093441e-01,2.285371702637889690e+00
8.558054455445546438e+00,-1.437699680511182188e-01,-4.898828541001064990e-02,-1.086261980830670881e-01,9.561151079136690711e+00,4.820143884892086339e-01,2.347721822541966485e+00
8.563009900990101286e+00,-1.576144834930777450e-01,-5.005324813631523151e-02,-1.128860489882854146e-01,9.517985611510791699e+00,5.563549160671462657e-01,2.354916067146282987e+00
8.567965346534654358e+00,-1.640042598509052207e-01,-5.431309904153354406e-02,-1.128860489882854146e-01,9.474820143884892687e+00,6.258992805755395628e-01,2.347721822541966485e+00
8.572920792079209207e+00,-1.703940362087326965e-01,-5.218317358892438779e-02,-1.033013844515442009e-01,9.446043165467626679e+00,6.714628297362110754e-01,2.386091127098321163e+00
8.577876237623764055e+00,-1.735889243876464205e-01,-5.005324813631523151e-02,-8.732694355697551147e-02,9.417266187050358894e+00,6.834532374100719121e-01,2.410071942446043280e+00
8.582831683168318904e+00,-1.757188498402555976e-01,-5.005324813631523151e-02,-7.135250266240682204e-02,9.417266187050358894e+00,6.139088729016786150e-01,2.448441247002397958e+00
8.587787128712873752e+00,-1.757188498402555976e-01,-5.218317358892438779e-02,-6.389776357827475772e-02,9.465227817745804018e+00,5.467625899280575963e-01,2.458033573141486627e+00
8.592742574257426824e+00,-1.746538871139510229e-01,-5.218317358892438779e-02,-5.963791267305644517e-02,9.467625899280575297e+00,5.491606714628297636e-01,2.455635491606714460e+00
8.597698019801981673e+00,-1.735889243876464205e-01,-5.324813631522896940e-02,-5.324813631522896940e-02,9.417266187050358894e+00,5.779376498800958828e-01,2.388489208633093330e+00
8.602653465346536521e+00,-1.714589989350372712e-01,-5.431309904153354406e-02,-4.259850905218317413e-02,9.398081534772181556e+00,5.107913669064748641e-01,2.318944844124700033e+00
8.607608910891091369e+00,-1.693290734824281218e-01,-5.431309904153354406e-02,-3.833865814696485463e-02,9.424460431654676285e+00,4.148681055155875042e-01,2.251798561151079348e+00
8.612564356435644441e+00,-1.693290734824281218e-01,-5.324813631522896940e-02,-4.046858359957401785e-02,9.462829736211030962e+00,3.093525179856115304e-01,2.194244604316546887e+00
8.617519801980199290e+00,-1.661341853035143701e-01,-5.537806176783812567e-02,-5.005324813631523151e-02,9.489208633093525691e+00,2.877697841726618577e-01,2.074340527577937632e+00
8.622475247524754138e+00,-1.661341853035143701e-01,-5.218317358892438779e-02,-6.496272630457934627e-02,9.541966426858513373e+00,3.117505995203836977e-01,2.055155875299760293e+00
8.627430693069308987e+00,-1.661341853035143701e-01,-4.259850905218317413e-02,-7.454739084132055993e-02,9.580335731414868050e+00,3.261390887290168128e-01,2.009592326139088669e+00
8.632386138613863835e+00,-1.618743343982960714e-01,-3.088391906283280072e-02,-8.413205537806177359e-02,9.628297362110311397e+00,3.357314148681055377e-01,2.040767386091127289e+00
8.637341584158416907e+00,-1.586794462193823196e-01,-2.236421725239616520e-02,-9.265175718849839870e-02,9.601918465227818444e+00,3.741007194244604372e-01,2.129496402877697925e+00
8.642297029702971756e+00,-1.533546325878594185e-01,-2.023429179978700893e-02,-1.001064962726304630e-01,9.520383693045562978e+00,4.556354916067146266e-01,2.187050359712230385e+00
8.647252475247526604e+00,-1.490947816826411199e-01,-2.236421725239616520e-02,-1.022364217252396124e-01,9.482014388489208301e+00,5.227817745803357008e-01,2.155875299760191766e+00
8.652207920792081453e+00,-1.448349307774227934e-01,-1.810436634717784918e-02,-1.033013844515442009e-01,9.498800959232614360e+00,6.139088729016786150e-01,2.141486810551558762e+00
8.657163366336634525e+00,-1.405750798722044670e-01,-5.324813631522896766e-03,-1.022364217252396124e-01,9.494004796163070026e+00,6.762589928057554101e-01,2.220623501199040728e+00
8.662118811881189373e+00,-1.352502662406815659e-01,2.129925452609158880e-03,-9.265175718849839870e-02,9.544364508393284652e+00,7.338129496402877594e-01,2.364508393285371657e+00
8.667074257425744221e+00,-1.277955271565495154e-01,8.519701810436635520e-03,-8.093716719914803570e-02,9.515587529976018644e+00,7.913669064748201087e-01,2.462829736211030962e+00
8.672029702970299070e+00,-1.214057507987220397e-01,-1.064962726304579440e-03,-6.709265175718849561e-02,9.443645083932853623e+00,8.417266187050359560e-01,2.503597122302158251e+00
8.676985148514853918e+00,-1.139510117145899892e-01,-1.064962726304579353e-02,-5.431309904153354406e-02,9.388489208633092886e+00,9.016786570743404727e-01,2.455635491606714460e+00
8.681940594059406990e+00,-1.096911608093716767e-01,-1.490947816826411129e-02,-4.472843450479233041e-02,9.364508393285371213e+00,9.568345323741007658e-01,2.390887290167865498e+00
8.686896039603961839e+00,-1.075612353567625135e-01,-2.023429179978700893e-02,-2.981895633652822258e-02,9.359712230215826878e+00,9.736211031175060482e-01,2.340527577937649983e+00
8.691851485148516687e+00,-1.033013844515442009e-01,-2.342917997870074681e-02,-1.277955271565495154e-02,9.383693045563548552e+00,1.007194244604316502e+00,2.381294964028776828e+00
8.696806930693071536e+00,-1.001064962726304630e-01,-2.449414270500532495e-02,6.389776357827475772e-03,9.402877697841725890e+00,9.832134292565947176e-01,2.390887290167865498e+00
8.701762376237624608e+00,-1.022364217252396124e-01,-2.768903088391906284e-02,2.129925452609158706e-02,9.465227817745804018e+00,9.544364508393284874e-01,2.410071942446043280e+00
8.706717821782179456e+00,-1.022364217252396124e-01,-3.620873269435569836e-02,2.981895633652822258e-02,9.472422062350119631e+00,8.729016786570743536e-01,2.362110311750599489e+00
8.711673267326734305e+00,-1.054313099041533502e-01,-4.046858359957401785e-02,3.514376996805111675e-02,9.472422062350119631e+00,8.441247002398081234e-01,2.232613908872901565e+00
8.716628712871289153e+00,-1.075612353567625135e-01,-3.727369542066027996e-02,4.046858359957401785e-02,9.510791366906474309e+00,8.369304556354916214e-01,2.119904076738609255e+00
8.721584158415844001e+00,-1.086261980830670881e-01,-2.875399361022364098e-02,5.005324813631523151e-02,9.558752997601917656e+00,7.937649880095922761e-01,2.059952038369304628e+00
8.726539603960397073e+00,-1.128860489882854146e-01,-1.384451544195953142e-02,5.324813631522896940e-02,9.575539568345323715e+00,7.122302158273381423e-01,2.083932853717026301e+00
8.731495049504951922e+00,-1.139510117145899892e-01,-1.064962726304579440e-03,5.218317358892438779e-02,9.597122302158274110e+00,6.690647482014387970e-01,2.124700239808153590e+00
8.736450495049506770e+00,-1.150159744408945639e-01,1.064962726304579440e-03,4.579339723109691201e-02,9.553956834532373321e+00,6.450839328537170125e-01,2.199040767386091222e+00
8.741405940594061619e+00,-1.192758253461128903e-01,2.129925452609158880e-03,3.514376996805111675e-02,9.515587529976018644e+00,6.450839328537170125e-01,2.261390887290168017e+00
8.746361386138614691e+00,-1.182108626198083018e-01,3.194888178913737886e-03,2.875399361022364098e-02,9.491606714628296970e+00,6.930455635491606925e-01,2.287769784172661858e+00
8.751316831683169539e+00,-1.150159744408945639e-01,3.194888178913737886e-03,2.342917997870074681e-02,9.436450839328538009e+00,7.601918465227818222e-01,2.326139088729016979e+00
8.756272277227724388e+00,-1.107561235356762513e-01,3.194888178913737886e-03,2.768903088391906284e-02,9.417266187050358894e+00,8.729016786570743536e-01,2.381294964028776828e+00
8.761227722772279236e+00,-1.075612353567625135e-01,2.129925452609158880e-03,4.046858359957401785e-02,9.390887290167865942e+00,8.896882494004796360e-01,2.424460431654676285e+00
8.766183168316834085e+00,-1.054313099041533502e-01,-3.194888178913737886e-03,5.218317358892438779e-02,9.405275779376498946e+00,8.177458033573141716e-01,2.414868105515587615e+00
8.771138613861387157e+00,-1.064962726304579388e-01,-1.064962726304579353e-02,5.750798722044728195e-02,9.450839328537171014e+00,7.673860911270983243e-01,2.424460431654676285e+00
8.776094059405942005e+00,-1.118210862619808260e-01,-1.490947816826411129e-02,5.537806176783812567e-02,9.470023980815348352e+00,7.745803357314148263e-01,2.381294964028776828e+00
8.781049504950496853e+00,-1.139510117145899892e-01,-1.810436634717784918e-02,5.431309904153354406e-02,9.443645083932853623e+00,7.793764988009592720e-01,2.321342925659472201e+00
8.786004950495051702e+00,-1.171458998935037271e-01,-1.277955271565495154e-02,5.857294994675186356e-02,9.520383693045562978e+00,6.954436450839328598e-01,2.292565947242206192e+00
8.790960396039604774e+00,-1.214057507987220397e-01,0.000000000000000000e+00,5.644302449414270728e-02,9.549160671462828986e+00,6.139088729016786150e-01,2.254196642685851515e+00
8.795915841584159622e+00,-1.224707135250266282e-01,1.171458998935037341e-02,5.005324813631523151e-02,9.541966426858513373e+00,5.251798561151078681e-01,2.333333333333333481e+00
8.800871287128714471e+00,-1.203407880724174650e-01,1.810436634717784918e-02,4.046858359957401785e-02,9.525179856115107313e+00,4.796163069544364665e-01,2.386091127098321163e+00
8.805826732673269319e+00,-1.192758253461128903e-01,2.023429179978700893e-02,2.981895633652822258e-02,9.515587529976018644e+00,4.436450839328537343e-01,2.412470023980815448e+00
8.810782178217824168e+00,-1.139510117145899892e-01,2.555910543130990309e-02,1.810436634717784918e-02,9.491606714628296970e+00,4.508393285371702364e-01,2.458033573141486627e+00
8.815737623762377240e+00,-1.043663471778487756e-01,2.981895633652822258e-02,7.454739084132055646e-03,9.393285371702637221e+00,4.892086330935251914e-01,2.546762589928057707e+00
8.820693069306932088e+00,-9.371671991480298725e-02,3.088391906283280072e-02,-1.064962726304579440e-03,9.314148681055156587e+00,5.227817745803357008e-01,2.657074340527577849e+00
8.825648514851486937e+00,-8.093716719914803570e-02,2.236421725239616520e-02,-2.129925452609158880e-03,9.287769784172661858e+00,5.515587529976019310e-01,2.707434052757793808e+00
8.830603960396041785e+00,-6.815761448349308416e-02,1.277955271565495154e-02,-5.324813631522896766e-03,9.268585131894484519e+00,5.563549160671462657e-01,2.683453237410072134e+00
8.835559405940594857e+00,-6.389776357827475772e-02,2.129925452609158880e-03,-1.597444089456868943e-02,9.273381294964028854e+00,5.875299760191846632e-01,2.693045563549160804e+00
8.840514851485149705e+00,-6.070287539936101984e-02,-1.064962726304579353e-02,-2.449414270500532495e-02,9.244604316546762846e+00,6.402877697841726778e-01,2.693045563549160804e+00
8.845470297029704554e+00,-5.857294994675186356e-02,-2.236421725239616520e-02,-2.768903088391906284e-02,9.235011990407674176e+00,6.474820143884891799e-01,2.659472422062350017e+00
8.850425742574259402e+00,-6.176783812566560145e-02,-2.981895633652822258e-02,-4.046858359957401785e-02,9.254196642685851515e+00,6.474820143884891799e-01,2.642685851318944845e+00
8.855381188118814251e+00,-6.176783812566560145e-02,-3.833865814696485463e-02,-4.898828541001064990e-02,9.263788968824940184e+00,6.474820143884891799e-01,2.577937649880095883e+00
8.860336633663367323e+00,-5.963791267305644517e-02,-4.898828541001064990e-02,-5.750798722044728195e-02,9.280575539568344468e+00,6.546762589928057929e-01,2.517985611510791255e+00
8.865292079207922171e+00,-5.963791267305644517e-02,-5.218317358892438779e-02,-6.496272630457934627e-02,9.350119904076738209e+00,6.282973621103117301e-01,2.443645083932853623e+00
8.870247524752477020e+00,-6.070287539936101984e-02,-4.472843450479233041e-02,-7.348242811501597138e-02,9.388489208633092886e+00,6.187050359712230607e-01,2.402877697841726778e+00
8.875202970297031868e+00,-5.857294994675186356e-02,-3.620873269435569836e-02,-8.200212992545261037e-02,9.407673860911270225e+00,6.546762589928057929e-01,2.407673860911271113e+00
8.880158415841584940e+00,-5.431309904153354406e-02,-3.301384451544196047e-02,-8.413205537806177359e-02,9.431654676258993675e+00,6.666666666666666297e-01,2.419664268585131950e+00
8.885113861386139789e+00,-5.005324813631523151e-02,-2.981895633652822258e-02,-8.519701810436634826e-02,9.366906474820144268e+00,6.930455635491606925e-01,2.412470023980815448e+00
8.890069306930694637e+00,-4.472843450479233041e-02,-2.555910543130990309e-02,-8.732694355697551147e-02,9.306954436450839196e+00,8.009592326139088891e-01,2.400479616306954611e+00
8.895024752475249485e+00,-3.833865814696485463e-02,-2.342917997870074681e-02,-7.987220447284344715e-02,9.270983213429255798e+00,8.657074340527577405e-01,2.364508393285371657e+00
8.899980198019804334e+00,-3.301384451544196047e-02,-1.810436634717784918e-02,-6.602768903088392094e-02,9.328537170263789591e+00,9.208633093525180335e-01,2.287769784172661858e+00
8.904935643564357406e+00,-3.301384451544196047e-02,-3.194888178913737886e-03,-5.218317358892438779e-02,9.390887290167865942e+00,9.448441247002398180e-01,2.263788968824940184e+00
8.909891089108912254e+00,-3.407880724174654208e-02,9.584664536741213658e-03,-4.259850905218317413e-02,9.434052757793764954e+00,9.304556354916067029e-01,2.347721822541966485e+00
8.914846534653467103e+00,-3.620873269435569836e-02,1.810436634717784918e-02,-3.407880724174654208e-02,9.455635491606715348e+00,9.160671462829735878e-01,2.390887290167865498e+00
8.919801980198021951e+00,-3.514376996805111675e-02,2.023429179978700893e-02,-2.449414270500532495e-02,9.417266187050358894e+00,9.352517985611510376e-01,2.383693045563548996e+00
8.924757425742576800e+00,-3.727369542066027996e-02,2.449414270500532495e-02,-1.277955271565495154e-02,9.402877697841725890e+00,9.088729016786570858e-01,2.371702637889688159e+00
8.929712871287129872e+00,-3.514376996805111675e-02,3.407880724174654208e-02,1.064962726304579440e-03,9.366906474820144268e+00,8.944844124700239707e-01,2.386091127098321163e+00
8.934668316831684720e+00,-3.194888178913737886e-02,4.792332268370606829e-02,1.171458998935037341e-02,9.330935251798560870e+00,8.992805755395683054e-01,2.407673860911271113e+00
8.939623762376239569e+00,-2.981895633652822258e-02,6.283280085197018305e-02,2.449414270500532495e-02,9.275779376498800133e+00,9.160671462829735878e-01,2.513189448441246920e+00
8.944579207920794417e+00,-2.555910543130990309e-02,6.815761448349308416e-02,3.833865814696485463e-02,9.251798561151078459e+00,9.136690647482014205e-01,2.649880095923261347e+00
8.949534653465347489e+00,-2.236421725239616520e-02,6.070287539936101984e-02,5.537806176783812567e-02,9.242206235011989790e+00,8.968824940047961380e-01,2.688249400479616469e+00
8.954490099009902337e+00,-2.236421725239616520e-02,5.324813631522896940e-02,7.135250266240682204e-02,9.227817745803356786e+00,8.824940047961630230e-01,2.618705035971223172e+00
8.959445544554457186e+00,-2.236421725239616520e-02,4.898828541001064990e-02,8.413205537806177359e-02,9.280575539568344468e+00,8.033573141486810565e-01,2.510791366906474753e+00
8.964400990099012034e+00,-2.129925452609158706e-02,5.324813631522896940e-02,9.158679446219382403e-02,9.302158273381294862e+00,7.266187050359712574e-01,2.431654676258992787e+00
8.969356435643566883e+00,-2.129925452609158706e-02,6.389776357827475772e-02,9.478168264110756192e-02,9.326139088729016535e+00,6.570743405275779603e-01,2.458033573141486627e+00
8.974311881188119955e+00,-2.023429179978700893e-02,6.815761448349308416e-02,9.691160809371672513e-02,9.328537170263789591e+00,6.091127098321342803e-01,2.534772182254196426e+00
8.979267326732674803e+00,-1.916932907348242732e-02,6.815761448349308416e-02,1.011714589989350377e-01,9.350119904076738209e+00,5.443645083932853179e-01,2.597122302158273222e+00
8.984222772277229652e+00,-1.490947816826411129e-02,6.283280085197018305e-02,9.904153354632587447e-02,9.326139088729016535e+00,4.868105515587530241e-01,2.604316546762589724e+00
8.989178217821784500e+00,-1.064962726304579353e-02,5.857294994675186356e-02,9.052183173588924936e-02,9.309352517985612252e+00,4.508393285371702364e-01,2.563549160671462879e+00
8.994133663366337572e+00,-6.389776357827475772e-03,6.070287539936101984e-02,8.413205537806177359e-02,9.270983213429255798e+00,4.820143884892086339e-01,2.546762589928057707e+00
8.999089108910892421e+00,-4.259850905218317760e-03,6.176783812566560145e-02,8.413205537806177359e-02,9.278177458033573188e+00,5.035971223021582510e-01,2.577937649880095883e+00
9.004044554455447269e+00,1.064962726304579440e-03,6.283280085197018305e-02,8.839190628328008614e-02,9.321342925659472201e+00,4.724220623501199090e-01,2.577937649880095883e+00
9.009000000000002117e+00,5.324813631522896766e-03,6.815761448349308416e-02,8.306709265175718504e-02,9.371702637889688603e+00,3.836930455635491621e-01,2.599520383693045389e+00
9.013955445544556966e+00,4.259850905218317760e-03,7.135250266240682204e-02,7.241746538871139671e-02,9.410071942446043280e+00,4.028776978417266119e-01,2.637889688249400511e+00
9.018910891089110038e+00,5.324813631522896766e-03,7.348242811501597138e-02,6.389776357827475772e-02,9.443645083932853623e+00,4.316546762589927866e-01,2.688249400479616469e+00
9.023866336633664886e+00,6.389776357827475772e-03,7.561235356762513460e-02,5.537806176783812567e-02,9.424460431654676285e+00,5.179856115107913661e-01,2.724220623501198979e+00
9.028821782178219735e+00,9.584664536741213658e-03,7.667731629392970927e-02,5.005324813631523151e-02,9.376498800959232938e+00,5.587529976019184330e-01,2.752997601918465431e+00
9.033777227722774583e+00,1.064962726304579353e-02,7.454739084132055993e-02,5.005324813631523151e-02,9.285371702637888802e+00,5.539568345323740983e-01,2.793764988009592276e+00
9.038732673267327655e+00,1.597444089456868943e-02,6.496272630457934627e-02,5.218317358892438779e-02,9.266187050359711463e+00,5.731414868105515481e-01,2.741007194244604150e+00
9.043688118811882504e+00,1.916932907348242732e-02,5.857294994675186356e-02,5.644302449414270728e-02,9.230215827338129841e+00,6.091127098321342803e-01,2.661870503597122184e+00
9.048643564356437352e+00,2.555910543130990309e-02,5.857294994675186356e-02,5.963791267305644517e-02,9.232613908872901121e+00,6.450839328537170125e-01,2.659472422062350017e+00
9.053599009900992201e+00,2.875399361022364098e-02,5.963791267305644517e-02,6.496272630457934627e-02,9.227817745803356786e+00,6.642685851318944623e-01,2.772182254196642770e+00
9.058554455445547049e+00,3.194888178913737886e-02,5.324813631522896940e-02,7.135250266240682204e-02,9.299760191846523583e+00,6.666666666666666297e-01,2.827338129496403063e+00
9.063509900990100121e+00,2.981895633652822258e-02,3.833865814696485463e-02,7.561235356762513460e-02,9.326139088729016535e+00,6.546762589928057929e-01,2.805755395683453113e+00
9.068465346534654969e+00,2.662406815761448470e-02,2.875399361022364098e-02,7.880724174653887248e-02,9.278177458033573188e+00,7.098321342925659749e-01,2.719424460431654644e+00
9.073420792079209818e+00,2.449414270500532495e-02,2.555910543130990309e-02,8.732694355697551147e-02,9.251798561151078459e+00,7.697841726618704916e-01,2.611510791366906670e+00
9.078376237623764666e+00,2.342917997870074681e-02,2.768903088391906284e-02,9.691160809371672513e-02,9.256594724220622794e+00,7.817745803357314394e-01,2.527577937649879924e+00
9.083331683168317738e+00,2.023429179978700893e-02,4.366347177848775574e-02,1.096911608093716767e-01,9.306954436450839196e+00,7.338129496402877594e-01,2.546762589928057707e+00
9.088287128712872587e+00,1.703940362087327104e-02,5.218317358892438779e-02,1.214057507987220397e-01,9.366906474820144268e+00,7.146282973621103096e-01,2.642685851318944845e+00
9.093242574257427435e+00,1.384451544195953142e-02,4.898828541001064990e-02,1.299254526091586925e-01,9.364508393285371213e+00,7.218225419664268117e-01,2.657074340527577849e+00
9.098198019801982284e+00,6.389776357827475772e-03,3.940362087326943624e-02,1.341853035143769912e-01,9.352517985611511264e+00,7.194244604316546443e-01,2.580335731414868050e+00
9.103153465346537132e+00,-1.064962726304579440e-03,3.833865814696485463e-02,1.395101171458998923e-01,9.335731414868105205e+00,6.834532374100719121e-01,2.407673860911271113e+00
9.108108910891090204e+00,-7.454739084132055646e-03,5.111821086261980618e-02,1.437699680511182188e-01,9.318944844124700921e+00,6.306954436450838974e-01,2.330935251798561314e+00
9.113064356435645053e+00,-9.584664536741213658e-03,7.241746538871139671e-02,1.480298189563365174e-01,9.316546762589927866e+00,5.659472422062350461e-01,2.453237410071942293e+00
9.118019801980199901e+00,-8.519701810436635520e-03,8.839190628328008614e-02,1.501597444089456945e-01,9.304556354916067917e+00,4.532374100719424592e-01,2.654676258992805682e+00
9.122975247524754749e+00,-9.584664536741213658e-03,8.945686900958466081e-02,1.448349307774227934e-01,9.330935251798560870e+00,3.669064748201438797e-01,2.836930455635491732e+00
9.127930693069307821e+00,-9.584664536741213658e-03,7.987220447284344715e-02,1.331203407880724165e-01,9.357314148681055599e+00,2.446043165467625957e-01,2.875299760191846410e+00
9.132886138613862670e+00,-8.519701810436635520e-03,7.135250266240682204e-02,1.171458998935037271e-01,9.275779376498800133e+00,2.302158273381295084e-01,2.812949640287769615e+00
9.137841584158417518e+00,-1.064962726304579440e-03,7.135250266240682204e-02,1.022364217252396124e-01,9.237410071942445455e+00,2.134292565947242259e-01,2.786570743405275774e+00
9.142797029702972367e+00,1.171458998935037341e-02,7.774227902023429781e-02,9.371671991480298725e-02,9.211031175059952503e+00,1.726618705035971313e-01,2.786570743405275774e+00
9.147752475247527215e+00,2.023429179978700893e-02,7.774227902023429781e-02,8.306709265175718504e-02,9.266187050359711463e+00,6.235011990407673954e-02,2.791366906474820109e+00
9.152707920792080287e+00,2.875399361022364098e-02,7.561235356762513460e-02,6.389776357827475772e-02,9.369304556354915547e+00,4.076738609112710160e-02,2.700239808153477306e+00
9.157663366336635136e+00,4.046858359957401785e-02,7.454739084132055993e-02,4.259850905218317413e-02,9.453237410071942293e+00,4.076738609112710160e-02,2.635491606714628343e+00
9.162618811881189984e+00,4.685835995740149362e-02,8.519701810436634826e-02,1.703940362087327104e-02,9.472422062350119631e+00,1.678657074340527688e-01,2.664268585131894351e+00
9.167574257425744833e+00,5.111821086261980618e-02,9.691160809371672513e-02,1.064962726304579440e-03,9.417266187050358894e+00,3.597122302158273222e-01,2.810551558752997447e+00
9.172529702970297905e+00,5.750798722044728195e-02,9.371671991480298725e-02,1.064962726304579440e-03,9.366906474820144268e+00,4.052757793764987793e-01,2.858513189448441238e+00
9.177485148514852753e+00,6.070287539936101984e-02,8.945686900958466081e-02,2.129925452609158880e-03,9.443645083932853623e+00,3.788968824940047719e-01,2.805755395683453113e+00
9.182440594059407601e+00,5.750798722044728195e-02,9.158679446219382403e-02,-1.064962726304579353e-02,9.426858513189447564e+00,4.604316546762590168e-01,2.774580335731414937e+00
9.187396039603962450e+00,5.537806176783812567e-02,9.158679446219382403e-02,-2.129925452609158706e-02,9.290167865707434913e+00,6.858513189448440794e-01,2.892086330935251581e+00
9.192351485148517298e+00,6.070287539936101984e-02,8.626198083067092293e-02,-1.064962726304579353e-02,9.244604316546762846e+00,8.129496402877698369e-01,2.954436450839328376e+00
9.197306930693070370e+00,6.070287539936101984e-02,7.667731629392970927e-02,9.584664536741213658e-03,9.378896882494004217e+00,7.314148681055155921e-01,2.868105515587529908e+00
9.202262376237625219e+00,5.431309904153354406e-02,7.561235356762513460e-02,2.449414270500532495e-02,9.446043165467626679e+00,6.091127098321342803e-01,2.798561151079136611e+00
9.207217821782180067e+00,5.431309904153354406e-02,7.348242811501597138e-02,2.449414270500532495e-02,9.541966426858513373e+00,5.875299760191846632e-01,2.748201438848920652e+00
9.212173267326734916e+00,5.431309904153354406e-02,7.028753993610223350e-02,2.449414270500532495e-02,9.553956834532373321e+00,6.067146282973621130e-01,2.611510791366906670e+00
9.217128712871287988e+00,4.792332268370606829e-02,7.454739084132055993e-02,2.875399361022364098e-02,9.587529976019185440e+00,6.282973621103117301e-01,2.470023980815347908e+00
9.222084158415842836e+00,4.046858359957401785e-02,8.519701810436634826e-02,3.301384451544196047e-02,9.611510791366907114e+00,6.211031175059952281e-01,2.376498800959232494e+00
9.227039603960397685e+00,3.620873269435569836e-02,9.797657082002129980e-02,3.620873269435569836e-02,9.592326139088729775e+00,6.450839328537170125e-01,2.398081534772182444e+00
9.231995049504952533e+00,2.768903088391906284e-02,1.096911608093716767e-01,3.940362087326943624e-02,9.575539568345323715e+00,6.426858513189448452e-01,2.414868105515587615e+00
9.236950495049507381e+00,2.236421725239616520e-02,1.182108626198083018e-01,4.153354632587859252e-02,9.616306954436451448e+00,6.642685851318944623e-01,2.474820143884892243e+00
9.241905940594060453e+00,1.384451544195953142e-02,1.246006389776357776e-01,4.579339723109691201e-02,9.582733812949641106e+00,6.474820143884891799e-01,2.563549160671462879e+00
9.246861386138615302e+00,6.389776357827475772e-03,1.288604898828540901e-01,5.111821086261980618e-02,9.582733812949641106e+00,6.426858513189448452e-01,2.681055155875299967e+00
9.251816831683170150e+00,1.064962726304579440e-03,1.277955271565495154e-01,5.218317358892438779e-02,9.573141486810552436e+00,6.091127098321342803e-01,2.736211031175059816e+00
9.256772277227724999e+00,-5.324813631522896766e-03,1.256656017039403661e-01,5.218317358892438779e-02,9.529976019184651648e+00,5.899280575539568305e-01,2.757793764988009766e+00
9.261727722772279847e+00,-8.519701810436635520e-03,1.267305644302449408e-01,5.750798722044728195e-02,9.479616306954437022e+00,5.875299760191846632e-01,2.772182254196642770e+00
9.266683168316832919e+00,-6.389776357827475772e-03,1.320553780617678419e-01,6.496272630457934627e-02,9.438848920863309289e+00,5.875299760191846632e-01,2.932853717026378870e+00
9.271638613861387768e+00,-5.324813631522896766e-03,1.288604898828540901e-01,7.348242811501597138e-02,9.395683453237410276e+00,5.227817745803357008e-01,3.057553956834532460e+00
9.276594059405942616e+00,-5.324813631522896766e-03,1.171458998935037271e-01,7.987220447284344715e-02,9.342925659472422595e+00,5.011990407673860837e-01,3.136690647482014427e+00
9.281549504950497465e+00,-2.129925452609158880e-03,1.001064962726304630e-01,7.880724174653887248e-02,9.321342925659472201e+00,4.940047961630695261e-01,3.141486810551558762e+00
9.286504950495050537e+00,-4.259850905218317760e-03,8.413205537806177359e-02,7.561235356762513460e-02,9.311750599520383531e+00,4.508393285371702364e-01,3.107913669064748419e+00
9.291460396039605385e+00,-4.259850905218317760e-03,7.135250266240682204e-02,7.241746538871139671e-02,9.297362110311750527e+00,4.460431654676259017e-01,3.014388489208633004e+00
9.296415841584160233e+00,-2.129925452609158880e-03,6.496272630457934627e-02,7.135250266240682204e-02,9.299760191846523583e+00,3.956834532374100544e-01,2.990407673860911331e+00
9.301371287128715082e+00,0.000000000000000000e+00,5.857294994675186356e-02,7.028753993610223350e-02,9.316546762589927866e+00,3.069544364508393075e-01,3.035971223021582954e+00
9.306326732673269930e+00,2.129925452609158880e-03,5.005324813631523151e-02,6.496272630457934627e-02,9.383693045563548552e+00,2.182254196642685884e-01,3.035971223021582954e+00
9.311282178217823002e+00,6.389776357827475772e-03,3.833865814696485463e-02,5.537806176783812567e-02,9.414868105515587615e+00,1.846522781774580235e-01,3.016786570743405171e+00
9.316237623762377851e+00,1.064962726304579353e-02,3.088391906283280072e-02,4.792332268370606829e-02,9.378896882494004217e+00,1.726618705035971313e-01,2.940047961630695372e+00
9.321193069306932699e+00,2.023429179978700893e-02,3.088391906283280072e-02,4.366347177848775574e-02,9.362110311750599934e+00,1.918465227817745811e-01,2.889688249400479414e+00
9.326148514851487548e+00,2.875399361022364098e-02,3.407880724174654208e-02,4.472843450479233041e-02,9.378896882494004217e+00,1.366906474820143991e-01,2.846522781774580402e+00
9.331103960396040620e+00,3.514376996805111675e-02,4.046858359957401785e-02,3.940362087326943624e-02,9.431654676258993675e+00,7.913669064748200810e-02,2.781774580335731439e+00
9.336059405940595468e+00,4.472843450479233041e-02,4.898828541001064990e-02,2.768903088391906284e-02,9.400479616306954611e+00,8.393285371702638442e-02,2.745803357314148485e+00
9.341014851485150317e+00,5.005324813631523151e-02,5.537806176783812567e-02,1.810436634717784918e-02,9.309352517985612252e+00,1.582733812949640162e-01,2.796163069544364443e+00
9.345970297029705165e+00,5.324813631522896940e-02,5.857294994675186356e-02,1.597444089456868943e-02,9.263788968824940184e+00,1.510791366906474864e-01,2.800959232613908778e+00
9.350925742574260013e+00,5.537806176783812567e-02,5.963791267305644517e-02,1.171458998935037341e-02,9.268585131894484519e+00,1.247002398081534791e-01,2.750599520383693264e+00
9.355881188118813085e+00,5.111821086261980618e-02,5.857294994675186356e-02,2.129925452609158880e-03,9.249400479616307180e+00,1.750599520383692986e-01,2.800959232613908778e+00
9.360836633663367934e+00,5.218317358892438779e-02,5.537806176783812567e-02,-7.454739084132055646e-03,9.201438848920863833e+00,2.949640287769784153e-01,2.832134292565947398e+00
9.365792079207922782e+00,4.898828541001064990e-02,5.431309904153354406e-02,-1.171458998935037341e-02,9.043165467625899012e+00,4.628297362110311841e-01,2.894484412470024193e+00
9.370747524752477631e+00,4.259850905218317413e-02,4.153354632587859252e-02,-2.129925452609158880e-03,8.992805755395682610e+00,6.211031175059952281e-01,2.952038369304556209e+00
9.375702970297030703e+00,3.407880724174654208e-02,2.023429179978700893e-02,1.703940362087327104e-02,9.057553956834532016e+00,6.139088729016786150e-01,2.832134292565947398e+00
9.380658415841585551e+00,2.555910543130990309e-02,1.064962726304579353e-02,3.194888178913737886e-02,9.088729016786571080e+00,5.827338129496403285e-01,2.664268585131894351e+00
9.385613861386140400e+00,8.519701810436635520e-03,1.384451544195953142e-02,4.046858359957401785e-02,9.175059952038369104e+00,5.467625899280575963e-01,2.613908872901678837e+00
9.390569306930695248e+00,-5.324813631522896766e-03,1.490947816826411129e-02,4.366347177848775574e-02,9.352517985611511264e+00,4.676258992805755188e-01,2.527577937649879924e+00
9.395524752475250096e+00,-2.236421725239616520e-02,2.449414270500532495e-02,4.792332268370606829e-02,9.513189448441247364e+00,3.956834532374100544e-01,2.398081534772182444e+00
9.400480198019803169e+00,-3.833865814696485463e-02,4.579339723109691201e-02,4.579339723109691201e-02,9.513189448441247364e+00,3.309352517985611475e-01,2.362110311750599489e+00
9.405435643564358017e+00,-4.792332268370606829e-02,7.348242811501597138e-02,4.153354632587859252e-02,9.465227817745804018e+00,2.829736211031175230e-01,2.436450839328537121e+00
9.410391089108912865e+00,-5.537806176783812567e-02,9.478168264110756192e-02,4.153354632587859252e-02,9.455635491606715348e+00,1.942446043165467762e-01,2.503597122302158251e+00
9.415346534653467714e+00,-5.750798722044728195e-02,1.107561235356762513e-01,3.940362087326943624e-02,9.431654676258993675e+00,5.035971223021582649e-02,2.470023980815347908e+00
9.420301980198020786e+00,-5.963791267305644517e-02,1.267305644302449408e-01,2.981895633652822258e-02,9.371702637889688603e+00,-7.194244604316546443e-02,2.522781774580335590e+00
9.425257425742575634e+00,-5.750798722044728195e-02,1.490947816826411199e-01,1.171458998935037341e-02,9.357314148681055599e+00,-1.366906474820143991e-01,2.671462829736210853e+00
9.430212871287130483e+00,-4.898828541001064990e-02,1.597444089456868943e-01,-7.454739084132055646e-03,9.266187050359711463e+00,-1.318944844124700366e-01,2.829736211031175230e+00
9.435168316831685331e+00,-4.153354632587859252e-02,1.618743343982960714e-01,-2.236421725239616520e-02,9.191846522781775164e+00,-7.194244604316546443e-02,3.021582733812949506e+00
9.440123762376240180e+00,-3.301384451544196047e-02,1.522896698615548439e-01,-3.514376996805111675e-02,9.201438848920863833e+00,-5.275779376498800771e-02,3.131894484412470092e+00
9.445079207920793252e+00,-2.555910543130990309e-02,1.373801916932907430e-01,-4.898828541001064990e-02,9.223021582733812451e+00,-5.515587529976018893e-02,3.127098321342925757e+00
9.450034653465348100e+00,-1.703940362087327104e-02,1.288604898828540901e-01,-7.028753993610223350e-02,9.172661870503597825e+00,4.796163069544364180e-03,3.143884892086330929e+00
9.454990099009902949e+00,-1.064962726304579353e-02,1.203407880724174650e-01,-8.626198083067092293e-02,9.143884892086331817e+00,1.270983213429256464e-01,3.225419664268585063e+00
9.459945544554457797e+00,-4.259850905218317760e-03,1.118210862619808260e-01,-9.478168264110756192e-02,9.208633093525179447e+00,1.702637889688249362e-01,3.282973621103117523e+00
9.464900990099010869e+00,-4.259850905218317760e-03,1.001064962726304630e-01,-1.022364217252396124e-01,9.309352517985612252e+00,1.798561151079136611e-01,3.225419664268585063e+00
9.469856435643565717e+00,-5.324813631522896766e-03,9.158679446219382403e-02,-1.182108626198083018e-01,9.388489208633092886e+00,1.990407673860911386e-01,3.242206235011990234e+00
9.474811881188120566e+00,-5.324813631522896766e-03,9.052183173588924936e-02,-1.363152289669861683e-01,9.390887290167865942e+00,2.470023980815347631e-01,3.326139088729016979e+00
9.479767326732675414e+00,-5.324813631522896766e-03,9.158679446219382403e-02,-1.448349307774227934e-01,9.376498800959232938e+00,3.621103117505995450e-01,3.352517985611510820e+00
9.484722772277230263e+00,-4.259850905218317760e-03,8.732694355697551147e-02,-1.458998935037273681e-01,9.366906474820144268e+00,4.508393285371702364e-01,3.371702637889688159e+00
9.489678217821783335e+00,2.129925452609158880e-03,8.413205537806177359e-02,-1.448349307774227934e-01,9.395683453237410276e+00,4.556354916067146266e-01,3.400479616306954611e+00
9.494633663366338183e+00,6.389776357827475772e-03,8.413205537806177359e-02,-1.427050053248136441e-01,9.388489208633092886e+00,4.964028776978417490e-01,3.448441247002397958e+00
9.499589108910893032e+00,1.384451544195953142e-02,7.880724174653887248e-02,-1.395101171458998923e-01,9.330935251798560870e+00,5.635491606714628787e-01,3.539568345323741205e+00
9.504544554455447880e+00,1.810436634717784918e-02,7.454739084132055993e-02,-1.341853035143769912e-01,9.306954436450839196e+00,5.851318944844124958e-01,3.575539568345323715e+00
9.509500000000000952e+00,2.129925452609158706e-02,6.389776357827475772e-02,-1.277955271565495154e-01,9.309352517985612252e+00,6.690647482014387970e-01,3.640287769784172678e+00
9.514455445544555801e+00,2.768903088391906284e-02,5.218317358892438779e-02,-1.203407880724174650e-01,9.311750599520383531e+00,7.050359712230215292e-01,3.606714628297361891e+00
9.519410891089110649e+00,3.301384451544196047e-02,3.620873269435569836e-02,-1.064962726304579388e-01,9.285371702637888802e+00,7.529976019184652092e-01,3.546762589928057707e+00
9.524366336633665497e+00,4.259850905218317413e-02,2.449414270500532495e-02,-8.839190628328008614e-02,9.247002398081534125e+00,8.297362110311750083e-01,3.467625899280575741e+00
9.529321782178220346e+00,4.579339723109691201e-02,1.703940362087327104e-02,-6.922257720979765883e-02,9.273381294964028854e+00,8.129496402877698369e-01,3.364508393285371657e+00
9.534277227722773418e+00,4.366347177848775574e-02,1.171458998935037341e-02,-5.324813631522896940e-02,9.350119904076738209e+00,7.937649880095922761e-01,3.292565947242206192e+00
9.539232673267328266e+00,3.620873269435569836e-02,1.064962726304579353e-02,-3.833865814696485463e-02,9.424460431654676285e+00,7.937649880095922761e-01,3.203836930455635557e+00
9.544188118811883115e+00,2.875399361022364098e-02,1.490947816826411129e-02,-2.768903088391906284e-02,9.486810551558752636e+00,8.033573141486810565e-01,3.079136690647481966e+00
9.549143564356437963e+00,1.810436634717784918e-02,2.768903088391906284e-02,-1.810436634717784918e-02,9.585131894484412385e+00,7.745803357314148263e-01,2.976019184652278327e+00
9.554099009900991035e+00,3.194888178913737886e-03,5.218317358892438779e-02,-8.519701810436635520e-03,9.580335731414868050e+00,8.153477218225420042e-01,2.983213429256594829e+00
9.559054455445545884e+00,-1.064962726304579353e-02,7.454739084132055993e-02,6.389776357827475772e-03,9.505995203836929974e+00,8.465227817745802907e-01,3.093525179856114971e+00
9.564009900990100732e+00,-1.703940362087327104e-02,8.839190628328008614e-02,2.449414270500532495e-02,9.462829736211030962e+00,8.513189448441247364e-01,3.148681055155875264e+00
9.568965346534655581e+00,-2.342917997870074681e-02,1.001064962726304630e-01,4.685835995740149362e-02,9.376498800959232938e+00,8.992805755395683054e-01,3.194244604316546887e+00
9.573920792079210429e+00,-3.407880724174654208e-02,1.086261980830670881e-01,7.028753993610223350e-02,9.220623501199041172e+00,9.712230215827337698e-01,3.294964028776978360e+00
9.578876237623763501e+00,-3.727369542066027996e-02,1.033013844515442009e-01,1.022364217252396124e-01,9.107913669064748419e+00,9.280575539568345356e-01,3.340527577937649983e+00
9.583831683168318349e+00,-4.685835995740149362e-02,9.265175718849839870e-02,1.341853035143769912e-01,9.172661870503597825e+00,7.529976019184652092e-01,3.273381294964028854e+00
9.588787128712873198e+00,-5.963791267305644517e-02,8.626198083067092293e-02,1.480298189563365174e-01,9.268585131894484519e+00,5.323741007194244812e-01,3.182254196642686050e+00
9.593742574257428046e+00,-6.709265175718849561e-02,8.839190628328008614e-02,1.469648562300319428e-01,9.314148681055156587e+00,3.309352517985611475e-01,3.172661870503596937e+00
9.598698019801981118e+00,-6.922257720979765883e-02,9.052183173588924936e-02,1.416400425985090417e-01,9.316546762589927866e+00,1.534772182254196538e-01,3.247002398081534569e+00
9.603653465346535967e+00,-7.454739084132055993e-02,8.413205537806177359e-02,1.277955271565495154e-01,9.350119904076738209e+00,-1.223021582733812979e-01,3.213429256594724226e+00
9.608608910891090815e+00,-7.987220447284344715e-02,7.561235356762513460e-02,1.064962726304579388e-01,9.395683453237410276e+00,-3.597122302158273222e-01,3.117505995203837088e+00
9.613564356435645664e+00,-7.987220447284344715e-02,7.880724174653887248e-02,7.454739084132055993e-02,9.388489208633092886e+00,-4.484412470023980690e-01,3.009592326139088669e+00
9.618519801980200512e+00,-7.241746538871139671e-02,9.052183173588924936e-02,3.620873269435569836e-02,9.314148681055156587e+00,-4.964028776978417490e-01,3.002398081534772167e+00
9.623475247524753584e+00,-6.283280085197018305e-02,1.064962726304579388e-01,4.259850905218317760e-03,9.321342925659472201e+00,-5.059952038369304184e-01,3.091127098321342803e+00
9.628430693069308433e+00,-4.792332268370606829e-02,1.160809371671991524e-01,-2.236421725239616520e-02,9.371702637889688603e+00,-5.539568345323740983e-01,3.189448441247002553e+00
9.633386138613863281e+00,-3.301384451544196047e-02,1.256656017039403661e-01,-5.537806176783812567e-02,9.422062350119903229e+00,-5.611510791366906004e-01,3.299760191846522694e+00
9.638341584158418129e+00,-1.703940362087327104e-02,1.331203407880724165e-01,-9.478168264110756192e-02,9.285371702637888802e+00,-3.573141486810551548e-01,3.539568345323741205e+00
9.643297029702972978e+00,-2.129925452609158880e-03,1.203407880724174650e-01,-1.203407880724174650e-01,9.047961630695443347e+00,-4.556354916067146404e-02,3.791366906474820109e+00
9.648252475247526050e+00,1.171458998935037341e-02,9.158679446219382403e-02,-1.224707135250266282e-01,8.947242206235012318e+00,1.438848920863309289e-01,3.709832134292565975e+00
9.653207920792080898e+00,1.810436634717784918e-02,6.709265175718849561e-02,-1.171458998935037271e-01,8.985611510791366996e+00,1.630695443645084064e-01,3.546762589928057707e+00
9.658163366336635747e+00,1.916932907348242732e-02,5.111821086261980618e-02,-1.214057507987220397e-01,9.033573141486810343e+00,2.110311750599520308e-01,3.508393285371702586e+00
9.663118811881190595e+00,2.342917997870074681e-02,3.194888178913737886e-02,-1.299254526091586925e-01,9.002398081534773056e+00,3.069544364508393075e-01,3.587529976019184552e+00
9.668074257425743667e+00,2.129925452609158706e-02,-3.194888178913737886e-03,-1.299254526091586925e-01,9.047961630695443347e+00,3.093525179856115304e-01,3.515587529976019088e+00
9.673029702970298516e+00,1.277955271565495154e-02,-4.046858359957401785e-02,-1.352502662406815659e-01,9.131894484412470092e+00,2.398081534772182333e-01,3.330935251798561314e+00
9.677985148514853364e+00,-1.064962726304579440e-03,-6.815761448349308416e-02,-1.512247071352502692e-01,9.314148681055156587e+00,1.270983213429256464e-01,3.076738609112709799e+00
9.682940594059408213e+00,-1.277955271565495154e-02,-7.880724174653887248e-02,-1.757188498402555976e-01,9.383693045563548552e+00,1.342925659472422040e-01,2.887290167865707247e+00
9.687896039603963061e+00,-2.449414270500532495e-02,-8.413205537806177359e-02,-2.034078807241746500e-01,9.383693045563548552e+00,2.374100719424460382e-01,2.844124700239808234e+00
9.692851485148516133e+00,-3.727369542066027996e-02,-9.052183173588924936e-02,-2.204472843450479280e-01,9.422062350119903229e+00,2.901678657074340251e-01,2.776978417266187105e+00
9.697806930693070981e+00,-4.792332268370606829e-02,-9.584664536741213658e-02,-2.268370607028754038e-01,9.585131894484412385e+00,2.422062350119904006e-01,2.678657074340527799e+00
9.702762376237625830e+00,-5.857294994675186356e-02,-8.839190628328008614e-02,-2.428115015974440793e-01,9.729016786570744202e+00,1.990407673860911386e-01,2.496402877697841749e+00
9.707717821782180678e+00,-7.135250266240682204e-02,-7.135250266240682204e-02,-2.683706070287539824e-01,9.736211031175059816e+00,3.141486810551558650e-01,2.503597122302158251e+00
9.712673267326733750e+00,-7.880724174653887248e-02,-5.005324813631523151e-02,-2.843450479233226580e-01,9.618705035971222728e+00,5.131894484412470314e-01,2.556354916067146377e+00
9.717628712871288599e+00,-8.732694355697551147e-02,-3.514376996805111675e-02,-2.800851970181043593e-01,9.556354916067146377e+00,6.354916067146283432e-01,2.678657074340527799e+00
9.722584158415843447e+00,-8.626198083067092293e-02,-1.810436634717784918e-02,-2.683706070287539824e-01,9.621103117505995783e+00,6.378896882494005105e-01,2.712230215827338142e+00
9.727539603960398296e+00,-8.626198083067092293e-02,5.324813631522896766e-03,-2.587859424920127549e-01,9.649880095923261791e+00,6.450839328537170125e-01,2.798561151079136611e+00
9.732495049504953144e+00,-8.626198083067092293e-02,3.194888178913737886e-02,-2.513312034078807322e-01,9.609112709832134058e+00,7.697841726618704916e-01,2.985611510791366996e+00
9.737450495049506216e+00,-8.200212992545261037e-02,5.005324813631523151e-02,-2.321618743343983049e-01,9.525179856115107313e+00,9.184652278177457552e-01,3.163069544364508268e+00
9.742405940594061065e+00,-7.667731629392970927e-02,4.898828541001064990e-02,-2.012779552715655007e-01,9.474820143884892687e+00,1.007194244604316502e+00,3.208633093525179891e+00
9.747361386138615913e+00,-7.774227902023429781e-02,4.472843450479233041e-02,-1.714589989350372712e-01,9.534772182254195982e+00,9.400479616306954833e-01,3.067146282973621130e+00
9.752316831683170761e+00,-7.774227902023429781e-02,5.644302449414270728e-02,-1.490947816826411199e-01,9.549160671462828986e+00,8.848920863309353013e-01,2.995203836930455665e+00
9.757272277227723833e+00,-7.561235356762513460e-02,7.880724174653887248e-02,-1.309904153354632672e-01,9.503597122302158695e+00,9.664268585131894351e-01,3.110311750599520586e+00
9.762227722772278682e+00,-7.348242811501597138e-02,9.371671991480298725e-02,-1.086261980830670881e-01,9.405275779376498946e+00,1.074340527577937632e+00,3.347721822541966485e+00
9.767183168316833530e+00,-7.028753993610223350e-02,9.478168264110756192e-02,-7.348242811501597138e-02,9.414868105515587615e+00,1.093525179856115193e+00,3.414868105515587615e+00
9.772138613861388379e+00,-7.028753993610223350e-02,8.945686900958466081e-02,-3.940362087326943624e-02,9.505995203836929974e+00,1.016786570743405171e+00,3.386091127098321163e+00
9.777094059405943227e+00,-6.815761448349308416e-02,9.478168264110756192e-02,-1.490947816826411129e-02,9.503597122302158695e+00,1.035971223021582732e+00,3.362110311750599489e+00
9.782049504950496299e+00,-6.815761448349308416e-02,1.033013844515442009e-01,8.519701810436635520e-03,9.383693045563548552e+00,1.199040767386091222e+00,3.460431654676258795e+00
9.787004950495051148e+00,-6.709265175718849561e-02,1.064962726304579388e-01,4.579339723109691201e-02,9.290167865707434913e+00,1.247002398081534791e+00,3.479616306954436578e+00
9.791960396039605996e+00,-7.028753993610223350e-02,1.086261980830670881e-01,7.987220447284344715e-02,9.261390887290167129e+00,1.103117505995203862e+00,3.494004796163069582e+00
9.796915841584160844e+00,-7.561235356762513460e-02,1.128860489882854146e-01,1.054313099041533502e-01,9.294964028776979248e+00,9.712230215827337698e-01,3.585131894484412385e+00
9.801871287128713917e+00,-8.093716719914803570e-02,1.086261980830670881e-01,1.224707135250266282e-01,9.285371702637888802e+00,9.112709832134292531e-01,3.630695443645084008e+00
9.806826732673268765e+00,-8.519701810436634826e-02,9.478168264110756192e-02,1.341853035143769912e-01,9.194244604316546443e+00,8.776978417266186883e-01,3.570743405275779381e+00
9.811782178217823613e+00,-8.945686900958466081e-02,8.413205537806177359e-02,1.458998935037273681e-01,9.155875299760191766e+00,7.458033573141487071e-01,3.436450839328537121e+00
9.816737623762378462e+00,-9.691160809371672513e-02,7.880724174653887248e-02,1.512247071352502692e-01,9.143884892086331817e+00,5.851318944844124958e-01,3.323741007194244812e+00
9.821693069306933310e+00,-9.904153354632587447e-02,7.667731629392970927e-02,1.448349307774227934e-01,9.127098321342925757e+00,4.460431654676259017e-01,3.354916067146282987e+00
9.826648514851486382e+00,-1.001064962726304630e-01,7.241746538871139671e-02,1.341853035143769912e-01,9.093525179856115415e+00,4.052757793764987793e-01,3.390887290167865498e+00
9.831603960396041231e+00,-1.011714589989350377e-01,5.750798722044728195e-02,1.235356762513312029e-01,8.738609112709832871e+00,4.196642685851318944e-01,3.314148681055155699e+00
9.836559405940596079e+00,-9.052183173588924936e-02,8.945686900958466081e-02,1.160809371671991524e-01,8.968824940047960936e+00,4.484412470023980690e-01,5.422062350119904117e+00
9.841514851485150928e+00,3.514376996805111675e-02,5.431309904153354406e-02,1.427050053248136441e-01,1.086330935251798557e+01,-6.235011990407673954e-02,7.505995203836930862e+00
9.846470297029704000e+00,4.259850905218317413e-02,-2.353567625133120289e-01,1.107561235356762513e-01,1.076498800959232582e+01,-6.474820143884891799e-01,5.199040767386090778e+00
9.851425742574258848e+00,-7.135250266240682204e-02,-4.153354632587859530e-01,-3.301384451544196047e-02,9.685851318944843413e+00,-3.237410071942445899e-01,4.218225419664269005e+00
9.856381188118813697e+00,2.342917997870074681e-02,-4.078807241746538748e-01,-9.265175718849839870e-02,9.076738609112709355e+00,7.122302158273381423e-01,1.623501199040767284e+00
9.861336633663368545e+00,3.833865814696485463e-02,-2.971246006389776095e-01,-1.703940362087327104e-02,9.201438848920863833e+00,5.707434052757793808e-01,4.148681055155875042e-01
9.866292079207923393e+00,3.514376996805111675e-02,-1.192758253461128903e-01,1.597444089456868943e-02,9.532374100719424703e+00,7.194244604316547137e-03,2.517985611510791255e-01
9.871247524752476465e+00,1.916932907348242732e-02,5.218317358892438779e-02,-2.449414270500532495e-02,9.549160671462828986e+00,3.117505995203836977e-02,2.069544364508393297e+00
9.876202970297031314e+00,5.005324813631523151e-02,1.107561235356762513e-01,-4.792332268370606829e-02,9.354916067146282543e+00,4.628297362110311841e-01,3.400479616306954611e+00
9.881158415841586162e+00,3.727369542066027996e-02,5.963791267305644517e-02,-3.514376996805111675e-02,9.381294964028777272e+00,7.266187050359712574e-01,4.587529976019184552e+00
9.886113861386141011e+00,4.792332268370606829e-02,-3.407880724174654208e-02,-1.916932907348242732e-02,9.577937649880096771e+00,7.673860911270983243e-01,4.736211031175059816e+00
9.891069306930694083e+00,3.940362087326943624e-02,-1.235356762513312029e-01,-8.519701810436635520e-03,9.776978417266187549e+00,5.491606714628297636e-01,4.215827338129496837e+00
9.896024752475248931e+00,3.833865814696485463e-02,-1.671991480298189447e-01,-2.129925452609158706e-02,9.496402877697841305e+00,5.419664268585131506e-01,3.395683453237410276e+00
9.900980198019803780e+00,5.324813631522896940e-02,-1.320553780617678419e-01,-3.727369542066027996e-02,9.645083932853717457e+00,9.088729016786570858e-01,3.621103117505995339e+00
9.905935643564358628e+00,5.857294994675186356e-02,-1.661341853035143701e-01,-2.236421725239616520e-02,9.268585131894484519e+00,1.328537170263788925e+00,2.568345323741007213e+00
9.910891089108913476e+00,-2.236421725239616520e-02,-1.640042598509052207e-01,2.449414270500532495e-02,9.163069544364509156e+00,1.062350119904076795e+00,2.155875299760191766e+00
9.915846534653466549e+00,-4.046858359957401785e-02,-9.904153354632587447e-02,5.324813631522896940e-02,9.645083932853717457e+00,5.611510791366906004e-01,2.294964028776978360e+00
9.920801980198021397e+00,-2.129925452609158706e-02,-3.194888178913737886e-02,4.046858359957401785e-02,9.896882494004795916e+00,6.139088729016786150e-01,2.153477218225419598e+00
9.925757425742576245e+00,-6.496272630457934627e-02,1.277955271565495154e-02,1.490947816826411129e-02,9.690647482014387748e+00,9.760191846522782155e-01,3.218225419664268561e+00
9.930712871287131094e+00,-7.880724174653887248e-02,6.389776357827475772e-03,2.875399361022364098e-02,9.201438848920863833e+00,1.393285371702637887e+00,3.491606714628297414e+00
9.935668316831684166e+00,-1.011714589989350377e-01,-1.490947816826411129e-02,8.732694355697551147e-02,9.438848920863309289e+00,1.069544364508393297e+00,4.071942446043165909e+00
9.940623762376239014e+00,-8.732694355697551147e-02,-4.792332268370606829e-02,1.256656017039403661e-01,9.788968824940047497e+00,6.378896882494005105e-01,3.510791366906474753e+00
9.945579207920793863e+00,-1.160809371671991524e-01,-6.496272630457934627e-02,1.075612353567625135e-01,9.750599520383692820e+00,5.107913669064748641e-01,3.573141486810551548e+00
9.950534653465348711e+00,-1.033013844515442009e-01,-6.496272630457934627e-02,9.265175718849839870e-02,9.263788968824940184e+00,8.345323741007194540e-01,3.028776978417266008e+00
9.955490099009903560e+00,-1.160809371671991524e-01,-4.366347177848775574e-02,1.235356762513312029e-01,9.117505995203837088e+00,8.153477218225420042e-01,3.047961630695443791e+00
9.960445544554456632e+00,-1.022364217252396124e-01,-2.023429179978700893e-02,1.608093716719914690e-01,9.251798561151078459e+00,4.652278177458033515e-01,2.805755395683453113e+00
9.965400990099011480e+00,-1.054313099041533502e-01,4.259850905218317760e-03,1.650692225772097954e-01,9.446043165467626679e+00,5.515587529976018893e-02,2.968824940047961825e+00
9.970356435643566329e+00,-1.001064962726304630e-01,2.449414270500532495e-02,1.363152289669861683e-01,9.371702637889688603e+00,-1.918465227817745672e-02,3.071942446043165464e+00
9.975311881188121177e+00,-9.797657082002129980e-02,3.194888178913737886e-02,1.054313099041533502e-01,9.182254196642686495e+00,1.654676258992805737e-01,3.328537170263789147e+00
9.980267326732676025e+00,-9.052183173588924936e-02,2.342917997870074681e-02,9.904153354632587447e-02,9.136690647482014427e+00,2.517985611510791255e-01,3.508393285371702586e+00
9.985222772277229097e+00,-8.519701810436634826e-02,1.490947816826411129e-02,1.043663471778487756e-01,9.184652278177457774e+00,1.079136690647481966e-01,3.472422062350120076e+00
9.990178217821783946e+00,-8.200212992545261037e-02,9.584664536741213658e-03,8.626198083067092293e-02,9.263788968824940184e+00,-8.153477218225420320e-02,3.678657074340527799e+00
9.995133663366338794e+00,-6.922257720979765883e-02,-6.389776357827475772e-03,5.218317358892438779e-02,9.148681055155876152e+00,1.678657074340527550e-02,3.661870503597122184e+00
1.000008910891089364e+01,-7.028753993610223350e-02,-3.088391906283280072e-02,2.236421725239616520e-02,8.966426858513189657e+00,2.206235011990407557e-01,3.719424460431654644e+00
1.000504455445544671e+01,-6.070287539936101984e-02,-4.259850905218317413e-02,1.384451544195953142e-02,8.800959232613909222e+00,3.669064748201438797e-01,3.400479616306954611e+00
1.001000000000000156e+01,-5.857294994675186356e-02,-4.153354632587859252e-02,1.703940362087327104e-02,8.834532374100719565e+00,3.117505995203836977e-01,3.458033573141486627e+00
1.001495544554455641e+01,-4.366347177848775574e-02,-3.940362087326943624e-02,1.171458998935037341e-02,8.884892086330935967e+00,1.870503597122302186e-01,3.352517985611510820e+00
1.001991089108911126e+01,-4.153354632587859252e-02,-3.940362087326943624e-02,-5.324813631522896766e-03,8.882494004796162912e+00,1.654676258992805737e-01,3.534772182254196426e+00
1.002486633663366611e+01,-2.981895633652822258e-02,-4.259850905218317413e-02,-2.555910543130990309e-02,8.832134292565946510e+00,2.805755395683453002e-01,3.573141486810551548e+00
1.002982178217821918e+01,-2.023429179978700893e-02,-4.472843450479233041e-02,-3.620873269435569836e-02,8.851318944844123848e+00,3.669064748201438797e-01,3.719424460431654644e+00
1.003477722772277403e+01,-3.194888178913737886e-03,-5.005324813631523151e-02,-3.301384451544196047e-02,8.856115107913668183e+00,4.628297362110311841e-01,3.841726618705036067e+00
1.003973267326732888e+01,1.064962726304579353e-02,-6.496272630457934627e-02,-2.768903088391906284e-02,8.880095923261391633e+00,4.916067146282973588e-01,3.940047961630695372e+00
1.004468811881188373e+01,2.875399361022364098e-02,-8.413205537806177359e-02,-1.916932907348242732e-02,8.844124700239808234e+00,5.299760191846523139e-01,3.810551558752997447e+00
1.004964356435643680e+01,4.153354632587859252e-02,-1.075612353567625135e-01,-1.064962726304579353e-02,8.796163069544364888e+00,5.059952038369304184e-01,3.652278177458033515e+00
1.005459900990099165e+01,5.537806176783812567e-02,-1.267305644302449408e-01,-3.194888178913737886e-03,8.757793764988010210e+00,4.556354916067146266e-01,3.448441247002397958e+00
1.005955445544554649e+01,6.709265175718849561e-02,-1.352502662406815659e-01,0.000000000000000000e+00,8.764988009592325824e+00,4.076738609112710021e-01,3.134292565947242259e+00
1.006450990099010134e+01,6.602768903088392094e-02,-1.405750798722044670e-01,-7.454739084132055646e-03,8.757793764988010210e+00,3.764988009592326046e-01,2.930455635491606703e+00
1.006946534653465619e+01,5.537806176783812567e-02,-1.480298189563365174e-01,-1.916932907348242732e-02,8.606714628297362779e+00,1.942446043165467762e-01,2.954436450839328376e+00
1.007442079207920926e+01,6.176783812566560145e-02,-1.554845580404685956e-01,-2.449414270500532495e-02,9.196642685851319499e+00,-4.916067146282973588e-01,3.249400479616306736e+00
1.007937623762376411e+01,9.265175718849839870e-02,-1.682641107561235472e-01,-8.306709265175718504e-02,9.956834532374100988e+00,-1.045563549160671402e+00,3.309352517985611364e+00
1.008433168316831896e+01,1.033013844515442009e-01,-2.129925452609158776e-01,-2.097976570820021258e-01,9.808153477218224836e+00,-7.673860911270983243e-01,3.251798561151079348e+00
1.008928712871287381e+01,1.214057507987220397e-01,-2.438764643237486818e-01,-3.088391906283279864e-01,9.371702637889688603e+00,4.076738609112710160e-02,2.774580335731414937e+00
1.009424257425742688e+01,1.160809371671991524e-01,-2.268370607028754038e-01,-3.312034078807241655e-01,9.604316546762589724e+00,5.731414868105515481e-01,2.455635491606714460e+00
1.009919801980198173e+01,1.118210862619808260e-01,-1.703940362087326965e-01,-3.141640042598509153e-01,8.786570743405276218e+00,8.633093525179855732e-01,2.561151079136690711e+00
1.010415346534653658e+01,9.691160809371672513e-02,-1.533546325878594185e-01,-2.800851970181043593e-01,9.858513189448441238e+00,6.882494004796163578e-01,2.458033573141486627e+00
1.010910891089109143e+01,6.389776357827475772e-03,-1.650692225772097954e-01,-2.939297124600638855e-01,9.901678657074340251e+00,4.076738609112710021e-01,3.131894484412470092e+00
1.011406435643564627e+01,7.454739084132055646e-03,-1.618743343982960714e-01,-3.184238551650692139e-01,9.553956834532373321e+00,5.875299760191846632e-01,3.251798561151079348e+00
1.011901980198019935e+01,1.490947816826411129e-02,-1.618743343982960714e-01,-3.056443024494142624e-01,9.601918465227818444e+00,6.235011990407673954e-01,3.505995203836930418e+00
1.012397524752475420e+01,3.727369542066027996e-02,-1.916932907348242732e-01,-2.854100106496272882e-01,9.721822541966426812e+00,3.812949640287769948e-01,3.340527577937649983e+00
1.012893069306930904e+01,6.176783812566560145e-02,-2.087326943556975511e-01,-2.949946751863684602e-01,9.688249400479616469e+00,4.220623501199040617e-01,2.702637889688249473e+00
1.013388613861386389e+01,6.389776357827475772e-02,-2.034078807241746500e-01,-3.056443024494142624e-01,9.453237410071942293e+00,6.954436450839328598e-01,2.537170263788969038e+00
1.013884158415841696e+01,8.200212992545261037e-02,-1.789137380191693216e-01,-2.886048988285410122e-01,9.381294964028777272e+00,9.088729016786570858e-01,2.055155875299760293e+00
1.014379702970297181e+01,7.135250266240682204e-02,-1.448349307774227934e-01,-2.609158679446219598e-01,9.467625899280575297e+00,8.249400479616306736e-01,2.215827338129496393e+00
1.014875247524752666e+01,7.667731629392970927e-02,-1.075612353567625135e-01,-2.502662406815761575e-01,9.858513189448441238e+00,7.505995203836930418e-01,2.158273381294963933e+00
1.015370792079208151e+01,7.667731629392970927e-02,-7.667731629392970927e-02,-2.619808306709265344e-01,9.414868105515587615e+00,8.944844124700239707e-01,3.035971223021582954e+00
1.015866336633663636e+01,1.512247071352502692e-01,-4.898828541001064990e-02,-2.385516506922257807e-01,9.139088729016785706e+00,1.338129496402877594e+00,2.774580335731414937e+00
1.016361881188118943e+01,1.160809371671991524e-01,-7.987220447284344715e-02,-1.906283280085196985e-01,9.494004796163070026e+00,9.376498800959233160e-01,3.582733812949640217e+00
1.016857425742574428e+01,1.277955271565495154e-01,-1.671991480298189447e-01,-2.066027689030884018e-01,9.884892086330935967e+00,5.659472422062350461e-01,2.230215827338129397e+00
1.017352970297029913e+01,2.981895633652822258e-02,-2.012779552715655007e-01,-2.896698615548455868e-01,1.005275779376498768e+01,7.026378896882493619e-01,1.501199040767386084e+00
1.017848514851485398e+01,-4.366347177848775574e-02,-1.554845580404685956e-01,-3.588924387646432179e-01,9.611510791366907114e+00,1.302158273381294862e+00,1.721822541966426812e+00
1.018344059405940705e+01,-6.389776357827475772e-03,-6.602768903088392094e-02,-3.216187433439829380e-01,9.038369304556354678e+00,1.894484412470023971e+00,1.628297362110311841e+00
1.018839603960396190e+01,3.194888178913737886e-03,-2.129925452609158880e-03,-2.279020234291799785e-01,9.398081534772181556e+00,1.467625899280575519e+00,2.206235011990407724e+00
1.019335148514851674e+01,1.490947816826411129e-02,3.301384451544196047e-02,-1.959531416400425996e-01,9.613908872901678393e+00,9.280575539568345356e-01,2.882494004796162912e+00
1.019830693069307159e+01,3.088391906283280072e-02,1.064962726304579353e-02,-2.161874334398296016e-01,9.422062350119903229e+00,1.026378896882494063e+00,3.374100719424460326e+00
1.020326237623762644e+01,3.088391906283280072e-02,-5.644302449414270728e-02,-2.247071352502662545e-01,9.215827338129496837e+00,1.280575539568345356e+00,2.781774580335731439e+00
1.020821782178217951e+01,-8.519701810436635520e-03,-8.519701810436634826e-02,-2.172523961661341763e-01,9.573141486810552436e+00,1.182254196642685828e+00,2.645083932853717013e+00
1.021317326732673436e+01,-1.490947816826411129e-02,-7.561235356762513460e-02,-2.161874334398296016e-01,9.685851318944843413e+00,1.237410071942446121e+00,1.762589928057553879e+00
1.021812871287128921e+01,-5.218317358892438779e-02,-2.875399361022364098e-02,-2.087326943556975511e-01,9.362110311750599934e+00,1.462829736211031184e+00,1.906474820143884807e+00
1.022308415841584406e+01,-3.194888178913737886e-02,5.218317358892438779e-02,-1.671991480298189447e-01,8.887290167865707247e+00,1.577937649880095883e+00,1.752997601918465209e+00
1.022803960396039713e+01,-2.768903088391906284e-02,1.725239616613418459e-01,-1.192758253461128903e-01,9.107913669064748419e+00,1.657074340527577849e+00,4.187050359712229941e+00
1.023299504950495198e+01,8.413205537806177359e-02,1.352502662406815659e-01,-7.348242811501597138e-02,9.285371702637888802e+00,2.064748201438848962e+00,5.311750599520383531e+00
1.023795049504950683e+01,8.093716719914803570e-02,-6.815761448349308416e-02,-4.259850905218317760e-03,9.182254196642686495e+00,1.820143884892086339e+00,3.858513189448441238e+00
1.024290594059406168e+01,-1.916932907348242732e-02,-1.831735889243876481e-01,1.064962726304579353e-02,9.426858513189447564e+00,1.302158273381294862e+00,2.952038369304556209e+00
1.024786138613861652e+01,-1.277955271565495154e-02,-1.586794462193823196e-01,-2.342917997870074681e-02,9.270983213429255798e+00,1.529976019184652314e+00,1.517985611510791477e+00
1.025281683168316960e+01,-1.490947816826411129e-02,-4.366347177848775574e-02,-1.064962726304579353e-02,9.167865707434053490e+00,1.729016786570743314e+00,1.640287769784172678e+00
1.025777227722772444e+01,1.384451544195953142e-02,7.880724174653887248e-02,4.153354632587859252e-02,9.587529976019185440e+00,1.467625899280575519e+00,2.220623501199040728e+00
1.026272772277227929e+01,-6.389776357827475772e-03,1.118210862619808260e-01,6.176783812566560145e-02,9.872901678657074243e+00,1.033573141486810565e+00,3.386091127098321163e+00
1.026768316831683414e+01,-7.454739084132055646e-03,5.111821086261980618e-02,3.940362087326943624e-02,9.585131894484412385e+00,1.019184652278177561e+00,3.302158273381294862e+00
1.027263861386138721e+01,-2.662406815761448470e-02,-1.703940362087327104e-02,1.703940362087327104e-02,9.249400479616307180e+00,1.218225419664268561e+00,3.091127098321342803e+00
1.027759405940594206e+01,1.064962726304579440e-03,-3.940362087326943624e-02,2.129925452609158706e-02,9.079136690647482411e+00,1.462829736211031184e+00,2.016786570743405171e+00
1.028254950495049691e+01,-7.454739084132055646e-03,2.129925452609158880e-03,5.005324813631523151e-02,9.292565947242206192e+00,1.175059952038369326e+00,1.904076738609112640e+00
1.028750495049505176e+01,-2.129925452609158880e-03,6.389776357827475772e-02,5.857294994675186356e-02,9.810551558752997892e+00,7.458033573141487071e-01,2.256594724220623682e+00
1.029246039603960661e+01,-2.129925452609158880e-03,8.945686900958466081e-02,3.088391906283280072e-02,9.899280575539568972e+00,7.002398081534771945e-01,2.741007194244604150e+00
1.029741584158415968e+01,2.129925452609158880e-03,7.135250266240682204e-02,1.171458998935037341e-02,9.597122302158274110e+00,8.057553956834532238e-01,2.719424460431654644e+00
1.030237128712871453e+01,2.768903088391906284e-02,6.389776357827475772e-02,1.064962726304579353e-02,9.369304556354915547e+00,8.561151079136690711e-01,2.047961630695443791e+00
1.030732673267326938e+01,4.046858359957401785e-02,9.797657082002129980e-02,1.810436634717784918e-02,9.479616306954437022e+00,7.769784172661871047e-01,1.896882494004796138e+00
1.031228217821782422e+01,6.176783812566560145e-02,1.512247071352502692e-01,9.584664536741213658e-03,9.736211031175059816e+00,7.649880095923261569e-01,2.165467625899280435e+00
1.031723762376237730e+01,7.454739084132055993e-02,1.735889243876464205e-01,-3.194888178913737886e-03,9.872901678657074243e+00,8.225419664268585063e-01,2.724220623501198979e+00
1.032219306930693214e+01,9.904153354632587447e-02,1.682641107561235472e-01,-2.129925452609158880e-03,9.836930455635490844e+00,9.688249400479616025e-01,2.642685851318944845e+00
1.032714851485148699e+01,9.584664536741213658e-02,1.810436634717784987e-01,0.000000000000000000e+00,9.832134292565946510e+00,1.050359712230215736e+00,3.035971223021582954e+00
1.033210396039604184e+01,1.363152289669861683e-01,2.279020234291799785e-01,5.324813631522896766e-03,9.376498800959232938e+00,1.362110311750599489e+00,3.362110311750599489e+00
1.033705940594059669e+01,1.448349307774227934e-01,2.140575079872204523e-01,4.898828541001064990e-02,9.335731414868105205e+00,1.398081534772182222e+00,4.103117505995204084e+00
1.034201485148514976e+01,1.640042598509052207e-01,1.001064962726304630e-01,7.241746538871139671e-02,9.340527577937649539e+00,1.158273381294963933e+00,3.604316546762589724e+00
1.034697029702970461e+01,1.405750798722044670e-01,5.857294994675186356e-02,7.774227902023429781e-02,9.539568345323740317e+00,1.261390887290167795e+00,2.390887290167865498e+00
1.035192574257425946e+01,1.810436634717784918e-02,9.052183173588924936e-02,7.561235356762513460e-02,9.297362110311750527e+00,1.218225419664268561e+00,4.287769784172661858e+00
1.035688118811881431e+01,6.709265175718849561e-02,7.348242811501597138e-02,1.150159744408945639e-01,9.424460431654676285e+00,1.141486810551558762e+00,3.589928057553956720e+00
1.036183663366336916e+01,-1.384451544195953142e-02,-1.703940362087327104e-02,1.384451544195953177e-01,9.393285371702637221e+00,6.690647482014387970e-01,4.211031175059951615e+00
1.036679207920792223e+01,6.815761448349308416e-02,-1.033013844515442009e-01,7.987220447284344715e-02,9.016786570743406060e+00,8.081534772182253912e-01,3.429256594724220619e+00
1.037174752475247708e+01,1.363152289669861683e-01,-1.277955271565495154e-01,8.413205537806177359e-02,9.021582733812950394e+00,1.064748201438848962e+00,1.685851318944844079e+00
1.037670297029703192e+01,4.898828541001064990e-02,-4.685835995740149362e-02,1.309904153354632672e-01,9.462829736211030962e+00,8.609112709832134058e-01,2.760191846522781933e+00
1.038165841584158677e+01,1.277955271565495154e-02,-1.277955271565495154e-02,1.299254526091586925e-01,9.892086330935251581e+00,4.172661870503597270e-01,3.227817745803357230e+00
1.038661386138613985e+01,-5.857294994675186356e-02,-5.644302449414270728e-02,7.348242811501597138e-02,9.973621103117505271e+00,1.366906474820143991e-01,4.093525179856115415e+00
1.039156930693069469e+01,1.064962726304579353e-02,-1.427050053248136441e-01,-5.324813631522896766e-03,9.299760191846523583e+00,6.762589928057554101e-01,2.647482014388489180e+00
1.039652475247524954e+01,3.301384451544196047e-02,-7.987220447284344715e-02,0.000000000000000000e+00,8.690647482014387748e+00,1.342925659472422151e+00,1.527577937649880147e+00
1.040148019801980439e+01,1.277955271565495154e-02,2.129925452609158706e-02,7.880724174653887248e-02,9.191846522781775164e+00,8.657074340527577405e-01,2.688249400479616469e+00
1.040643564356435924e+01,3.727369542066027996e-02,7.135250266240682204e-02,1.086261980830670881e-01,9.980815347721822661e+00,1.175059952038369354e-01,2.544364508393285540e+00
1.041139108910891231e+01,-1.597444089456868943e-02,4.366347177848775574e-02,3.727369542066027996e-02,9.932853717026379314e+00,-1.606714628297362113e-01,4.609112709832134058e+00
1.041634653465346716e+01,1.203407880724174650e-01,-3.088391906283280072e-02,-2.555910543130990309e-02,8.889688249400480302e+00,1.098321342925659527e+00,2.338129496402877816e+00
1.042130198019802201e+01,7.667731629392970927e-02,-3.301384451544196047e-02,1.171458998935037341e-02,8.203836930455635112e+00,1.515587529976019088e+00,3.071942446043165464e+00
1.042625742574257686e+01,1.906283280085196985e-01,2.768903088391906284e-02,9.691160809371672513e-02,8.659472422062350461e+00,1.151079136690647431e+00,1.738609112709832205e+00
1.043121287128712993e+01,1.214057507987220397e-01,7.561235356762513460e-02,1.235356762513312029e-01,9.561151079136690711e+00,1.966426858513189435e-01,3.364508393285371657e+00
1.043616831683168478e+01,1.363152289669861683e-01,2.768903088391906284e-02,5.963791267305644517e-02,9.752997601918465875e+00,1.342925659472422040e-01,3.302158273381294862e+00
1.044112376237623963e+01,7.241746538871139671e-02,-2.875399361022364098e-02,-4.259850905218317760e-03,9.247002398081534125e+00,6.810551558752997447e-01,2.918465227817745866e+00
1.044607920792079447e+01,2.342917997870074681e-02,-2.129925452609158706e-02,-2.129925452609158880e-03,8.904076738609113306e+00,1.026378896882494063e+00,2.633093525179856176e+00
1.045103465346534932e+01,6.389776357827475772e-03,3.407880724174654208e-02,2.981895633652822258e-02,9.055155875299760737e+00,9.136690647482014205e-01,2.050359712230215958e+00
1.045599009900990239e+01,-5.431309904153354406e-02,8.626198083067092293e-02,3.727369542066027996e-02,9.525179856115107313e+00,5.347721822541966485e-01,2.935251798561151038e+00
1.046094554455445724e+01,-7.454739084132055993e-02,7.774227902023429781e-02,4.259850905218317760e-03,9.673860911270983465e+00,6.330935251798560648e-01,2.932853717026378870e+00
1.046590099009901209e+01,-1.267305644302449408e-01,2.236421725239616520e-02,-2.662406815761448470e-02,9.565947242206235046e+00,8.129496402877698369e-01,3.717026378896882477e+00
1.047085643564356694e+01,-5.857294994675186356e-02,-2.875399361022364098e-02,-3.940362087326943624e-02,9.386091127098321607e+00,1.043165467625899234e+00,2.534772182254196426e+00
1.047581188118812001e+01,-5.111821086261980618e-02,7.454739084132055646e-03,-1.703940362087327104e-02,9.448441247002397958e+00,9.352517985611510376e-01,1.841726618705036067e+00
1.048076732673267486e+01,-1.054313099041533502e-01,8.945686900958466081e-02,-1.064962726304579353e-02,9.901678657074340251e+00,5.467625899280575963e-01,2.750599520383693264e+00
1.048572277227722971e+01,-1.224707135250266282e-01,1.075612353567625135e-01,-4.898828541001064990e-02,9.870503597122302963e+00,3.812949640287769948e-01,3.443645083932853623e+00
1.049067821782178456e+01,-1.309904153354632672e-01,6.389776357827475772e-02,-8.093716719914803570e-02,9.585131894484412385e+00,5.467625899280575963e-01,3.525179856115107757e+00
1.049563366336633941e+01,-1.299254526091586925e-01,2.449414270500532495e-02,-9.158679446219382403e-02,9.107913669064748419e+00,8.417266187050359560e-01,2.920863309352518034e+00
1.050058910891089248e+01,-1.171458998935037271e-01,4.472843450479233041e-02,-7.348242811501597138e-02,9.011990407673861725e+00,8.752997601918465209e-01,2.752997601918465431e+00
1.050554455445544733e+01,-6.815761448349308416e-02,9.265175718849839870e-02,-4.472843450479233041e-02,9.170263788968824770e+00,7.625899280575539896e-01,2.870503597122302075e+00
1.051050000000000217e+01,-3.088391906283280072e-02,1.118210862619808260e-01,-2.768903088391906284e-02,9.431654676258993675e+00,6.354916067146283432e-01,3.189448441247002553e+00
1.051545544554455702e+01,-1.810436634717784918e-02,8.413205537806177359e-02,-3.407880724174654208e-02,9.340527577937649539e+00,5.611510791366906004e-01,3.577937649880095883e+00
1.052041089108911009e+01,2.449414270500532495e-02,4.259850905218317413e-02,-4.259850905218317413e-02,9.045563549160672068e+00,7.146282973621103096e-01,3.031175059952038175e+00
1.052536633663366494e+01,3.514376996805111675e-02,2.981895633652822258e-02,-4.046858359957401785e-02,8.877697841726618577e+00,9.040767386091127511e-01,2.992805755395683498e+00
1.053032178217821979e+01,7.561235356762513460e-02,2.449414270500532495e-02,-8.519701810436635520e-03,8.798561151079136167e+00,1.079136690647481966e+00,2.882494004796162912e+00
1.053527722772277464e+01,9.265175718849839870e-02,0.000000000000000000e+00,3.940362087326943624e-02,9.091127098321342359e+00,8.729016786570743536e-01,2.923261390887290201e+00
1.054023267326732949e+01,1.001064962726304630e-01,1.384451544195953142e-02,2.875399361022364098e-02,9.460431654676259683e+00,7.434052757793765398e-01,2.875299760191846410e+00
1.054518811881188256e+01,6.602768903088392094e-02,2.768903088391906284e-02,0.000000000000000000e+00,9.515587529976018644e+00,7.721822541966426590e-01,3.304556354916067029e+00
1.055014356435643741e+01,4.579339723109691201e-02,-5.324813631522896766e-03,-1.597444089456868943e-02,9.465227817745804018e+00,9.400479616306954833e-01,2.954436450839328376e+00
1.055509900990099226e+01,1.703940362087327104e-02,-1.916932907348242732e-02,-2.023429179978700893e-02,9.395683453237410276e+00,1.067146282973621130e+00,2.359712230215827322e+00
1.056005445544554711e+01,-7.454739084132055646e-03,1.703940362087327104e-02,-2.129925452609158706e-02,9.649880095923261791e+00,9.400479616306954833e-01,2.340527577937649983e+00
1.056500990099010018e+01,-9.584664536741213658e-03,6.176783812566560145e-02,-3.301384451544196047e-02,9.779376498800958828e+00,8.752997601918465209e-01,2.606714628297361891e+00
1.056996534653465503e+01,-1.490947816826411129e-02,7.348242811501597138e-02,-3.940362087326943624e-02,9.812949640287769171e+00,8.321342925659472867e-01,2.836930455635491732e+00
1.057492079207920987e+01,-2.449414270500532495e-02,8.200212992545261037e-02,-5.218317358892438779e-02,9.836930455635490844e+00,8.129496402877698369e-01,2.848920863309352569e+00
1.057987623762376472e+01,-3.407880724174654208e-02,1.001064962726304630e-01,-7.454739084132055993e-02,9.558752997601917656e+00,8.537170263788969038e-01,3.110311750599520586e+00
1.058483168316831957e+01,-1.384451544195953142e-02,1.043663471778487756e-01,-7.774227902023429781e-02,9.359712230215826878e+00,9.496402877697841527e-01,2.774580335731414937e+00
1.058978712871287264e+01,-9.584664536741213658e-03,1.118210862619808260e-01,-7.561235356762513460e-02,9.196642685851319499e+00,9.976019184652278327e-01,3.244604316546762401e+00
1.059474257425742749e+01,3.833865814696485463e-02,1.011714589989350377e-01,-5.857294994675186356e-02,9.143884892086331817e+00,9.760191846522782155e-01,3.206235011990407724e+00
1.059969801980198234e+01,4.898828541001064990e-02,7.454739084132055993e-02,-4.579339723109691201e-02,9.306954436450839196e+00,7.721822541966426590e-01,3.458033573141486627e+00
1.060465346534653719e+01,6.709265175718849561e-02,4.792332268370606829e-02,-5.750798722044728195e-02,9.287769784172661858e+00,7.553956834532373765e-01,3.441247002398081456e+00
1.060960891089109026e+01,7.667731629392970927e-02,1.916932907348242732e-02,-7.561235356762513460e-02,9.151079136690647431e+00,9.904076738609112196e-01,3.637889688249400511e+00
1.061456435643564511e+01,1.182108626198083018e-01,-1.703940362087327104e-02,-6.815761448349308416e-02,8.956834532374100988e+00,1.273381294964028854e+00,3.232613908872901565e+00
1.061951980198019996e+01,1.267305644302449408e-01,-2.662406815761448470e-02,-3.620873269435569836e-02,9.122302158273381423e+00,1.211031175059952059e+00,2.863309352517985573e+00
1.062447524752475481e+01,1.203407880724174650e-01,-2.129925452609158706e-02,-2.342917997870074681e-02,9.386091127098321607e+00,1.043165467625899234e+00,3.316546762589927866e+00
1.062943069306930965e+01,1.522896698615548439e-01,-2.662406815761448470e-02,-2.662406815761448470e-02,9.491606714628296970e+00,1.170263788968824992e+00,2.966426858513189657e+00
1.063438613861386273e+01,1.299254526091586925e-01,-4.046858359957401785e-02,-2.768903088391906284e-02,9.405275779376498946e+00,1.352517985611510820e+00,3.280575539568345356e+00
1.063934158415841758e+01,1.395101171458998923e-01,-4.685835995740149362e-02,-8.519701810436635520e-03,9.232613908872901121e+00,1.585131894484412385e+00,2.714628297362110310e+00
1.064429702970297242e+01,1.096911608093716767e-01,-3.088391906283280072e-02,2.875399361022364098e-02,9.362110311750599934e+00,1.510791366906474753e+00,2.817745803357313950e+00
1.064925247524752727e+01,1.107561235356762513e-01,-7.454739084132055646e-03,5.537806176783812567e-02,9.568345323741006325e+00,1.359712230215827322e+00,2.659472422062350017e+00
1.065420792079208034e+01,8.839190628328008614e-02,1.490947816826411129e-02,6.922257720979765883e-02,9.611510791366907114e+00,1.302158273381294862e+00,2.827338129496403063e+00
1.065916336633663519e+01,7.241746538871139671e-02,1.810436634717784918e-02,7.880724174653887248e-02,9.541966426858513373e+00,1.386091127098321385e+00,2.901678657074340695e+00
1.066411881188119004e+01,5.857294994675186356e-02,1.490947816826411129e-02,9.904153354632587447e-02,9.366906474820144268e+00,1.446043165467625791e+00,2.731414868105515481e+00
1.066907425742574489e+01,3.833865814696485463e-02,2.768903088391906284e-02,1.309904153354632672e-01,9.374100719424459882e+00,1.321342925659472423e+00,2.664268585131894351e+00
1.067402970297029974e+01,2.768903088391906284e-02,4.579339723109691201e-02,1.501597444089456945e-01,9.417266187050358894e+00,1.158273381294963933e+00,2.748201438848920652e+00
1.067898514851485281e+01,2.662406815761448470e-02,5.537806176783812567e-02,1.586794462193823196e-01,9.434052757793764954e+00,1.007194244604316502e+00,2.683453237410072134e+00
1.068394059405940766e+01,0.000000000000000000e+00,5.750798722044728195e-02,1.629392971246006461e-01,9.568345323741006325e+00,8.249400479616306736e-01,2.827338129496403063e+00
1.068889603960396251e+01,-1.277955271565495154e-02,5.111821086261980618e-02,1.480298189563365174e-01,9.527577937649880369e+00,7.290167865707434247e-01,2.880095923261390745e+00
1.069385148514851736e+01,-2.129925452609158880e-03,5.324813631522896940e-02,1.373801916932907430e-01,9.402877697841725890e+00,8.225419664268585063e-01,2.580335731414868050e+00
1.069880693069307220e+01,-9.584664536741213658e-03,7.348242811501597138e-02,1.363152289669861683e-01,9.285371702637888802e+00,8.657074340527577405e-01,2.661870503597122184e+00
1.070376237623762528e+01,-5.324813631522896766e-03,9.265175718849839870e-02,1.405750798722044670e-01,9.354916067146282543e+00,7.721822541966426590e-01,2.606714628297361891e+00
1.070871782178218012e+01,-1.597444089456868943e-02,1.075612353567625135e-01,1.405750798722044670e-01,9.539568345323740317e+00,5.995203836930456109e-01,2.762589928057554101e+00
1.071367326732673497e+01,-2.236421725239616520e-02,1.182108626198083018e-01,1.224707135250266282e-01,9.573141486810552436e+00,6.330935251798560648e-01,2.796163069544364443e+00
1.071862871287128982e+01,-3.407880724174654208e-02,1.320553780617678419e-01,1.011714589989350377e-01,9.491606714628296970e+00,7.937649880095922761e-01,2.776978417266187105e+00
1.072358415841584289e+01,-4.685835995740149362e-02,1.448349307774227934e-01,9.691160809371672513e-02,9.424460431654676285e+00,9.640287769784172678e-01,2.894484412470024193e+00
1.072853960396039774e+01,-5.218317358892438779e-02,1.554845580404685956e-01,1.086261980830670881e-01,9.419664268585131950e+00,1.007194244604316502e+00,2.920863309352518034e+00
1.073349504950495259e+01,-6.070287539936101984e-02,1.629392971246006461e-01,1.224707135250266282e-01,9.494004796163070026e+00,1.000000000000000000e+00,3.235011990407673732e+00
1.073845049504950744e+01,-6.602768903088392094e-02,1.661341853035143701e-01,1.320553780617678419e-01,9.489208633093525691e+00,1.043165467625899234e+00,3.335731414868105649e+00
1.074340594059406229e+01,-8.519701810436634826e-02,1.512247071352502692e-01,1.427050053248136441e-01,9.407673860911270225e+00,1.028776978417266230e+00,3.623501199040767506e+00
1.074836138613861536e+01,-8.626198083067092293e-02,1.267305644302449408e-01,1.544195953141639932e-01,9.359712230215826878e+00,9.592326139088729331e-01,3.601918465227817556e+00
1.075331683168317021e+01,-9.371671991480298725e-02,1.011714589989350377e-01,1.671991480298189447e-01,9.350119904076738209e+00,8.776978417266186883e-01,3.659472422062350017e+00
1.075827227722772506e+01,-9.691160809371672513e-02,7.880724174653887248e-02,1.693290734824281218e-01,9.443645083932853623e+00,7.242206235011990900e-01,3.705035971223021640e+00
1.076322772277227990e+01,-1.001064962726304630e-01,5.218317358892438779e-02,1.661341853035143701e-01,9.517985611510791699e+00,6.642685851318944623e-01,3.726618705035971146e+00
1.076818316831683298e+01,-9.797657082002129980e-02,2.129925452609158706e-02,1.586794462193823196e-01,9.496402877697841305e+00,5.995203836930456109e-01,3.705035971223021640e+00
1.077313861386138782e+01,-8.945686900958466081e-02,-4.259850905218317760e-03,1.533546325878594185e-01,9.448441247002397958e+00,5.707434052757793808e-01,3.592326139088728887e+00
1.077809405940594267e+01,-8.306709265175718504e-02,-2.555910543130990309e-02,1.490947816826411199e-01,9.405275779376498946e+00,5.083932853717025857e-01,3.628297362110311841e+00
1.078304950495049752e+01,-7.135250266240682204e-02,-4.579339723109691201e-02,1.405750798722044670e-01,9.378896882494004217e+00,4.340527577937650094e-01,3.486810551558753080e+00
1.078800495049505237e+01,-7.028753993610223350e-02,-7.135250266240682204e-02,1.246006389776357776e-01,9.671462829736210409e+00,3.093525179856115304e-01,3.419664268585131950e+00
1.079296039603960544e+01,-6.070287539936101984e-02,-8.093716719914803570e-02,1.001064962726304630e-01,9.649880095923261791e+00,2.901678657074340251e-01,3.369304556354915992e+00
1.079791584158416029e+01,-4.579339723109691201e-02,-8.413205537806177359e-02,7.774227902023429781e-02,9.525179856115107313e+00,3.573141486810551548e-01,3.410071942446043280e+00
1.080287128712871514e+01,-2.342917997870074681e-02,-8.945686900958466081e-02,7.135250266240682204e-02,9.474820143884892687e+00,4.196642685851318944e-01,3.323741007194244812e+00
1.080782673267326999e+01,-3.194888178913737886e-03,-9.584664536741213658e-02,6.602768903088392094e-02,9.443645083932853623e+00,4.388489208633093441e-01,3.242206235011990234e+00
1.081278217821782306e+01,1.384451544195953142e-02,-9.371671991480298725e-02,6.389776357827475772e-02,9.494004796163070026e+00,4.028776978417266119e-01,3.230215827338129397e+00
1.081773762376237791e+01,3.194888178913737886e-02,-8.839190628328008614e-02,5.537806176783812567e-02,9.539568345323740317e+00,4.244604316546762846e-01,3.251798561151079348e+00
1.082269306930693276e+01,4.046858359957401785e-02,-9.691160809371672513e-02,4.153354632587859252e-02,9.501199040767385640e+00,4.940047961630695261e-01,3.244604316546762401e+00
1.082764851485148760e+01,4.472843450479233041e-02,-9.797657082002129980e-02,3.620873269435569836e-02,9.455635491606715348e+00,5.995203836930456109e-01,3.131894484412470092e+00
1.083260396039604245e+01,4.685835995740149362e-02,-8.945686900958466081e-02,3.940362087326943624e-02,9.410071942446043280e+00,6.402877697841726778e-01,3.160671462829736100e+00
1.083755940594059552e+01,5.218317358892438779e-02,-7.561235356762513460e-02,4.259850905218317413e-02,9.434052757793764954e+00,6.306954436450838974e-01,3.206235011990407724e+00
1.084251485148515037e+01,4.792332268370606829e-02,-7.241746538871139671e-02,3.833865814696485463e-02,9.477218225419663966e+00,6.450839328537170125e-01,3.374100719424460326e+00
1.084747029702970522e+01,3.940362087326943624e-02,-8.626198083067092293e-02,3.620873269435569836e-02,9.465227817745804018e+00,6.498800959232613472e-01,3.345323741007194318e+00
1.085242574257426007e+01,3.088391906283280072e-02,-9.797657082002129980e-02,3.620873269435569836e-02,9.446043165467626679e+00,6.810551558752997447e-01,3.141486810551558762e+00
1.085738118811881314e+01,1.703940362087327104e-02,-9.584664536741213658e-02,3.727369542066027996e-02,9.414868105515587615e+00,6.498800959232613472e-01,3.067146282973621130e+00
1.086233663366336799e+01,1.064962726304579440e-03,-8.200212992545261037e-02,3.727369542066027996e-02,9.443645083932853623e+00,5.779376498800958828e-01,3.127098321342925757e+00
1.086729207920792284e+01,-1.490947816826411129e-02,-7.667731629392970927e-02,2.981895633652822258e-02,9.501199040767385640e+00,4.652278177458033515e-01,3.273381294964028854e+00
1.087224752475247769e+01,-2.875399361022364098e-02,-8.839190628328008614e-02,9.584664536741213658e-03,9.527577937649880369e+00,3.741007194244604372e-01,3.294964028776978360e+00
1.087720297029703254e+01,-4.366347177848775574e-02,-9.691160809371672513e-02,-1.384451544195953142e-02,9.470023980815348352e+00,3.285371702637889801e-01,3.196642685851319055e+00
1.088215841584158561e+01,-5.111821086261980618e-02,-9.158679446219382403e-02,-3.514376996805111675e-02,9.383693045563548552e+00,3.405275779376498724e-01,3.098321342925659305e+00
1.088711386138614046e+01,-5.111821086261980618e-02,-7.774227902023429781e-02,-4.898828541001064990e-02,9.410071942446043280e+00,3.501199040767385973e-01,3.117505995203837088e+00
1.089206930693069530e+01,-4.792332268370606829e-02,-6.602768903088392094e-02,-6.070287539936101984e-02,9.537170263788969038e+00,3.141486810551558650e-01,3.206235011990407724e+00
1.089702475247525015e+01,-4.259850905218317413e-02,-5.750798722044728195e-02,-7.667731629392970927e-02,9.597122302158274110e+00,3.093525179856115304e-01,3.256594724220623682e+00
1.090198019801980323e+01,-3.833865814696485463e-02,-5.111821086261980618e-02,-9.691160809371672513e-02,9.465227817745804018e+00,4.340527577937650094e-01,3.381294964028776828e+00
1.090693564356435807e+01,-3.301384451544196047e-02,-4.259850905218317413e-02,-1.054313099041533502e-01,9.292565947242206192e+00,5.971223021582733326e-01,3.450839328537170125e+00
1.091189108910891292e+01,-2.555910543130990309e-02,-3.833865814696485463e-02,-9.904153354632587447e-02,9.182254196642686495e+00,6.834532374100719121e-01,3.532374100719424259e+00
1.091684653465346777e+01,-1.703940362087327104e-02,-4.259850905218317413e-02,-8.945686900958466081e-02,9.213429256594723782e+00,7.314148681055155921e-01,3.568345323741007213e+00
1.092180198019802262e+01,-1.703940362087327104e-02,-5.111821086261980618e-02,-8.732694355697551147e-02,9.266187050359711463e+00,7.745803357314148263e-01,3.609112709832134502e+00
1.092675742574257569e+01,-2.129925452609158706e-02,-6.496272630457934627e-02,-7.880724174653887248e-02,9.247002398081534125e+00,8.705035971223021862e-01,3.508393285371702586e+00
1.093171287128713054e+01,-3.194888178913737886e-02,-7.561235356762513460e-02,-7.348242811501597138e-02,9.299760191846523583e+00,8.968824940047961380e-01,3.354916067146282987e+00
1.093666831683168539e+01,-5.111821086261980618e-02,-7.241746538871139671e-02,-6.709265175718849561e-02,9.359712230215826878e+00,9.136690647482014205e-01,3.218225419664268561e+00
1.094162376237624024e+01,-7.454739084132055993e-02,-6.496272630457934627e-02,-6.922257720979765883e-02,9.371702637889688603e+00,9.016786570743404727e-01,3.225419664268585063e+00
1.094657920792079331e+01,-1.033013844515442009e-01,-6.176783812566560145e-02,-7.348242811501597138e-02,9.376498800959232938e+00,8.848920863309353013e-01,3.316546762589927866e+00
1.095153465346534816e+01,-1.299254526091586925e-01,-6.815761448349308416e-02,-7.880724174653887248e-02,9.364508393285371213e+00,8.824940047961630230e-01,3.268585131894484519e+00
1.095649009900990301e+01,-1.533546325878594185e-01,-7.241746538871139671e-02,-8.306709265175718504e-02,9.318944844124700921e+00,8.729016786570743536e-01,3.196642685851319055e+00
1.096144554455445785e+01,-1.746538871139510229e-01,-6.709265175718849561e-02,-8.306709265175718504e-02,9.273381294964028854e+00,8.105515587529975585e-01,3.211031175059952059e+00
1.096640099009901270e+01,-1.916932907348242732e-01,-6.389776357827475772e-02,-8.519701810436634826e-02,9.306954436450839196e+00,7.458033573141487071e-01,3.294964028776978360e+00
1.097135643564356577e+01,-2.012779552715655007e-01,-6.496272630457934627e-02,-9.478168264110756192e-02,9.335731414868105205e+00,6.354916067146283432e-01,3.376498800959232494e+00
1.097631188118812062e+01,-2.023429179978700754e-01,-6.922257720979765883e-02,-1.075612353567625135e-01,9.292565947242206192e+00,6.163069544364508934e-01,3.467625899280575741e+00
1.098126732673267547e+01,-1.938232161874334503e-01,-7.561235356762513460e-02,-1.192758253461128903e-01,9.184652278177457774e+00,7.026378896882493619e-01,3.575539568345323715e+00
1.098622277227723032e+01,-1.757188498402555976e-01,-8.413205537806177359e-02,-1.171458998935037271e-01,9.045563549160672068e+00,8.681055155875300189e-01,3.671462829736210853e+00
1.099117821782178339e+01,-1.480298189563365174e-01,-9.797657082002129980e-02,-9.904153354632587447e-02,9.031175059952039064e+00,9.352517985611510376e-01,3.719424460431654644e+00
1.099613366336633824e+01,-1.139510117145899892e-01,-1.118210862619808260e-01,-7.987220447284344715e-02,9.052757793764987682e+00,8.896882494004796360e-01,3.762589928057554101e+00
1.100108910891089309e+01,-8.839190628328008614e-02,-1.277955271565495154e-01,-6.496272630457934627e-02,9.091127098321342359e+00,9.184652278177457552e-01,3.731414868105515481e+00
1.100604455445544794e+01,-7.241746538871139671e-02,-1.469648562300319428e-01,-5.963791267305644517e-02,9.127098321342925757e+00,1.021582733812949728e+00,3.616306954436451004e+00
1.101100000000000279e+01,-6.389776357827475772e-02,-1.629392971246006461e-01,-5.111821086261980618e-02,9.026378896882494729e+00,1.158273381294963933e+00,3.508393285371702586e+00
1.101595544554455586e+01,-5.111821086261980618e-02,-1.693290734824281218e-01,-2.875399361022364098e-02,9.016786570743406060e+00,1.203836930455635557e+00,3.381294964028776828e+00
1.102091089108911071e+01,-5.111821086261980618e-02,-1.757188498402555976e-01,-8.519701810436635520e-03,9.093525179856115415e+00,1.143884892086330929e+00,3.208633093525179891e+00
1.102586633663366555e+01,-6.496272630457934627e-02,-1.874334398296059745e-01,3.194888178913737886e-03,9.184652278177457774e+00,1.064748201438848962e+00,3.055155875299760293e+00
1.103082178217822040e+01,-8.626198083067092293e-02,-1.938232161874334503e-01,7.454739084132055646e-03,9.223021582733812451e+00,1.019184652278177561e+00,2.822541966426858728e+00
1.103577722772277347e+01,-1.150159744408945639e-01,-1.842385516506922227e-01,1.171458998935037341e-02,9.247002398081534125e+00,9.928057553956834980e-01,2.577937649880095883e+00
1.104073267326732832e+01,-1.437699680511182188e-01,-1.608093716719914690e-01,1.703940362087327104e-02,9.278177458033573188e+00,9.232613908872902009e-01,2.400479616306954611e+00
1.104568811881188317e+01,-1.767838125665601723e-01,-1.331203407880724165e-01,2.023429179978700893e-02,9.297362110311750527e+00,8.105515587529975585e-01,2.405275779376498946e+00
1.105064356435643802e+01,-2.066027689030884018e-01,-1.096911608093716767e-01,1.810436634717784918e-02,9.371702637889688603e+00,7.146282973621103096e-01,2.354916067146282987e+00
1.105559900990099287e+01,-2.385516506922257807e-01,-8.519701810436634826e-02,1.171458998935037341e-02,9.376498800959232938e+00,6.139088729016786150e-01,2.335731414868105649e+00
1.106055445544554594e+01,-2.577209797657081802e-01,-5.644302449414270728e-02,3.194888178913737886e-03,9.366906474820144268e+00,5.203836930455635335e-01,2.340527577937649983e+00
1.106550990099010079e+01,-2.758253461128860606e-01,-2.449414270500532495e-02,-7.454739084132055646e-03,9.362110311750599934e+00,3.812949640287769948e-01,2.436450839328537121e+00
1.107046534653465564e+01,-2.822151224707135087e-01,3.194888178913737886e-03,-2.236421725239616520e-02,9.345323741007193874e+00,2.589928057553956831e-01,2.623501199040767506e+00
1.107542079207921049e+01,-2.779552715654952100e-01,2.023429179978700893e-02,-3.833865814696485463e-02,9.290167865707434913e+00,1.678657074340527688e-01,2.810551558752997447e+00
1.108037623762376533e+01,-2.673056443024494078e-01,2.449414270500532495e-02,-5.857294994675186356e-02,9.263788968824940184e+00,1.079136690647481966e-01,2.892086330935251581e+00
1.108533168316831841e+01,-2.502662406815761575e-01,2.555910543130990309e-02,-8.413205537806177359e-02,9.304556354916067917e+00,8.393285371702638442e-02,2.882494004796162912e+00
1.109028712871287325e+01,-2.353567625133120289e-01,3.088391906283280072e-02,-1.075612353567625135e-01,9.282973621103117523e+00,9.352517985611510931e-02,2.920863309352518034e+00
1.109524257425742810e+01,-2.204472843450479280e-01,3.514376996805111675e-02,-1.373801916932907430e-01,9.254196642685851515e+00,1.894484412470023860e-01,3.050359712230215958e+00
1.110019801980198295e+01,-2.044728434504792247e-01,3.088391906283280072e-02,-1.661341853035143701e-01,9.227817745803356786e+00,3.165467625899280324e-01,3.256594724220623682e+00
1.110515346534653602e+01,-1.884984025559105492e-01,1.171458998935037341e-02,-1.853035143769967974e-01,9.177458033573142160e+00,4.292565947242206192e-01,3.328537170263789147e+00
1.111010891089109087e+01,-1.725239616613418459e-01,-8.519701810436635520e-03,-1.948881789137380249e-01,9.203836930455635112e+00,5.131894484412470314e-01,3.251798561151079348e+00
1.111506435643564572e+01,-1.544195953141639932e-01,-2.236421725239616520e-02,-2.076677316293929765e-01,9.268585131894484519e+00,5.731414868105515481e-01,3.189448441247002553e+00
1.112001980198020057e+01,-1.416400425985090417e-01,-2.662406815761448470e-02,-2.172523961661341763e-01,9.323741007194245256e+00,6.738609112709832427e-01,3.165467625899280435e+00
1.112497524752475542e+01,-1.309904153354632672e-01,-2.875399361022364098e-02,-2.236421725239616520e-01,9.328537170263789591e+00,7.721822541966426590e-01,3.191846522781774720e+00
1.112993069306930849e+01,-1.182108626198083018e-01,-2.981895633652822258e-02,-2.204472843450479280e-01,9.321342925659472201e+00,8.824940047961630230e-01,3.184652278177458218e+00
1.113488613861386334e+01,-1.086261980830670881e-01,-3.194888178913737886e-02,-2.172523961661341763e-01,9.287769784172661858e+00,9.592326139088729331e-01,3.177458033573141272e+00
1.113984158415841819e+01,-9.904153354632587447e-02,-3.088391906283280072e-02,-2.097976570820021258e-01,9.266187050359711463e+00,1.052757793764987904e+00,3.172661870503596937e+00
1.114479702970297303e+01,-8.839190628328008614e-02,-2.875399361022364098e-02,-1.948881789137380249e-01,9.350119904076738209e+00,1.115107913669064699e+00,3.167865707434052602e+00
1.114975247524752611e+01,-8.306709265175718504e-02,-2.236421725239616520e-02,-1.810436634717784987e-01,9.383693045563548552e+00,1.187050359712230163e+00,3.119904076738609255e+00
1.115470792079208096e+01,-7.987220447284344715e-02,-1.384451544195953142e-02,-1.693290734824281218e-01,9.388489208633092886e+00,1.242206235011990456e+00,3.153477218225419598e+00
1.115966336633663580e+01,-7.774227902023429781e-02,-5.324813631522896766e-03,-1.522896698615548439e-01,9.292565947242206192e+00,1.338129496402877594e+00,3.239808153477218067e+00
1.116461881188119065e+01,-7.135250266240682204e-02,1.064962726304579440e-03,-1.267305644302449408e-01,9.201438848920863833e+00,1.424460431654676285e+00,3.316546762589927866e+00
1.116957425742574550e+01,-6.389776357827475772e-02,2.129925452609158880e-03,-9.691160809371672513e-02,9.189448441247002108e+00,1.455635491606714682e+00,3.381294964028776828e+00
1.117452970297029857e+01,-5.431309904153354406e-02,-7.454739084132055646e-03,-6.602768903088392094e-02,9.213429256594723782e+00,1.438848920863309289e+00,3.441247002398081456e+00
1.117948514851485342e+01,-4.259850905218317413e-02,-1.810436634717784918e-02,-3.620873269435569836e-02,9.199040767386090778e+00,1.424460431654676285e+00,3.412470023980815448e+00
1.118444059405940827e+01,-3.088391906283280072e-02,-2.981895633652822258e-02,-7.454739084132055646e-03,9.213429256594723782e+00,1.438848920863309289e+00,3.282973621103117523e+00
1.118939603960396312e+01,-1.597444089456868943e-02,-3.194888178913737886e-02,2.555910543130990309e-02,9.223021582733812451e+00,1.422062350119904117e+00,3.223021582733812895e+00
1.119435148514851619e+01,-3.194888178913737886e-03,-3.194888178913737886e-02,5.963791267305644517e-02,9.263788968824940184e+00,1.335731414868105427e+00,3.167865707434052602e+00
1.119930693069307104e+01,9.584664536741213658e-03,-2.875399361022364098e-02,8.413205537806177359e-02,9.306954436450839196e+00,1.232613908872901787e+00,3.115107913669064921e+00
1.120426237623762589e+01,2.129925452609158706e-02,-2.449414270500532495e-02,1.054313099041533502e-01,9.364508393285371213e+00,1.134292565947242259e+00,3.035971223021582954e+00
1.120921782178218074e+01,3.407880724174654208e-02,-1.597444089456868943e-02,1.192758253461128903e-01,9.422062350119903229e+00,1.124700239808153368e+00,2.944844124700239707e+00
1.121417326732673558e+01,4.472843450479233041e-02,-2.129925452609158880e-03,1.331203407880724165e-01,9.393285371702637221e+00,1.119904076738609033e+00,2.884892086330935079e+00
1.121912871287128866e+01,5.111821086261980618e-02,1.703940362087327104e-02,1.501597444089456945e-01,9.371702637889688603e+00,1.117505995203836866e+00,2.858513189448441238e+00
1.122408415841584350e+01,6.070287539936101984e-02,3.727369542066027996e-02,1.661341853035143701e-01,9.443645083932853623e+00,9.976019184652278327e-01,2.846522781774580402e+00
1.122903960396039835e+01,6.815761448349308416e-02,5.431309904153354406e-02,1.767838125665601723e-01,9.491606714628296970e+00,8.848920863309353013e-01,2.860911270983213406e+00
1.123399504950495320e+01,6.602768903088392094e-02,7.241746538871139671e-02,1.725239616613418459e-01,9.448441247002397958e+00,8.201438848920863389e-01,2.937649880095923205e+00
1.123895049504950627e+01,6.815761448349308416e-02,8.519701810436634826e-02,1.629392971246006461e-01,9.335731414868105205e+00,7.937649880095922761e-01,3.052757793764988126e+00
1.124390594059406112e+01,6.922257720979765883e-02,9.052183173588924936e-02,1.586794462193823196e-01,9.270983213429255798e+00,7.721822541966426590e-01,3.213429256594724226e+00
1.124886138613861597e+01,6.709265175718849561e-02,8.306709265175718504e-02,1.544195953141639932e-01,9.199040767386090778e+00,7.577937649880095439e-01,3.297362110311750527e+00
1.125381683168317082e+01,6.709265175718849561e-02,6.815761448349308416e-02,1.395101171458998923e-01,9.153477218225420486e+00,7.194244604316546443e-01,3.280575539568345356e+00
1.125877227722772567e+01,6.176783812566560145e-02,5.644302449414270728e-02,1.182108626198083018e-01,9.098321342925659749e+00,7.074340527577938076e-01,3.208633093525179891e+00
1.126372772277227874e+01,5.005324813631523151e-02,4.579339723109691201e-02,9.797657082002129980e-02,9.136690647482014427e+00,6.954436450839328598e-01,3.316546762589927866e+00
1.126868316831683359e+01,5.005324813631523151e-02,3.301384451544196047e-02,7.880724174653887248e-02,9.237410071942445455e+00,6.690647482014387970e-01,3.201438848920863389e+00
1.127363861386138844e+01,5.005324813631523151e-02,3.194888178913737886e-02,6.283280085197018305e-02,9.213429256594723782e+00,7.601918465227818222e-01,3.057553956834532460e+00
1.127859405940594328e+01,4.579339723109691201e-02,4.153354632587859252e-02,5.218317358892438779e-02,9.151079136690647431e+00,8.273381294964028410e-01,3.095923261390887138e+00
1.128354950495049636e+01,4.046858359957401785e-02,4.898828541001064990e-02,4.153354632587859252e-02,9.112709832134292753e+00,8.920863309352518034e-01,3.009592326139088669e+00
1.128850495049505120e+01,2.555910543130990309e-02,5.644302449414270728e-02,3.514376996805111675e-02,9.141486810551558762e+00,8.729016786570743536e-01,3.062350119904076795e+00
1.129346039603960605e+01,1.277955271565495154e-02,6.176783812566560145e-02,3.301384451544196047e-02,9.196642685851319499e+00,8.824940047961630230e-01,2.973621103117506159e+00
1.129841584158416090e+01,0.000000000000000000e+00,7.135250266240682204e-02,3.194888178913737886e-02,9.177458033573142160e+00,9.208633093525180335e-01,3.000000000000000000e+00
1.130337128712871575e+01,1.171458998935037341e-02,9.052183173588924936e-02,3.407880724174654208e-02,9.146282973621103096e+00,9.016786570743404727e-01,2.906474820143885029e+00
1.130832673267326882e+01,2.555910543130990309e-02,1.256656017039403661e-01,5.537806176783812567e-02,9.088729016786571080e+00,8.393285371702637887e-01,3.311750599520383531e+00
1.131328217821782367e+01,7.667731629392970927e-02,1.341853035143769912e-01,8.306709265175718504e-02,9.110311750599519698e+00,8.705035971223021862e-01,3.410071942446043280e+00
1.131823762376237852e+01,9.797657082002129980e-02,1.171458998935037271e-01,1.001064962726304630e-01,9.007194244604317390e+00,9.808153477218225502e-01,3.354916067146282987e+00
1.132319306930693337e+01,1.150159744408945639e-01,1.096911608093716767e-01,1.171458998935037271e-01,8.971223021582733992e+00,9.616306954436451004e-01,3.484412470023980912e+00
1.132814851485148644e+01,1.405750798722044670e-01,1.033013844515442009e-01,1.341853035143769912e-01,8.935251798561150594e+00,8.872901678657074687e-01,3.359712230215827322e+00
1.133310396039604129e+01,1.427050053248136441e-01,9.265175718849839870e-02,1.427050053248136441e-01,8.995203836930455665e+00,7.841726618705036067e-01,3.712230215827338142e+00
1.133805940594059614e+01,1.640042598509052207e-01,7.028753993610223350e-02,1.458998935037273681e-01,9.117505995203837088e+00,8.009592326139088891e-01,3.436450839328537121e+00
1.134301485148515098e+01,1.533546325878594185e-01,5.218317358892438779e-02,1.437699680511182188e-01,9.163069544364509156e+00,7.793764988009592720e-01,3.553956834532374209e+00
1.134797029702970583e+01,1.682641107561235472e-01,4.579339723109691201e-02,1.448349307774227934e-01,9.103117505995204084e+00,8.009592326139088891e-01,3.263788968824940184e+00
1.135292574257425890e+01,1.565495207667731703e-01,4.898828541001064990e-02,1.427050053248136441e-01,9.095923261390886694e+00,7.721822541966426590e-01,3.515587529976019088e+00
1.135788118811881375e+01,1.565495207667731703e-01,4.153354632587859252e-02,1.405750798722044670e-01,8.990407673860911331e+00,7.865707434052757741e-01,3.700239808153477306e+00
1.136283663366336860e+01,1.427050053248136441e-01,5.324813631522896766e-03,1.331203407880724165e-01,8.990407673860911331e+00,7.122302158273381423e-01,3.755395683453237599e+00
1.136779207920792345e+01,1.288604898828540901e-01,-3.833865814696485463e-02,1.160809371671991524e-01,8.985611510791366996e+00,6.738609112709832427e-01,3.676258992805755188e+00
1.137274752475247652e+01,1.182108626198083018e-01,-6.709265175718849561e-02,9.691160809371672513e-02,9.023980815347721673e+00,6.882494004796163578e-01,3.484412470023980912e+00
1.137770297029703137e+01,1.075612353567625135e-01,-7.774227902023429781e-02,8.306709265175718504e-02,9.023980815347721673e+00,6.786570743405275774e-01,3.628297362110311841e+00
1.138265841584158622e+01,1.118210862619808260e-01,-9.584664536741213658e-02,7.135250266240682204e-02,9.004796163069544335e+00,6.690647482014387970e-01,3.486810551558753080e+00
1.138761386138614107e+01,1.064962726304579388e-01,-1.171458998935037271e-01,6.496272630457934627e-02,9.016786570743406060e+00,5.851318944844124958e-01,3.532374100719424259e+00
1.139256930693069592e+01,1.224707135250266282e-01,-1.352502662406815659e-01,5.644302449414270728e-02,9.062350119904076351e+00,5.851318944844124958e-01,3.280575539568345356e+00
1.139752475247524899e+01,1.288604898828540901e-01,-1.427050053248136441e-01,4.898828541001064990e-02,9.091127098321342359e+00,5.467625899280575963e-01,3.215827338129496393e+00
1.140248019801980384e+01,1.490947816826411199e-01,-1.405750798722044670e-01,5.218317358892438779e-02,9.105515587529975363e+00,5.251798561151078681e-01,3.004796163069544335e+00
1.140743564356435868e+01,1.576144834930777450e-01,-1.309904153354632672e-01,5.324813631522896940e-02,9.182254196642686495e+00,4.196642685851318944e-01,2.980815347721822661e+00
1.141239108910891353e+01,1.714589989350372712e-01,-1.267305644302449408e-01,4.898828541001064990e-02,9.201438848920863833e+00,3.980815347721822772e-01,2.925659472422062368e+00
1.141734653465346838e+01,1.746538871139510229e-01,-1.203407880724174650e-01,3.620873269435569836e-02,9.129496402877697037e+00,4.412470023980815115e-01,2.920863309352518034e+00
1.142230198019802145e+01,1.789137380191693216e-01,-1.182108626198083018e-01,3.407880724174654208e-02,9.043165467625899012e+00,5.563549160671462657e-01,2.880095923261390745e+00
1.142725742574257630e+01,1.831735889243876481e-01,-1.064962726304579388e-01,4.259850905218317413e-02,9.117505995203837088e+00,5.635491606714628787e-01,2.625899280575539674e+00
1.143221287128713115e+01,1.789137380191693216e-01,-7.880724174653887248e-02,4.366347177848775574e-02,9.211031175059952503e+00,5.131894484412470314e-01,2.640287769784172678e+00
1.143716831683168600e+01,1.789137380191693216e-01,-4.898828541001064990e-02,3.940362087326943624e-02,9.251798561151078459e+00,5.707434052757793808e-01,2.546762589928057707e+00
1.144212376237623907e+01,1.703940362087326965e-01,-2.342917997870074681e-02,3.514376996805111675e-02,9.203836930455635112e+00,6.115107913669064477e-01,2.671462829736210853e+00
1.144707920792079392e+01,1.714589989350372712e-01,-2.129925452609158880e-03,4.153354632587859252e-02,9.227817745803356786e+00,6.450839328537170125e-01,2.630695443645084008e+00
1.145203465346534877e+01,1.640042598509052207e-01,2.342917997870074681e-02,4.472843450479233041e-02,9.316546762589927866e+00,6.258992805755395628e-01,2.628297362110311841e+00
1.145699009900990362e+01,1.576144834930777450e-01,5.324813631522896940e-02,4.046858359957401785e-02,9.302158273381294862e+00,6.426858513189448452e-01,2.683453237410072134e+00
1.146194554455445846e+01,1.522896698615548439e-01,7.561235356762513460e-02,3.727369542066027996e-02,9.287769784172661858e+00,7.122302158273381423e-01,2.712230215827338142e+00
1.146690099009901154e+01,1.490947816826411199e-01,9.478168264110756192e-02,3.940362087326943624e-02,9.208633093525179447e+00,8.081534772182253912e-01,2.796163069544364443e+00
1.147185643564356639e+01,1.501597444089456945e-01,1.128860489882854146e-01,5.111821086261980618e-02,9.160671462829736100e+00,8.729016786570743536e-01,2.781774580335731439e+00
1.147681188118812123e+01,1.437699680511182188e-01,1.246006389776357776e-01,6.709265175718849561e-02,9.131894484412470092e+00,8.705035971223021862e-01,2.868105515587529908e+00
1.148176732673267608e+01,1.373801916932907430e-01,1.299254526091586925e-01,7.774227902023429781e-02,9.139088729016785706e+00,8.800959232613908556e-01,2.892086330935251581e+00
1.148672277227722915e+01,1.267305644302449408e-01,1.277955271565495154e-01,8.200212992545261037e-02,9.158273381294964821e+00,8.824940047961630230e-01,2.918465227817745866e+00
1.149167821782178400e+01,1.150159744408945639e-01,1.246006389776357776e-01,8.732694355697551147e-02,9.158273381294964821e+00,8.776978417266186883e-01,2.781774580335731439e+00
1.149663366336633885e+01,9.584664536741213658e-02,1.277955271565495154e-01,9.265175718849839870e-02,9.172661870503597825e+00,8.824940047961630230e-01,2.738609112709831983e+00
1.150158910891089370e+01,8.519701810436634826e-02,1.405750798722044670e-01,9.478168264110756192e-02,9.196642685851319499e+00,8.705035971223021862e-01,2.690647482014388636e+00
1.150654455445544855e+01,7.667731629392970927e-02,1.512247071352502692e-01,9.584664536741213658e-02,9.235011990407674176e+00,8.585131894484412385e-01,2.645083932853717013e+00
1.151150000000000162e+01,6.176783812566560145e-02,1.629392971246006461e-01,8.945686900958466081e-02,9.232613908872901121e+00,8.824940047961630230e-01,2.649880095923261347e+00
1.151645544554455647e+01,4.792332268370606829e-02,1.746538871139510229e-01,8.413205537806177359e-02,9.254196642685851515e+00,8.800959232613908556e-01,2.640287769784172678e+00
1.152141089108911132e+01,3.727369542066027996e-02,1.906283280085196985e-01,7.987220447284344715e-02,9.172661870503597825e+00,8.992805755395683054e-01,2.748201438848920652e+00
1.152636633663366617e+01,3.407880724174654208e-02,2.012779552715655007e-01,7.987220447284344715e-02,9.249400479616307180e+00,9.280575539568345356e-01,2.743405275779376318e+00
1.153132178217821924e+01,2.662406815761448470e-02,2.140575079872204523e-01,8.945686900958466081e-02,9.258992805755395850e+00,8.369304556354916214e-01,2.784172661870503607e+00
1.153627722772277409e+01,1.703940362087327104e-02,2.215122470713525027e-01,8.306709265175718504e-02,9.143884892086331817e+00,7.434052757793765398e-01,2.856115107913669071e+00
1.154123267326732893e+01,1.916932907348242732e-02,2.374866879659212060e-01,6.709265175718849561e-02,9.057553956834532016e+00,7.937649880095922761e-01,3.038369304556355122e+00
1.154618811881188378e+01,2.555910543130990309e-02,2.406815761448349300e-01,6.815761448349308416e-02,9.055155875299760737e+00,8.776978417266186883e-01,3.455635491606714460e+00
1.155114356435643863e+01,4.579339723109691201e-02,2.183173588924387509e-01,8.839190628328008614e-02,9.016786570743406060e+00,8.393285371702637887e-01,3.215827338129496393e+00
1.155609900990099170e+01,5.111821086261980618e-02,2.002129925452609260e-01,1.011714589989350377e-01,9.134292565947241371e+00,6.978417266187050272e-01,3.179856115107913883e+00
1.156105445544554655e+01,6.815761448349308416e-02,2.002129925452609260e-01,9.584664536741213658e-02,9.112709832134292753e+00,8.105515587529975585e-01,3.035971223021582954e+00
1.156600990099010140e+01,6.070287539936101984e-02,1.948881789137380249e-01,9.904153354632587447e-02,9.155875299760191766e+00,9.136690647482014205e-01,3.182254196642686050e+00
1.157096534653465625e+01,7.348242811501597138e-02,1.959531416400425996e-01,1.128860489882854146e-01,9.134292565947241371e+00,9.424460431654676507e-01,3.170263788968824770e+00
1.157592079207920932e+01,7.880724174653887248e-02,2.076677316293929765e-01,1.246006389776357776e-01,9.047961630695443347e+00,8.848920863309353013e-01,3.393285371702638109e+00
1.158087623762376417e+01,9.478168264110756192e-02,1.735889243876464205e-01,1.448349307774227934e-01,9.103117505995204084e+00,7.673860911270983243e-01,3.302158273381294862e+00
1.158583168316831902e+01,1.192758253461128903e-01,1.448349307774227934e-01,1.650692225772097954e-01,9.151079136690647431e+00,7.482014388489208745e-01,2.743405275779376318e+00
1.159078712871287387e+01,1.384451544195953177e-01,1.916932907348242732e-01,1.725239616613418459e-01,9.148681055155876152e+00,8.800959232613908556e-01,2.940047961630695372e+00
1.159574257425742871e+01,1.671991480298189447e-01,2.481363152289669805e-01,1.948881789137380249e-01,9.175059952038369104e+00,1.000000000000000000e+00,3.100719424460431473e+00
1.160069801980198179e+01,1.682641107561235472e-01,2.832800851970180833e-01,2.119275825346112752e-01,9.213429256594723782e+00,8.992805755395683054e-01,3.517985611510791255e+00
1.160565346534653663e+01,1.597444089456868943e-01,2.651757188498402584e-01,2.119275825346112752e-01,9.112709832134292753e+00,7.961630695443645545e-01,3.366906474820143824e+00
1.161060891089109148e+01,1.416400425985090417e-01,2.438764643237486818e-01,2.023429179978700754e-01,8.935251798561150594e+00,8.081534772182253912e-01,3.141486810551558762e+00
1.161556435643564633e+01,1.331203407880724165e-01,2.470713525026624058e-01,2.012779552715655007e-01,8.729016786570744202e+00,9.664268585131894351e-01,3.139088729016786594e+00
1.162051980198019940e+01,1.288604898828540901e-01,2.513312034078807322e-01,2.225772097976570774e-01,8.750599520383692820e+00,9.472422062350119853e-01,3.438848920863309289e+00
1.162547524752475425e+01,1.288604898828540901e-01,2.289669861554845531e-01,2.492012779552715551e-01,9.028776978417266008e+00,7.458033573141487071e-01,3.491606714628297414e+00
1.163043069306930910e+01,1.118210862619808260e-01,1.938232161874334503e-01,2.438764643237486818e-01,9.179856115107913439e+00,5.971223021582733326e-01,3.393285371702638109e+00
1.163538613861386395e+01,9.371671991480298725e-02,1.640042598509052207e-01,2.183173588924387509e-01,8.988009592326138275e+00,7.242206235011990900e-01,3.170263788968824770e+00
1.164034158415841880e+01,8.093716719914803570e-02,1.576144834930777450e-01,2.140575079872204523e-01,8.856115107913668183e+00,8.848920863309353013e-01,2.956834532374100544e+00
1.164529702970297187e+01,6.922257720979765883e-02,1.693290734824281218e-01,2.310969116080937302e-01,8.956834532374100988e+00,7.793764988009592720e-01,2.899280575539568527e+00
1.165025247524752672e+01,5.324813631522896940e-02,1.757188498402555976e-01,2.396166134185303553e-01,9.311750599520383531e+00,4.580335731414867939e-01,2.971223021582733992e+00
1.165520792079208157e+01,3.940362087326943624e-02,1.703940362087326965e-01,2.119275825346112752e-01,9.330935251798560870e+00,3.573141486810551548e-01,2.937649880095923205e+00
1.166016336633663641e+01,2.981895633652822258e-02,1.757188498402555976e-01,1.810436634717784987e-01,9.175059952038369104e+00,5.947242206235011652e-01,2.872901678657074243e+00
1.166511881188118949e+01,2.236421725239616520e-02,1.906283280085196985e-01,1.821086261980830734e-01,9.076738609112709355e+00,7.098321342925659749e-01,2.923261390887290201e+00
1.167007425742574434e+01,3.194888178913737886e-02,2.034078807241746500e-01,2.034078807241746500e-01,9.110311750599519698e+00,5.731414868105515481e-01,2.779376498800959272e+00
1.167502970297029918e+01,3.407880724174654208e-02,2.204472843450479280e-01,2.066027689030884018e-01,9.199040767386090778e+00,3.333333333333333148e-01,2.906474820143885029e+00
1.167998514851485403e+01,4.046858359957401785e-02,2.374866879659212060e-01,1.927582534611288478e-01,9.199040767386090778e+00,2.949640287769784153e-01,3.148681055155875264e+00
1.168494059405940888e+01,4.792332268370606829e-02,2.310969116080937302e-01,1.778487752928647470e-01,9.151079136690647431e+00,3.693045563549160470e-01,3.398081534772182444e+00
1.168989603960396195e+01,6.176783812566560145e-02,2.087326943556975511e-01,1.821086261980830734e-01,9.045563549160672068e+00,4.220623501199040617e-01,3.151079136690647431e+00
1.169485148514851680e+01,7.561235356762513460e-02,2.097976570820021258e-01,1.884984025559105492e-01,8.976019184652278327e+00,3.165467625899280324e-01,3.045563549160671624e+00
1.169980693069307165e+01,9.797657082002129980e-02,2.268370607028754038e-01,1.916932907348242732e-01,9.009592326139088669e+00,2.398081534772182333e-01,3.201438848920863389e+00
1.170476237623762650e+01,1.160809371671991524e-01,2.247071352502662545e-01,1.884984025559105492e-01,9.067146282973620686e+00,1.966426858513189435e-01,3.424460431654676285e+00
1.170971782178217957e+01,1.331203407880724165e-01,1.970181043663471743e-01,1.853035143769967974e-01,9.023980815347721673e+00,1.606714628297362113e-01,3.398081534772182444e+00
1.171467326732673442e+01,1.437699680511182188e-01,1.671991480298189447e-01,1.767838125665601723e-01,9.016786570743406060e+00,1.678657074340527688e-01,3.127098321342925757e+00
1.171962871287128927e+01,1.458998935037273681e-01,1.554845580404685956e-01,1.661341853035143701e-01,9.035971223021583398e+00,2.230215827338129508e-01,2.944844124700239707e+00
1.172458415841584412e+01,1.458998935037273681e-01,1.597444089456868943e-01,1.576144834930777450e-01,9.088729016786571080e+00,2.637889688249400733e-01,2.971223021582733992e+00
1.172953960396039896e+01,1.363152289669861683e-01,1.554845580404685956e-01,1.469648562300319428e-01,9.201438848920863833e+00,2.182254196642685884e-01,3.038369304556355122e+00
1.173449504950495204e+01,1.309904153354632672e-01,1.405750798722044670e-01,1.320553780617678419e-01,9.239808153477218511e+00,8.153477218225420320e-02,2.918465227817745866e+00
1.173945049504950688e+01,1.182108626198083018e-01,1.331203407880724165e-01,1.096911608093716767e-01,9.244604316546762846e+00,9.112709832134292809e-02,2.839328537170263900e+00
1.174440594059406173e+01,1.128860489882854146e-01,1.352502662406815659e-01,8.945686900958466081e-02,9.247002398081534125e+00,1.606714628297362113e-01,2.726618705035971146e+00
1.174936138613861658e+01,1.118210862619808260e-01,1.458998935037273681e-01,8.200212992545261037e-02,9.333333333333333925e+00,1.798561151079136611e-01,2.755395683453237599e+00
1.175431683168316965e+01,1.182108626198083018e-01,1.597444089456868943e-01,7.774227902023429781e-02,9.422062350119903229e+00,5.275779376498800771e-02,2.750599520383693264e+00
1.175927227722772450e+01,1.277955271565495154e-01,1.789137380191693216e-01,7.135250266240682204e-02,9.465227817745804018e+00,-9.352517985611510931e-02,2.791366906474820109e+00
1.176422772277227935e+01,1.384451544195953177e-01,1.959531416400425996e-01,5.005324813631523151e-02,9.371702637889688603e+00,-7.673860911270982688e-02,2.889688249400479414e+00
1.176918316831683420e+01,1.533546325878594185e-01,2.023429179978700754e-01,2.981895633652822258e-02,9.261390887290167129e+00,-1.438848920863309427e-02,3.052757793764988126e+00
1.177413861386138905e+01,1.693290734824281218e-01,2.023429179978700754e-01,2.555910543130990309e-02,9.187050359712230829e+00,4.556354916067146404e-02,3.050359712230215958e+00
1.177909405940594212e+01,1.906283280085196985e-01,2.012779552715655007e-01,2.449414270500532495e-02,9.230215827338129841e+00,-1.199040767386091132e-02,3.033573141486810343e+00
1.178404950495049697e+01,2.066027689030884018e-01,2.002129925452609260e-01,2.023429179978700893e-02,9.287769784172661858e+00,-2.877697841726618855e-02,3.031175059952038175e+00
1.178900495049505182e+01,2.193823216187433534e-01,2.012779552715655007e-01,1.171458998935037341e-02,9.275779376498800133e+00,5.995203836930455832e-02,3.000000000000000000e+00
1.179396039603960666e+01,2.204472843450479280e-01,2.002129925452609260e-01,5.324813631522896766e-03,9.285371702637888802e+00,1.750599520383692986e-01,2.985611510791366996e+00
1.179891584158416151e+01,2.129925452609158776e-01,2.012779552715655007e-01,5.324813631522896766e-03,9.297362110311750527e+00,2.374100719424460382e-01,2.911270983213429364e+00
1.180387128712871458e+01,1.938232161874334503e-01,2.066027689030884018e-01,1.064962726304579440e-03,9.393285371702637221e+00,2.781774580335731328e-01,2.839328537170263900e+00
1.180882673267326943e+01,1.682641107561235472e-01,2.193823216187433534e-01,-6.389776357827475772e-03,9.431654676258993675e+00,3.069544364508393075e-01,2.793764988009592276e+00
1.181378217821782428e+01,1.427050053248136441e-01,2.406815761448349300e-01,-1.810436634717784918e-02,9.383693045563548552e+00,4.412470023980815115e-01,2.846522781774580402e+00
1.181873762376237913e+01,1.128860489882854146e-01,2.555910543130990309e-01,-2.449414270500532495e-02,9.318944844124700921e+00,5.611510791366906004e-01,3.040767386091127289e+00
1.182369306930693220e+01,9.052183173588924936e-02,2.609158679446219598e-01,-2.342917997870074681e-02,9.282973621103117523e+00,6.594724220623501276e-01,3.103117505995203640e+00
1.182864851485148705e+01,6.922257720979765883e-02,2.683706070287539824e-01,-1.277955271565495154e-02,9.239808153477218511e+00,7.793764988009592720e-01,3.230215827338129397e+00
1.183360396039604190e+01,5.750798722044728195e-02,2.747603833865814860e-01,7.454739084132055646e-03,9.143884892086331817e+00,8.824940047961630230e-01,3.213429256594724226e+00
1.183855940594059675e+01,5.005324813631523151e-02,2.811501597444089340e-01,4.153354632587859252e-02,9.091127098321342359e+00,9.952038369304556653e-01,3.302158273381294862e+00
1.184351485148515160e+01,5.537806176783812567e-02,2.811501597444089340e-01,9.265175718849839870e-02,9.064748201438849406e+00,1.031175059952038398e+00,3.294964028776978360e+00
1.184847029702970467e+01,5.750798722044728195e-02,2.811501597444089340e-01,1.416400425985090417e-01,9.117505995203837088e+00,9.976019184652278327e-01,3.242206235011990234e+00
1.185342574257425952e+01,5.644302449414270728e-02,2.811501597444089340e-01,1.821086261980830734e-01,9.258992805755395850e+00,8.800959232613908556e-01,3.208633093525179891e+00
1.185838118811881436e+01,5.324813631522896940e-02,2.875399361022364375e-01,2.140575079872204523e-01,9.412470023980814560e+00,8.776978417266186883e-01,3.038369304556355122e+00
1.186333663366336921e+01,3.620873269435569836e-02,3.077742279020234117e-01,2.374866879659212060e-01,9.458033573141486627e+00,9.040767386091127511e-01,3.083932853717026301e+00
1.186829207920792228e+01,2.662406815761448470e-02,3.290734824281150162e-01,2.694355697550585571e-01,9.383693045563548552e+00,8.633093525179855732e-01,3.136690647482014427e+00
1.187324752475247713e+01,1.277955271565495154e-02,3.418530351437699677e-01,2.981895633652822397e-01,9.297362110311750527e+00,7.386091127098320941e-01,3.203836930455635557e+00
1.187820297029703198e+01,-1.490947816826411129e-02,3.450479233226836917e-01,3.173588924387646393e-01,9.254196642685851515e+00,6.115107913669064477e-01,3.347721822541966485e+00
1.188315841584158683e+01,-3.940362087326943624e-02,3.365282215122470943e-01,3.184238551650692139e-01,9.223021582733812451e+00,5.563549160671462657e-01,3.448441247002397958e+00
1.188811386138614168e+01,-6.389776357827475772e-02,3.226837060702875126e-01,3.173588924387646393e-01,9.115107913669064033e+00,5.107913669064748641e-01,3.414868105515587615e+00
1.189306930693069475e+01,-9.478168264110756192e-02,3.109691160809371913e-01,3.237486687965921428e-01,9.110311750599519698e+00,4.220623501199040617e-01,3.441247002398081456e+00
1.189802475247524960e+01,-1.160809371671991524e-01,3.056443024494142624e-01,3.280085197018104415e-01,9.112709832134292753e+00,2.973621103117505826e-01,3.410071942446043280e+00
1.190298019801980445e+01,-1.341853035143769912e-01,3.077742279020234117e-01,3.258785942492012921e-01,9.127098321342925757e+00,1.606714628297362113e-01,3.335731414868105649e+00
1.190793564356435930e+01,-1.490947816826411199e-01,3.120340788072417659e-01,3.109691160809371913e-01,9.110311750599519698e+00,1.223021582733812979e-01,3.544364508393285540e+00
1.191289108910891237e+01,-1.427050053248136441e-01,3.152289669861554899e-01,3.024494142705005384e-01,9.182254196642686495e+00,1.007194244604316530e-01,3.371702637889688159e+00
1.191784653465346722e+01,-1.490947816826411199e-01,3.216187433439829380e-01,3.077742279020234117e-01,9.122302158273381423e+00,1.438848920863309427e-02,3.366906474820143824e+00
1.192280198019802206e+01,-1.395101171458998923e-01,3.216187433439829380e-01,3.045793397231096877e-01,9.352517985611511264e+00,-1.582733812949640162e-01,3.055155875299760293e+00
1.192775742574257691e+01,-1.469648562300319428e-01,3.333333333333333148e-01,2.864749733759318628e-01,9.297362110311750527e+00,-2.350119904076738708e-01,3.040767386091127289e+00
1.193271287128713176e+01,-1.171458998935037271e-01,3.727369542066027441e-01,2.641107561235356838e-01,9.009592326139088669e+00,-7.194244604316546443e-02,3.280575539568345356e+00
1.193766831683168483e+01,-9.478168264110756192e-02,3.844515441959531210e-01,2.705005324813631318e-01,9.239808153477218511e+00,-1.534772182254196538e-01,3.494004796163069582e+00
1.194262376237623968e+01,-8.732694355697551147e-02,3.535676251331203446e-01,2.705005324813631318e-01,9.330935251798560870e+00,-5.323741007194244812e-01,3.712230215827338142e+00
1.194757920792079453e+01,-5.324813631522896940e-02,3.269435569755058668e-01,2.247071352502662545e-01,9.381294964028777272e+00,-6.666666666666666297e-01,3.275779376498801021e+00
1.195253465346534938e+01,-5.111821086261980618e-02,3.248136315228967175e-01,1.640042598509052207e-01,9.155875299760191766e+00,-4.412470023980815115e-01,3.673860911270983021e+00
1.195749009900990245e+01,-1.597444089456868943e-02,3.109691160809371913e-01,1.341853035143769912e-01,8.966426858513189657e+00,-1.918465227817745811e-01,3.865707434052757741e+00
1.196244554455445730e+01,6.389776357827475772e-03,2.715654952076677064e-01,1.416400425985090417e-01,9.011990407673861725e+00,-2.973621103117505826e-01,4.057553956834532016e+00
1.196740099009901215e+01,3.940362087326943624e-02,2.332268370607028796e-01,1.235356762513312029e-01,9.141486810551558762e+00,-4.868105515587530241e-01,3.894484412470024193e+00
1.197235643564356700e+01,5.324813631522896940e-02,2.012779552715655007e-01,7.667731629392970927e-02,9.079136690647482411e+00,-3.980815347721822772e-01,3.904076738609112862e+00
1.197731188118812184e+01,6.283280085197018305e-02,1.661341853035143701e-01,4.366347177848775574e-02,8.872901678657074243e+00,-6.714628297362110199e-02,4.074340527577938076e+00
1.198226732673267492e+01,8.413205537806177359e-02,1.299254526091586925e-01,4.046858359957401785e-02,8.781774580335731883e+00,8.153477218225420320e-02,3.834532374100719565e+00
1.198722277227722977e+01,9.052183173588924936e-02,1.054313099041533502e-01,4.579339723109691201e-02,8.947242206235012318e+00,-1.007194244604316530e-01,3.769784172661870603e+00
1.199217821782178461e+01,1.075612353567625135e-01,9.904153354632587447e-02,3.301384451544196047e-02,9.098321342925659749e+00,-1.750599520383692986e-01,3.539568345323741205e+00
1.199713366336633946e+01,1.033013844515442009e-01,9.265175718849839870e-02,1.277955271565495154e-02,9.083932853717026745e+00,-7.434052757793764565e-02,3.752997601918465431e+00
1.200208910891089253e+01,1.235356762513312029e-01,8.306709265175718504e-02,5.324813631522896766e-03,8.971223021582733992e+00,9.832134292565947176e-02,3.563549160671462879e+00
1.200704455445544738e+01,1.320553780617678419e-01,7.880724174653887248e-02,2.342917997870074681e-02,8.952038369304556653e+00,3.836930455635491344e-02,3.470023980815347908e+00
1.201200000000000223e+01,1.501597444089456945e-01,9.158679446219382403e-02,3.727369542066027996e-02,9.035971223021583398e+00,-1.199040767386091166e-01,3.302158273381294862e+00
1.201695544554455708e+01,1.597444089456868943e-01,1.064962726304579388e-01,3.301384451544196047e-02,9.112709832134292753e+00,-2.062350119904076684e-01,3.357314148681055155e+00
1.202191089108911193e+01,1.693290734824281218e-01,1.118210862619808260e-01,2.342917997870074681e-02,9.062350119904076351e+00,-1.294964028776978415e-01,3.517985611510791255e+00
1.202686633663366500e+01,1.789137380191693216e-01,1.022364217252396124e-01,2.236421725239616520e-02,8.973621103117505271e+00,-7.194244604316547137e-03,3.438848920863309289e+00
1.203182178217821985e+01,1.757188498402555976e-01,9.904153354632587447e-02,3.301384451544196047e-02,8.918465227817746310e+00,-2.877697841726618855e-02,3.350119904076738653e+00
1.203677722772277470e+01,1.810436634717784987e-01,1.086261980830670881e-01,4.685835995740149362e-02,8.956834532374100988e+00,-9.112709832134292809e-02,3.170263788968824770e+00
1.204173267326732955e+01,1.661341853035143701e-01,1.214057507987220397e-01,5.324813631522896940e-02,8.980815347721822661e+00,-1.270983213429256464e-01,3.376498800959232494e+00
1.204668811881188262e+01,1.586794462193823196e-01,1.192758253461128903e-01,5.111821086261980618e-02,8.978417266187049606e+00,-9.832134292565947176e-02,3.340527577937649983e+00
1.205164356435643747e+01,1.320553780617678419e-01,1.107561235356762513e-01,4.898828541001064990e-02,8.944844124700239263e+00,-1.318944844124700366e-01,3.350119904076738653e+00
1.205659900990099231e+01,1.086261980830670881e-01,1.064962726304579388e-01,4.685835995740149362e-02,8.952038369304556653e+00,-1.726618705035971313e-01,3.139088729016786594e+00
1.206155445544554716e+01,8.093716719914803570e-02,1.128860489882854146e-01,3.833865814696485463e-02,9.067146282973620686e+00,-1.846522781774580235e-01,3.007194244604316502e+00
1.206650990099010201e+01,5.750798722044728195e-02,1.395101171458998923e-01,3.407880724174654208e-02,9.155875299760191766e+00,-2.278177458033573133e-01,3.031175059952038175e+00
1.207146534653465508e+01,3.301384451544196047e-02,1.650692225772097954e-01,2.662406815761448470e-02,9.251798561151078459e+00,-3.117505995203836977e-01,2.978417266187050494e+00
1.207642079207920993e+01,2.129925452609158880e-03,1.821086261980830734e-01,9.584664536741213658e-03,9.287769784172661858e+00,-4.316546762589927866e-01,3.009592326139088669e+00
1.208137623762376478e+01,-2.023429179978700893e-02,2.034078807241746500e-01,-1.277955271565495154e-02,9.338129496402878260e+00,-4.676258992805755188e-01,2.863309352517985573e+00
1.208633168316831963e+01,-4.685835995740149362e-02,2.310969116080937302e-01,-4.046858359957401785e-02,9.410071942446043280e+00,-4.388489208633093441e-01,2.908872901678657197e+00
1.209128712871287270e+01,-6.602768903088392094e-02,2.641107561235356838e-01,-6.283280085197018305e-02,9.414868105515587615e+00,-3.764988009592326046e-01,2.932853717026378870e+00
1.209624257425742755e+01,-8.413205537806177359e-02,2.886048988285410122e-01,-8.413205537806177359e-02,9.359712230215826878e+00,-3.693045563549160470e-01,3.172661870503596937e+00
1.210119801980198240e+01,-9.478168264110756192e-02,3.035143769968051131e-01,-1.022364217252396124e-01,9.292565947242206192e+00,-3.669064748201438797e-01,3.345323741007194318e+00
1.210615346534653725e+01,-1.054313099041533502e-01,3.035143769968051131e-01,-1.267305644302449408e-01,9.254196642685851515e+00,-3.549160671462829875e-01,3.513189448441246920e+00
1.211110891089109209e+01,-1.064962726304579388e-01,2.928647497337593109e-01,-1.480298189563365174e-01,9.175059952038369104e+00,-2.853717026378896904e-01,3.577937649880095883e+00
1.211606435643564517e+01,-1.054313099041533502e-01,2.854100106496272882e-01,-1.608093716719914690e-01,9.124700239808152702e+00,-2.182254196642685884e-01,3.666666666666666519e+00
1.212101980198020001e+01,-1.033013844515442009e-01,2.768903088391906353e-01,-1.661341853035143701e-01,9.172661870503597825e+00,-1.846522781774580235e-01,3.707434052757793808e+00
1.212597524752475486e+01,-9.371671991480298725e-02,2.715654952076677064e-01,-1.821086261980830734e-01,9.165467625899280435e+00,-1.438848920863309289e-01,3.719424460431654644e+00
1.213093069306930971e+01,-8.839190628328008614e-02,2.641107561235356838e-01,-1.970181043663471743e-01,9.129496402877697037e+00,-1.175059952038369354e-01,3.884892086330935079e+00
1.213588613861386278e+01,-7.241746538871139671e-02,2.513312034078807322e-01,-2.066027689030884018e-01,9.146282973621103096e+00,-3.357314148681055099e-02,3.980815347721822661e+00
1.214084158415841763e+01,-5.750798722044728195e-02,2.396166134185303553e-01,-2.076677316293929765e-01,9.131894484412470092e+00,4.796163069544364180e-03,4.033573141486810343e+00
1.214579702970297248e+01,-3.301384451544196047e-02,2.268370607028754038e-01,-2.055378061767837994e-01,9.129496402877697037e+00,3.836930455635491344e-02,4.000000000000000000e+00
1.215075247524752733e+01,-5.324813631522896766e-03,2.193823216187433534e-01,-1.991480298189563236e-01,9.141486810551558762e+00,5.515587529976018893e-02,3.942446043165467540e+00
1.215570792079208218e+01,2.342917997870074681e-02,2.247071352502662545e-01,-1.948881789137380249e-01,9.165467625899280435e+00,1.031175059952038342e-01,3.947242206235011874e+00
1.216066336633663525e+01,4.366347177848775574e-02,2.289669861554845531e-01,-1.916932907348242732e-01,9.119904076738608367e+00,2.470023980815347631e-01,4.129496402877697925e+00
1.216561881188119010e+01,6.389776357827475772e-02,2.204472843450479280e-01,-1.778487752928647470e-01,9.071942446043165020e+00,3.357314148681055377e-01,4.211031175059951615e+00
1.217057425742574495e+01,8.306709265175718504e-02,2.044728434504792247e-01,-1.565495207667731703e-01,9.059952038369305072e+00,3.956834532374100544e-01,4.155875299760191766e+00
1.217552970297029979e+01,9.158679446219382403e-02,1.895633652822151238e-01,-1.363152289669861683e-01,9.043165467625899012e+00,4.820143884892086339e-01,4.040767386091126845e+00
1.218048514851485464e+01,9.052183173588924936e-02,1.746538871139510229e-01,-1.139510117145899892e-01,9.074340527577938076e+00,5.371702637889688159e-01,3.918465227817745866e+00
1.218544059405940772e+01,7.880724174653887248e-02,1.640042598509052207e-01,-9.797657082002129980e-02,9.165467625899280435e+00,5.299760191846523139e-01,3.817745803357313950e+00
1.219039603960396256e+01,5.324813631522896940e-02,1.544195953141639932e-01,-9.052183173588924936e-02,9.290167865707434913e+00,4.916067146282973588e-01,3.736211031175059816e+00
1.219535148514851741e+01,2.342917997870074681e-02,1.480298189563365174e-01,-9.052183173588924936e-02,9.340527577937649539e+00,4.628297362110311841e-01,3.676258992805755188e+00
1.220030693069307226e+01,-9.584664536741213658e-03,1.469648562300319428e-01,-9.797657082002129980e-02,9.294964028776979248e+00,4.988009592326139163e-01,3.601918465227817556e+00
1.220526237623762533e+01,-4.046858359957401785e-02,1.522896698615548439e-01,-1.001064962726304630e-01,9.235011990407674176e+00,5.443645083932853179e-01,3.669064748201438686e+00
1.221021782178218018e+01,-6.496272630457934627e-02,1.458998935037273681e-01,-9.371671991480298725e-02,9.211031175059952503e+00,5.395683453237409832e-01,3.647482014388489180e+00
1.221517326732673503e+01,-8.945686900958466081e-02,1.416400425985090417e-01,-8.732694355697551147e-02,9.203836930455635112e+00,5.035971223021582510e-01,3.676258992805755188e+00
1.222012871287128988e+01,-1.075612353567625135e-01,1.384451544195953177e-01,-7.880724174653887248e-02,9.213429256594723782e+00,4.676258992805755188e-01,3.664268585131894351e+00
1.222508415841584473e+01,-1.192758253461128903e-01,1.341853035143769912e-01,-7.028753993610223350e-02,9.232613908872901121e+00,4.676258992805755188e-01,3.616306954436451004e+00
1.223003960396039780e+01,-1.224707135250266282e-01,1.384451544195953177e-01,-5.750798722044728195e-02,9.196642685851319499e+00,4.052757793764987793e-01,3.635491606714628343e+00
1.223499504950495265e+01,-1.182108626198083018e-01,1.448349307774227934e-01,-4.153354632587859252e-02,9.160671462829736100e+00,2.901678657074340251e-01,3.645083932853717013e+00
1.223995049504950750e+01,-1.022364217252396124e-01,1.533546325878594185e-01,-3.407880724174654208e-02,9.191846522781775164e+00,1.199040767386091166e-01,3.697841726618705138e+00
1.224490594059406234e+01,-8.200212992545261037e-02,1.629392971246006461e-01,-3.514376996805111675e-02,9.129496402877697037e+00,1.678657074340527550e-02,3.774580335731414937e+00
1.224986138613861542e+01,-5.857294994675186356e-02,1.661341853035143701e-01,-3.727369542066027996e-02,9.059952038369305072e+00,9.592326139088728360e-03,3.870503597122302075e+00
1.225481683168317026e+01,-2.555910543130990309e-02,1.650692225772097954e-01,-3.088391906283280072e-02,9.000000000000000000e+00,-1.438848920863309427e-02,3.841726618705036067e+00
1.225977227722772511e+01,3.194888178913737886e-03,1.661341853035143701e-01,-2.768903088391906284e-02,9.031175059952039064e+00,-5.275779376498800771e-02,3.719424460431654644e+00
1.226472772277227996e+01,2.662406815761448470e-02,1.789137380191693216e-01,-3.194888178913737886e-02,8.992805755395682610e+00,-7.913669064748200810e-02,3.717026378896882477e+00
1.226968316831683481e+01,4.046858359957401785e-02,1.884984025559105492e-01,-4.259850905218317413e-02,8.906474820143884585e+00,5.995203836930455832e-02,3.810551558752997447e+00
1.227463861386138788e+01,5.005324813631523151e-02,1.799787007454738963e-01,-4.153354632587859252e-02,8.796163069544364888e+00,1.846522781774580235e-01,3.863309352517985573e+00
1.227959405940594273e+01,5.324813631522896940e-02,1.597444089456868943e-01,-3.620873269435569836e-02,8.760191846522781489e+00,2.374100719424460382e-01,3.695443645083932971e+00
1.228454950495049758e+01,4.046858359957401785e-02,1.458998935037273681e-01,-3.620873269435569836e-02,8.762589928057554545e+00,2.494004796163069582e-01,3.460431654676258795e+00
1.228950495049505243e+01,1.810436634717784918e-02,1.448349307774227934e-01,-4.046858359957401785e-02,8.757793764988010210e+00,3.333333333333333148e-01,3.340527577937649983e+00
1.229446039603960550e+01,-1.171458998935037341e-02,1.469648562300319428e-01,-4.685835995740149362e-02,8.844124700239808234e+00,4.052757793764987793e-01,3.350119904076738653e+00
1.229941584158416035e+01,-4.046858359957401785e-02,1.458998935037273681e-01,-4.685835995740149362e-02,9.059952038369305072e+00,3.237410071942445899e-01,3.273381294964028854e+00
1.230437128712871520e+01,-6.709265175718849561e-02,1.554845580404685956e-01,-5.537806176783812567e-02,9.182254196642686495e+00,2.134292565947242259e-01,3.172661870503596937e+00
1.230932673267327004e+01,-8.839190628328008614e-02,1.778487752928647470e-01,-7.454739084132055993e-02,9.143884892086331817e+00,2.350119904076738708e-01,3.290167865707434025e+00
1.231428217821782489e+01,-9.158679446219382403e-02,2.034078807241746500e-01,-8.413205537806177359e-02,8.956834532374100988e+00,2.925659472422062479e-01,3.546762589928057707e+00
1.231923762376237796e+01,-8.413205537806177359e-02,2.140575079872204523e-01,-7.987220447284344715e-02,8.817745803357313505e+00,3.141486810551558650e-01,3.851318944844124736e+00
1.232419306930693281e+01,-6.389776357827475772e-02,2.023429179978700754e-01,-7.241746538871139671e-02,8.781774580335731883e+00,1.942446043165467762e-01,3.988009592326139163e+00
1.232914851485148766e+01,-4.153354632587859252e-02,1.884984025559105492e-01,-7.241746538871139671e-02,8.714628297362111198e+00,1.654676258992805737e-01,4.074340527577938076e+00
1.233410396039604251e+01,-1.810436634717784918e-02,1.735889243876464205e-01,-8.093716719914803570e-02,8.613908872901678393e+00,2.757793764988009655e-01,4.064748201438848518e+00
1.233905940594059558e+01,-1.064962726304579440e-03,1.565495207667731703e-01,-7.880724174653887248e-02,8.515587529976018644e+00,4.316546762589927866e-01,4.002398081534772167e+00
1.234401485148515043e+01,1.171458998935037341e-02,1.480298189563365174e-01,-7.028753993610223350e-02,8.470023980815348352e+00,4.724220623501199090e-01,3.863309352517985573e+00
1.234897029702970528e+01,1.277955271565495154e-02,1.480298189563365174e-01,-6.389776357827475772e-02,8.501199040767385640e+00,4.412470023980815115e-01,3.738609112709831983e+00
1.235392574257426013e+01,1.171458998935037341e-02,1.544195953141639932e-01,-6.815761448349308416e-02,8.515587529976018644e+00,4.028776978417266119e-01,3.721822541966426812e+00
1.235888118811881498e+01,4.259850905218317760e-03,1.565495207667731703e-01,-7.454739084132055993e-02,8.477218225419663966e+00,4.148681055155875042e-01,3.688249400479616469e+00
1.236383663366336805e+01,-2.129925452609158880e-03,1.640042598509052207e-01,-8.306709265175718504e-02,8.436450839328538009e+00,4.388489208633093441e-01,3.604316546762589724e+00
1.236879207920792290e+01,-9.584664536741213658e-03,1.767838125665601723e-01,-8.519701810436634826e-02,8.443645083932853623e+00,4.244604316546762846e-01,3.609112709832134502e+00
1.237374752475247774e+01,-1.277955271565495154e-02,1.938232161874334503e-01,-8.626198083067092293e-02,8.510791366906474309e+00,3.285371702637889801e-01,3.565947242206235046e+00
1.237870297029703259e+01,-1.597444089456868943e-02,2.108626198083067005e-01,-9.371671991480298725e-02,8.618705035971222728e+00,2.973621103117505826e-01,3.515587529976019088e+00
1.238365841584158566e+01,-1.384451544195953142e-02,2.342917997870074542e-01,-1.054313099041533502e-01,8.637889688249400066e+00,3.405275779376498724e-01,3.501199040767386084e+00
1.238861386138614051e+01,-1.171458998935037341e-02,2.641107561235356838e-01,-1.086261980830670881e-01,8.616306954436451448e+00,4.124700239808153368e-01,3.458033573141486627e+00
1.239356930693069536e+01,-5.324813631522896766e-03,2.917997870074547362e-01,-1.033013844515442009e-01,8.597122302158274110e+00,4.580335731414867939e-01,3.378896882494004661e+00
1.239852475247525021e+01,2.129925452609158880e-03,3.226837060702875126e-01,-9.478168264110756192e-02,8.573141486810552436e+00,4.628297362110311841e-01,3.381294964028776828e+00
1.240348019801980506e+01,4.259850905218317760e-03,3.514376996805111952e-01,-9.265175718849839870e-02,8.472422062350119631e+00,5.419664268585131506e-01,3.486810551558753080e+00
1.240843564356435813e+01,5.324813631522896766e-03,3.716719914802981695e-01,-8.519701810436634826e-02,8.330935251798560870e+00,6.354916067146283432e-01,3.604316546762589724e+00
1.241339108910891298e+01,2.129925452609158880e-03,3.844515441959531210e-01,-7.880724174653887248e-02,8.282973621103117523e+00,6.546762589928057929e-01,3.649880095923261347e+00
1.241834653465346783e+01,-1.064962726304579353e-02,3.908413205537806245e-01,-7.880724174653887248e-02,8.261390887290167129e+00,6.810551558752997447e-01,3.640287769784172678e+00
1.242330198019802268e+01,-3.833865814696485463e-02,4.334398296059637778e-01,-8.945686900958466081e-02,6.525179856115108201e+00,1.258992805755395628e+00,3.757793764988009766e+00
1.242825742574257575e+01,-9.584664536741213658e-02,5.889243876464324012e-01,-1.214057507987220397e-01,7.479616306954436133e+00,3.105515587529975807e+00,1.028776978417266186e+01
1.243321287128713060e+01,-5.857294994675186356e-02,2.790202342917997846e-01,3.940362087326943624e-02,7.964028776978417490e+00,4.019184652278177339e+00,1.539088729016786594e+01
1.243816831683168544e+01,-2.023429179978700893e-02,-4.345047923322683525e-01,3.471778487752928410e-01,9.270983213429255798e+00,1.004796163069544335e+00,1.349400479616307003e+01
1.244312376237624029e+01,2.236421725239616520e-02,-8.487752928647497308e-01,2.928647497337593109e-01,1.099040767386091133e+01,-9.664268585131894351e-01,9.700239808153476417e+00
1.244807920792079514e+01,-1.064962726304579353e-02,-1.099041533546325944e+00,4.579339723109691201e-02,1.099760191846522694e+01,-2.877697841726618855e-02,7.505995203836930862e+00
1.245303465346534821e+01,6.389776357827475772e-02,-1.247071352502662434e+00,-8.519701810436635520e-03,9.292565947242206192e+00,1.434052757793764954e+00,1.738609112709832205e+00
1.245799009900990306e+01,6.922257720979765883e-02,-9.392971246006389663e-01,8.519701810436634826e-02,9.568345323741006325e+00,6.091127098321342803e-01,-8.321342925659472867e-01
1.246294554455445791e+01,9.265175718849839870e-02,-4.462193823216187294e-01,1.565495207667731703e-01,1.207434052757793808e+01,-1.621103117505995117e+00,9.808153477218225502e-01
1.246790099009901276e+01,1.288604898828540901e-01,-2.492012779552715551e-01,5.324813631522896940e-02,1.297841726618704961e+01,-2.880095923261390745e+00,2.611510791366906670e+00
1.247285643564356583e+01,1.171458998935037271e-01,-2.907348242811501615e-01,-1.597444089456868943e-01,1.164748201438848874e+01,-2.223021582733812895e+00,2.436450839328537121e+00
1.247781188118812068e+01,1.214057507987220397e-01,-2.726304579339723366e-01,-2.960596379126730349e-01,9.489208633093525691e+00,-1.606714628297362113e-01,1.402877697841726556e+00
1.248276732673267553e+01,1.522896698615548439e-01,-1.203407880724174650e-01,-2.076677316293929765e-01,8.868105515587529908e+00,8.896882494004796360e-01,2.374100719424460326e+00
1.248772277227723038e+01,2.353567625133120289e-01,-1.064962726304579440e-03,-6.389776357827475772e-03,1.014628297362110310e+01,-2.206235011990407557e-01,3.529976019184652092e+00
1.249267821782178522e+01,2.609158679446219598e-01,-9.584664536741213658e-03,4.472843450479233041e-02,1.132134292565947220e+01,-1.695443645083932749e+00,4.208633093525179447e+00
1.249763366336633830e+01,2.332268370607028796e-01,-9.584664536741213658e-02,-1.043663471778487756e-01,1.060911270983213406e+01,-1.189448441247002330e+00,3.848920863309352569e+00
1.250258910891089315e+01,1.735889243876464205e-01,-1.501597444089456945e-01,-2.225772097976570774e-01,8.712230215827338142e+00,7.985611510791367218e-01,3.069544364508393297e+00
1.250754455445544799e+01,1.501597444089456945e-01,-1.043663471778487756e-01,-1.458998935037273681e-01,7.637889688249400066e+00,1.839328537170263900e+00,2.479616306954436578e+00
1.251250000000000284e+01,1.501597444089456945e-01,2.129925452609158706e-02,2.555910543130990309e-02,8.364508393285371213e+00,8.369304556354916214e-01,2.779376498800959272e+00
1.251745544554455769e+01,1.320553780617678419e-01,9.371671991480298725e-02,7.241746538871139671e-02,9.376498800959232938e+00,-5.275779376498801465e-01,3.894484412470024193e+00
1.252241089108911076e+01,1.043663471778487756e-01,4.579339723109691201e-02,-3.514376996805111675e-02,9.203836930455635112e+00,-4.436450839328537343e-01,4.424460431654676285e+00
1.252736633663366561e+01,7.348242811501597138e-02,-4.366347177848775574e-02,-1.256656017039403661e-01,8.093525179856115415e+00,8.321342925659472867e-01,4.292565947242206192e+00
1.253232178217822046e+01,9.584664536741213658e-02,-6.283280085197018305e-02,-6.922257720979765883e-02,7.508393285371703030e+00,1.673860911270983243e+00,3.762589928057554101e+00
1.253727722772277531e+01,1.341853035143769912e-01,0.000000000000000000e+00,7.135250266240682204e-02,8.251798561151078459e+00,9.016786570743404727e-01,4.187050359712229941e+00
1.254223267326732838e+01,1.703940362087326965e-01,4.259850905218317413e-02,1.267305644302449408e-01,9.532374100719424703e+00,-4.196642685851318944e-01,5.052757793764987682e+00
1.254718811881188323e+01,1.735889243876464205e-01,-1.703940362087327104e-02,3.514376996805111675e-02,9.800959232613909222e+00,-5.875299760191846632e-01,5.621103117505994895e+00
1.255214356435643808e+01,1.693290734824281218e-01,-1.182108626198083018e-01,-7.561235356762513460e-02,8.889688249400480302e+00,4.676258992805755188e-01,5.378896882494005105e+00
1.255709900990099293e+01,1.863684771033013721e-01,-1.703940362087326965e-01,-7.028753993610223350e-02,7.733812949640287648e+00,1.503597122302158251e+00,4.606714628297361891e+00
1.256205445544554777e+01,2.310969116080937302e-01,-1.256656017039403661e-01,3.833865814696485463e-02,7.865707434052757741e+00,1.304556354916067251e+00,4.505995203836930862e+00
1.256700990099010085e+01,2.800851970181043593e-01,-7.454739084132055993e-02,1.139510117145899892e-01,8.906474820143884585e+00,3.117505995203836977e-01,4.827338129496403063e+00
1.257196534653465569e+01,2.928647497337593109e-01,-9.478168264110756192e-02,8.732694355697551147e-02,9.400479616306954611e+00,-3.788968824940047719e-01,4.966426858513189657e+00
1.257692079207921054e+01,2.864749733759318628e-01,-1.352502662406815659e-01,-4.259850905218317760e-03,8.853717026378896904e+00,-1.270983213429256464e-01,4.412470023980815448e+00
1.258187623762376539e+01,2.694355697550585571e-01,-1.267305644302449408e-01,-6.602768903088392094e-02,8.043165467625899012e+00,5.059952038369304184e-01,4.369304556354916436e+00
1.258683168316831846e+01,2.886048988285410122e-01,-8.945686900958466081e-02,-5.111821086261980618e-02,7.997601918465227833e+00,5.275779376498801465e-01,4.501199040767386528e+00
1.259178712871287331e+01,3.099041533546325611e-01,-7.028753993610223350e-02,-2.342917997870074681e-02,8.719424460431655532e+00,-2.470023980815347631e-01,4.884892086330935079e+00
1.259674257425742816e+01,3.152289669861554899e-01,-9.158679446219382403e-02,-6.709265175718849561e-02,9.338129496402878260e+00,-8.561151079136690711e-01,5.146282973621103096e+00
1.260169801980198301e+01,3.045793397231096877e-01,-1.480298189563365174e-01,-1.714589989350372712e-01,9.247002398081534125e+00,-7.841726618705036067e-01,5.023980815347721673e+00
1.260665346534653786e+01,2.960596379126730349e-01,-2.023429179978700754e-01,-2.523961661341853069e-01,8.736211031175059816e+00,-3.812949640287769948e-01,4.717026378896882477e+00
1.261160891089109093e+01,3.035143769968051131e-01,-2.279020234291799785e-01,-2.747603833865814860e-01,8.470023980815348352e+00,-3.021582733812949728e-01,4.167865707434052602e+00
1.261656435643564578e+01,3.067092651757188371e-01,-2.300319488817891278e-01,-2.843450479233226580e-01,8.757793764988010210e+00,-5.899280575539568305e-01,4.007194244604316502e+00
1.262151980198020063e+01,3.130990415335463406e-01,-2.310969116080937302e-01,-3.301384451544195908e-01,9.083932853717026745e+00,-7.889688249400479414e-01,3.856115107913669071e+00
1.262647524752475547e+01,3.141640042598509153e-01,-2.374866879659212060e-01,-4.004259850905218521e-01,9.026378896882494729e+00,-5.035971223021582510e-01,3.628297362110311841e+00
1.263143069306930855e+01,3.301384451544195908e-01,-2.172523961661341763e-01,-4.430244941427050054e-01,8.604316546762589724e+00,1.462829736211031240e-01,3.223021582733812895e+00
1.263638613861386339e+01,3.354632587859425197e-01,-1.586794462193823196e-01,-4.345047923322683525e-01,8.395683453237410276e+00,6.474820143884891799e-01,3.414868105515587615e+00
1.264134158415841824e+01,3.280085197018104415e-01,-1.064962726304579388e-01,-3.972310969116080726e-01,8.676258992805754744e+00,7.410071942446042614e-01,3.935251798561151038e+00
1.264629702970297309e+01,3.056443024494142624e-01,-9.691160809371672513e-02,-3.961661341853034979e-01,8.978417266187049606e+00,7.410071942446042614e-01,4.659472422062350461e+00
1.265125247524752794e+01,2.811501597444089340e-01,-1.224707135250266282e-01,-4.217252396166134010e-01,8.887290167865707247e+00,1.239808153477218289e+00,4.875299760191846410e+00
1.265620792079208101e+01,2.374866879659212060e-01,-1.608093716719914690e-01,-4.164004259850905276e-01,8.309352517985612252e+00,2.043165467625899456e+00,5.038369304556354678e+00
1.266116336633663586e+01,2.066027689030884018e-01,-1.916932907348242732e-01,-3.407880724174653930e-01,8.028776978417266008e+00,2.419664268585131950e+00,5.040767386091126845e+00
1.266611881188119071e+01,1.916932907348242732e-01,-2.140575079872204523e-01,-2.332268370607028796e-01,8.455635491606715348e+00,1.803357314148680945e+00,4.788968824940048385e+00
1.267107425742574556e+01,1.916932907348242732e-01,-2.140575079872204523e-01,-1.938232161874334503e-01,9.000000000000000000e+00,8.944844124700239707e-01,4.769784172661870159e+00
1.267602970297029863e+01,2.140575079872204523e-01,-2.310969116080937302e-01,-2.374866879659212060e-01,9.177458033573142160e+00,6.738609112709832427e-01,4.541966426858513373e+00
1.268098514851485348e+01,2.289669861554845531e-01,-2.460063897763578311e-01,-3.003194888178913891e-01,8.848920863309352569e+00,1.167865707434052824e+00,4.069544364508392853e+00
1.268594059405940833e+01,2.193823216187433534e-01,-2.406815761448349300e-01,-3.141640042598509153e-01,8.525179856115107313e+00,1.520383693045563644e+00,4.000000000000000000e+00
1.269089603960396317e+01,2.236421725239616520e-01,-2.193823216187433534e-01,-2.886048988285410122e-01,8.693045563549160804e+00,1.227817745803357230e+00,3.676258992805755188e+00
1.269585148514851802e+01,1.863684771033013721e-01,-2.002129925452609260e-01,-2.960596379126730349e-01,9.170263788968824770e+00,5.851318944844124958e-01,4.076738609112710243e+00
1.270080693069307110e+01,1.576144834930777450e-01,-2.225772097976570774e-01,-3.578274760383386432e-01,9.390887290167865942e+00,4.340527577937650094e-01,4.199040767386090778e+00
1.270576237623762594e+01,1.256656017039403661e-01,-2.662406815761448331e-01,-4.238551650692225503e-01,9.139088729016785706e+00,8.345323741007194540e-01,3.968824940047961825e+00
1.271071782178218079e+01,1.160809371671991524e-01,-2.864749733759318628e-01,-4.376996805111821320e-01,8.784172661870503163e+00,1.342925659472422151e+00,3.611510791366906670e+00
1.271567326732673564e+01,1.267305644302449408e-01,-2.641107561235356838e-01,-3.951011714589989232e-01,8.793764988009591832e+00,1.412470023980815448e+00,3.297362110311750527e+00
1.272062871287128871e+01,1.341853035143769912e-01,-2.236421725239616520e-01,-3.599574014909477926e-01,9.175059952038369104e+00,1.031175059952038398e+00,3.431654676258992787e+00
1.272558415841584356e+01,1.299254526091586925e-01,-2.044728434504792247e-01,-3.716719914802981695e-01,9.381294964028777272e+00,8.705035971223021862e-01,3.446043165467625791e+00
1.273053960396039841e+01,1.033013844515442009e-01,-1.991480298189563236e-01,-4.089456869009584494e-01,9.239808153477218511e+00,1.215827338129496393e+00,3.565947242206235046e+00
1.273549504950495326e+01,8.839190628328008614e-02,-1.874334398296059745e-01,-4.142705005324813783e-01,8.892086330935251581e+00,1.697841726618705138e+00,3.393285371702638109e+00
1.274045049504950811e+01,7.774227902023429781e-02,-1.576144834930777450e-01,-3.727369542066027441e-01,8.844124700239808234e+00,1.836930455635491510e+00,3.558752997601918544e+00
1.274540594059406118e+01,8.519701810436634826e-02,-1.288604898828540901e-01,-3.237486687965921428e-01,9.141486810551558762e+00,1.621103117505995117e+00,3.741007194244604150e+00
1.275036138613861603e+01,7.348242811501597138e-02,-1.235356762513312029e-01,-3.216187433439829380e-01,9.489208633093525691e+00,1.520383693045563644e+00,3.954436450839328376e+00
1.275531683168317088e+01,5.431309904153354406e-02,-1.384451544195953177e-01,-3.493077742279020459e-01,9.362110311750599934e+00,1.980815347721822439e+00,3.937649880095923205e+00
1.276027227722772572e+01,4.366347177848775574e-02,-1.522896698615548439e-01,-3.312034078807241655e-01,8.884892086330935967e+00,2.961630695443644878e+00,3.724220623501198979e+00
1.276522772277227880e+01,4.579339723109691201e-02,-1.341853035143769912e-01,-2.087326943556975511e-01,8.606714628297362779e+00,3.695443645083932971e+00,3.474820143884892243e+00
1.277018316831683364e+01,4.685835995740149362e-02,-8.306709265175718504e-02,-3.514376996805111675e-02,9.028776978417266008e+00,3.340527577937649983e+00,3.151079136690647431e+00
1.277513861386138849e+01,2.129925452609158706e-02,-2.662406815761448470e-02,7.987220447284344715e-02,9.460431654676259683e+00,2.621103117505995339e+00,3.261390887290168017e+00
1.278009405940594334e+01,-1.064962726304579440e-03,1.064962726304579440e-03,1.299254526091586925e-01,9.889688249400480302e+00,2.395683453237410276e+00,3.561151079136690711e+00
1.278504950495049819e+01,-2.236421725239616520e-02,9.584664536741213658e-03,1.640042598509052207e-01,9.587529976019185440e+00,2.709832134292565975e+00,3.062350119904076795e+00
1.279000495049505126e+01,-6.815761448349308416e-02,8.200212992545261037e-02,2.140575079872204523e-01,9.088729016786571080e+00,2.908872901678657197e+00,3.340527577937649983e+00
1.279496039603960611e+01,-7.774227902023429781e-02,1.597444089456868943e-01,2.981895633652822397e-01,9.002398081534773056e+00,2.726618705035971146e+00,3.726618705035971146e+00
1.279991584158416096e+01,-1.054313099041533502e-01,1.735889243876464205e-01,3.631522896698615721e-01,9.345323741007193874e+00,2.153477218225419598e+00,4.290167865707434025e+00
1.280487128712871581e+01,-1.309904153354632672e-01,1.246006389776357776e-01,3.769968051118210983e-01,9.290167865707434913e+00,1.904076738609112640e+00,4.304556354916067029e+00
1.280982673267326888e+01,-1.608093716719914690e-01,7.880724174653887248e-02,3.823216187433439717e-01,9.071942446043165020e+00,2.031175059952038175e+00,3.848920863309352569e+00
1.281478217821782373e+01,-1.821086261980830734e-01,7.348242811501597138e-02,4.153354632587859530e-01,8.810551558752997892e+00,2.086330935251798468e+00,3.414868105515587615e+00
1.281973762376237858e+01,-1.916932907348242732e-01,1.182108626198083018e-01,4.685835995740149085e-01,9.000000000000000000e+00,1.673860911270983243e+00,3.107913669064748419e+00
1.282469306930693342e+01,-2.161874334398296016e-01,1.714589989350372712e-01,4.845580404685835840e-01,9.117505995203837088e+00,1.172661870503597159e+00,3.412470023980815448e+00
1.282964851485148827e+01,-2.428115015974440793e-01,1.757188498402555976e-01,4.515441959531416583e-01,8.302158273381294862e+00,1.352517985611510820e+00,3.462829736211030962e+00
1.283460396039604134e+01,-2.896698615548455868e-01,1.480298189563365174e-01,4.366347177848775019e-01,6.741007194244604150e+00,2.302158273381294862e+00,3.352517985611510820e+00
1.283955940594059619e+01,-3.258785942492012921e-01,1.341853035143769912e-01,5.079872204472843933e-01,5.558752997601918544e+00,3.311750599520383531e+00,3.069544364508393297e+00
1.284451485148515104e+01,-3.610223642172524228e-01,1.458998935037273681e-01,6.613418530351438118e-01,5.127098321342925757e+00,3.645083932853717013e+00,2.978417266187050494e+00
1.284947029702970589e+01,-4.195953141640042516e-01,1.586794462193823196e-01,8.146964856230032304e-01,5.827338129496403063e+00,3.275779376498801021e+00,3.270983213429256686e+00
1.285442574257425896e+01,-5.111821086261980618e-01,1.501597444089456945e-01,8.604898828541001077e-01,8.443645083932853623e+00,2.023980815347721673e+00,3.556354916067146377e+00
1.285938118811881381e+01,-6.304579339723109799e-01,1.363152289669861683e-01,7.827476038338657682e-01,8.733812949640288537e+00,1.211031175059952059e+00,3.997601918465227833e+00
1.286433663366336866e+01,-6.293929712460063497e-01,2.215122470713525027e-01,6.879659211927582341e-01,1.409112709832134236e+01,5.035971223021582510e-01,4.817745803357314394e+00
1.286929207920792351e+01,-5.580404685835995693e-01,4.046858359957401508e-01,5.175718849840255098e-01,1.557553956834532372e+01,1.733812949640287870e+00,7.527577937649880369e+00
1.287424752475247836e+01,-4.174653887113951023e-01,3.865814696485623259e-01,5.005324813631523151e-01,1.003597122302158340e+01,3.920863309352518034e+00,1.090647482014388459e+01
1.287920297029703143e+01,-2.907348242811501615e-01,-6.496272630457934627e-02,7.667731629392970927e-01,6.776978417266186661e+00,2.774580335731414937e+00,9.119904076738608367e+00
1.288415841584158628e+01,-2.928647497337593109e-01,-5.165069222577209906e-01,9.148029818956336934e-01,6.952038369304556653e+00,-1.462829736211031240e-01,4.637889688249400066e+00
1.288911386138614112e+01,-3.099041533546325611e-01,-5.857294994675186217e-01,7.742279020234291709e-01,7.575539568345323715e+00,-1.083932853717026301e+00,-4.388489208633093441e-01
1.289406930693069597e+01,-3.961661341853034979e-01,-2.715654952076677064e-01,5.750798722044728750e-01,8.434052757793764954e+00,-5.203836930455635335e-01,-1.654676258992805682e+00
1.289902475247525082e+01,-4.270500532481363298e-01,1.256656017039403661e-01,4.877529286474973635e-01,8.882494004796162912e+00,2.470023980815347631e-01,-9.208633093525180335e-01
1.290398019801980389e+01,-4.771033013844515613e-01,3.865814696485623259e-01,5.026624068157614644e-01,1.029976019184652358e+01,-4.292565947242206192e-01,1.575539568345323715e+00
1.290893564356435874e+01,-4.749733759318424120e-01,4.621938232161874605e-01,4.291799787007454792e-01,1.146762589928057530e+01,-1.043165467625899234e+00,3.693045563549160804e+00
1.291389108910891359e+01,-4.728434504792332072e-01,3.951011714589989232e-01,2.662406815761448331e-01,1.113908872901678571e+01,-3.021582733812949728e-01,5.532374100719424703e+00
1.291884653465346844e+01,-4.387646432374867067e-01,2.247071352502662545e-01,2.055378061767837994e-01,9.486810551558752636e+00,8.800959232613908556e-01,5.875299760191846410e+00
1.292380198019802151e+01,-3.791267305644302477e-01,8.839190628328008614e-02,2.875399361022364375e-01,8.160671462829736100e+00,8.752997601918465209e-01,4.649880095923261791e+00
1.292875742574257636e+01,-3.322683706070287402e-01,5.111821086261980618e-02,3.578274760383386432e-01,8.290167865707434913e+00,-9.352517985611510931e-02,3.990407673860911331e+00
1.293371287128713121e+01,-2.907348242811501615e-01,6.709265175718849561e-02,3.162939297124600646e-01,8.757793764988010210e+00,-4.844124700239808012e-01,2.810551558752997447e+00
1.293866831683168606e+01,-3.269435569755058668e-01,1.171458998935037271e-01,2.417465388711395047e-01,7.707434052757793808e+00,-9.592326139088729053e-02,3.659472422062350017e+00
1.294362376237624090e+01,-2.406815761448349300e-01,1.842385516506922227e-01,2.460063897763578311e-01,8.287769784172661858e+00,-8.393285371702638442e-02,4.297362110311750527e+00
1.294857920792079398e+01,-1.980830670926517489e-01,1.799787007454738963e-01,2.768903088391906353e-01,9.407673860911270225e+00,-9.832134292565947176e-01,5.592326139088728887e+00
1.295353465346534882e+01,-1.810436634717784987e-01,8.519701810436634826e-02,2.002129925452609260e-01,9.429256594724220619e+00,-1.407673860911270891e+00,5.673860911270983465e+00
1.295849009900990367e+01,-2.225772097976570774e-01,-3.407880724174654208e-02,5.218317358892438779e-02,8.642685851318944401e+00,-1.045563549160671402e+00,5.589928057553956720e+00
1.296344554455445852e+01,-2.268370607028754038e-01,-1.171458998935037271e-01,-3.620873269435569836e-02,8.134292565947241371e+00,-5.491606714628297636e-01,4.844124700239808234e+00
1.296840099009901159e+01,-2.279020234291799785e-01,-1.331203407880724165e-01,-5.324813631522896940e-02,8.470023980815348352e+00,-5.851318944844124958e-01,4.124700239808153590e+00
1.297335643564356644e+01,-2.279020234291799785e-01,-1.022364217252396124e-01,-7.774227902023429781e-02,8.904076738609113306e+00,-7.074340527577938076e-01,3.844124700239808234e+00
1.297831188118812129e+01,-2.236421725239616520e-01,-5.963791267305644517e-02,-1.246006389776357776e-01,8.908872901678657641e+00,-5.227817745803357008e-01,3.803357314148680945e+00
1.298326732673267614e+01,-2.225772097976570774e-01,-3.940362087326943624e-02,-1.512247071352502692e-01,9.021582733812950394e+00,-2.110311750599520308e-01,3.980815347721822661e+00
1.298822277227723099e+01,-2.172523961661341763e-01,-2.875399361022364098e-02,-1.554845580404685956e-01,9.105515587529975363e+00,8.872901678657074687e-02,3.923261390887290201e+00
1.299317821782178406e+01,-2.279020234291799785e-01,-1.916932907348242732e-02,-1.416400425985090417e-01,9.009592326139088669e+00,2.949640287769784153e-01,4.266187050359712352e+00
1.299813366336633891e+01,-2.225772097976570774e-01,-1.277955271565495154e-02,-1.150159744408945639e-01,8.805755395683453557e+00,4.604316546762590168e-01,4.127098321342925757e+00
1.300308910891089376e+01,-2.470713525026624058e-01,-1.171458998935037341e-02,-8.945686900958466081e-02,8.702637889688249473e+00,4.004796163069544446e-01,4.479616306954436133e+00
1.300804455445544860e+01,-2.470713525026624058e-01,-1.490947816826411129e-02,-6.709265175718849561e-02,8.681055155875299079e+00,3.645083932853717124e-01,4.309352517985611364e+00
1.301300000000000168e+01,-2.726304579339723366e-01,-2.023429179978700893e-02,-4.685835995740149362e-02,8.786570743405276218e+00,3.357314148681055377e-01,4.517985611510791699e+00
1.301795544554455653e+01,-2.811501597444089340e-01,-2.768903088391906284e-02,-3.088391906283280072e-02,8.654676258992806126e+00,4.124700239808153368e-01,4.446043165467625791e+00
1.302291089108911137e+01,-2.896698615548455868e-01,-3.088391906283280072e-02,-2.129925452609158880e-03,8.745803357314148485e+00,3.093525179856115304e-01,4.494004796163069138e+00
1.302786633663366622e+01,-2.949946751863684602e-01,-3.514376996805111675e-02,1.703940362087327104e-02,8.836930455635490844e+00,7.194244604316546443e-02,4.398081534772182444e+00
1.303282178217822107e+01,-3.162939297124600646e-01,-3.620873269435569836e-02,1.064962726304579353e-02,8.693045563549160804e+00,9.592326139088728360e-03,4.366906474820144268e+00
1.303777722772277414e+01,-3.375931842385516690e-01,-4.046858359957401785e-02,-3.194888178913737886e-03,8.654676258992806126e+00,7.194244604316546443e-02,4.364508393285372101e+00
1.304273267326732899e+01,-3.631522896698615721e-01,-4.259850905218317413e-02,-3.194888178913737886e-03,8.810551558752997892e+00,-5.515587529976018893e-02,4.280575539568345356e+00
1.304768811881188384e+01,-3.972310969116080726e-01,-3.833865814696485463e-02,-1.597444089456868943e-02,8.887290167865707247e+00,-2.661870503597122406e-01,4.393285371702638109e+00
1.305264356435643869e+01,-4.217252396166134010e-01,-3.940362087326943624e-02,-4.366347177848775574e-02,8.980815347721822661e+00,-3.597122302158273222e-01,4.546762589928057707e+00
1.305759900990099176e+01,-4.621938232161874605e-01,-6.709265175718849561e-02,-8.093716719914803570e-02,8.932853717026379314e+00,-3.045563549160671402e-01,4.666666666666666963e+00
1.306255445544554661e+01,-4.984025559105431102e-01,-1.107561235356762513e-01,-1.182108626198083018e-01,8.733812949640288537e+00,-1.606714628297362113e-01,4.573141486810551548e+00
1.306750990099010146e+01,-5.058572949946751329e-01,-1.299254526091586925e-01,-1.395101171458998923e-01,8.784172661870503163e+00,-4.796163069544364527e-02,4.182254196642685606e+00
1.307246534653465631e+01,-5.026624068157614644e-01,-1.214057507987220397e-01,-1.608093716719914690e-01,8.774580335731414493e+00,8.633093525179856564e-02,4.011990407673860837e+00
1.307742079207921115e+01,-4.930777422790202369e-01,-1.064962726304579388e-01,-1.469648562300319428e-01,8.901678657074340251e+00,2.925659472422062479e-01,3.731414868105515481e+00
1.308237623762376423e+01,-5.015974440894568342e-01,-8.732694355697551147e-02,-1.182108626198083018e-01,8.937649880095923649e+00,2.949640287769784153e-01,4.208633093525179447e+00
1.308733168316831907e+01,-4.515441959531416583e-01,-8.732694355697551147e-02,-9.584664536741213658e-02,9.050359712230216402e+00,1.462829736211031240e-01,3.865707434052757741e+00
1.309228712871287392e+01,-4.462193823216187294e-01,-8.626198083067092293e-02,-9.052183173588924936e-02,9.083932853717026745e+00,-1.438848920863309427e-02,3.839328537170263900e+00
1.309724257425742877e+01,-4.302449414270500538e-01,-7.880724174653887248e-02,-1.064962726304579388e-01,9.019184652278177339e+00,7.194244604316546443e-02,3.995203836930455665e+00
1.310219801980198184e+01,-4.004259850905218521e-01,-6.922257720979765883e-02,-1.107561235356762513e-01,9.004796163069544335e+00,2.038369304556355011e-01,3.575539568345323715e+00
1.310715346534653669e+01,-4.100106496272630241e-01,-5.537806176783812567e-02,-9.797657082002129980e-02,9.023980815347721673e+00,7.434052757793764565e-02,4.009592326139088669e+00
1.311210891089109154e+01,-3.801916932907348223e-01,-4.366347177848775574e-02,-1.001064962726304630e-01,8.980815347721822661e+00,4.556354916067146404e-02,3.637889688249400511e+00
1.311706435643564639e+01,-4.025559105431310014e-01,-3.727369542066027996e-02,-1.054313099041533502e-01,9.014388489208633004e+00,-3.836930455635491344e-02,4.148681055155875264e+00
1.312201980198020124e+01,-3.674121405750798708e-01,-3.301384451544196047e-02,-1.022364217252396124e-01,9.011990407673861725e+00,0.000000000000000000e+00,3.889688249400479414e+00
1.312697524752475431e+01,-3.663471778487752961e-01,-2.875399361022364098e-02,-9.158679446219382403e-02,9.002398081534773056e+00,-1.366906474820143991e-01,4.208633093525179447e+00
1.313193069306930916e+01,-3.312034078807241655e-01,-3.088391906283280072e-02,-9.158679446219382403e-02,9.016786570743406060e+00,-2.829736211031175230e-01,4.119904076738609255e+00
1.313688613861386401e+01,-3.109691160809371913e-01,-3.620873269435569836e-02,-1.001064962726304630e-01,8.928057553956834980e+00,-2.733812949640287981e-01,4.059952038369304184e+00
1.314184158415841885e+01,-2.832800851970180833e-01,-3.301384451544196047e-02,-1.054313099041533502e-01,8.764988009592325824e+00,-2.230215827338129508e-01,4.182254196642685606e+00
1.314679702970297193e+01,-2.396166134185303553e-01,-2.662406815761448470e-02,-1.011714589989350377e-01,8.721822541966426812e+00,-1.366906474820143991e-01,3.949640287769784042e+00
1.315175247524752677e+01,-2.215122470713525027e-01,-2.023429179978700893e-02,-9.904153354632587447e-02,8.856115107913668183e+00,-1.774580335731414937e-01,4.297362110311750527e+00
1.315670792079208162e+01,-1.757188498402555976e-01,-2.236421725239616520e-02,-1.043663471778487756e-01,9.004796163069544335e+00,-9.112709832134292809e-02,4.064748201438848518e+00
1.316166336633663647e+01,-1.618743343982960714e-01,-2.768903088391906284e-02,-1.054313099041533502e-01,9.035971223021583398e+00,-4.796163069544364180e-03,4.388489208633093774e+00
1.316661881188119132e+01,-1.182108626198083018e-01,-3.940362087326943624e-02,-9.371671991480298725e-02,9.047961630695443347e+00,1.582733812949640162e-01,4.038369304556354678e+00
1.317157425742574439e+01,-1.043663471778487756e-01,-4.898828541001064990e-02,-7.454739084132055993e-02,8.968824940047960936e+00,2.302158273381295084e-01,3.988009592326139163e+00
1.317652970297029924e+01,-7.774227902023429781e-02,-4.472843450479233041e-02,-5.963791267305644517e-02,8.887290167865707247e+00,2.853717026378896904e-01,3.678657074340527799e+00
1.318148514851485409e+01,-6.709265175718849561e-02,-2.129925452609158706e-02,-4.153354632587859252e-02,8.539568345323740317e+00,6.091127098321342803e-01,3.275779376498801021e+00
1.318644059405940894e+01,-4.685835995740149362e-02,3.833865814696485463e-02,-6.389776357827475772e-03,8.601918465227818444e+00,1.069544364508393297e+00,3.007194244604316502e+00
1.319139603960396201e+01,-1.597444089456868943e-02,1.075612353567625135e-01,4.366347177848775574e-02,9.402877697841725890e+00,5.755395683453237154e-01,4.143884892086330929e+00
1.319635148514851686e+01,-3.194888178913737886e-03,6.602768903088392094e-02,4.792332268370606829e-02,9.561151079136690711e+00,3.525179856115107646e-01,4.628297362110311397e+00
1.320130693069307171e+01,2.449414270500532495e-02,4.259850905218317760e-03,2.449414270500532495e-02,9.565947242206235046e+00,5.659472422062350461e-01,3.793764988009592276e+00
1.320626237623762655e+01,2.875399361022364098e-02,2.236421725239616520e-02,1.064962726304579353e-02,8.988009592326138275e+00,1.071942446043165464e+00,3.748201438848920652e+00
1.321121782178218140e+01,3.088391906283280072e-02,4.153354632587859252e-02,5.750798722044728195e-02,8.556354916067146377e+00,1.266187050359712130e+00,3.767386091127098435e+00
1.321617326732673448e+01,2.768903088391906284e-02,4.685835995740149362e-02,1.267305644302449408e-01,8.913669064748201976e+00,7.074340527577938076e-01,3.693045563549160804e+00
1.322112871287128932e+01,2.236421725239616520e-02,6.283280085197018305e-02,1.427050053248136441e-01,8.978417266187049606e+00,2.206235011990407557e-01,3.510791366906474753e+00
1.322608415841584417e+01,1.277955271565495154e-02,8.839190628328008614e-02,1.277955271565495154e-01,9.023980815347721673e+00,-5.755395683453237710e-02,3.925659472422062368e+00
1.323103960396039902e+01,3.194888178913737886e-02,1.075612353567625135e-01,1.171458998935037271e-01,9.033573141486810343e+00,-2.062350119904076684e-01,4.453237410071942293e+00
1.323599504950495387e+01,5.431309904153354406e-02,9.052183173588924936e-02,1.107561235356762513e-01,8.894484412470024637e+00,-2.949640287769784153e-01,4.673860911270983465e+00
1.324095049504950694e+01,5.324813631522896940e-02,3.301384451544196047e-02,9.904153354632587447e-02,8.803357314148680501e+00,-3.764988009592326046e-01,4.446043165467625791e+00
1.324590594059406179e+01,5.431309904153354406e-02,2.236421725239616520e-02,9.265175718849839870e-02,8.333333333333333925e+00,-3.261390887290168128e-01,4.309352517985611364e+00
1.325086138613861664e+01,6.283280085197018305e-02,5.005324813631523151e-02,9.584664536741213658e-02,8.760191846522781489e+00,-5.587529976019184330e-01,4.354916067146282543e+00
1.325581683168317149e+01,3.833865814696485463e-02,3.940362087326943624e-02,6.602768903088392094e-02,9.011990407673861725e+00,-8.177458033573141716e-01,4.599520383693045389e+00
1.326077227722772456e+01,2.023429179978700893e-02,5.324813631522896766e-03,1.384451544195953142e-02,8.865707434052758629e+00,-7.961630695443645545e-01,4.707434052757793808e+00
1.326572772277227941e+01,2.981895633652822258e-02,-2.129925452609158706e-02,-1.810436634717784918e-02,8.762589928057554545e+00,-5.923261390887289979e-01,4.582733812949640217e+00
1.327068316831683426e+01,3.833865814696485463e-02,-3.833865814696485463e-02,-2.875399361022364098e-02,8.803357314148680501e+00,-3.477218225419664299e-01,4.127098321342925757e+00
1.327563861386138910e+01,3.514376996805111675e-02,-3.301384451544196047e-02,-2.981895633652822258e-02,8.697841726618705138e+00,-2.374100719424460382e-01,3.964028776978417046e+00
1.328059405940594395e+01,5.644302449414270728e-02,-3.194888178913737886e-03,-1.277955271565495154e-02,8.750599520383692820e+00,-3.860911270983213295e-01,4.191846522781774276e+00
1.328554950495049702e+01,1.011714589989350377e-01,1.064962726304579353e-02,-1.597444089456868943e-02,9.071942446043165020e+00,-5.491606714628297636e-01,4.184652278177457774e+00
1.329050495049505187e+01,1.235356762513312029e-01,-1.171458998935037341e-02,-5.750798722044728195e-02,9.117505995203837088e+00,-3.525179856115107646e-01,4.249400479616307180e+00
1.329546039603960672e+01,1.533546325878594185e-01,-3.194888178913737886e-02,-8.413205537806177359e-02,8.899280575539568972e+00,1.534772182254196538e-01,3.757793764988009766e+00
1.330041584158416157e+01,1.714589989350372712e-01,-1.171458998935037341e-02,-7.028753993610223350e-02,8.894484412470024637e+00,4.436450839328537343e-01,3.462829736211030962e+00
1.330537128712871464e+01,1.799787007454738963e-01,3.301384451544196047e-02,-4.046858359957401785e-02,9.079136690647482411e+00,3.069544364508393075e-01,3.657074340527577849e+00
1.331032673267326949e+01,1.842385516506922227e-01,4.898828541001064990e-02,-4.046858359957401785e-02,9.194244604316546443e+00,4.796163069544364527e-02,3.882494004796162912e+00
1.331528217821782434e+01,1.831735889243876481e-01,4.366347177848775574e-02,-6.283280085197018305e-02,9.143884892086331817e+00,1.918465227817745672e-02,3.820143884892086117e+00
1.332023762376237919e+01,1.757188498402555976e-01,4.366347177848775574e-02,-7.667731629392970927e-02,9.021582733812950394e+00,9.112709832134292809e-02,3.896882494004796360e+00
1.332519306930693404e+01,1.757188498402555976e-01,5.537806176783812567e-02,-7.454739084132055993e-02,8.925659472422061924e+00,3.836930455635491344e-02,3.959232613908872711e+00
1.333014851485148711e+01,1.725239616613418459e-01,5.857294994675186356e-02,-7.135250266240682204e-02,8.930455635491606259e+00,-7.194244604316546443e-02,4.057553956834532016e+00
1.333510396039604196e+01,1.725239616613418459e-01,5.431309904153354406e-02,-8.200212992545261037e-02,9.023980815347721673e+00,-1.414868105515587615e-01,3.918465227817745866e+00
1.334005940594059680e+01,1.554845580404685956e-01,5.963791267305644517e-02,-9.904153354632587447e-02,8.988009592326138275e+00,-9.592326139088729053e-02,3.961630695443644878e+00
1.334501485148515165e+01,1.448349307774227934e-01,6.602768903088392094e-02,-1.139510117145899892e-01,8.923261390887290645e+00,-1.103117505995203779e-01,3.985611510791366996e+00
1.334997029702970472e+01,1.309904153354632672e-01,6.709265175718849561e-02,-1.277955271565495154e-01,8.877697841726618577e+00,-9.592326139088729053e-02,4.009592326139088669e+00
1.335492574257425957e+01,1.235356762513312029e-01,7.241746538871139671e-02,-1.405750798722044670e-01,8.904076738609113306e+00,-3.117505995203836977e-02,3.997601918465227833e+00
1.335988118811881442e+01,1.150159744408945639e-01,7.774227902023429781e-02,-1.480298189563365174e-01,8.983213429256593940e+00,-5.035971223021582649e-02,4.112709832134292753e+00
1.336483663366336927e+01,1.022364217252396124e-01,7.561235356762513460e-02,-1.618743343982960714e-01,9.011990407673861725e+00,-2.158273381294964141e-02,4.335731414868105205e+00
1.336979207920792412e+01,9.371671991480298725e-02,6.176783812566560145e-02,-1.757188498402555976e-01,8.779376498800958828e+00,2.326139088729016757e-01,4.333333333333333037e+00
1.337474752475247719e+01,9.052183173588924936e-02,5.857294994675186356e-02,-1.746538871139510229e-01,8.659472422062350461e+00,4.124700239808153368e-01,4.405275779376498946e+00
1.337970297029703204e+01,8.732694355697551147e-02,7.348242811501597138e-02,-1.597444089456868943e-01,8.606714628297362779e+00,5.107913669064748641e-01,4.851318944844124736e+00
1.338465841584158689e+01,8.413205537806177359e-02,4.579339723109691201e-02,-1.416400425985090417e-01,8.393285371702637221e+00,4.172661870503597270e-01,4.952038369304556653e+00
1.338961386138614174e+01,8.093716719914803570e-02,2.129925452609158880e-03,-1.458998935037273681e-01,8.748201438848921541e+00,3.333333333333333148e-01,4.434052757793764954e+00
1.339456930693069481e+01,6.922257720979765883e-02,5.324813631522896766e-03,-1.618743343982960714e-01,8.517985611510791699e+00,4.508393285371702364e-01,4.398081534772182444e+00
1.339952475247524966e+01,6.922257720979765883e-02,1.490947816826411129e-02,-1.703940362087326965e-01,8.755395683453237154e+00,4.892086330935251914e-01,4.386091127098321607e+00
1.340448019801980450e+01,6.283280085197018305e-02,3.194888178913737886e-03,-1.714589989350372712e-01,8.973621103117505271e+00,4.076738609112710021e-01,3.949640287769784042e+00
1.340943564356435935e+01,5.218317358892438779e-02,1.384451544195953142e-02,-1.767838125665601723e-01,9.405275779376498946e+00,5.539568345323740983e-01,3.347721822541966485e+00
1.341439108910891420e+01,4.153354632587859252e-02,4.046858359957401785e-02,-1.671991480298189447e-01,9.311750599520383531e+00,8.752997601918465209e-01,3.069544364508393297e+00
1.341934653465346727e+01,4.792332268370606829e-02,7.667731629392970927e-02,-1.341853035143769912e-01,9.122302158273381423e+00,1.292565947242206192e+00,2.887290167865707247e+00
1.342430198019802212e+01,3.407880724174654208e-02,1.107561235356762513e-01,-9.478168264110756192e-02,9.345323741007193874e+00,1.323741007194244590e+00,3.282973621103117523e+00
1.342925742574257697e+01,4.259850905218317413e-02,1.277955271565495154e-01,-7.241746538871139671e-02,9.508393285371703030e+00,1.242206235011990456e+00,3.563549160671462879e+00
1.343421287128713182e+01,3.514376996805111675e-02,1.395101171458998923e-01,-6.496272630457934627e-02,9.071942446043165020e+00,1.580335731414868050e+00,4.321342925659472201e+00
1.343916831683168489e+01,3.940362087326943624e-02,1.128860489882854146e-01,-3.088391906283280072e-02,8.752997601918465875e+00,1.853717026378896904e+00,4.551558752997602042e+00
1.344412376237623974e+01,3.088391906283280072e-02,8.306709265175718504e-02,1.703940362087327104e-02,8.657074340527577405e+00,1.532374100719424481e+00,4.151079136690647431e+00
1.344907920792079459e+01,2.129925452609158880e-03,9.584664536741213658e-02,2.768903088391906284e-02,8.637889688249400066e+00,1.352517985611510820e+00,4.098321342925659749e+00
1.345403465346534944e+01,-2.555910543130990309e-02,1.107561235356762513e-01,3.407880724174654208e-02,8.354916067146282543e+00,1.242206235011990456e+00,4.103117505995204084e+00
1.345899009900990428e+01,-4.153354632587859252e-02,1.267305644302449408e-01,6.709265175718849561e-02,8.640287769784173122e+00,5.779376498800958828e-01,4.577937649880095883e+00
1.346394554455445736e+01,-2.449414270500532495e-02,1.277955271565495154e-01,7.454739084132055993e-02,8.731414868105515481e+00,-1.366906474820143991e-01,4.721822541966426812e+00
1.346890099009901220e+01,-3.194888178913737886e-02,9.478168264110756192e-02,3.620873269435569836e-02,8.575539568345323715e+00,-3.021582733812949728e-01,4.772182254196642326e+00
1.347385643564356705e+01,-4.153354632587859252e-02,6.922257720979765883e-02,2.129925452609158880e-03,8.378896882494004217e+00,3.117505995203836977e-02,4.673860911270983465e+00
1.347881188118812190e+01,-4.792332268370606829e-02,5.857294994675186356e-02,1.277955271565495154e-02,8.659472422062350461e+00,1.318944844124700366e-01,4.678657074340527799e+00
1.348376732673267497e+01,-3.940362087326943624e-02,4.366347177848775574e-02,3.301384451544196047e-02,9.040767386091127733e+00,8.393285371702638442e-02,4.455635491606714460e+00
1.348872277227722982e+01,-1.916932907348242732e-02,3.194888178913737886e-02,2.768903088391906284e-02,9.165467625899280435e+00,4.460431654676259017e-01,3.935251798561151038e+00
1.349367821782178467e+01,-1.277955271565495154e-02,4.685835995740149362e-02,2.875399361022364098e-02,8.968824940047960936e+00,1.035971223021582732e+00,3.805755395683453113e+00
1.349863366336633952e+01,-1.064962726304579353e-02,6.815761448349308416e-02,6.815761448349308416e-02,8.923261390887290645e+00,1.167865707434052824e+00,3.776978417266187105e+00
1.350358910891089437e+01,-1.597444089456868943e-02,8.732694355697551147e-02,1.086261980830670881e-01,9.050359712230216402e+00,8.920863309352518034e-01,4.071942446043165909e+00
1.350854455445544744e+01,-1.064962726304579353e-02,8.839190628328008614e-02,1.214057507987220397e-01,9.028776978417266008e+00,7.889688249400479414e-01,4.146282973621103096e+00
1.351350000000000229e+01,-2.555910543130990309e-02,7.561235356762513460e-02,1.150159744408945639e-01,8.844124700239808234e+00,5.827338129496403285e-01,4.429256594724220619e+00
1.351845544554455714e+01,-2.875399361022364098e-02,6.815761448349308416e-02,1.011714589989350377e-01,8.836930455635490844e+00,4.052757793764987793e-01,4.414868105515587615e+00
1.352341089108911198e+01,-3.940362087326943624e-02,5.963791267305644517e-02,9.052183173588924936e-02,8.817745803357313505e+00,4.292565947242206192e-01,4.273381294964028854e+00
1.352836633663366506e+01,-4.898828541001064990e-02,5.111821086261980618e-02,9.371671991480298725e-02,8.793764988009591832e+00,4.484412470023980690e-01,4.112709832134292753e+00
1.353332178217821991e+01,-3.727369542066027996e-02,4.792332268370606829e-02,1.054313099041533502e-01,9.059952038369305072e+00,2.997601918465228055e-01,3.786570743405275774e+00
1.353827722772277475e+01,-2.023429179978700893e-02,8.306709265175718504e-02,9.478168264110756192e-02,8.872901678657074243e+00,4.028776978417266119e-01,3.947242206235011874e+00
1.354323267326732960e+01,-2.768903088391906284e-02,9.265175718849839870e-02,1.022364217252396124e-01,8.637889688249400066e+00,3.956834532374100544e-01,4.717026378896882477e+00
1.354818811881188445e+01,-1.490947816826411129e-02,5.750798722044728195e-02,1.299254526091586925e-01,8.786570743405276218e+00,9.592326139088729053e-02,4.450839328537170125e+00
1.355314356435643752e+01,-2.129925452609158706e-02,5.644302449414270728e-02,1.246006389776357776e-01,8.839328537170263900e+00,3.597122302158273222e-02,4.369304556354916436e+00
1.355809900990099237e+01,-1.384451544195953142e-02,6.283280085197018305e-02,1.160809371671991524e-01,8.647482014388488736e+00,3.429256594724220397e-01,4.362110311750599934e+00
1.356305445544554722e+01,-6.389776357827475772e-03,4.259850905218317413e-02,1.320553780617678419e-01,8.752997601918465875e+00,2.661870503597122406e-01,4.098321342925659749e+00
1.356800990099010207e+01,-1.064962726304579440e-03,5.324813631522896940e-02,1.331203407880724165e-01,8.937649880095923649e+00,5.947242206235011652e-01,3.779376498800959272e+00
1.357296534653465514e+01,-1.171458998935037341e-02,8.626198083067092293e-02,1.384451544195953177e-01,8.906474820143884585e+00,4.700239808153477417e-01,4.079136690647482411e+00
1.357792079207920999e+01,-1.171458998935037341e-02,8.945686900958466081e-02,1.352502662406815659e-01,9.057553956834532016e+00,4.796163069544364180e-03,4.364508393285372101e+00
1.358287623762376484e+01,-5.324813631522896766e-03,6.389776357827475772e-02,1.150159744408945639e-01,8.966426858513189657e+00,-1.270983213429256464e-01,4.232613908872902009e+00
1.358783168316831969e+01,6.389776357827475772e-03,6.602768903088392094e-02,9.371671991480298725e-02,8.752997601918465875e+00,-3.525179856115107646e-01,4.129496402877697925e+00
1.359278712871287453e+01,7.454739084132055646e-03,7.135250266240682204e-02,6.709265175718849561e-02,8.803357314148680501e+00,-4.412470023980815115e-01,4.170263788968824770e+00
1.359774257425742761e+01,-1.064962726304579440e-03,7.667731629392970927e-02,4.259850905218317413e-02,8.875299760191847298e+00,-3.788968824940047719e-01,4.172661870503596937e+00
1.360269801980198245e+01,0.000000000000000000e+00,9.052183173588924936e-02,2.662406815761448470e-02,8.973621103117505271e+00,-2.781774580335731328e-01,4.194244604316546443e+00
1.360765346534653730e+01,-4.259850905218317760e-03,9.158679446219382403e-02,1.277955271565495154e-02,8.968824940047960936e+00,-1.606714628297362113e-01,4.306954436450839196e+00
