{
  "model": "kannala_brandt (cv2.fisheye, KB4)",
  "image_size": [
    2688,
    2016
  ],
  "fps": 59.94005994005994,
  "K": [
    [
      993.4365506374838,
      0.0,
      1345.0623850942477
    ],
    [
      0.0,
      995.6340065361286,
      999.8492568009949
    ],
    [
      0.0,
      0.0,
      1.0
    ]
  ],
  "D": [
    0.17901941369589733,
    -0.04673684903435159,
    0.017007853268002596,
    0.0012743069432957772
  ],
  "rms_px": 0.8234018601902053,
  "n_views": 60,
  "board": {
    "dict": "DICT_ARUCO_ORIGINAL",
    "layout": [
      10,
      8
    ],
    "square_size_m": 0.023,
    "legacy": true
  },
  "video": "data/acepro2/VID_20260706_103446_527.mp4"
}