{
  "rigid (scale=1, metric test)": {
    "scale": 1.0,
    "ate_rmse_cm": 3.355070264806248,
    "ate_mean_cm": 3.0410241721879463,
    "ate_median_cm": 2.954209551416213,
    "ate_p95_cm": 4.774536173369326,
    "ate_max_cm": 11.82308417102403
  },
  "similarity (scale free)": {
    "scale": 1.1851922873228653,
    "ate_rmse_cm": 2.4794794738060273,
    "ate_mean_cm": 1.5713056646650865,
    "ate_median_cm": 1.225432885878935,
    "ate_p95_cm": 2.9013080556631516,
    "ate_max_cm": 15.638196610649613
  }
}