t,gx,gy,gz,ax,ay,az
-5.658958793170035034e-04,-7.454739084132055646e-03,-1.064962726304579353e-02,-6.389776357827475772e-02,8.985611510791366996e+00,6.474820143884892076e-02,3.985611510791366996e+00
4.390250279341964545e-03,-7.454739084132055646e-03,0.000000000000000000e+00,-6.709265175718849561e-02,9.103117505995204084e+00,1.007194244604316530e-01,4.091127098321343247e+00
9.346396438000932269e-03,-4.259850905218317760e-03,-4.259850905218317760e-03,-7.454739084132055993e-02,9.148681055155876152e+00,9.112709832134292809e-02,4.151079136690647431e+00
1.430254259665989999e-02,0.000000000000000000e+00,-1.064962726304579353e-02,-7.348242811501597138e-02,9.067146282973620686e+00,1.582733812949640162e-01,4.124700239808153590e+00
1.925868875531886598e-02,1.384451544195953142e-02,-6.389776357827475772e-03,-7.135250266240682204e-02,8.978417266187049606e+00,2.086330935251798635e-01,4.055155875299759849e+00
2.421483491397783544e-02,1.703940362087327104e-02,-1.171458998935037341e-02,-7.774227902023429781e-02,8.995203836930455665e+00,2.973621103117505826e-01,3.774580335731414937e+00
2.917098107263680143e-02,3.194888178913737886e-03,-5.324813631522896766e-03,-8.306709265175718504e-02,8.896882494004795916e+00,4.292565947242206192e-01,3.714628297362110310e+00
3.412712723129576742e-02,2.129925452609158880e-03,2.129925452609158706e-02,-7.454739084132055993e-02,8.839328537170263900e+00,4.892086330935251914e-01,3.865707434052757741e+00
3.908327338995473688e-02,1.064962726304579353e-02,4.153354632587859252e-02,-5.537806176783812567e-02,8.877697841726618577e+00,4.580335731414867939e-01,4.081534772182254578e+00
4.403941954861370633e-02,1.384451544195953142e-02,4.153354632587859252e-02,-5.431309904153354406e-02,8.959232613908872267e+00,4.580335731414867939e-01,4.261390887290168017e+00
4.899556570727267579e-02,1.064962726304579353e-02,3.088391906283280072e-02,-5.324813631522896940e-02,8.834532374100719565e+00,5.923261390887289979e-01,4.479616306954436133e+00
5.395171186593163831e-02,1.064962726304579353e-02,1.597444089456868943e-02,-4.579339723109691201e-02,8.800959232613909222e+00,7.218225419664268117e-01,4.359712230215827766e+00
5.890785802459060777e-02,-4.259850905218317760e-03,7.454739084132055646e-03,-3.940362087326943624e-02,8.750599520383692820e+00,7.074340527577938076e-01,4.402877697841726778e+00
6.386400418324957029e-02,-1.597444089456868943e-02,0.000000000000000000e+00,-3.088391906283280072e-02,8.606714628297362779e+00,6.570743405275779603e-01,4.484412470023980468e+00
6.882015034190853975e-02,-1.916932907348242732e-02,-1.597444089456868943e-02,-1.916932907348242732e-02,8.501199040767385640e+00,6.019184652278177783e-01,4.386091127098321607e+00
7.377629650056750921e-02,-1.490947816826411129e-02,-2.023429179978700893e-02,-1.171458998935037341e-02,8.798561151079136167e+00,5.203836930455635335e-01,4.179856115107913439e+00
7.873244265922647867e-02,-1.064962726304579353e-02,-3.194888178913737886e-03,-3.194888178913737886e-03,8.932853717026379314e+00,5.107913669064748641e-01,4.422062350119904117e+00
8.368858881788544812e-02,-2.129925452609158880e-03,-1.703940362087327104e-02,2.129925452609158880e-03,8.956834532374100988e+00,4.820143884892086339e-01,4.242206235011990678e+00
8.864473497654441758e-02,-2.449414270500532495e-02,-3.940362087326943624e-02,6.389776357827475772e-03,8.944844124700239263e+00,5.011990407673860837e-01,4.040767386091126845e+00
9.360088113520338704e-02,-2.449414270500532495e-02,-3.088391906283280072e-02,2.342917997870074681e-02,8.752997601918465875e+00,5.491606714628297636e-01,4.019184652278177339e+00
9.855702729386235650e-02,-4.259850905218317760e-03,-2.129925452609158880e-03,5.431309904153354406e-02,8.717026378896882477e+00,4.172661870503597270e-01,4.050359712230215514e+00
1.035131734525213121e-01,1.064962726304579353e-02,1.597444089456868943e-02,7.028753993610223350e-02,9.007194244604317390e+00,1.630695443645084064e-01,4.412470023980815448e+00
1.084693196111802815e-01,3.620873269435569836e-02,3.194888178913737886e-03,6.283280085197018305e-02,9.023980815347721673e+00,1.294964028776978415e-01,4.482014388489208301e+00
1.134254657698392510e-01,4.898828541001064990e-02,-1.597444089456868943e-02,5.324813631522896940e-02,9.182254196642686495e+00,2.254196642685851182e-01,4.369304556354916436e+00
1.183816119284982205e-01,5.537806176783812567e-02,-7.454739084132055646e-03,7.135250266240682204e-02,8.769784172661870159e+00,3.093525179856115304e-01,4.009592326139088669e+00
1.233377580871571899e-01,6.602768903088392094e-02,2.023429179978700893e-02,1.033013844515442009e-01,8.702637889688249473e+00,2.901678657074340251e-01,4.194244604316546443e+00
1.282939042458161594e-01,1.064962726304579388e-01,5.005324813631523151e-02,1.288604898828540901e-01,8.719424460431655532e+00,3.357314148681055377e-01,4.208633093525179447e+00
1.332500504044751288e-01,1.118210862619808260e-01,4.366347177848775574e-02,1.640042598509052207e-01,8.764988009592325824e+00,1.342925659472422040e-01,4.388489208633093774e+00
1.382061965631340983e-01,1.363152289669861683e-01,4.366347177848775574e-02,1.810436634717784987e-01,9.021582733812950394e+00,-4.316546762589928282e-02,4.266187050359712352e+00
1.431623427217930677e-01,1.341853035143769912e-01,4.579339723109691201e-02,1.799787007454738963e-01,9.232613908872901121e+00,-9.352517985611510931e-02,4.558752997601918544e+00
1.481184888804520372e-01,1.373801916932907430e-01,3.407880724174654208e-02,1.735889243876464205e-01,9.194244604316546443e+00,-4.076738609112710160e-02,4.565947242206235046e+00
1.530746350391110067e-01,1.352502662406815659e-01,2.023429179978700893e-02,1.725239616613418459e-01,9.141486810551558762e+00,-6.714628297362110199e-02,4.616306954436450560e+00
1.580307811977699761e-01,1.469648562300319428e-01,1.703940362087327104e-02,1.746538871139510229e-01,9.263788968824940184e+00,-2.350119904076738708e-01,4.529976019184652536e+00
1.629869273564289456e-01,1.533546325878594185e-01,1.171458998935037341e-02,1.576144834930777450e-01,9.350119904076738209e+00,-4.436450839328537343e-01,4.287769784172661858e+00
1.679430735150879150e-01,1.512247071352502692e-01,1.384451544195953142e-02,1.171458998935037271e-01,9.254196642685851515e+00,-4.628297362110311841e-01,4.004796163069544335e+00
1.728992196737468845e-01,1.554845580404685956e-01,3.301384451544196047e-02,8.093716719914803570e-02,9.302158273381294862e+00,-3.117505995203836977e-01,3.652278177458033515e+00
1.778553658324058540e-01,1.458998935037273681e-01,4.898828541001064990e-02,6.389776357827475772e-02,9.184652278177457774e+00,-2.637889688249400733e-01,3.868105515587529908e+00
1.828115119910648234e-01,1.671991480298189447e-01,7.028753993610223350e-02,6.070287539936101984e-02,9.016786570743406060e+00,-2.422062350119904006e-01,4.023980815347721673e+00
1.877676581497237929e-01,1.853035143769967974e-01,7.135250266240682204e-02,6.815761448349308416e-02,9.000000000000000000e+00,-2.829736211031175230e-01,4.155875299760191766e+00
1.927238043083827623e-01,2.161874334398296016e-01,6.176783812566560145e-02,6.922257720979765883e-02,8.863309352517985573e+00,-1.942446043165467762e-01,3.880095923261390745e+00
1.976799504670417318e-01,2.364217252396166036e-01,7.454739084132055993e-02,8.413205537806177359e-02,8.568345323741006325e+00,-5.275779376498800771e-02,3.863309352517985573e+00
2.026360966257006735e-01,2.673056443024494078e-01,9.797657082002129980e-02,1.214057507987220397e-01,8.705035971223020752e+00,-8.393285371702638442e-02,3.992805755395683498e+00
2.075922427843596429e-01,2.886048988285410122e-01,1.011714589989350377e-01,1.427050053248136441e-01,8.901678657074340251e+00,-2.254196642685851182e-01,4.076738609112710243e+00
2.125483889430186124e-01,2.843450479233226580e-01,7.880724174653887248e-02,1.341853035143769912e-01,8.932853717026379314e+00,-2.949640287769784153e-01,4.143884892086330929e+00
2.175045351016775819e-01,2.822151224707135087e-01,5.750798722044728195e-02,1.096911608093716767e-01,8.829736211031175230e+00,-1.318944844124700366e-01,3.810551558752997447e+00
2.224606812603365513e-01,2.577209797657081802e-01,5.431309904153354406e-02,9.691160809371672513e-02,8.829736211031175230e+00,1.678657074340527550e-02,3.834532374100719565e+00
2.274168274189955208e-01,2.470713525026624058e-01,5.963791267305644517e-02,9.584664536741213658e-02,9.103117505995204084e+00,-1.918465227817745672e-02,3.750599520383693264e+00
2.323729735776544902e-01,2.204472843450479280e-01,6.283280085197018305e-02,8.413205537806177359e-02,9.342925659472422595e+00,-1.726618705035971313e-01,3.800959232613908778e+00
2.373291197363134597e-01,2.034078807241746500e-01,7.561235356762513460e-02,5.324813631522896940e-02,9.287769784172661858e+00,-3.597122302158273222e-02,3.736211031175059816e+00
2.422852658949724292e-01,1.778487752928647470e-01,9.797657082002129980e-02,2.875399361022364098e-02,9.143884892086331817e+00,2.182254196642685884e-01,3.860911270983213406e+00
2.472414120536313986e-01,1.618743343982960714e-01,1.107561235356762513e-01,3.620873269435569836e-02,9.191846522781775164e+00,2.541966426858512929e-01,4.122302158273381423e+00
2.521975582122903403e-01,1.544195953141639932e-01,1.118210862619808260e-01,4.472843450479233041e-02,9.362110311750599934e+00,7.434052757793764565e-02,4.100719424460431917e+00
2.571537043709493098e-01,1.267305644302449408e-01,1.128860489882854146e-01,2.875399361022364098e-02,9.522781774580336034e+00,-2.398081534772182263e-02,4.230215827338129841e+00
2.621098505296082792e-01,1.139510117145899892e-01,1.192758253461128903e-01,4.259850905218317760e-03,9.517985611510791699e+00,8.872901678657074687e-02,4.318944844124700033e+00
2.670659966882672487e-01,9.478168264110756192e-02,1.203407880724174650e-01,-8.519701810436635520e-03,9.489208633093525691e+00,2.230215827338129508e-01,4.553956834532374209e+00
2.720221428469262182e-01,8.732694355697551147e-02,1.182108626198083018e-01,-1.384451544195953142e-02,9.434052757793764954e+00,2.230215827338129508e-01,4.426858513189448452e+00
2.769782890055851876e-01,6.602768903088392094e-02,1.128860489882854146e-01,-1.490947816826411129e-02,9.342925659472422595e+00,2.014388489208633060e-01,4.292565947242206192e+00
2.819344351642441571e-01,4.898828541001064990e-02,1.150159744408945639e-01,-2.236421725239616520e-02,9.244604316546762846e+00,2.709832134292565753e-01,4.155875299760191766e+00
2.868905813229031265e-01,3.833865814696485463e-02,1.320553780617678419e-01,-2.129925452609158706e-02,8.947242206235012318e+00,4.844124700239808012e-01,4.254196642685851515e+00
2.918467274815620960e-01,3.833865814696485463e-02,1.427050053248136441e-01,0.000000000000000000e+00,8.923261390887290645e+00,4.220623501199040617e-01,4.767386091127097991e+00
2.968028736402210654e-01,4.792332268370606829e-02,1.171458998935037271e-01,2.023429179978700893e-02,9.129496402877697037e+00,8.633093525179856564e-02,5.007194244604316502e+00
3.017590197988800349e-01,4.259850905218317413e-02,6.602768903088392094e-02,2.129925452609158880e-03,9.127098321342925757e+00,-6.474820143884892076e-02,5.059952038369304184e+00
3.067151659575390044e-01,3.088391906283280072e-02,6.389776357827475772e-03,-3.088391906283280072e-02,9.256594724220622794e+00,1.678657074340527550e-02,4.551558752997602042e+00
3.116713121161979738e-01,-5.324813631522896766e-03,-3.301384451544196047e-02,-6.389776357827475772e-02,9.213429256594723782e+00,2.110311750599520308e-01,3.988009592326139163e+00
3.166274582748569433e-01,-2.023429179978700893e-02,-1.064962726304579440e-03,-7.561235356762513460e-02,9.136690647482014427e+00,2.422062350119904006e-01,3.956834532374100544e+00
3.215836044335159127e-01,-1.277955271565495154e-02,4.685835995740149362e-02,-7.028753993610223350e-02,9.729016786570744202e+00,-4.076738609112710160e-02,4.112709832134292753e+00
3.265397505921748822e-01,-2.768903088391906284e-02,6.389776357827475772e-02,-1.001064962726304630e-01,9.539568345323740317e+00,-1.798561151079136611e-01,4.774580335731414493e+00
3.314958967508338517e-01,-1.171458998935037341e-02,3.407880724174654208e-02,-1.288604898828540901e-01,9.287769784172661858e+00,9.592326139088728360e-03,4.872901678657074243e+00
3.364520429094928211e-01,-1.064962726304579440e-03,-2.129925452609158880e-03,-1.416400425985090417e-01,9.275779376498800133e+00,3.237410071942445899e-01,4.642685851318944401e+00
3.414081890681517906e-01,8.519701810436635520e-03,-2.129925452609158706e-02,-1.331203407880724165e-01,9.055155875299760737e+00,4.868105515587530241e-01,4.393285371702638109e+00
3.463643352268107600e-01,2.449414270500532495e-02,-4.259850905218317760e-03,-1.171458998935037271e-01,9.151079136690647431e+00,4.052757793764987793e-01,4.357314148681055599e+00
3.513204813854697295e-01,2.875399361022364098e-02,1.064962726304579440e-03,-1.235356762513312029e-01,9.242206235011989790e+00,4.340527577937650094e-01,4.983213429256594829e+00
3.562766275441286989e-01,3.407880724174654208e-02,-4.685835995740149362e-02,-1.341853035143769912e-01,9.146282973621103096e+00,6.738609112709832427e-01,5.299760191846522694e+00
3.612327737027876684e-01,3.301384451544196047e-02,-1.246006389776357776e-01,-1.246006389776357776e-01,8.930455635491606259e+00,9.760191846522782155e-01,5.189448441247002108e+00
3.661889198614466379e-01,4.792332268370606829e-02,-1.821086261980830734e-01,-8.945686900958466081e-02,8.815347721822542226e+00,1.134292565947242259e+00,4.592326139088728887e+00
3.711450660201056073e-01,5.218317358892438779e-02,-1.927582534611288478e-01,-4.046858359957401785e-02,9.004796163069544335e+00,1.093525179856115193e+00,4.299760191846522694e+00
3.761012121787645768e-01,5.750798722044728195e-02,-1.895633652822151238e-01,1.064962726304579353e-02,9.278177458033573188e+00,9.328537170263788703e-01,4.309352517985611364e+00
3.810573583374235462e-01,6.070287539936101984e-02,-1.948881789137380249e-01,5.005324813631523151e-02,9.465227817745804018e+00,7.242206235011990900e-01,4.285371702637889690e+00
3.860135044960825157e-01,6.389776357827475772e-02,-2.023429179978700754e-01,7.135250266240682204e-02,9.465227817745804018e+00,6.187050359712230607e-01,4.131894484412470092e+00
3.909696506547414852e-01,6.602768903088392094e-02,-1.938232161874334503e-01,8.732694355697551147e-02,9.376498800959232938e+00,5.851318944844124958e-01,3.851318944844124736e+00
3.959257968134004546e-01,5.644302449414270728e-02,-1.735889243876464205e-01,1.001064962726304630e-01,9.335731414868105205e+00,4.988009592326139163e-01,3.856115107913669071e+00
4.008819429720593686e-01,5.431309904153354406e-02,-1.565495207667731703e-01,1.118210862619808260e-01,9.448441247002397958e+00,3.093525179856115304e-01,3.858513189448441238e+00
4.058380891307183380e-01,3.940362087326943624e-02,-1.458998935037273681e-01,1.075612353567625135e-01,9.611510791366907114e+00,5.995203836930455832e-02,3.947242206235011874e+00
4.107942352893773075e-01,2.555910543130990309e-02,-1.405750798722044670e-01,7.880724174653887248e-02,9.580335731414868050e+00,2.877697841726618855e-02,3.954436450839328376e+00
4.157503814480362769e-01,9.584664536741213658e-03,-1.384451544195953177e-01,4.792332268370606829e-02,9.412470023980814560e+00,1.486810551558752913e-01,3.906474820143885029e+00
4.207065276066952464e-01,-5.324813631522896766e-03,-1.352502662406815659e-01,3.194888178913737886e-02,9.237410071942445455e+00,2.494004796163069582e-01,3.844124700239808234e+00
4.256626737653542158e-01,-1.703940362087327104e-02,-1.288604898828540901e-01,2.236421725239616520e-02,9.244604316546762846e+00,1.414868105515587615e-01,3.805755395683453113e+00
4.306188199240131853e-01,-3.727369542066027996e-02,-1.267305644302449408e-01,5.324813631522896766e-03,9.302158273381294862e+00,-1.438848920863309427e-02,3.896882494004796360e+00
4.355749660826721548e-01,-5.431309904153354406e-02,-1.341853035143769912e-01,-2.875399361022364098e-02,9.328537170263789591e+00,-1.438848920863309427e-02,3.844124700239808234e+00
4.405311122413311242e-01,-7.987220447284344715e-02,-1.469648562300319428e-01,-6.709265175718849561e-02,9.251798561151078459e+00,1.654676258992805737e-01,3.810551558752997447e+00
4.454872583999900937e-01,-9.691160809371672513e-02,-1.490947816826411199e-01,-8.839190628328008614e-02,9.258992805755395850e+00,2.661870503597122406e-01,3.618705035971223172e+00
4.504434045586490631e-01,-1.075612353567625135e-01,-1.352502662406815659e-01,-1.001064962726304630e-01,9.388489208633092886e+00,2.206235011990407557e-01,3.410071942446043280e+00
4.553995507173080326e-01,-1.118210862619808260e-01,-9.797657082002129980e-02,-1.150159744408945639e-01,9.496402877697841305e+00,2.182254196642685884e-01,3.410071942446043280e+00
4.603556968759670021e-01,-1.118210862619808260e-01,-6.283280085197018305e-02,-1.288604898828540901e-01,9.472422062350119631e+00,3.717026378896882699e-01,3.592326139088728887e+00
4.653118430346259715e-01,-1.139510117145899892e-01,-4.685835995740149362e-02,-1.256656017039403661e-01,9.402877697841725890e+00,5.251798561151078681e-01,3.774580335731414937e+00
4.702679891932849410e-01,-1.075612353567625135e-01,-3.514376996805111675e-02,-1.118210862619808260e-01,9.364508393285371213e+00,5.659472422062350461e-01,3.645083932853717013e+00
4.752241353519439104e-01,-1.064962726304579388e-01,-1.490947816826411129e-02,-9.797657082002129980e-02,9.410071942446043280e+00,5.299760191846523139e-01,3.599520383693045389e+00
4.801802815106028799e-01,-1.064962726304579388e-01,1.171458998935037341e-02,-9.158679446219382403e-02,9.407673860911270225e+00,5.419664268585131506e-01,3.657074340527577849e+00
4.851364276692618493e-01,-1.096911608093716767e-01,2.875399361022364098e-02,-9.265175718849839870e-02,9.402877697841725890e+00,6.378896882494005105e-01,3.863309352517985573e+00
4.900925738279208188e-01,-1.150159744408945639e-01,3.088391906283280072e-02,-8.519701810436634826e-02,9.378896882494004217e+00,6.906474820143885252e-01,3.961630695443644878e+00
4.950487199865797883e-01,-1.203407880724174650e-01,3.088391906283280072e-02,-7.348242811501597138e-02,9.366906474820144268e+00,7.362110311750599267e-01,3.877697841726618577e+00
5.000048661452387577e-01,-1.288604898828540901e-01,3.727369542066027996e-02,-6.709265175718849561e-02,9.352517985611511264e+00,7.601918465227818222e-01,3.916067146282973699e+00
5.049610123038976717e-01,-1.405750798722044670e-01,4.579339723109691201e-02,-6.176783812566560145e-02,9.292565947242206192e+00,8.129496402877698369e-01,4.007194244604316502e+00
5.099171584625566966e-01,-1.565495207667731703e-01,4.259850905218317413e-02,-5.111821086261980618e-02,9.278177458033573188e+00,7.721822541966426590e-01,4.057553956834532016e+00
5.148733046212156106e-01,-1.661341853035143701e-01,3.514376996805111675e-02,-4.472843450479233041e-02,9.374100719424459882e+00,5.683453237410072134e-01,3.913669064748201532e+00
5.198294507798746356e-01,-1.821086261980830734e-01,3.301384451544196047e-02,-5.218317358892438779e-02,9.362110311750599934e+00,3.932853717026378870e-01,3.841726618705036067e+00
5.247855969385335495e-01,-1.842385516506922227e-01,4.792332268370606829e-02,-6.496272630457934627e-02,9.268585131894484519e+00,4.076738609112710021e-01,3.884892086330935079e+00
5.297417430971925745e-01,-1.810436634717784987e-01,5.750798722044728195e-02,-7.241746538871139671e-02,9.232613908872901121e+00,4.700239808153477417e-01,3.997601918465227833e+00
5.346978892558514884e-01,-1.821086261980830734e-01,5.324813631522896940e-02,-6.815761448349308416e-02,9.134292565947241371e+00,4.436450839328537343e-01,4.127098321342925757e+00
5.396540354145105134e-01,-1.725239616613418459e-01,4.792332268370606829e-02,-6.283280085197018305e-02,9.076738609112709355e+00,3.549160671462829875e-01,4.239808153477218511e+00
5.446101815731694273e-01,-1.671991480298189447e-01,3.620873269435569836e-02,-6.283280085197018305e-02,9.110311750599519698e+00,2.517985611510791255e-01,4.225419664268585507e+00
5.495663277318284523e-01,-1.671991480298189447e-01,1.490947816826411129e-02,-7.561235356762513460e-02,9.155875299760191766e+00,2.709832134292565753e-01,4.143884892086330929e+00
5.545224738904873663e-01,-1.629392971246006461e-01,0.000000000000000000e+00,-8.732694355697551147e-02,9.184652278177457774e+00,3.045563549160671402e-01,3.997601918465227833e+00
5.594786200491463912e-01,-1.586794462193823196e-01,5.324813631522896766e-03,-9.691160809371672513e-02,9.208633093525179447e+00,2.613908872901678504e-01,3.966426858513189657e+00
5.644347662078053052e-01,-1.576144834930777450e-01,2.662406815761448470e-02,-1.096911608093716767e-01,9.203836930455635112e+00,2.805755395683453002e-01,4.139088729016786594e+00
5.693909123664643301e-01,-1.533546325878594185e-01,2.981895633652822258e-02,-1.182108626198083018e-01,9.158273381294964821e+00,3.573141486810551548e-01,4.357314148681055599e+00
5.743470585251232441e-01,-1.480298189563365174e-01,1.277955271565495154e-02,-1.299254526091586925e-01,9.091127098321342359e+00,4.292565947242206192e-01,4.426858513189448452e+00
5.793032046837822691e-01,-1.512247071352502692e-01,-9.584664536741213658e-03,-1.352502662406815659e-01,8.959232613908872267e+00,5.107913669064748641e-01,4.362110311750599934e+00
5.842593508424411830e-01,-1.533546325878594185e-01,-2.236421725239616520e-02,-1.384451544195953177e-01,8.932853717026379314e+00,6.139088729016786150e-01,4.311750599520383531e+00
5.892154970011002080e-01,-1.586794462193823196e-01,-2.768903088391906284e-02,-1.384451544195953177e-01,8.956834532374100988e+00,7.002398081534771945e-01,4.446043165467625791e+00
5.941716431597591219e-01,-1.576144834930777450e-01,-3.833865814696485463e-02,-1.320553780617678419e-01,8.980815347721822661e+00,7.218225419664268117e-01,4.635491606714627899e+00
5.991277893184181469e-01,-1.586794462193823196e-01,-5.857294994675186356e-02,-1.203407880724174650e-01,8.942446043165467984e+00,7.817745803357314394e-01,4.779376498800958828e+00
6.040839354770770608e-01,-1.597444089456868943e-01,-9.371671991480298725e-02,-1.054313099041533502e-01,8.923261390887290645e+00,8.225419664268585063e-01,4.745803357314148485e+00
6.090400816357360858e-01,-1.586794462193823196e-01,-1.235356762513312029e-01,-9.371671991480298725e-02,8.901678657074340251e+00,8.201438848920863389e-01,4.623501199040767062e+00
6.139962277943949998e-01,-1.586794462193823196e-01,-1.469648562300319428e-01,-7.774227902023429781e-02,8.923261390887290645e+00,8.393285371702637887e-01,4.498800959232613472e+00
6.189523739530540247e-01,-1.522896698615548439e-01,-1.608093716719914690e-01,-6.070287539936101984e-02,9.021582733812950394e+00,7.913669064748201087e-01,4.398081534772182444e+00
6.239085201117129387e-01,-1.544195953141639932e-01,-1.735889243876464205e-01,-4.366347177848775574e-02,9.055155875299760737e+00,8.129496402877698369e-01,4.335731414868105205e+00
6.288646662703719636e-01,-1.554845580404685956e-01,-1.842385516506922227e-01,-2.875399361022364098e-02,9.031175059952039064e+00,8.848920863309353013e-01,4.251798561151079348e+00
6.338208124290308776e-01,-1.565495207667731703e-01,-1.906283280085196985e-01,-1.064962726304579353e-02,9.059952038369305072e+00,8.848920863309353013e-01,4.127098321342925757e+00
6.387769585876897915e-01,-1.640042598509052207e-01,-1.884984025559105492e-01,7.454739084132055646e-03,9.117505995203837088e+00,8.561151079136690711e-01,3.968824940047961825e+00
6.437331047463488165e-01,-1.725239616613418459e-01,-1.746538871139510229e-01,2.023429179978700893e-02,9.107913669064748419e+00,8.489208633093525691e-01,3.899280575539568527e+00
6.486892509050077305e-01,-1.821086261980830734e-01,-1.608093716719914690e-01,3.088391906283280072e-02,9.110311750599519698e+00,8.657074340527577405e-01,3.961630695443644878e+00
6.536453970636667554e-01,-1.906283280085196985e-01,-1.544195953141639932e-01,4.153354632587859252e-02,9.146282973621103096e+00,8.657074340527577405e-01,3.959232613908872711e+00
6.586015432223256694e-01,-1.970181043663471743e-01,-1.469648562300319428e-01,5.431309904153354406e-02,9.139088729016785706e+00,8.417266187050359560e-01,3.894484412470024193e+00
6.635576893809846943e-01,-2.076677316293929765e-01,-1.320553780617678419e-01,6.389776357827475772e-02,9.055155875299760737e+00,8.824940047961630230e-01,3.858513189448441238e+00
6.685138355396436083e-01,-2.161874334398296016e-01,-1.203407880724174650e-01,7.774227902023429781e-02,9.009592326139088669e+00,8.968824940047961380e-01,3.978417266187050494e+00
6.734699816983026333e-01,-2.193823216187433534e-01,-1.171458998935037271e-01,9.691160809371672513e-02,9.011990407673861725e+00,7.505995203836930418e-01,4.033573141486810343e+00
6.784261278569615472e-01,-2.193823216187433534e-01,-1.192758253461128903e-01,1.107561235356762513e-01,9.021582733812950394e+00,5.899280575539568305e-01,4.033573141486810343e+00
6.833822740156205722e-01,-2.151224707135250269e-01,-1.235356762513312029e-01,1.096911608093716767e-01,9.002398081534773056e+00,5.923261390887289979e-01,4.019184652278177339e+00
6.883384201742794861e-01,-2.076677316293929765e-01,-1.203407880724174650e-01,1.086261980830670881e-01,8.937649880095923649e+00,6.091127098321342803e-01,4.002398081534772167e+00
6.932945663329385111e-01,-1.959531416400425996e-01,-1.139510117145899892e-01,1.192758253461128903e-01,8.911270983213428920e+00,5.803357314148680501e-01,4.043165467625899012e+00
6.982507124915974250e-01,-1.789137380191693216e-01,-1.064962726304579388e-01,1.331203407880724165e-01,8.947242206235012318e+00,4.940047961630695261e-01,4.059952038369304184e+00
7.032068586502564500e-01,-1.650692225772097954e-01,-1.043663471778487756e-01,1.405750798722044670e-01,8.983213429256593940e+00,4.028776978417266119e-01,4.127098321342925757e+00
7.081630048089153640e-01,-1.533546325878594185e-01,-1.107561235356762513e-01,1.373801916932907430e-01,8.976019184652278327e+00,4.244604316546762846e-01,4.115107913669064921e+00
7.131191509675743889e-01,-1.480298189563365174e-01,-1.139510117145899892e-01,1.363152289669861683e-01,8.884892086330935967e+00,4.820143884892086339e-01,4.107913669064748419e+00
7.180752971262333029e-01,-1.363152289669861683e-01,-1.150159744408945639e-01,1.416400425985090417e-01,8.839328537170263900e+00,4.724220623501199090e-01,4.112709832134292753e+00
7.230314432848923278e-01,-1.246006389776357776e-01,-1.160809371671991524e-01,1.480298189563365174e-01,8.836930455635490844e+00,4.412470023980815115e-01,4.115107913669064921e+00
7.279875894435512418e-01,-1.182108626198083018e-01,-1.182108626198083018e-01,1.554845580404685956e-01,8.851318944844123848e+00,4.436450839328537343e-01,4.179856115107913439e+00
7.329437356022102668e-01,-1.096911608093716767e-01,-1.288604898828540901e-01,1.597444089456868943e-01,8.815347721822542226e+00,5.035971223021582510e-01,4.170263788968824770e+00
7.378998817608691807e-01,-1.096911608093716767e-01,-1.416400425985090417e-01,1.661341853035143701e-01,8.803357314148680501e+00,5.347721822541966485e-01,4.155875299760191766e+00
7.428560279195282057e-01,-1.086261980830670881e-01,-1.512247071352502692e-01,1.789137380191693216e-01,8.827338129496402175e+00,5.659472422062350461e-01,4.007194244604316502e+00
7.478121740781871196e-01,-1.192758253461128903e-01,-1.533546325878594185e-01,1.884984025559105492e-01,8.868105515587529908e+00,5.347721822541966485e-01,3.916067146282973699e+00
7.527683202368461446e-01,-1.309904153354632672e-01,-1.480298189563365174e-01,1.948881789137380249e-01,8.973621103117505271e+00,4.436450839328537343e-01,3.887290167865707247e+00
7.577244663955050585e-01,-1.427050053248136441e-01,-1.427050053248136441e-01,1.970181043663471743e-01,9.043165467625899012e+00,4.676258992805755188e-01,3.913669064748201532e+00
7.626806125541640835e-01,-1.544195953141639932e-01,-1.363152289669861683e-01,2.023429179978700754e-01,8.978417266187049606e+00,4.700239808153477417e-01,3.925659472422062368e+00
7.676367587128229975e-01,-1.586794462193823196e-01,-1.267305644302449408e-01,2.140575079872204523e-01,8.916067146282973255e+00,4.076738609112710021e-01,3.877697841726618577e+00
7.725929048714820224e-01,-1.640042598509052207e-01,-1.139510117145899892e-01,2.215122470713525027e-01,8.964028776978416602e+00,2.685851318944844079e-01,3.887290167865707247e+00
7.775490510301409364e-01,-1.671991480298189447e-01,-1.001064962726304630e-01,2.161874334398296016e-01,8.985611510791366996e+00,1.702637889688249362e-01,3.978417266187050494e+00
7.825051971887999613e-01,-1.735889243876464205e-01,-9.584664536741213658e-02,2.087326943556975511e-01,8.901678657074340251e+00,9.832134292565947176e-02,4.151079136690647431e+00
7.874613433474588753e-01,-1.735889243876464205e-01,-1.064962726304579388e-01,2.002129925452609260e-01,8.750599520383692820e+00,1.007194244604316530e-01,4.194244604316546443e+00
7.924174895061179003e-01,-1.746538871139510229e-01,-1.256656017039403661e-01,1.980830670926517489e-01,8.661870503597121740e+00,4.316546762589928282e-02,4.131894484412470092e+00
7.973736356647768142e-01,-1.714589989350372712e-01,-1.373801916932907430e-01,1.906283280085196985e-01,8.695443645083932083e+00,-4.796163069544364527e-02,4.057553956834532016e+00
8.023297818234357281e-01,-1.661341853035143701e-01,-1.427050053248136441e-01,1.789137380191693216e-01,8.767386091127098879e+00,-1.270983213429256464e-01,4.004796163069544335e+00
8.072859279820947531e-01,-1.586794462193823196e-01,-1.458998935037273681e-01,1.640042598509052207e-01,8.791366906474820553e+00,-1.127098321342925591e-01,3.985611510791366996e+00
8.122420741407536671e-01,-1.512247071352502692e-01,-1.480298189563365174e-01,1.554845580404685956e-01,8.752997601918465875e+00,-2.398081534772182090e-03,3.983213429256594829e+00
8.171982202994126920e-01,-1.458998935037273681e-01,-1.512247071352502692e-01,1.512247071352502692e-01,8.705035971223020752e+00,-4.796163069544364180e-03,3.930455635491606703e+00
8.221543664580716060e-01,-1.405750798722044670e-01,-1.565495207667731703e-01,1.512247071352502692e-01,8.714628297362111198e+00,-5.755395683453237710e-02,3.829736211031175230e+00
8.271105126167306310e-01,-1.384451544195953177e-01,-1.565495207667731703e-01,1.448349307774227934e-01,8.803357314148680501e+00,-1.438848920863309289e-01,3.752997601918465431e+00
8.320666587753895449e-01,-1.384451544195953177e-01,-1.522896698615548439e-01,1.277955271565495154e-01,8.817745803357313505e+00,-1.534772182254196538e-01,3.719424460431654644e+00
8.370228049340485699e-01,-1.363152289669861683e-01,-1.437699680511182188e-01,1.139510117145899892e-01,8.772182254196643214e+00,-1.247002398081534791e-01,3.707434052757793808e+00
8.419789510927074838e-01,-1.320553780617678419e-01,-1.373801916932907430e-01,1.075612353567625135e-01,8.685851318944843413e+00,-1.103117505995203779e-01,3.678657074340527799e+00
8.469350972513665088e-01,-1.267305644302449408e-01,-1.309904153354632672e-01,1.022364217252396124e-01,8.697841726618705138e+00,-1.798561151079136611e-01,3.666666666666666519e+00
8.518912434100254227e-01,-1.160809371671991524e-01,-1.235356762513312029e-01,9.158679446219382403e-02,8.748201438848921541e+00,-2.973621103117505826e-01,3.633093525179856176e+00
8.568473895686844477e-01,-1.064962726304579388e-01,-1.192758253461128903e-01,7.454739084132055993e-02,8.743405275779377206e+00,-3.621103117505995450e-01,3.587529976019184552e+00
8.618035357273433616e-01,-9.158679446219382403e-02,-1.128860489882854146e-01,5.431309904153354406e-02,8.712230215827338142e+00,-3.597122302158273222e-01,3.503597122302158251e+00
8.667596818860023866e-01,-7.348242811501597138e-02,-9.691160809371672513e-02,4.153354632587859252e-02,8.719424460431655532e+00,-3.477218225419664299e-01,3.424460431654676285e+00
8.717158280446613006e-01,-5.218317358892438779e-02,-7.241746538871139671e-02,3.088391906283280072e-02,8.685851318944843413e+00,-3.237410071942445899e-01,3.422062350119904117e+00
8.766719742033203255e-01,-2.981895633652822258e-02,-4.472843450479233041e-02,2.236421725239616520e-02,8.640287769784173122e+00,-3.069544364508393075e-01,3.525179856115107757e+00
8.816281203619792395e-01,-1.384451544195953142e-02,-2.662406815761448470e-02,7.454739084132055646e-03,8.613908872901678393e+00,-3.141486810551558650e-01,3.642685851318944845e+00
8.865842665206382645e-01,-8.519701810436635520e-03,-2.023429179978700893e-02,-9.584664536741213658e-03,8.537170263788969038e+00,-2.422062350119904006e-01,3.733812949640287648e+00
8.915404126792971784e-01,-4.259850905218317760e-03,-1.810436634717784918e-02,-2.555910543130990309e-02,8.467625899280575297e+00,-1.199040767386091166e-01,3.834532374100719565e+00
8.964965588379562034e-01,-2.129925452609158880e-03,-1.810436634717784918e-02,-3.194888178913737886e-02,8.381294964028777272e+00,5.755395683453237710e-02,3.913669064748201532e+00
9.014527049966151173e-01,-2.129925452609158880e-03,-1.703940362087327104e-02,-3.301384451544196047e-02,8.321342925659472201e+00,1.702637889688249362e-01,4.047961630695443347e+00
9.064088511552741423e-01,-9.584664536741213658e-03,-2.662406815761448470e-02,-2.875399361022364098e-02,8.323741007194245256e+00,2.254196642685851182e-01,4.208633093525179447e+00
9.113649973139330562e-01,-2.129925452609158706e-02,-4.685835995740149362e-02,-2.662406815761448470e-02,8.306954436450839196e+00,2.925659472422062479e-01,4.261390887290168017e+00
9.163211434725920812e-01,-3.727369542066027996e-02,-7.774227902023429781e-02,-1.916932907348242732e-02,8.273381294964028854e+00,3.477218225419664299e-01,4.251798561151079348e+00
9.212772896312509951e-01,-5.218317358892438779e-02,-1.043663471778487756e-01,-7.454739084132055646e-03,8.244604316546762846e+00,3.525179856115107646e-01,4.079136690647482411e+00
9.262334357899100201e-01,-6.602768903088392094e-02,-1.160809371671991524e-01,6.389776357827475772e-03,8.258992805755395850e+00,3.165467625899280324e-01,3.952038369304556209e+00
9.311895819485689341e-01,-7.241746538871139671e-02,-1.182108626198083018e-01,1.916932907348242732e-02,8.316546762589927866e+00,1.918465227817745811e-01,3.925659472422062368e+00
9.361457281072279590e-01,-7.667731629392970927e-02,-1.256656017039403661e-01,2.981895633652822258e-02,8.381294964028777272e+00,3.597122302158273222e-02,3.834532374100719565e+00
9.411018742658868730e-01,-7.987220447284344715e-02,-1.373801916932907430e-01,3.514376996805111675e-02,8.376498800959232938e+00,-3.836930455635491344e-02,3.592326139088728887e+00
9.460580204245458980e-01,-7.667731629392970927e-02,-1.395101171458998923e-01,3.407880724174654208e-02,8.369304556354915547e+00,-1.151079136690647542e-01,3.306954436450839196e+00
9.510141665832048119e-01,-7.135250266240682204e-02,-1.160809371671991524e-01,3.194888178913737886e-02,8.484412470023981356e+00,-1.846522781774580235e-01,3.052757793764988126e+00
9.559703127418637258e-01,-6.815761448349308416e-02,-7.880724174653887248e-02,3.088391906283280072e-02,8.673860911270983465e+00,-2.565947242206235157e-01,2.947242206235011874e+00
9.609264589005227508e-01,-5.963791267305644517e-02,-3.194888178913737886e-02,2.129925452609158706e-02,8.731414868105515481e+00,-2.781774580335731328e-01,2.952038369304556209e+00
9.658826050591816648e-01,-5.324813631522896940e-02,2.023429179978700893e-02,1.171458998935037341e-02,8.705035971223020752e+00,-2.206235011990407557e-01,3.117505995203837088e+00
9.708387512178406897e-01,-5.005324813631523151e-02,6.176783812566560145e-02,9.584664536741213658e-03,8.633093525179855732e+00,-2.038369304556355011e-01,3.263788968824940184e+00
9.757948973764996037e-01,-5.111821086261980618e-02,9.158679446219382403e-02,6.389776357827475772e-03,8.580335731414868050e+00,-1.990407673860911386e-01,3.364508393285371657e+00
9.807510435351586287e-01,-5.644302449414270728e-02,1.182108626198083018e-01,-7.454739084132055646e-03,8.501199040767385640e+00,-1.294964028776978415e-01,3.582733812949640217e+00
9.857071896938175426e-01,-6.496272630457934627e-02,1.352502662406815659e-01,-1.703940362087327104e-02,8.431654676258993675e+00,-2.877697841726618855e-02,3.880095923261390745e+00
9.906633358524765676e-01,-6.922257720979765883e-02,1.309904153354632672e-01,-1.277955271565495154e-02,8.400479616306954611e+00,-2.398081534772182263e-02,4.071942446043165909e+00
9.956194820111354815e-01,-6.496272630457934627e-02,1.171458998935037271e-01,-5.324813631522896766e-03,8.441247002398082344e+00,-1.630695443645084064e-01,4.093525179856115415e+00
1.000575628169794395e+00,-6.283280085197018305e-02,1.096911608093716767e-01,-9.584664536741213658e-03,8.458033573141486627e+00,-1.942446043165467762e-01,4.163069544364508268e+00
1.005531774328453309e+00,-6.070287539936101984e-02,1.043663471778487756e-01,-1.597444089456868943e-02,8.359712230215826878e+00,-6.235011990407673954e-02,4.342925659472421707e+00
1.010487920487112223e+00,-5.431309904153354406e-02,8.626198083067092293e-02,-1.171458998935037341e-02,8.258992805755395850e+00,3.117505995203836977e-02,4.505995203836930862e+00
1.015444066645771359e+00,-4.792332268370606829e-02,5.750798722044728195e-02,3.194888178913737886e-03,8.227817745803356786e+00,-3.836930455635491344e-02,4.522781774580336034e+00
1.020400212804430273e+00,-4.046858359957401785e-02,3.088391906283280072e-02,1.384451544195953142e-02,8.333333333333333925e+00,-2.398081534772182333e-01,4.414868105515587615e+00
1.025356358963089187e+00,-3.620873269435569836e-02,8.519701810436635520e-03,9.584664536741213658e-03,8.386091127098321607e+00,-3.189448441247002553e-01,4.369304556354916436e+00
1.030312505121748101e+00,-3.301384451544196047e-02,-1.277955271565495154e-02,-6.389776357827475772e-03,8.326139088729016535e+00,-2.589928057553956831e-01,4.275779376498801021e+00
1.035268651280407237e+00,-2.449414270500532495e-02,-3.620873269435569836e-02,-9.584664536741213658e-03,8.333333333333333925e+00,-2.158273381294963933e-01,4.139088729016786594e+00
1.040224797439066151e+00,-1.490947816826411129e-02,-4.685835995740149362e-02,-4.259850905218317760e-03,8.443645083932853623e+00,-3.021582733812949728e-01,3.911270983213429364e+00
1.045180943597725065e+00,-6.389776357827475772e-03,-4.259850905218317413e-02,-7.454739084132055646e-03,8.594724220623501054e+00,-4.316546762589927866e-01,3.791366906474820109e+00
1.050137089756383979e+00,5.324813631522896766e-03,-2.768903088391906284e-02,-2.129925452609158706e-02,8.659472422062350461e+00,-4.412470023980815115e-01,3.798561151079136611e+00
1.055093235915043115e+00,1.597444089456868943e-02,-1.916932907348242732e-02,-3.407880724174654208e-02,8.671462829736210409e+00,-4.052757793764987793e-01,3.832134292565947398e+00
1.060049382073702029e+00,2.981895633652822258e-02,-1.597444089456868943e-02,-4.153354632587859252e-02,8.599520383693045389e+00,-3.980815347721822772e-01,3.760191846522781933e+00
1.065005528232360943e+00,3.940362087326943624e-02,-7.454739084132055646e-03,-5.005324813631523151e-02,8.613908872901678393e+00,-4.244604316546762846e-01,3.676258992805755188e+00
1.069961674391019857e+00,4.898828541001064990e-02,1.171458998935037341e-02,-6.176783812566560145e-02,8.640287769784173122e+00,-4.196642685851318944e-01,3.700239808153477306e+00
1.074917820549678993e+00,6.176783812566560145e-02,2.981895633652822258e-02,-6.922257720979765883e-02,8.647482014388488736e+00,-3.956834532374100544e-01,3.846522781774580402e+00
1.079873966708337907e+00,7.135250266240682204e-02,2.875399361022364098e-02,-7.454739084132055993e-02,8.611510791366907114e+00,-3.884892086330935523e-01,3.884892086330935079e+00
1.084830112866996821e+00,7.987220447284344715e-02,2.449414270500532495e-02,-8.626198083067092293e-02,8.508393285371703030e+00,-3.764988009592326046e-01,3.817745803357313950e+00
1.089786259025655735e+00,8.839190628328008614e-02,2.342917997870074681e-02,-9.371671991480298725e-02,8.474820143884892687e+00,-3.405275779376498724e-01,3.726618705035971146e+00
1.094742405184314871e+00,9.691160809371672513e-02,2.662406815761448470e-02,-1.022364217252396124e-01,8.529976019184651648e+00,-2.637889688249400733e-01,3.714628297362110310e+00
1.099698551342973785e+00,9.584664536741213658e-02,3.194888178913737886e-02,-1.043663471778487756e-01,8.589928057553956720e+00,-2.134292565947242259e-01,3.714628297362110310e+00
1.104654697501632699e+00,9.158679446219382403e-02,3.727369542066027996e-02,-1.043663471778487756e-01,8.645083932853717457e+00,-2.182254196642685884e-01,3.640287769784172678e+00
1.109610843660291613e+00,8.200212992545261037e-02,4.472843450479233041e-02,-1.064962726304579388e-01,8.755395683453237154e+00,-1.918465227817745811e-01,3.539568345323741205e+00
1.114566989818950526e+00,6.922257720979765883e-02,6.389776357827475772e-02,-1.160809371671991524e-01,8.848920863309352569e+00,-1.606714628297362113e-01,3.489208633093525247e+00
1.119523135977609662e+00,5.431309904153354406e-02,9.158679446219382403e-02,-1.235356762513312029e-01,8.870503597122302963e+00,-9.352517985611510931e-02,3.580335731414868050e+00
1.124479282136268576e+00,3.727369542066027996e-02,1.096911608093716767e-01,-1.235356762513312029e-01,8.839328537170263900e+00,-3.836930455635491344e-02,3.741007194244604150e+00
1.129435428294927490e+00,2.449414270500532495e-02,1.160809371671991524e-01,-1.171458998935037271e-01,8.846522781774579514e+00,-5.995203836930455832e-02,3.817745803357313950e+00
1.134391574453586404e+00,1.171458998935037341e-02,1.182108626198083018e-01,-1.118210862619808260e-01,8.841726618705035179e+00,-6.954436450839328321e-02,3.860911270983213406e+00
1.139347720612245540e+00,-1.064962726304579440e-03,1.182108626198083018e-01,-1.128860489882854146e-01,8.808153477218224836e+00,-7.673860911270982688e-02,3.872901678657074243e+00
1.144303866770904454e+00,-1.384451544195953142e-02,1.160809371671991524e-01,-1.096911608093716767e-01,8.812949640287769171e+00,-1.007194244604316530e-01,3.920863309352518034e+00
1.149260012929563368e+00,-2.236421725239616520e-02,1.128860489882854146e-01,-1.054313099041533502e-01,8.824940047961630896e+00,-1.438848920863309289e-01,3.952038369304556209e+00
1.154216159088222282e+00,-2.555910543130990309e-02,1.086261980830670881e-01,-1.011714589989350377e-01,8.877697841726618577e+00,-2.206235011990407557e-01,3.937649880095923205e+00
1.159172305246881418e+00,-2.023429179978700893e-02,1.118210862619808260e-01,-1.033013844515442009e-01,8.901678657074340251e+00,-2.949640287769784153e-01,3.971223021582733992e+00
1.164128451405540332e+00,-9.584664536741213658e-03,1.139510117145899892e-01,-1.064962726304579388e-01,8.868105515587529908e+00,-2.925659472422062479e-01,3.973621103117506159e+00
1.169084597564199246e+00,1.064962726304579440e-03,1.160809371671991524e-01,-1.064962726304579388e-01,8.829736211031175230e+00,-2.422062350119904006e-01,3.973621103117506159e+00
1.174040743722858160e+00,1.597444089456868943e-02,1.214057507987220397e-01,-1.043663471778487756e-01,8.796163069544364888e+00,-1.942446043165467762e-01,4.043165467625899012e+00
1.178996889881517296e+00,2.236421725239616520e-02,1.203407880724174650e-01,-1.022364217252396124e-01,8.827338129496402175e+00,-9.592326139088729053e-02,4.182254196642685606e+00
1.183953036040176210e+00,1.597444089456868943e-02,1.086261980830670881e-01,-1.011714589989350377e-01,8.748201438848921541e+00,4.556354916067146404e-02,4.314148681055155699e+00
1.188909182198835124e+00,1.064962726304579440e-03,7.987220447284344715e-02,-9.797657082002129980e-02,8.693045563549160804e+00,1.462829736211031240e-01,4.338129496402877372e+00
1.193865328357494038e+00,-1.597444089456868943e-02,4.579339723109691201e-02,-8.626198083067092293e-02,8.705035971223020752e+00,1.990407673860911386e-01,4.191846522781774276e+00
1.198821474516153174e+00,-4.153354632587859252e-02,2.768903088391906284e-02,-7.667731629392970927e-02,8.803357314148680501e+00,2.446043165467625957e-01,4.047961630695443347e+00
1.203777620674812088e+00,-6.922257720979765883e-02,1.597444089456868943e-02,-6.602768903088392094e-02,8.875299760191847298e+00,2.613908872901678504e-01,3.985611510791366996e+00
1.208733766833471002e+00,-9.904153354632587447e-02,8.519701810436635520e-03,-5.750798722044728195e-02,8.956834532374100988e+00,2.805755395683453002e-01,3.908872901678657197e+00
1.213689912992129916e+00,-1.320553780617678419e-01,3.194888178913737886e-03,-5.431309904153354406e-02,9.009592326139088669e+00,2.110311750599520308e-01,3.762589928057554101e+00
1.218646059150789052e+00,-1.597444089456868943e-01,2.129925452609158880e-03,-4.685835995740149362e-02,9.026378896882494729e+00,1.151079136690647542e-01,3.580335731414868050e+00
1.223602205309447966e+00,-1.799787007454738963e-01,1.171458998935037341e-02,-4.259850905218317413e-02,9.083932853717026745e+00,0.000000000000000000e+00,3.446043165467625791e+00
1.228558351468106880e+00,-1.938232161874334503e-01,3.407880724174654208e-02,-4.366347177848775574e-02,9.136690647482014427e+00,-5.035971223021582649e-02,3.352517985611510820e+00
1.233514497626765793e+00,-1.980830670926517489e-01,6.070287539936101984e-02,-4.685835995740149362e-02,9.187050359712230829e+00,-1.127098321342925591e-01,3.321342925659472201e+00
1.238470643785424929e+00,-2.034078807241746500e-01,8.839190628328008614e-02,-4.898828541001064990e-02,9.151079136690647431e+00,-1.438848920863309289e-01,3.393285371702638109e+00
1.243426789944083843e+00,-2.055378061767837994e-01,1.128860489882854146e-01,-5.005324813631523151e-02,9.086330935251798024e+00,-1.127098321342925591e-01,3.496402877697841749e+00
1.248382936102742757e+00,-2.012779552715655007e-01,1.309904153354632672e-01,-5.218317358892438779e-02,9.052757793764987682e+00,-1.366906474820143991e-01,3.585131894484412385e+00
1.253339082261401671e+00,-1.938232161874334503e-01,1.437699680511182188e-01,-5.324813631522896940e-02,9.052757793764987682e+00,-1.846522781774580235e-01,3.616306954436451004e+00
1.258295228420060807e+00,-1.863684771033013721e-01,1.533546325878594185e-01,-5.750798722044728195e-02,9.055155875299760737e+00,-1.438848920863309289e-01,3.712230215827338142e+00
1.263251374578719721e+00,-1.725239616613418459e-01,1.618743343982960714e-01,-6.283280085197018305e-02,9.035971223021583398e+00,-8.872901678657074687e-02,3.810551558752997447e+00
1.268207520737378635e+00,-1.618743343982960714e-01,1.629392971246006461e-01,-6.496272630457934627e-02,8.995203836930455665e+00,-2.877697841726618855e-02,3.925659472422062368e+00
1.273163666896037549e+00,-1.458998935037273681e-01,1.640042598509052207e-01,-6.176783812566560145e-02,8.976019184652278327e+00,5.275779376498800771e-02,3.940047961630695372e+00
1.278119813054696463e+00,-1.341853035143769912e-01,1.629392971246006461e-01,-5.750798722044728195e-02,8.983213429256593940e+00,3.597122302158273222e-02,3.983213429256594829e+00
1.283075959213355599e+00,-1.214057507987220397e-01,1.608093716719914690e-01,-5.644302449414270728e-02,8.992805755395682610e+00,5.035971223021582649e-02,4.086330935251798913e+00
1.288032105372014513e+00,-1.139510117145899892e-01,1.554845580404685956e-01,-5.644302449414270728e-02,8.973621103117505271e+00,9.832134292565947176e-02,4.199040767386090778e+00
1.292988251530673427e+00,-1.033013844515442009e-01,1.373801916932907430e-01,-5.218317358892438779e-02,8.954436450839327932e+00,1.079136690647481966e-01,4.225419664268585507e+00
1.297944397689332341e+00,-9.158679446219382403e-02,1.235356762513312029e-01,-4.472843450479233041e-02,8.983213429256593940e+00,9.352517985611510931e-02,4.165467625899280435e+00
1.302900543847991477e+00,-8.306709265175718504e-02,1.160809371671991524e-01,-4.259850905218317413e-02,9.050359712230216402e+00,2.158273381294964141e-02,4.103117505995204084e+00
1.307856690006650391e+00,-7.454739084132055993e-02,1.139510117145899892e-01,-4.472843450479233041e-02,9.074340527577938076e+00,-9.592326139088728360e-03,4.067146282973620686e+00
1.312812836165309305e+00,-6.176783812566560145e-02,1.118210862619808260e-01,-4.898828541001064990e-02,9.059952038369305072e+00,-6.474820143884892076e-02,4.103117505995204084e+00
1.317768982323968219e+00,-4.898828541001064990e-02,1.118210862619808260e-01,-5.644302449414270728e-02,9.045563549160672068e+00,-7.673860911270982688e-02,4.131894484412470092e+00
1.322725128482627355e+00,-3.833865814696485463e-02,1.118210862619808260e-01,-6.496272630457934627e-02,8.973621103117505271e+00,-4.796163069544364527e-02,4.170263788968824770e+00
1.327681274641286269e+00,-3.514376996805111675e-02,1.064962726304579388e-01,-7.454739084132055993e-02,8.916067146282973255e+00,2.877697841726618855e-02,4.237410071942446343e+00
1.332637420799945183e+00,-3.620873269435569836e-02,9.265175718849839870e-02,-8.732694355697551147e-02,8.892086330935251581e+00,5.515587529976018893e-02,4.335731414868105205e+00
1.337593566958604097e+00,-3.833865814696485463e-02,7.135250266240682204e-02,-9.478168264110756192e-02,8.860911270983214294e+00,8.872901678657074687e-02,4.419664268585131950e+00
1.342549713117263233e+00,-3.833865814696485463e-02,4.579339723109691201e-02,-1.022364217252396124e-01,8.880095923261391633e+00,7.913669064748200810e-02,4.318944844124700033e+00
1.347505859275922147e+00,-4.792332268370606829e-02,2.342917997870074681e-02,-1.107561235356762513e-01,8.920863309352517589e+00,1.007194244604316530e-01,4.247002398081535013e+00
1.352462005434581060e+00,-5.111821086261980618e-02,1.064962726304579353e-02,-1.160809371671991524e-01,8.949640287769783598e+00,1.798561151079136611e-01,4.215827338129496837e+00
1.357418151593239974e+00,-5.218317358892438779e-02,2.129925452609158880e-03,-1.182108626198083018e-01,8.968824940047960936e+00,2.374100719424460382e-01,4.177458033573141272e+00
1.362374297751899110e+00,-5.431309904153354406e-02,-8.519701810436635520e-03,-1.118210862619808260e-01,8.992805755395682610e+00,1.990407673860911386e-01,4.098321342925659749e+00
1.367330443910558024e+00,-5.537806176783812567e-02,-1.703940362087327104e-02,-1.096911608093716767e-01,9.045563549160672068e+00,1.582733812949640162e-01,4.000000000000000000e+00
1.372286590069216938e+00,-5.750798722044728195e-02,-2.236421725239616520e-02,-1.128860489882854146e-01,9.098321342925659749e+00,1.630695443645084064e-01,3.964028776978417046e+00
1.377242736227875852e+00,-5.537806176783812567e-02,-1.916932907348242732e-02,-1.150159744408945639e-01,9.079136690647482411e+00,1.726618705035971313e-01,3.882494004796162912e+00
1.382198882386534988e+00,-5.537806176783812567e-02,-1.810436634717784918e-02,-1.128860489882854146e-01,9.083932853717026745e+00,1.414868105515587615e-01,3.815347721822541782e+00
1.387155028545193902e+00,-5.324813631522896940e-02,-9.584664536741213658e-03,-1.118210862619808260e-01,9.107913669064748419e+00,9.592326139088729053e-02,3.729016786570743314e+00
1.392111174703852816e+00,-5.537806176783812567e-02,3.194888178913737886e-03,-1.182108626198083018e-01,9.131894484412470092e+00,8.153477218225420320e-02,3.712230215827338142e+00
1.397067320862511730e+00,-5.963791267305644517e-02,1.171458998935037341e-02,-1.267305644302449408e-01,9.100719424460431028e+00,1.151079136690647542e-01,3.714628297362110310e+00
1.402023467021170866e+00,-6.389776357827475772e-02,1.490947816826411129e-02,-1.288604898828540901e-01,9.071942446043165020e+00,1.678657074340527688e-01,3.724220623501198979e+00
1.406979613179829780e+00,-7.241746538871139671e-02,2.342917997870074681e-02,-1.299254526091586925e-01,9.079136690647482411e+00,2.038369304556355011e-01,3.697841726618705138e+00
1.411935759338488694e+00,-8.306709265175718504e-02,3.407880724174654208e-02,-1.320553780617678419e-01,9.052757793764987682e+00,2.182254196642685884e-01,3.657074340527577849e+00
1.416891905497147608e+00,-9.691160809371672513e-02,4.366347177848775574e-02,-1.363152289669861683e-01,9.045563549160672068e+00,2.613908872901678504e-01,3.731414868105515481e+00
1.421848051655806744e+00,-1.086261980830670881e-01,5.111821086261980618e-02,-1.341853035143769912e-01,9.064748201438849406e+00,2.949640287769784153e-01,3.798561151079136611e+00
1.426804197814465658e+00,-1.182108626198083018e-01,5.644302449414270728e-02,-1.331203407880724165e-01,9.050359712230216402e+00,3.189448441247002553e-01,3.822541966426858728e+00
1.431760343973124572e+00,-1.277955271565495154e-01,6.496272630457934627e-02,-1.320553780617678419e-01,9.031175059952039064e+00,3.836930455635491621e-01,3.925659472422062368e+00
1.436716490131783486e+00,-1.363152289669861683e-01,6.815761448349308416e-02,-1.203407880724174650e-01,8.997601918465226944e+00,4.796163069544364665e-01,4.064748201438848518e+00
1.441672636290442400e+00,-1.448349307774227934e-01,5.857294994675186356e-02,-1.075612353567625135e-01,8.968824940047960936e+00,5.419664268585131506e-01,4.172661870503596937e+00
1.446628782449101536e+00,-1.533546325878594185e-01,4.259850905218317413e-02,-9.265175718849839870e-02,8.983213429256593940e+00,4.940047961630695261e-01,4.122302158273381423e+00
1.451584928607760450e+00,-1.608093716719914690e-01,3.194888178913737886e-02,-8.413205537806177359e-02,9.038369304556354678e+00,4.244604316546762846e-01,4.055155875299759849e+00
1.456541074766419364e+00,-1.735889243876464205e-01,2.555910543130990309e-02,-7.667731629392970927e-02,9.086330935251798024e+00,4.028776978417266119e-01,4.002398081534772167e+00
1.461497220925078278e+00,-1.778487752928647470e-01,2.236421725239616520e-02,-7.241746538871139671e-02,9.067146282973620686e+00,3.669064748201438797e-01,3.968824940047961825e+00
1.466453367083737414e+00,-1.799787007454738963e-01,2.236421725239616520e-02,-6.709265175718849561e-02,9.117505995203837088e+00,2.781774580335731328e-01,3.959232613908872711e+00
1.471409513242396327e+00,-1.714589989350372712e-01,2.449414270500532495e-02,-6.709265175718849561e-02,9.153477218225420486e+00,1.798561151079136611e-01,3.904076738609112862e+00
1.476365659401055241e+00,-1.597444089456868943e-01,2.768903088391906284e-02,-6.709265175718849561e-02,9.165467625899280435e+00,9.352517985611510931e-02,3.841726618705036067e+00
1.481321805559714155e+00,-1.458998935037273681e-01,3.301384451544196047e-02,-7.241746538871139671e-02,9.163069544364509156e+00,8.633093525179856564e-02,3.757793764988009766e+00
1.486277951718373291e+00,-1.277955271565495154e-01,4.579339723109691201e-02,-7.774227902023429781e-02,9.134292565947241371e+00,8.393285371702638442e-02,3.702637889688249473e+00
1.491234097877032205e+00,-1.086261980830670881e-01,6.176783812566560145e-02,-8.413205537806177359e-02,9.167865707434053490e+00,9.832134292565947176e-02,3.781774580335731439e+00
1.496190244035691119e+00,-8.732694355697551147e-02,7.454739084132055993e-02,-8.306709265175718504e-02,9.148681055155876152e+00,1.366906474820143991e-01,3.894484412470024193e+00
1.501146390194350033e+00,-6.602768903088392094e-02,8.093716719914803570e-02,-8.413205537806177359e-02,9.115107913669064033e+00,1.390887290167865664e-01,3.949640287769784042e+00
1.506102536353009169e+00,-4.792332268370606829e-02,8.093716719914803570e-02,-8.413205537806177359e-02,9.062350119904076351e+00,1.942446043165467762e-01,3.976019184652278327e+00
1.511058682511668083e+00,-3.514376996805111675e-02,7.987220447284344715e-02,-8.413205537806177359e-02,9.047961630695443347e+00,2.661870503597122406e-01,4.026378896882493841e+00
1.516014828670326997e+00,-3.194888178913737886e-02,8.306709265175718504e-02,-8.839190628328008614e-02,9.047961630695443347e+00,3.357314148681055377e-01,4.151079136690647431e+00
1.520970974828985911e+00,-3.620873269435569836e-02,7.667731629392970927e-02,-8.519701810436634826e-02,9.026378896882494729e+00,3.788968824940047719e-01,4.318944844124700033e+00
1.525927120987645047e+00,-4.366347177848775574e-02,6.283280085197018305e-02,-8.200212992545261037e-02,9.019184652278177339e+00,4.508393285371702364e-01,4.376498800959232938e+00
1.530883267146303961e+00,-5.218317358892438779e-02,4.153354632587859252e-02,-7.987220447284344715e-02,8.985611510791366996e+00,4.412470023980815115e-01,4.357314148681055599e+00
1.535839413304962875e+00,-6.070287539936101984e-02,2.023429179978700893e-02,-8.093716719914803570e-02,8.964028776978416602e+00,4.436450839328537343e-01,4.381294964028777272e+00
1.540795559463621789e+00,-6.815761448349308416e-02,2.129925452609158880e-03,-7.667731629392970927e-02,9.002398081534773056e+00,4.604316546762590168e-01,4.434052757793764954e+00
1.545751705622280925e+00,-7.241746538871139671e-02,-1.277955271565495154e-02,-6.815761448349308416e-02,9.002398081534773056e+00,4.316546762589927866e-01,4.419664268585131950e+00
1.550707851780939839e+00,-7.667731629392970927e-02,-3.088391906283280072e-02,-6.070287539936101984e-02,9.002398081534773056e+00,4.124700239808153368e-01,4.340527577937649539e+00
1.555663997939598753e+00,-8.200212992545261037e-02,-5.005324813631523151e-02,-5.111821086261980618e-02,9.002398081534773056e+00,4.268585131894484519e-01,4.299760191846522694e+00
1.560620144098257667e+00,-8.200212992545261037e-02,-6.070287539936101984e-02,-4.685835995740149362e-02,9.000000000000000000e+00,4.268585131894484519e-01,4.182254196642685606e+00
1.565576290256916803e+00,-8.093716719914803570e-02,-7.028753993610223350e-02,-3.833865814696485463e-02,9.007194244604317390e+00,4.292565947242206192e-01,4.033573141486810343e+00
1.570532436415575717e+00,-7.987220447284344715e-02,-6.922257720979765883e-02,-2.981895633652822258e-02,9.091127098321342359e+00,3.836930455635491621e-01,3.920863309352518034e+00
1.575488582574234631e+00,-7.667731629392970927e-02,-6.176783812566560145e-02,-2.662406815761448470e-02,9.153477218225420486e+00,3.597122302158273222e-01,3.892086330935251581e+00
1.580444728732893545e+00,-7.454739084132055993e-02,-5.111821086261980618e-02,-2.129925452609158706e-02,9.134292565947241371e+00,3.501199040767385973e-01,3.863309352517985573e+00
1.585400874891552681e+00,-6.922257720979765883e-02,-4.472843450479233041e-02,-1.490947816826411129e-02,9.115107913669064033e+00,3.525179856115107646e-01,3.868105515587529908e+00
1.590357021050211594e+00,-6.602768903088392094e-02,-4.046858359957401785e-02,-9.584664536741213658e-03,9.059952038369305072e+00,3.381294964028777050e-01,3.856115107913669071e+00
1.595313167208870508e+00,-6.815761448349308416e-02,-3.301384451544196047e-02,-8.519701810436635520e-03,9.043165467625899012e+00,3.477218225419664299e-01,3.877697841726618577e+00
1.600269313367529422e+00,-7.028753993610223350e-02,-2.981895633652822258e-02,-6.389776357827475772e-03,9.050359712230216402e+00,3.764988009592326046e-01,3.930455635491606703e+00
1.605225459526188336e+00,-7.561235356762513460e-02,-3.301384451544196047e-02,-3.194888178913737886e-03,9.014388489208633004e+00,4.076738609112710021e-01,3.928057553956834536e+00
1.610181605684847472e+00,-8.413205537806177359e-02,-3.727369542066027996e-02,-5.324813631522896766e-03,8.997601918465226944e+00,4.268585131894484519e-01,3.942446043165467540e+00
1.615137751843506386e+00,-9.371671991480298725e-02,-3.940362087326943624e-02,-1.064962726304579440e-03,8.959232613908872267e+00,4.292565947242206192e-01,3.887290167865707247e+00
1.620093898002165300e+00,-1.043663471778487756e-01,-4.046858359957401785e-02,4.259850905218317760e-03,8.935251798561150594e+00,3.836930455635491621e-01,3.920863309352518034e+00
1.625050044160824214e+00,-1.128860489882854146e-01,-3.833865814696485463e-02,5.324813631522896766e-03,8.976019184652278327e+00,3.309352517985611475e-01,3.961630695443644878e+00
1.630006190319483350e+00,-1.150159744408945639e-01,-4.366347177848775574e-02,3.194888178913737886e-03,8.949640287769783598e+00,2.589928057553956831e-01,3.947242206235011874e+00
1.634962336478142264e+00,-1.139510117145899892e-01,-4.792332268370606829e-02,-2.129925452609158880e-03,8.956834532374100988e+00,2.158273381294963933e-01,3.892086330935251581e+00
1.639918482636801178e+00,-1.064962726304579388e-01,-4.366347177848775574e-02,-5.324813631522896766e-03,8.947242206235012318e+00,2.086330935251798635e-01,3.832134292565947398e+00
1.644874628795460092e+00,-9.584664536741213658e-02,-3.407880724174654208e-02,-8.519701810436635520e-03,8.947242206235012318e+00,2.302158273381295084e-01,3.827338129496403063e+00
1.649830774954119228e+00,-8.093716719914803570e-02,-2.662406815761448470e-02,-6.389776357827475772e-03,8.976019184652278327e+00,1.918465227817745811e-01,3.829736211031175230e+00
1.654786921112778142e+00,-6.496272630457934627e-02,-2.129925452609158706e-02,-4.259850905218317760e-03,8.980815347721822661e+00,1.774580335731414937e-01,3.882494004796162912e+00
1.659743067271437056e+00,-5.111821086261980618e-02,-2.236421725239616520e-02,-5.324813631522896766e-03,8.966426858513189657e+00,1.726618705035971313e-01,3.932853717026378870e+00
1.664699213430095970e+00,-3.727369542066027996e-02,-1.916932907348242732e-02,-7.454739084132055646e-03,8.959232613908872267e+00,2.182254196642685884e-01,3.949640287769784042e+00
1.669655359588755106e+00,-2.662406815761448470e-02,-1.810436634717784918e-02,-1.064962726304579353e-02,8.935251798561150594e+00,2.541966426858512929e-01,3.956834532374100544e+00
1.674611505747414020e+00,-2.129925452609158706e-02,-2.023429179978700893e-02,-1.384451544195953142e-02,8.877697841726618577e+00,3.117505995203836977e-01,3.985611510791366996e+00
1.679567651906072934e+00,-1.916932907348242732e-02,-2.768903088391906284e-02,-1.384451544195953142e-02,8.865707434052758629e+00,3.645083932853717124e-01,4.019184652278177339e+00
1.684523798064731848e+00,-2.129925452609158706e-02,-3.727369542066027996e-02,-1.384451544195953142e-02,8.865707434052758629e+00,3.908872901678657197e-01,4.026378896882493841e+00
1.689479944223390984e+00,-2.768903088391906284e-02,-5.111821086261980618e-02,-1.490947816826411129e-02,8.853717026378896904e+00,3.717026378896882699e-01,3.966426858513189657e+00
1.694436090382049898e+00,-2.981895633652822258e-02,-6.176783812566560145e-02,-1.490947816826411129e-02,8.870503597122302963e+00,3.261390887290168128e-01,3.899280575539568527e+00
1.699392236540708812e+00,-3.194888178913737886e-02,-6.602768903088392094e-02,-1.490947816826411129e-02,8.935251798561150594e+00,2.997601918465228055e-01,3.827338129496403063e+00
1.704348382699367725e+00,-3.407880724174654208e-02,-6.496272630457934627e-02,-1.490947816826411129e-02,8.990407673860911331e+00,2.517985611510791255e-01,3.709832134292565975e+00
1.709304528858026861e+00,-2.981895633652822258e-02,-5.324813631522896940e-02,-1.703940362087327104e-02,9.019184652278177339e+00,2.086330935251798635e-01,3.625899280575539674e+00
1.714260675016685775e+00,-2.555910543130990309e-02,-3.940362087326943624e-02,-1.703940362087327104e-02,9.021582733812950394e+00,1.870503597122302186e-01,3.582733812949640217e+00
1.719216821175344689e+00,-1.810436634717784918e-02,-2.236421725239616520e-02,-1.810436634717784918e-02,9.007194244604317390e+00,1.510791366906474864e-01,3.592326139088728887e+00
1.724172967334003603e+00,-1.064962726304579353e-02,-5.324813631522896766e-03,-2.129925452609158706e-02,8.949640287769783598e+00,1.798561151079136611e-01,3.647482014388489180e+00
1.729129113492662739e+00,-5.324813631522896766e-03,5.324813631522896766e-03,-2.449414270500532495e-02,8.920863309352517589e+00,1.918465227817745811e-01,3.731414868105515481e+00
1.734085259651321653e+00,-6.389776357827475772e-03,7.454739084132055646e-03,-2.875399361022364098e-02,8.916067146282973255e+00,2.086330935251798635e-01,3.755395683453237599e+00
1.739041405809980567e+00,-9.584664536741213658e-03,5.324813631522896766e-03,-3.194888178913737886e-02,8.947242206235012318e+00,2.398081534772182333e-01,3.719424460431654644e+00
1.743997551968639481e+00,-1.597444089456868943e-02,9.584664536741213658e-03,-4.046858359957401785e-02,8.930455635491606259e+00,2.997601918465228055e-01,3.712230215827338142e+00
1.748953698127298395e+00,-2.768903088391906284e-02,1.916932907348242732e-02,-4.792332268370606829e-02,8.882494004796162912e+00,3.932853717026378870e-01,3.827338129496403063e+00
1.753909844285957531e+00,-3.940362087326943624e-02,2.129925452609158706e-02,-5.005324813631523151e-02,8.829736211031175230e+00,4.508393285371702364e-01,3.952038369304556209e+00
1.758865990444616445e+00,-5.111821086261980618e-02,1.597444089456868943e-02,-4.366347177848775574e-02,8.786570743405276218e+00,4.244604316546762846e-01,4.000000000000000000e+00
1.763822136603275359e+00,-6.283280085197018305e-02,5.324813631522896766e-03,-4.259850905218317413e-02,8.832134292565946510e+00,3.956834532374100544e-01,4.002398081534772167e+00
1.768778282761934273e+00,-7.454739084132055993e-02,-2.129925452609158880e-03,-4.579339723109691201e-02,8.820143884892086561e+00,3.980815347721822772e-01,4.031175059952038175e+00
1.773734428920593409e+00,-8.306709265175718504e-02,-1.064962726304579353e-02,-4.472843450479233041e-02,8.741007194244604150e+00,4.244604316546762846e-01,4.050359712230215514e+00
1.778690575079252323e+00,-8.945686900958466081e-02,-1.916932907348242732e-02,-4.153354632587859252e-02,8.700239808153476417e+00,4.316546762589927866e-01,4.023980815347721673e+00
1.783646721237911237e+00,-9.158679446219382403e-02,-3.088391906283280072e-02,-3.727369542066027996e-02,8.743405275779377206e+00,3.860911270983213295e-01,3.954436450839328376e+00
1.788602867396570151e+00,-9.265175718849839870e-02,-3.833865814696485463e-02,-3.407880724174654208e-02,8.784172661870503163e+00,3.213429256594724226e-01,3.834532374100719565e+00
1.793559013555229287e+00,-9.371671991480298725e-02,-4.153354632587859252e-02,-3.833865814696485463e-02,8.834532374100719565e+00,2.877697841726618577e-01,3.721822541966426812e+00
1.798515159713888201e+00,-9.371671991480298725e-02,-3.620873269435569836e-02,-4.259850905218317413e-02,8.882494004796162912e+00,2.685851318944844079e-01,3.606714628297361891e+00
1.803471305872547115e+00,-8.839190628328008614e-02,-2.449414270500532495e-02,-5.005324813631523151e-02,8.952038369304556653e+00,2.350119904076738708e-01,3.501199040767386084e+00
1.808427452031206029e+00,-8.519701810436634826e-02,-6.389776357827475772e-03,-5.324813631522896940e-02,9.009592326139088669e+00,2.326139088729016757e-01,3.503597122302158251e+00
1.813383598189865165e+00,-7.987220447284344715e-02,1.490947816826411129e-02,-5.963791267305644517e-02,9.031175059952039064e+00,2.565947242206235157e-01,3.510791366906474753e+00
1.818339744348524079e+00,-7.987220447284344715e-02,3.407880724174654208e-02,-7.028753993610223350e-02,8.956834532374100988e+00,3.237410071942445899e-01,3.618705035971223172e+00
1.823295890507182992e+00,-7.880724174653887248e-02,4.366347177848775574e-02,-6.922257720979765883e-02,8.882494004796162912e+00,3.501199040767385973e-01,3.738609112709831983e+00
1.828252036665841906e+00,-7.667731629392970927e-02,4.472843450479233041e-02,-6.602768903088392094e-02,8.875299760191847298e+00,3.453237410071942626e-01,3.793764988009592276e+00
1.833208182824501042e+00,-7.348242811501597138e-02,4.259850905218317413e-02,-6.815761448349308416e-02,8.865707434052758629e+00,3.093525179856115304e-01,3.844124700239808234e+00
1.838164328983159956e+00,-6.709265175718849561e-02,4.153354632587859252e-02,-7.348242811501597138e-02,8.829736211031175230e+00,3.261390887290168128e-01,3.911270983213429364e+00
1.843120475141818870e+00,-5.750798722044728195e-02,3.940362087326943624e-02,-7.241746538871139671e-02,8.800959232613909222e+00,3.597122302158273222e-01,3.992805755395683498e+00
1.848076621300477784e+00,-4.472843450479233041e-02,2.981895633652822258e-02,-6.602768903088392094e-02,8.810551558752997892e+00,3.741007194244604372e-01,3.976019184652278327e+00
1.853032767459136920e+00,-2.768903088391906284e-02,2.129925452609158706e-02,-5.963791267305644517e-02,8.858513189448441238e+00,3.549160671462829875e-01,3.894484412470024193e+00
1.857988913617795834e+00,-9.584664536741213658e-03,2.129925452609158706e-02,-5.750798722044728195e-02,8.892086330935251581e+00,3.309352517985611475e-01,3.844124700239808234e+00
1.862945059776454748e+00,3.194888178913737886e-03,2.129925452609158706e-02,-5.750798722044728195e-02,8.904076738609113306e+00,3.141486810551558650e-01,3.800959232613908778e+00
1.867901205935113662e+00,1.277955271565495154e-02,2.129925452609158706e-02,-5.750798722044728195e-02,8.913669064748201976e+00,3.333333333333333148e-01,3.786570743405275774e+00
1.872857352093772798e+00,2.236421725239616520e-02,2.342917997870074681e-02,-6.176783812566560145e-02,8.940047961630694928e+00,3.333333333333333148e-01,3.676258992805755188e+00
1.877813498252431712e+00,2.875399361022364098e-02,2.768903088391906284e-02,-6.389776357827475772e-02,8.968824940047960936e+00,3.333333333333333148e-01,3.601918465227817556e+00
1.882769644411090626e+00,3.407880724174654208e-02,3.620873269435569836e-02,-7.135250266240682204e-02,8.985611510791366996e+00,4.052757793764987793e-01,3.637889688249400511e+00
1.887725790569749540e+00,3.727369542066027996e-02,4.472843450479233041e-02,-7.348242811501597138e-02,8.966426858513189657e+00,4.796163069544364665e-01,3.697841726618705138e+00
1.892681936728408676e+00,3.727369542066027996e-02,4.792332268370606829e-02,-6.709265175718849561e-02,8.937649880095923649e+00,4.940047961630695261e-01,3.736211031175059816e+00
1.897638082887067590e+00,3.514376996805111675e-02,5.111821086261980618e-02,-6.070287539936101984e-02,8.980815347721822661e+00,4.604316546762590168e-01,3.750599520383693264e+00
1.902594229045726504e+00,2.981895633652822258e-02,5.537806176783812567e-02,-5.750798722044728195e-02,8.985611510791366996e+00,4.796163069544364665e-01,3.762589928057554101e+00
1.907550375204385418e+00,2.236421725239616520e-02,5.431309904153354406e-02,-5.750798722044728195e-02,9.019184652278177339e+00,5.347721822541966485e-01,3.824940047961630896e+00
1.912506521363044332e+00,1.597444089456868943e-02,5.431309904153354406e-02,-5.218317358892438779e-02,9.009592326139088669e+00,5.947242206235011652e-01,3.848920863309352569e+00
1.917462667521703468e+00,1.277955271565495154e-02,5.324813631522896940e-02,-3.833865814696485463e-02,9.055155875299760737e+00,5.923261390887289979e-01,3.844124700239808234e+00
1.922418813680362382e+00,9.584664536741213658e-03,5.963791267305644517e-02,-2.129925452609158706e-02,9.127098321342925757e+00,5.851318944844124958e-01,3.846522781774580402e+00
1.927374959839021296e+00,8.519701810436635520e-03,6.815761448349308416e-02,-8.519701810436635520e-03,9.143884892086331817e+00,5.995203836930456109e-01,3.853717026378896904e+00
1.932331105997680210e+00,5.324813631522896766e-03,7.348242811501597138e-02,3.194888178913737886e-03,9.119904076738608367e+00,6.067146282973621130e-01,3.863309352517985573e+00
1.937287252156339346e+00,-2.129925452609158880e-03,7.241746538871139671e-02,1.916932907348242732e-02,9.067146282973620686e+00,6.474820143884891799e-01,3.894484412470024193e+00
1.942243398314998259e+00,-1.384451544195953142e-02,7.348242811501597138e-02,3.620873269435569836e-02,9.043165467625899012e+00,5.683453237410072134e-01,3.887290167865707247e+00
1.947199544473657173e+00,-2.875399361022364098e-02,7.135250266240682204e-02,4.685835995740149362e-02,9.055155875299760737e+00,4.844124700239808012e-01,3.884892086330935079e+00
1.952155690632316087e+00,-4.579339723109691201e-02,6.709265175718849561e-02,4.792332268370606829e-02,9.074340527577938076e+00,4.028776978417266119e-01,3.875299760191846410e+00
1.957111836790975223e+00,-6.283280085197018305e-02,6.070287539936101984e-02,4.685835995740149362e-02,9.047961630695443347e+00,3.932853717026378870e-01,3.880095923261390745e+00
1.962067982949634137e+00,-7.454739084132055993e-02,5.431309904153354406e-02,4.792332268370606829e-02,9.059952038369305072e+00,3.741007194244604372e-01,3.829736211031175230e+00
1.967024129108293051e+00,-8.413205537806177359e-02,5.750798722044728195e-02,5.324813631522896940e-02,9.095923261390886694e+00,3.477218225419664299e-01,3.803357314148680945e+00
1.971980275266951965e+00,-9.158679446219382403e-02,6.389776357827475772e-02,6.070287539936101984e-02,9.127098321342925757e+00,2.877697841726618577e-01,3.834532374100719565e+00
1.976936421425611101e+00,-9.052183173588924936e-02,7.028753993610223350e-02,6.709265175718849561e-02,9.136690647482014427e+00,2.422062350119904006e-01,3.851318944844124736e+00
1.981892567584270015e+00,-9.265175718849839870e-02,7.454739084132055993e-02,7.241746538871139671e-02,9.134292565947241371e+00,2.470023980815347631e-01,3.868105515587529908e+00
1.986848713742928929e+00,-9.797657082002129980e-02,7.667731629392970927e-02,7.454739084132055993e-02,9.141486810551558762e+00,2.038369304556355011e-01,3.935251798561151038e+00
1.991804859901587843e+00,-1.064962726304579388e-01,7.561235356762513460e-02,7.028753993610223350e-02,9.115107913669064033e+00,1.942446043165467762e-01,3.952038369304556209e+00
1.996761006060246979e+00,-1.182108626198083018e-01,7.028753993610223350e-02,6.496272630457934627e-02,9.112709832134292753e+00,1.966426858513189435e-01,4.021582733812949506e+00
2.001717152218906115e+00,-1.267305644302449408e-01,6.070287539936101984e-02,5.963791267305644517e-02,9.105515587529975363e+00,1.774580335731414937e-01,4.143884892086330929e+00
2.006673298377565029e+00,-1.277955271565495154e-01,5.005324813631523151e-02,5.537806176783812567e-02,9.148681055155876152e+00,9.832134292565947176e-02,4.127098321342925757e+00
2.011629444536223943e+00,-1.277955271565495154e-01,3.514376996805111675e-02,4.898828541001064990e-02,9.170263788968824770e+00,2.398081534772182090e-03,4.119904076738609255e+00
2.016585590694882857e+00,-1.267305644302449408e-01,2.555910543130990309e-02,4.046858359957401785e-02,9.158273381294964821e+00,-9.592326139088728360e-03,4.107913669064748419e+00
2.021541736853541771e+00,-1.203407880724174650e-01,1.384451544195953142e-02,3.301384451544196047e-02,9.139088729016785706e+00,-3.597122302158273222e-02,4.129496402877697925e+00
2.026497883012201129e+00,-1.171458998935037271e-01,1.064962726304579440e-03,2.662406815761448470e-02,9.131894484412470092e+00,-2.158273381294964141e-02,4.158273381294963933e+00
2.031454029170860043e+00,-1.096911608093716767e-01,-1.171458998935037341e-02,1.916932907348242732e-02,9.151079136690647431e+00,-7.194244604316546443e-02,4.091127098321343247e+00
2.036410175329518957e+00,-1.043663471778487756e-01,-2.236421725239616520e-02,6.389776357827475772e-03,9.136690647482014427e+00,-1.031175059952038342e-01,4.043165467625899012e+00
2.041366321488177871e+00,-9.904153354632587447e-02,-3.088391906283280072e-02,-3.194888178913737886e-03,9.115107913669064033e+00,-5.035971223021582649e-02,3.988009592326139163e+00
2.046322467646836785e+00,-9.691160809371672513e-02,-4.046858359957401785e-02,-1.277955271565495154e-02,9.143884892086331817e+00,-1.918465227817745672e-02,3.940047961630695372e+00
2.051278613805495699e+00,-9.052183173588924936e-02,-4.153354632587859252e-02,-1.810436634717784918e-02,9.165467625899280435e+00,-4.076738609112710160e-02,3.841726618705036067e+00
2.056234759964154613e+00,-9.052183173588924936e-02,-3.514376996805111675e-02,-2.449414270500532495e-02,9.187050359712230829e+00,-4.316546762589928282e-02,3.829736211031175230e+00
2.061190906122813526e+00,-9.265175718849839870e-02,-3.194888178913737886e-02,-3.407880724174654208e-02,9.172661870503597825e+00,-2.398081534772182090e-03,3.815347721822541782e+00
2.066147052281472440e+00,-9.265175718849839870e-02,-2.981895633652822258e-02,-4.153354632587859252e-02,9.155875299760191766e+00,3.597122302158273222e-02,3.815347721822541782e+00
2.071103198440131798e+00,-9.158679446219382403e-02,-2.768903088391906284e-02,-4.259850905218317413e-02,9.155875299760191766e+00,4.556354916067146404e-02,3.810551558752997447e+00
2.076059344598790712e+00,-8.519701810436634826e-02,-2.236421725239616520e-02,-4.366347177848775574e-02,9.211031175059952503e+00,5.755395683453237710e-02,3.762589928057554101e+00
2.081015490757449626e+00,-7.667731629392970927e-02,-1.597444089456868943e-02,-4.579339723109691201e-02,9.237410071942445455e+00,1.918465227817745672e-02,3.743405275779376318e+00
2.085971636916108540e+00,-6.709265175718849561e-02,-3.194888178913737886e-03,-4.792332268370606829e-02,9.225419664268585507e+00,5.035971223021582649e-02,3.767386091127098435e+00
2.090927783074767454e+00,-5.963791267305644517e-02,1.171458998935037341e-02,-4.898828541001064990e-02,9.184652278177457774e+00,1.031175059952038342e-01,3.875299760191846410e+00
2.095883929233426368e+00,-5.537806176783812567e-02,1.916932907348242732e-02,-4.898828541001064990e-02,9.136690647482014427e+00,1.654676258992805737e-01,3.995203836930455665e+00
2.100840075392085282e+00,-5.537806176783812567e-02,1.597444089456868943e-02,-4.685835995740149362e-02,9.098321342925659749e+00,1.822541966426858562e-01,4.069544364508392853e+00
2.105796221550744196e+00,-6.070287539936101984e-02,3.194888178913737886e-03,-4.366347177848775574e-02,9.088729016786571080e+00,1.702637889688249362e-01,4.064748201438848518e+00
2.110752367709403554e+00,-7.241746538871139671e-02,-8.519701810436635520e-03,-4.792332268370606829e-02,9.059952038369305072e+00,2.062350119904076684e-01,4.023980815347721673e+00
2.115708513868062468e+00,-8.732694355697551147e-02,-1.810436634717784918e-02,-4.685835995740149362e-02,9.057553956834532016e+00,2.422062350119904006e-01,4.038369304556354678e+00
2.120664660026721382e+00,-1.033013844515442009e-01,-2.449414270500532495e-02,-4.685835995740149362e-02,9.088729016786571080e+00,2.254196642685851182e-01,4.021582733812949506e+00
2.125620806185380296e+00,-1.182108626198083018e-01,-2.981895633652822258e-02,-5.005324813631523151e-02,9.091127098321342359e+00,2.038369304556355011e-01,3.964028776978417046e+00
2.130576952344039210e+00,-1.341853035143769912e-01,-2.875399361022364098e-02,-5.111821086261980618e-02,9.069544364508393741e+00,1.990407673860911386e-01,3.961630695443644878e+00
2.135533098502698124e+00,-1.469648562300319428e-01,-2.662406815761448470e-02,-5.218317358892438779e-02,9.059952038369305072e+00,1.870503597122302186e-01,3.918465227817745866e+00
2.140489244661357038e+00,-1.522896698615548439e-01,-2.449414270500532495e-02,-5.005324813631523151e-02,9.074340527577938076e+00,1.462829736211031240e-01,3.851318944844124736e+00
2.145445390820015952e+00,-1.554845580404685956e-01,-2.236421725239616520e-02,-4.898828541001064990e-02,9.100719424460431028e+00,7.194244604316546443e-02,3.784172661870503607e+00
2.150401536978675310e+00,-1.533546325878594185e-01,-1.490947816826411129e-02,-5.324813631522896940e-02,9.115107913669064033e+00,9.112709832134292809e-02,3.729016786570743314e+00
2.155357683137334224e+00,-1.522896698615548439e-01,-3.194888178913737886e-03,-5.963791267305644517e-02,9.002398081534773056e+00,8.872901678657074687e-02,3.767386091127098435e+00
2.160313829295993138e+00,-1.490947816826411199e-01,4.259850905218317760e-03,-6.283280085197018305e-02,8.990407673860911331e+00,6.714628297362110199e-02,3.856115107913669071e+00
2.165269975454652052e+00,-1.416400425985090417e-01,5.324813631522896766e-03,-6.496272630457934627e-02,9.064748201438849406e+00,2.637889688249400386e-02,3.870503597122302075e+00
2.170226121613310966e+00,-1.309904153354632672e-01,6.389776357827475772e-03,-7.667731629392970927e-02,9.076738609112709355e+00,-2.398081534772182090e-03,3.954436450839328376e+00
2.175182267771969880e+00,-1.235356762513312029e-01,5.324813631522896766e-03,-8.839190628328008614e-02,9.000000000000000000e+00,8.153477218225420320e-02,4.021582733812949506e+00
2.180138413930628793e+00,-1.128860489882854146e-01,-1.064962726304579440e-03,-9.052183173588924936e-02,8.959232613908872267e+00,1.966426858513189435e-01,4.038369304556354678e+00
2.185094560089287707e+00,-1.001064962726304630e-01,0.000000000000000000e+00,-8.839190628328008614e-02,8.940047961630694928e+00,2.374100719424460382e-01,4.016786570743405171e+00
2.190050706247947065e+00,-9.371671991480298725e-02,3.194888178913737886e-03,-8.519701810436634826e-02,8.904076738609113306e+00,2.853717026378896904e-01,4.086330935251798913e+00
2.195006852406605979e+00,-9.158679446219382403e-02,1.064962726304579440e-03,-8.200212992545261037e-02,8.860911270983214294e+00,3.021582733812949728e-01,4.239808153477218511e+00
2.199962998565264893e+00,-9.158679446219382403e-02,-1.277955271565495154e-02,-7.987220447284344715e-02,8.836930455635490844e+00,3.717026378896882699e-01,4.285371702637889690e+00
2.204919144723923807e+00,-8.945686900958466081e-02,-3.301384451544196047e-02,-7.028753993610223350e-02,8.824940047961630896e+00,4.052757793764987793e-01,4.206235011990407280e+00
2.209875290882582721e+00,-8.732694355697551147e-02,-3.940362087326943624e-02,-6.070287539936101984e-02,8.824940047961630896e+00,4.004796163069544446e-01,4.143884892086330929e+00
2.214831437041241635e+00,-8.732694355697551147e-02,-4.046858359957401785e-02,-4.898828541001064990e-02,8.884892086330935967e+00,4.148681055155875042e-01,4.098321342925659749e+00
2.219787583199900549e+00,-8.626198083067092293e-02,-4.046858359957401785e-02,-3.301384451544196047e-02,8.918465227817746310e+00,4.388489208633093441e-01,4.057553956834532016e+00
2.224743729358559463e+00,-8.306709265175718504e-02,-4.153354632587859252e-02,-1.916932907348242732e-02,8.930455635491606259e+00,4.412470023980815115e-01,4.011990407673860837e+00
2.229699875517218377e+00,-8.519701810436634826e-02,-4.259850905218317413e-02,-3.194888178913737886e-03,8.942446043165467984e+00,4.364508393285371768e-01,3.930455635491606703e+00
2.234656021675877735e+00,-8.626198083067092293e-02,-3.833865814696485463e-02,6.389776357827475772e-03,8.976019184652278327e+00,3.764988009592326046e-01,3.839328537170263900e+00
2.239612167834536649e+00,-9.371671991480298725e-02,-2.875399361022364098e-02,1.277955271565495154e-02,9.019184652278177339e+00,3.333333333333333148e-01,3.803357314148680945e+00
2.244568313993195563e+00,-1.054313099041533502e-01,-2.342917997870074681e-02,2.023429179978700893e-02,9.040767386091127733e+00,3.429256594724220397e-01,3.800959232613908778e+00
2.249524460151854477e+00,-1.139510117145899892e-01,-2.023429179978700893e-02,2.768903088391906284e-02,9.059952038369305072e+00,3.477218225419664299e-01,3.757793764988009766e+00
2.254480606310513391e+00,-1.256656017039403661e-01,-1.171458998935037341e-02,3.727369542066027996e-02,9.088729016786571080e+00,3.357314148681055377e-01,3.695443645083932971e+00
2.259436752469172305e+00,-1.331203407880724165e-01,4.259850905218317760e-03,4.153354632587859252e-02,9.083932853717026745e+00,3.165467625899280324e-01,3.729016786570743314e+00
2.264392898627831219e+00,-1.395101171458998923e-01,1.810436634717784918e-02,4.898828541001064990e-02,9.011990407673861725e+00,2.853717026378896904e-01,3.808153477218225280e+00
2.269349044786490133e+00,-1.448349307774227934e-01,2.768903088391906284e-02,5.644302449414270728e-02,8.908872901678657641e+00,2.877697841726618577e-01,3.913669064748201532e+00
2.274305190945149491e+00,-1.437699680511182188e-01,2.875399361022364098e-02,6.709265175718849561e-02,8.875299760191847298e+00,2.757793764988009655e-01,3.956834532374100544e+00
2.279261337103808405e+00,-1.437699680511182188e-01,2.662406815761448470e-02,7.454739084132055993e-02,8.815347721822542226e+00,2.134292565947242259e-01,3.961630695443644878e+00
2.284217483262467319e+00,-1.405750798722044670e-01,2.342917997870074681e-02,8.200212992545261037e-02,8.820143884892086561e+00,1.654676258992805737e-01,3.944844124700239707e+00
2.289173629421126233e+00,-1.352502662406815659e-01,2.342917997870074681e-02,8.945686900958466081e-02,8.824940047961630896e+00,1.270983213429256464e-01,3.968824940047961825e+00
2.294129775579785147e+00,-1.267305644302449408e-01,2.555910543130990309e-02,9.691160809371672513e-02,8.848920863309352569e+00,1.103117505995203779e-01,3.964028776978417046e+00
2.299085921738444060e+00,-1.150159744408945639e-01,2.555910543130990309e-02,1.033013844515442009e-01,8.827338129496402175e+00,1.127098321342925591e-01,3.937649880095923205e+00
2.304042067897102974e+00,-1.086261980830670881e-01,2.768903088391906284e-02,1.096911608093716767e-01,8.834532374100719565e+00,9.352517985611510931e-02,3.916067146282973699e+00
2.308998214055761888e+00,-1.054313099041533502e-01,2.875399361022364098e-02,1.171458998935037271e-01,8.899280575539568972e+00,9.352517985611510931e-02,3.836930455635491732e+00
2.313954360214421246e+00,-1.043663471778487756e-01,2.875399361022364098e-02,1.150159744408945639e-01,8.872901678657074243e+00,6.474820143884892076e-02,3.788968824940047941e+00
2.318910506373080160e+00,-1.096911608093716767e-01,3.194888178913737886e-02,1.107561235356762513e-01,8.925659472422061924e+00,6.954436450839328321e-02,3.872901678657074243e+00
2.323866652531739074e+00,-1.171458998935037271e-01,3.514376996805111675e-02,1.054313099041533502e-01,8.949640287769783598e+00,5.035971223021582649e-02,3.896882494004796360e+00
2.328822798690397988e+00,-1.203407880724174650e-01,3.940362087326943624e-02,1.022364217252396124e-01,8.954436450839327932e+00,6.235011990407673954e-02,3.928057553956834536e+00
2.333778944849056902e+00,-1.246006389776357776e-01,4.366347177848775574e-02,1.001064962726304630e-01,8.896882494004795916e+00,5.515587529976018893e-02,3.980815347721822661e+00
2.338735091007715816e+00,-1.331203407880724165e-01,4.366347177848775574e-02,9.265175718849839870e-02,8.841726618705035179e+00,5.755395683453237710e-02,4.047961630695443347e+00
2.343691237166374730e+00,-1.395101171458998923e-01,3.940362087326943624e-02,8.626198083067092293e-02,8.877697841726618577e+00,4.796163069544364527e-02,4.134292565947242259e+00
2.348647383325033644e+00,-1.427050053248136441e-01,2.981895633652822258e-02,8.519701810436634826e-02,8.844124700239808234e+00,6.474820143884892076e-02,4.213429256594723782e+00
2.353603529483693002e+00,-1.448349307774227934e-01,1.916932907348242732e-02,8.839190628328008614e-02,8.796163069544364888e+00,4.796163069544364527e-02,4.258992805755395850e+00
2.358559675642351916e+00,-1.480298189563365174e-01,1.171458998935037341e-02,9.052183173588924936e-02,8.786570743405276218e+00,7.673860911270982688e-02,4.309352517985611364e+00
2.363515821801010830e+00,-1.522896698615548439e-01,1.064962726304579440e-03,9.052183173588924936e-02,8.769784172661870159e+00,6.235011990407673954e-02,4.318944844124700033e+00
2.368471967959669744e+00,-1.576144834930777450e-01,-1.384451544195953142e-02,9.265175718849839870e-02,8.764988009592325824e+00,3.836930455635491344e-02,4.323741007194244368e+00
2.373428114118328658e+00,-1.640042598509052207e-01,-2.981895633652822258e-02,9.797657082002129980e-02,8.752997601918465875e+00,3.836930455635491344e-02,4.263788968824940184e+00
2.378384260276987572e+00,-1.693290734824281218e-01,-4.153354632587859252e-02,9.904153354632587447e-02,8.786570743405276218e+00,-1.438848920863309427e-02,4.160671462829736100e+00
2.383340406435646486e+00,-1.757188498402555976e-01,-4.898828541001064990e-02,9.797657082002129980e-02,8.851318944844123848e+00,-9.832134292565947176e-02,4.062350119904076351e+00
2.388296552594305400e+00,-1.810436634717784987e-01,-5.005324813631523151e-02,9.052183173588924936e-02,8.930455635491606259e+00,-1.294964028776978415e-01,3.942446043165467540e+00
2.393252698752964314e+00,-1.874334398296059745e-01,-4.898828541001064990e-02,8.200212992545261037e-02,8.923261390887290645e+00,-1.199040767386091166e-01,3.877697841726618577e+00
2.398208844911623672e+00,-1.938232161874334503e-01,-4.472843450479233041e-02,7.667731629392970927e-02,8.896882494004795916e+00,-1.438848920863309289e-01,3.798561151079136611e+00
2.403164991070282586e+00,-1.980830670926517489e-01,-3.620873269435569836e-02,6.922257720979765883e-02,8.901678657074340251e+00,-1.918465227817745811e-01,3.738609112709831983e+00
2.408121137228941500e+00,-2.002129925452609260e-01,-2.342917997870074681e-02,5.857294994675186356e-02,8.973621103117505271e+00,-1.990407673860911386e-01,3.714628297362110310e+00
2.413077283387600414e+00,-2.002129925452609260e-01,-8.519701810436635520e-03,4.685835995740149362e-02,8.973621103117505271e+00,-2.374100719424460382e-01,3.776978417266187105e+00
2.418033429546259327e+00,-1.927582534611288478e-01,4.259850905218317760e-03,3.620873269435569836e-02,8.932853717026379314e+00,-2.014388489208633060e-01,3.884892086330935079e+00
2.422989575704918241e+00,-1.884984025559105492e-01,1.171458998935037341e-02,3.514376996805111675e-02,8.829736211031175230e+00,-1.247002398081534791e-01,3.995203836930455665e+00
2.427945721863577155e+00,-1.831735889243876481e-01,1.171458998935037341e-02,2.875399361022364098e-02,8.774580335731414493e+00,-1.390887290167865664e-01,4.057553956834532016e+00
2.432901868022236069e+00,-1.799787007454738963e-01,7.454739084132055646e-03,2.555910543130990309e-02,8.779376498800958828e+00,-1.654676258992805737e-01,4.115107913669064921e+00
2.437858014180895427e+00,-1.778487752928647470e-01,-1.064962726304579440e-03,1.916932907348242732e-02,8.774580335731414493e+00,-1.990407673860911386e-01,4.127098321342925757e+00
2.442814160339554341e+00,-1.746538871139510229e-01,-9.584664536741213658e-03,1.384451544195953142e-02,8.762589928057554545e+00,-1.630695443645084064e-01,4.081534772182254578e+00
2.447770306498213255e+00,-1.746538871139510229e-01,-1.490947816826411129e-02,1.064962726304579353e-02,8.757793764988010210e+00,-1.654676258992805737e-01,4.023980815347721673e+00
2.452726452656872169e+00,-1.757188498402555976e-01,-1.703940362087327104e-02,5.324813631522896766e-03,8.810551558752997892e+00,-1.870503597122302186e-01,3.925659472422062368e+00
2.457682598815531083e+00,-1.757188498402555976e-01,-1.490947816826411129e-02,-2.129925452609158880e-03,8.870503597122302963e+00,-2.757793764988009655e-01,3.868105515587529908e+00
2.462638744974189997e+00,-1.778487752928647470e-01,-8.519701810436635520e-03,-1.490947816826411129e-02,8.901678657074340251e+00,-3.285371702637889801e-01,3.796163069544364443e+00
2.467594891132848911e+00,-1.810436634717784987e-01,3.194888178913737886e-03,-3.194888178913737886e-02,8.901678657074340251e+00,-3.213429256594724226e-01,3.774580335731414937e+00
2.472551037291507825e+00,-1.821086261980830734e-01,1.384451544195953142e-02,-5.005324813631523151e-02,8.870503597122302963e+00,-2.805755395683453002e-01,3.762589928057554101e+00
2.477507183450167183e+00,-1.789137380191693216e-01,2.129925452609158706e-02,-6.176783812566560145e-02,8.880095923261391633e+00,-2.949640287769784153e-01,3.810551558752997447e+00
2.482463329608826097e+00,-1.693290734824281218e-01,3.301384451544196047e-02,-7.774227902023429781e-02,8.892086330935251581e+00,-3.357314148681055377e-01,3.872901678657074243e+00
2.487419475767485011e+00,-1.608093716719914690e-01,4.259850905218317413e-02,-9.371671991480298725e-02,8.884892086330935967e+00,-3.117505995203836977e-01,3.968824940047961825e+00
2.492375621926143925e+00,-1.501597444089456945e-01,4.685835995740149362e-02,-1.086261980830670881e-01,8.846522781774579514e+00,-2.206235011990407557e-01,4.091127098321343247e+00
2.497331768084802839e+00,-1.405750798722044670e-01,3.940362087326943624e-02,-1.182108626198083018e-01,8.755395683453237154e+00,-8.872901678657074687e-02,4.218225419664269005e+00
2.502287914243461753e+00,-1.341853035143769912e-01,2.981895633652822258e-02,-1.192758253461128903e-01,8.745803357314148485e+00,-2.398081534772182090e-03,4.242206235011990678e+00
2.507244060402120667e+00,-1.246006389776357776e-01,2.342917997870074681e-02,-1.160809371671991524e-01,8.760191846522781489e+00,7.194244604316547137e-03,4.256594724220623682e+00
2.512200206560779581e+00,-1.139510117145899892e-01,1.703940362087327104e-02,-1.128860489882854146e-01,8.800959232613909222e+00,0.000000000000000000e+00,4.282973621103117523e+00
2.517156352719438939e+00,-1.086261980830670881e-01,6.389776357827475772e-03,-1.096911608093716767e-01,8.810551558752997892e+00,3.117505995203836977e-02,4.359712230215827766e+00
2.522112498878097853e+00,-1.043663471778487756e-01,-6.389776357827475772e-03,-1.064962726304579388e-01,8.784172661870503163e+00,8.633093525179856564e-02,4.290167865707434025e+00
2.527068645036756767e+00,-1.011714589989350377e-01,-2.236421725239616520e-02,-1.022364217252396124e-01,8.812949640287769171e+00,1.270983213429256464e-01,4.167865707434052602e+00
2.532024791195415681e+00,-1.001064962726304630e-01,-3.194888178913737886e-02,-9.371671991480298725e-02,8.822541966426857840e+00,1.247002398081534791e-01,4.031175059952038175e+00
2.536980937354074594e+00,-9.904153354632587447e-02,-3.088391906283280072e-02,-8.413205537806177359e-02,8.925659472422061924e+00,1.103117505995203779e-01,3.925659472422062368e+00
2.541937083512733508e+00,-9.691160809371672513e-02,-2.236421725239616520e-02,-7.880724174653887248e-02,8.930455635491606259e+00,1.151079136690647542e-01,3.872901678657074243e+00
2.546893229671392422e+00,-9.584664536741213658e-02,-1.490947816826411129e-02,-7.454739084132055993e-02,8.980815347721822661e+00,1.247002398081534791e-01,3.839328537170263900e+00
2.551849375830051336e+00,-9.584664536741213658e-02,-6.389776357827475772e-03,-6.709265175718849561e-02,8.985611510791366996e+00,1.342925659472422040e-01,3.791366906474820109e+00
2.556805521988710250e+00,-9.797657082002129980e-02,6.389776357827475772e-03,-5.750798722044728195e-02,8.995203836930455665e+00,1.462829736211031240e-01,3.707434052757793808e+00
2.561761668147369608e+00,-1.011714589989350377e-01,2.342917997870074681e-02,-4.898828541001064990e-02,9.009592326139088669e+00,1.822541966426858562e-01,3.712230215827338142e+00
2.566717814306028522e+00,-1.086261980830670881e-01,4.046858359957401785e-02,-4.259850905218317413e-02,9.009592326139088669e+00,1.726618705035971313e-01,3.741007194244604150e+00
2.571673960464687436e+00,-1.171458998935037271e-01,5.644302449414270728e-02,-3.514376996805111675e-02,9.019184652278177339e+00,2.110311750599520308e-01,3.853717026378896904e+00
2.576630106623346350e+00,-1.267305644302449408e-01,6.709265175718849561e-02,-2.555910543130990309e-02,9.007194244604317390e+00,2.206235011990407557e-01,3.947242206235011874e+00
2.581586252782005264e+00,-1.352502662406815659e-01,7.028753993610223350e-02,-1.810436634717784918e-02,8.940047961630694928e+00,2.805755395683453002e-01,4.028776978417266008e+00
2.586542398940664178e+00,-1.437699680511182188e-01,6.709265175718849561e-02,-7.454739084132055646e-03,8.856115107913668183e+00,3.021582733812949728e-01,4.052757793764987682e+00
2.591498545099323092e+00,-1.554845580404685956e-01,6.496272630457934627e-02,9.584664536741213658e-03,8.815347721822542226e+00,2.925659472422062479e-01,4.095923261390887582e+00
2.596454691257982006e+00,-1.693290734824281218e-01,6.176783812566560145e-02,2.129925452609158706e-02,8.856115107913668183e+00,2.350119904076738708e-01,4.151079136690647431e+00
2.601410837416641364e+00,-1.767838125665601723e-01,5.644302449414270728e-02,2.981895633652822258e-02,8.908872901678657641e+00,1.894484412470023860e-01,4.165467625899280435e+00
2.606366983575300278e+00,-1.831735889243876481e-01,4.792332268370606829e-02,3.727369542066027996e-02,8.887290167865707247e+00,1.726618705035971313e-01,4.160671462829736100e+00
2.611323129733959192e+00,-1.853035143769967974e-01,3.940362087326943624e-02,4.685835995740149362e-02,8.822541966426857840e+00,1.678657074340527688e-01,4.127098321342925757e+00
2.616279275892618106e+00,-1.842385516506922227e-01,3.940362087326943624e-02,5.963791267305644517e-02,8.796163069544364888e+00,1.366906474820143991e-01,4.052757793764987682e+00
2.621235422051277020e+00,-1.767838125665601723e-01,4.259850905218317413e-02,7.241746538871139671e-02,8.853717026378896904e+00,7.194244604316546443e-02,4.057553956834532016e+00
2.626191568209935934e+00,-1.735889243876464205e-01,5.005324813631523151e-02,8.200212992545261037e-02,8.923261390887290645e+00,-2.398081534772182263e-02,4.095923261390887582e+00
2.631147714368594848e+00,-1.661341853035143701e-01,5.431309904153354406e-02,8.306709265175718504e-02,8.911270983213428920e+00,-9.112709832134292809e-02,4.122302158273381423e+00
2.636103860527253762e+00,-1.576144834930777450e-01,5.537806176783812567e-02,8.200212992545261037e-02,8.889688249400480302e+00,-1.151079136690647542e-01,4.093525179856115415e+00
2.641060006685913120e+00,-1.437699680511182188e-01,5.644302449414270728e-02,8.306709265175718504e-02,8.928057553956834980e+00,-1.318944844124700366e-01,4.035971223021582510e+00
2.646016152844572034e+00,-1.309904153354632672e-01,6.602768903088392094e-02,8.200212992545261037e-02,8.964028776978416602e+00,-1.822541966426858562e-01,3.992805755395683498e+00
2.650972299003230948e+00,-1.203407880724174650e-01,7.987220447284344715e-02,7.561235356762513460e-02,8.937649880095923649e+00,-2.565947242206235157e-01,4.083932853717026745e+00
2.655928445161889861e+00,-1.054313099041533502e-01,8.732694355697551147e-02,6.709265175718849561e-02,8.952038369304556653e+00,-2.997601918465228055e-01,4.213429256594723782e+00
2.660884591320548775e+00,-9.052183173588924936e-02,8.626198083067092293e-02,5.644302449414270728e-02,8.908872901678657641e+00,-3.261390887290168128e-01,4.328537170263788703e+00
2.665840737479207689e+00,-7.454739084132055993e-02,8.093716719914803570e-02,4.792332268370606829e-02,8.820143884892086561e+00,-3.189448441247002553e-01,4.374100719424460770e+00
2.670796883637866603e+00,-5.750798722044728195e-02,7.241746538871139671e-02,3.727369542066027996e-02,8.784172661870503163e+00,-2.781774580335731328e-01,4.378896882494005105e+00
2.675753029796525517e+00,-4.685835995740149362e-02,6.176783812566560145e-02,2.981895633652822258e-02,8.781774580335731883e+00,-2.901678657074340251e-01,4.434052757793764954e+00
2.680709175955184875e+00,-3.940362087326943624e-02,4.792332268370606829e-02,2.023429179978700893e-02,8.788968824940047497e+00,-2.853717026378896904e-01,4.443645083932853623e+00
2.685665322113843789e+00,-3.940362087326943624e-02,3.088391906283280072e-02,7.454739084132055646e-03,8.808153477218224836e+00,-2.374100719424460382e-01,4.503597122302158695e+00
2.690621468272502703e+00,-3.940362087326943624e-02,1.171458998935037341e-02,1.064962726304579440e-03,8.812949640287769171e+00,-1.942446043165467762e-01,4.402877697841726778e+00
2.695577614431161617e+00,-4.472843450479233041e-02,2.129925452609158880e-03,-2.129925452609158880e-03,8.810551558752997892e+00,-1.175059952038369354e-01,4.273381294964028854e+00
2.700533760589820531e+00,-5.005324813631523151e-02,0.000000000000000000e+00,-5.324813631522896766e-03,8.810551558752997892e+00,-6.714628297362110199e-02,4.187050359712229941e+00
2.705489906748479445e+00,-5.644302449414270728e-02,1.064962726304579440e-03,-6.389776357827475772e-03,8.860911270983214294e+00,-5.995203836930455832e-02,4.136690647482014427e+00
2.710446052907138359e+00,-7.241746538871139671e-02,1.064962726304579440e-03,-7.454739084132055646e-03,8.846522781774579514e+00,-4.796163069544364527e-02,4.122302158273381423e+00
2.715402199065797273e+00,-9.371671991480298725e-02,4.259850905218317760e-03,-1.384451544195953142e-02,8.868105515587529908e+00,-2.158273381294964141e-02,4.064748201438848518e+00
2.720358345224456187e+00,-1.150159744408945639e-01,4.259850905218317760e-03,-1.810436634717784918e-02,8.894484412470024637e+00,3.357314148681055099e-02,4.069544364508392853e+00
2.725314491383115545e+00,-1.320553780617678419e-01,7.454739084132055646e-03,-1.810436634717784918e-02,8.894484412470024637e+00,7.194244604316546443e-02,3.980815347721822661e+00
2.730270637541774459e+00,-1.448349307774227934e-01,1.490947816826411129e-02,-1.277955271565495154e-02,8.918465227817746310e+00,5.995203836930455832e-02,3.937649880095923205e+00
2.735226783700433373e+00,-1.533546325878594185e-01,2.555910543130990309e-02,-6.389776357827475772e-03,8.916067146282973255e+00,4.316546762589928282e-02,3.956834532374100544e+00
2.740182929859092287e+00,-1.597444089456868943e-01,3.514376996805111675e-02,0.000000000000000000e+00,8.870503597122302963e+00,4.076738609112710160e-02,4.035971223021582510e+00
2.745139076017751201e+00,-1.597444089456868943e-01,3.940362087326943624e-02,7.454739084132055646e-03,8.848920863309352569e+00,5.035971223021582649e-02,4.119904076738609255e+00
2.750095222176410115e+00,-1.565495207667731703e-01,3.940362087326943624e-02,1.597444089456868943e-02,8.841726618705035179e+00,1.678657074340527550e-02,4.098321342925659749e+00
2.755051368335069029e+00,-1.522896698615548439e-01,4.046858359957401785e-02,2.555910543130990309e-02,8.841726618705035179e+00,7.194244604316547137e-03,4.052757793764987682e+00
2.760007514493727943e+00,-1.458998935037273681e-01,4.579339723109691201e-02,3.301384451544196047e-02,8.796163069544364888e+00,-9.592326139088728360e-03,4.038369304556354678e+00
2.764963660652387301e+00,-1.395101171458998923e-01,5.218317358892438779e-02,3.940362087326943624e-02,8.803357314148680501e+00,-1.918465227817745672e-02,4.031175059952038175e+00
2.769919806811046215e+00,-1.331203407880724165e-01,5.857294994675186356e-02,5.111821086261980618e-02,8.815347721822542226e+00,-5.275779376498800771e-02,4.009592326139088669e+00
2.774875952969705128e+00,-1.277955271565495154e-01,6.709265175718849561e-02,5.431309904153354406e-02,8.827338129496402175e+00,-7.673860911270982688e-02,3.952038369304556209e+00
2.779832099128364042e+00,-1.192758253461128903e-01,7.774227902023429781e-02,5.963791267305644517e-02,8.860911270983214294e+00,-9.352517985611510931e-02,3.908872901678657197e+00
2.784788245287022956e+00,-1.160809371671991524e-01,9.158679446219382403e-02,6.602768903088392094e-02,8.863309352517985573e+00,-1.438848920863309289e-01,3.832134292565947398e+00
2.789744391445681870e+00,-1.160809371671991524e-01,1.107561235356762513e-01,6.389776357827475772e-02,8.892086330935251581e+00,-1.894484412470023860e-01,3.817745803357313950e+00
2.794700537604340784e+00,-1.118210862619808260e-01,1.309904153354632672e-01,5.644302449414270728e-02,8.947242206235012318e+00,-2.517985611510791255e-01,3.800959232613908778e+00
2.799656683762999698e+00,-1.118210862619808260e-01,1.544195953141639932e-01,4.366347177848775574e-02,8.918465227817746310e+00,-2.446043165467625957e-01,3.949640287769784042e+00
2.804612829921659056e+00,-1.128860489882854146e-01,1.767838125665601723e-01,3.407880724174654208e-02,8.860911270983214294e+00,-2.110311750599520308e-01,4.167865707434052602e+00
2.809568976080317970e+00,-1.150159744408945639e-01,1.810436634717784987e-01,2.768903088391906284e-02,8.726618705035971146e+00,-1.846522781774580235e-01,4.386091127098321607e+00
2.814525122238976884e+00,-1.182108626198083018e-01,1.757188498402555976e-01,1.916932907348242732e-02,8.676258992805754744e+00,-1.702637889688249362e-01,4.549160671462829875e+00
2.819481268397635798e+00,-1.246006389776357776e-01,1.597444089456868943e-01,9.584664536741213658e-03,8.609112709832134058e+00,-1.247002398081534791e-01,4.649880095923261791e+00
2.824437414556294712e+00,-1.288604898828540901e-01,1.373801916932907430e-01,-1.064962726304579440e-03,8.558752997601917656e+00,-9.112709832134292809e-02,4.748201438848920652e+00
2.829393560714953626e+00,-1.341853035143769912e-01,1.064962726304579388e-01,-9.584664536741213658e-03,8.563549160671461991e+00,-7.194244604316546443e-02,4.793764988009592720e+00
2.834349706873612540e+00,-1.427050053248136441e-01,7.987220447284344715e-02,-1.490947816826411129e-02,8.613908872901678393e+00,-7.194244604316546443e-02,4.769784172661870159e+00
2.839305853032271454e+00,-1.458998935037273681e-01,5.857294994675186356e-02,-2.129925452609158706e-02,8.625899280575540118e+00,-7.673860911270982688e-02,4.688249400479616469e+00
2.844261999190930812e+00,-1.490947816826411199e-01,4.579339723109691201e-02,-2.662406815761448470e-02,8.618705035971222728e+00,-1.199040767386091132e-02,4.695443645083932971e+00
2.849218145349589726e+00,-1.490947816826411199e-01,2.981895633652822258e-02,-2.768903088391906284e-02,8.609112709832134058e+00,-1.918465227817745672e-02,4.673860911270983465e+00
2.854174291508248640e+00,-1.437699680511182188e-01,1.490947816826411129e-02,-2.236421725239616520e-02,8.664268585131894795e+00,-5.755395683453237710e-02,4.585131894484412385e+00
2.859130437666907554e+00,-1.416400425985090417e-01,6.389776357827475772e-03,-1.810436634717784918e-02,8.741007194244604150e+00,-1.438848920863309289e-01,4.436450839328537121e+00
2.864086583825566468e+00,-1.437699680511182188e-01,5.324813631522896766e-03,-2.236421725239616520e-02,8.788968824940047497e+00,-1.918465227817745811e-01,4.340527577937649539e+00
2.869042729984225382e+00,-1.448349307774227934e-01,1.171458998935037341e-02,-2.981895633652822258e-02,8.853717026378896904e+00,-2.014388489208633060e-01,4.256594724220623682e+00
2.873998876142884296e+00,-1.363152289669861683e-01,2.129925452609158706e-02,-3.301384451544196047e-02,8.868105515587529908e+00,-2.494004796163069582e-01,4.127098321342925757e+00
2.878955022301543210e+00,-1.277955271565495154e-01,3.514376996805111675e-02,-4.153354632587859252e-02,8.858513189448441238e+00,-3.045563549160671402e-01,4.064748201438848518e+00
2.883911168460202123e+00,-1.203407880724174650e-01,5.005324813631523151e-02,-5.644302449414270728e-02,8.887290167865707247e+00,-3.717026378896882699e-01,4.055155875299759849e+00
2.888867314618861482e+00,-1.107561235356762513e-01,6.496272630457934627e-02,-7.028753993610223350e-02,8.908872901678657641e+00,-3.980815347721822772e-01,4.057553956834532016e+00
2.893823460777520395e+00,-9.904153354632587447e-02,8.093716719914803570e-02,-8.839190628328008614e-02,8.870503597122302963e+00,-3.788968824940047719e-01,4.153477218225419598e+00
2.898779606936179309e+00,-9.478168264110756192e-02,9.158679446219382403e-02,-1.064962726304579388e-01,8.805755395683453557e+00,-2.805755395683453002e-01,4.282973621103117523e+00
2.903735753094838223e+00,-9.158679446219382403e-02,8.945686900958466081e-02,-1.203407880724174650e-01,8.786570743405276218e+00,-2.278177458033573133e-01,4.378896882494005105e+00
2.908691899253497137e+00,-9.371671991480298725e-02,8.945686900958466081e-02,-1.288604898828540901e-01,8.731414868105515481e+00,-1.558752997601918489e-01,4.453237410071942293e+00
2.913648045412156051e+00,-9.797657082002129980e-02,8.413205537806177359e-02,-1.373801916932907430e-01,8.712230215827338142e+00,-9.832134292565947176e-02,4.568345323741007213e+00
2.918604191570814965e+00,-1.043663471778487756e-01,7.348242811501597138e-02,-1.416400425985090417e-01,8.628297362110311397e+00,-4.796163069544364180e-03,4.669064748201439130e+00
2.923560337729473879e+00,-1.096911608093716767e-01,5.750798722044728195e-02,-1.427050053248136441e-01,8.592326139088729775e+00,7.194244604316546443e-02,4.695443645083932971e+00
2.928516483888133237e+00,-1.171458998935037271e-01,4.153354632587859252e-02,-1.416400425985090417e-01,8.589928057553956720e+00,5.995203836930455832e-02,4.671462829736211297e+00
2.933472630046792151e+00,-1.214057507987220397e-01,2.768903088391906284e-02,-1.341853035143769912e-01,8.613908872901678393e+00,1.678657074340527550e-02,4.618705035971222728e+00
2.938428776205451065e+00,-1.182108626198083018e-01,2.023429179978700893e-02,-1.246006389776357776e-01,8.659472422062350461e+00,2.877697841726618855e-02,4.563549160671462879e+00
2.943384922364109979e+00,-1.118210862619808260e-01,1.703940362087327104e-02,-1.150159744408945639e-01,8.678657074340527799e+00,1.438848920863309427e-02,4.465227817745803129e+00
2.948341068522768893e+00,-1.054313099041533502e-01,1.916932907348242732e-02,-1.075612353567625135e-01,8.676258992805754744e+00,1.918465227817745672e-02,4.338129496402877372e+00
2.953297214681427807e+00,-9.691160809371672513e-02,2.236421725239616520e-02,-9.371671991480298725e-02,8.726618705035971146e+00,1.199040767386091132e-02,4.268585131894484519e+00
2.958253360840086721e+00,-9.158679446219382403e-02,2.555910543130990309e-02,-8.519701810436634826e-02,8.791366906474820553e+00,-5.515587529976018893e-02,4.213429256594723782e+00
2.963209506998745635e+00,-8.945686900958466081e-02,3.940362087326943624e-02,-8.306709265175718504e-02,8.870503597122302963e+00,-8.633093525179856564e-02,4.208633093525179447e+00
2.968165653157404993e+00,-9.265175718849839870e-02,5.324813631522896940e-02,-8.626198083067092293e-02,8.836930455635490844e+00,-5.275779376498800771e-02,4.263788968824940184e+00
2.973121799316063907e+00,-9.904153354632587447e-02,5.963791267305644517e-02,-9.052183173588924936e-02,8.738609112709832871e+00,-1.199040767386091132e-02,4.335731414868105205e+00
2.978077945474722821e+00,-1.011714589989350377e-01,5.750798722044728195e-02,-8.626198083067092293e-02,8.693045563549160804e+00,-7.194244604316546443e-02,4.424460431654676285e+00
2.983034091633381735e+00,-1.001064962726304630e-01,5.111821086261980618e-02,-8.732694355697551147e-02,8.745803357314148485e+00,-1.726618705035971313e-01,4.436450839328537121e+00
2.987990237792040649e+00,-9.797657082002129980e-02,4.366347177848775574e-02,-9.371671991480298725e-02,8.762589928057554545e+00,-2.134292565947242259e-01,4.443645083932853623e+00
2.992946383950699563e+00,-9.158679446219382403e-02,3.514376996805111675e-02,-1.001064962726304630e-01,8.736211031175059816e+00,-1.846522781774580235e-01,4.407673860911271113e+00
2.997902530109358477e+00,-8.200212992545261037e-02,3.088391906283280072e-02,-1.022364217252396124e-01,8.717026378896882477e+00,-1.151079136690647542e-01,4.354916067146282543e+00
3.002858676268017390e+00,-6.922257720979765883e-02,3.407880724174654208e-02,-9.691160809371672513e-02,8.769784172661870159e+00,-1.414868105515587615e-01,4.294964028776978360e+00
3.007814822426676749e+00,-5.431309904153354406e-02,4.472843450479233041e-02,-9.052183173588924936e-02,8.815347721822542226e+00,-1.726618705035971313e-01,4.261390887290168017e+00
3.012770968585335662e+00,-4.259850905218317413e-02,5.963791267305644517e-02,-8.839190628328008614e-02,8.815347721822542226e+00,-1.750599520383692986e-01,4.362110311750599934e+00
3.017727114743994576e+00,-3.194888178913737886e-02,6.389776357827475772e-02,-8.519701810436634826e-02,8.721822541966426812e+00,-7.194244604316546443e-02,4.460431654676258795e+00
3.022683260902653490e+00,-1.810436634717784918e-02,5.963791267305644517e-02,-7.241746538871139671e-02,8.676258992805754744e+00,-2.158273381294964141e-02,4.450839328537170125e+00
3.027639407061312404e+00,-7.454739084132055646e-03,5.750798722044728195e-02,-5.750798722044728195e-02,8.721822541966426812e+00,-8.633093525179856564e-02,4.390887290167865942e+00
3.032595553219971318e+00,-2.129925452609158880e-03,6.283280085197018305e-02,-4.898828541001064990e-02,8.827338129496402175e+00,-8.633093525179856564e-02,4.350119904076738209e+00
3.037551699378630232e+00,-8.519701810436635520e-03,6.709265175718849561e-02,-4.366347177848775574e-02,8.817745803357313505e+00,-1.438848920863309427e-02,4.386091127098321607e+00
3.042507845537289146e+00,-1.703940362087327104e-02,6.496272630457934627e-02,-3.514376996805111675e-02,8.729016786570744202e+00,6.954436450839328321e-02,4.453237410071942293e+00
3.047463991695948060e+00,-2.981895633652822258e-02,6.070287539936101984e-02,-2.023429179978700893e-02,8.764988009592325824e+00,9.112709832134292809e-02,4.460431654676258795e+00
3.052420137854607418e+00,-4.472843450479233041e-02,6.070287539936101984e-02,-7.454739084132055646e-03,8.820143884892086561e+00,2.398081534772182090e-03,4.441247002398081456e+00
3.057376284013266332e+00,-6.389776357827475772e-02,6.070287539936101984e-02,-4.259850905218317760e-03,8.870503597122302963e+00,-1.031175059952038342e-01,4.429256594724220619e+00
3.062332430171925246e+00,-8.200212992545261037e-02,5.963791267305644517e-02,-7.454739084132055646e-03,8.839328537170263900e+00,-8.393285371702638442e-02,4.443645083932853623e+00
3.067288576330584160e+00,-9.797657082002129980e-02,5.963791267305644517e-02,-5.324813631522896766e-03,8.808153477218224836e+00,-5.755395683453237710e-02,4.443645083932853623e+00
3.072244722489243074e+00,-1.096911608093716767e-01,6.070287539936101984e-02,2.129925452609158880e-03,8.760191846522781489e+00,-7.434052757793764565e-02,4.453237410071942293e+00
3.077200868647901988e+00,-1.118210862619808260e-01,6.389776357827475772e-02,1.277955271565495154e-02,8.767386091127098879e+00,-1.031175059952038342e-01,4.450839328537170125e+00
3.082157014806560902e+00,-1.128860489882854146e-01,6.602768903088392094e-02,2.023429179978700893e-02,8.724220623501199867e+00,-1.966426858513189435e-01,4.522781774580336034e+00
3.087113160965219816e+00,-1.086261980830670881e-01,6.176783812566560145e-02,2.236421725239616520e-02,8.717026378896882477e+00,-2.901678657074340251e-01,4.613908872901678393e+00
3.092069307123879174e+00,-9.158679446219382403e-02,5.431309904153354406e-02,2.449414270500532495e-02,8.762589928057554545e+00,-3.908872901678657197e-01,4.568345323741007213e+00
3.097025453282538088e+00,-7.028753993610223350e-02,4.898828541001064990e-02,2.236421725239616520e-02,8.800959232613909222e+00,-4.652278177458033515e-01,4.474820143884891799e+00
3.101981599441197002e+00,-4.366347177848775574e-02,5.218317358892438779e-02,2.023429179978700893e-02,8.786570743405276218e+00,-4.676258992805755188e-01,4.431654676258992787e+00
3.106937745599855916e+00,-1.703940362087327104e-02,6.070287539936101984e-02,2.129925452609158706e-02,8.788968824940047497e+00,-4.820143884892086339e-01,4.402877697841726778e+00
3.111893891758514830e+00,7.454739084132055646e-03,7.028753993610223350e-02,2.129925452609158706e-02,8.808153477218224836e+00,-4.940047961630695261e-01,4.446043165467625791e+00
3.116850037917173744e+00,2.981895633652822258e-02,7.348242811501597138e-02,1.810436634717784918e-02,8.820143884892086561e+00,-5.155875299760191988e-01,4.496402877697841305e+00
3.121806184075832657e+00,4.685835995740149362e-02,7.561235356762513460e-02,9.584664536741213658e-03,8.812949640287769171e+00,-4.724220623501199090e-01,4.494004796163069138e+00
3.126762330234491571e+00,5.431309904153354406e-02,7.028753993610223350e-02,-2.129925452609158880e-03,8.786570743405276218e+00,-4.124700239808153368e-01,4.539568345323741205e+00
3.131718476393150929e+00,5.644302449414270728e-02,6.496272630457934627e-02,-9.584664536741213658e-03,8.752997601918465875e+00,-3.453237410071942626e-01,4.561151079136690711e+00
3.136674622551809843e+00,5.644302449414270728e-02,6.176783812566560145e-02,-1.064962726304579353e-02,8.717026378896882477e+00,-2.973621103117505826e-01,4.553956834532374209e+00
3.141630768710468757e+00,5.537806176783812567e-02,5.537806176783812567e-02,-1.171458998935037341e-02,8.755395683453237154e+00,-3.045563549160671402e-01,4.630695443645083564e+00
3.146586914869127671e+00,5.324813631522896940e-02,4.579339723109691201e-02,-1.703940362087327104e-02,8.755395683453237154e+00,-2.853717026378896904e-01,4.654676258992806126e+00
3.151543061027786585e+00,4.366347177848775574e-02,3.407880724174654208e-02,-2.449414270500532495e-02,8.738609112709832871e+00,-2.302158273381295084e-01,4.628297362110311397e+00
3.156499207186445499e+00,2.981895633652822258e-02,2.662406815761448470e-02,-2.875399361022364098e-02,8.690647482014387748e+00,-1.294964028776978415e-01,4.580335731414868050e+00
3.161455353345104413e+00,1.703940362087327104e-02,1.916932907348242732e-02,-2.555910543130990309e-02,8.671462829736210409e+00,-3.836930455635491344e-02,4.527577937649880369e+00
3.166411499503763327e+00,4.259850905218317760e-03,1.703940362087327104e-02,-1.384451544195953142e-02,8.738609112709832871e+00,-4.796163069544364527e-02,4.474820143884891799e+00
3.171367645662422685e+00,-8.519701810436635520e-03,1.810436634717784918e-02,-2.129925452609158880e-03,8.827338129496402175e+00,-8.872901678657074687e-02,4.400479616306954611e+00
3.176323791821081599e+00,-2.023429179978700893e-02,1.810436634717784918e-02,3.194888178913737886e-03,8.875299760191847298e+00,-9.352517985611510931e-02,4.290167865707434025e+00
3.181279937979740513e+00,-3.194888178913737886e-02,2.555910543130990309e-02,1.064962726304579353e-02,8.846522781774579514e+00,-6.954436450839328321e-02,4.165467625899280435e+00
3.186236084138399427e+00,-3.514376996805111675e-02,4.259850905218317413e-02,2.449414270500532495e-02,8.853717026378896904e+00,-1.318944844124700366e-01,4.117505995203837088e+00
3.191192230297058341e+00,-3.194888178913737886e-02,6.496272630457934627e-02,3.833865814696485463e-02,8.911270983213428920e+00,-2.134292565947242259e-01,4.158273381294963933e+00
3.196148376455717255e+00,-2.662406815761448470e-02,8.519701810436634826e-02,4.685835995740149362e-02,8.937649880095923649e+00,-2.541966426858512929e-01,4.239808153477218511e+00
3.201104522614376169e+00,-2.342917997870074681e-02,9.584664536741213658e-02,5.111821086261980618e-02,8.836930455635490844e+00,-2.374100719424460382e-01,4.395683453237410276e+00
3.206060668773035083e+00,-1.703940362087327104e-02,1.001064962726304630e-01,5.857294994675186356e-02,8.748201438848921541e+00,-1.990407673860911386e-01,4.544364508393285540e+00
3.211016814931693997e+00,-7.454739084132055646e-03,9.691160809371672513e-02,7.028753993610223350e-02,8.714628297362111198e+00,-2.182254196642685884e-01,4.601918465227817556e+00
3.215972961090353355e+00,2.129925452609158880e-03,9.052183173588924936e-02,7.667731629392970927e-02,8.707434052757793808e+00,-2.901678657074340251e-01,4.645083932853717457e+00
3.220929107249012269e+00,9.584664536741213658e-03,8.306709265175718504e-02,7.348242811501597138e-02,8.717026378896882477e+00,-2.517985611510791255e-01,4.752997601918464987e+00
3.225885253407671183e+00,1.064962726304579353e-02,6.602768903088392094e-02,7.135250266240682204e-02,8.654676258992806126e+00,-1.702637889688249362e-01,4.858513189448441238e+00
3.230841399566330097e+00,9.584664536741213658e-03,4.259850905218317413e-02,7.454739084132055993e-02,8.613908872901678393e+00,-1.630695443645084064e-01,4.772182254196642326e+00
3.235797545724989011e+00,7.454739084132055646e-03,1.810436634717784918e-02,7.987220447284344715e-02,8.678657074340527799e+00,-2.517985611510791255e-01,4.618705035971222728e+00
3.240753691883647924e+00,1.064962726304579353e-02,5.324813631522896766e-03,7.774227902023429781e-02,8.764988009592325824e+00,-3.453237410071942626e-01,4.539568345323741205e+00
3.245709838042306838e+00,1.277955271565495154e-02,0.000000000000000000e+00,6.815761448349308416e-02,8.798561151079136167e+00,-3.453237410071942626e-01,4.501199040767386528e+00
3.250665984200965752e+00,2.236421725239616520e-02,-7.454739084132055646e-03,5.963791267305644517e-02,8.803357314148680501e+00,-3.501199040767385973e-01,4.388489208633093774e+00
3.255622130359625110e+00,3.940362087326943624e-02,-1.277955271565495154e-02,6.070287539936101984e-02,8.863309352517985573e+00,-4.220623501199040617e-01,4.223021582733813339e+00
3.260578276518284024e+00,6.389776357827475772e-02,1.064962726304579440e-03,5.963791267305644517e-02,8.976019184652278327e+00,-4.916067146282973588e-01,4.131894484412470092e+00
3.265534422676942938e+00,8.839190628328008614e-02,2.129925452609158706e-02,5.537806176783812567e-02,8.988009592326138275e+00,-4.532374100719424592e-01,4.218225419664269005e+00
3.270490568835601852e+00,1.192758253461128903e-01,3.194888178913737886e-02,5.537806176783812567e-02,8.913669064748201976e+00,-4.028776978417266119e-01,4.328537170263788703e+00
3.275446714994260766e+00,1.554845580404685956e-01,3.514376996805111675e-02,6.389776357827475772e-02,8.870503597122302963e+00,-4.124700239808153368e-01,4.388489208633093774e+00
3.280402861152919680e+00,1.959531416400425996e-01,3.620873269435569836e-02,7.348242811501597138e-02,8.916067146282973255e+00,-4.796163069544364665e-01,4.424460431654676285e+00
3.285359007311578594e+00,2.353567625133120289e-01,3.407880724174654208e-02,7.454739084132055993e-02,8.961630695443645322e+00,-5.059952038369304184e-01,4.460431654676258795e+00
3.290315153470237508e+00,2.726304579339723366e-01,2.768903088391906284e-02,7.028753993610223350e-02,8.892086330935251581e+00,-3.932853717026378870e-01,4.534772182254196871e+00
3.295271299628896866e+00,3.003194888178913891e-01,1.703940362087327104e-02,7.667731629392970927e-02,8.836930455635490844e+00,-2.470023980815347631e-01,4.508393285371703030e+00
3.300227445787555780e+00,3.237486687965921428e-01,4.259850905218317760e-03,9.052183173588924936e-02,8.899280575539568972e+00,-1.750599520383692986e-01,4.417266187050359783e+00
3.305183591946214694e+00,3.375931842385516690e-01,3.194888178913737886e-03,1.075612353567625135e-01,8.916067146282973255e+00,-1.558752997601918489e-01,4.304556354916067029e+00
3.310139738104873608e+00,3.429179978700745424e-01,2.129925452609158880e-03,1.182108626198083018e-01,8.990407673860911331e+00,-1.846522781774580235e-01,4.275779376498801021e+00
3.315095884263532522e+00,3.450479233226836917e-01,0.000000000000000000e+00,1.267305644302449408e-01,9.004796163069544335e+00,-1.582733812949640162e-01,4.203836930455635112e+00
3.320052030422191436e+00,3.375931842385516690e-01,-1.064962726304579440e-03,1.341853035143769912e-01,8.995203836930455665e+00,-1.270983213429256464e-01,4.088729016786571080e+00
3.325008176580850350e+00,3.226837060702875126e-01,1.064962726304579440e-03,1.416400425985090417e-01,9.057553956834532016e+00,-1.223021582733812979e-01,3.947242206235011874e+00
3.329964322739509264e+00,3.099041533546325611e-01,1.384451544195953142e-02,1.427050053248136441e-01,9.122302158273381423e+00,-2.062350119904076684e-01,3.856115107913669071e+00
3.334920468898168178e+00,3.035143769968051131e-01,3.620873269435569836e-02,1.352502662406815659e-01,9.105515587529975363e+00,-2.685851318944844079e-01,3.971223021582733992e+00
3.339876615056827536e+00,3.099041533546325611e-01,5.111821086261980618e-02,1.331203407880724165e-01,9.088729016786571080e+00,-3.405275779376498724e-01,4.071942446043165909e+00
3.344832761215486450e+00,3.258785942492012921e-01,5.857294994675186356e-02,1.331203407880724165e-01,9.055155875299760737e+00,-3.717026378896882699e-01,4.124700239808153590e+00
3.349788907374145364e+00,3.482428115015974712e-01,6.709265175718849561e-02,1.309904153354632672e-01,8.966426858513189657e+00,-3.093525179856115304e-01,4.122302158273381423e+00
3.354745053532804278e+00,3.620873269435569974e-01,8.093716719914803570e-02,1.309904153354632672e-01,8.872901678657074243e+00,-2.014388489208633060e-01,4.285371702637889690e+00
3.359701199691463191e+00,3.684771033013844455e-01,8.945686900958466081e-02,1.363152289669861683e-01,8.791366906474820553e+00,-1.270983213429256464e-01,4.517985611510791699e+00
3.364657345850122105e+00,3.684771033013844455e-01,7.667731629392970927e-02,1.490947816826411199e-01,8.774580335731414493e+00,-9.832134292565947176e-02,4.625899280575539230e+00
3.369613492008781019e+00,3.599574014909477926e-01,5.644302449414270728e-02,1.565495207667731703e-01,8.774580335731414493e+00,-1.055155875299760154e-01,4.642685851318944401e+00
3.374569638167439933e+00,3.418530351437699677e-01,4.685835995740149362e-02,1.544195953141639932e-01,8.733812949640288537e+00,-7.434052757793764565e-02,4.635491606714627899e+00
3.379525784326099291e+00,3.141640042598509153e-01,2.768903088391906284e-02,1.522896698615548439e-01,8.731414868105515481e+00,-2.398081534772182090e-03,4.597122302158273222e+00
3.384481930484758205e+00,2.800851970181043593e-01,8.519701810436635520e-03,1.544195953141639932e-01,8.731414868105515481e+00,2.398081534772182263e-02,4.405275779376498946e+00
3.389438076643417119e+00,2.374866879659212060e-01,5.324813631522896766e-03,1.512247071352502692e-01,8.769784172661870159e+00,-7.913669064748200810e-02,4.244604316546762846e+00
3.394394222802076033e+00,1.927582534611288478e-01,8.519701810436635520e-03,1.373801916932907430e-01,8.846522781774579514e+00,-1.486810551558752913e-01,4.151079136690647431e+00
3.399350368960734947e+00,1.480298189563365174e-01,1.277955271565495154e-02,1.224707135250266282e-01,8.911270983213428920e+00,-2.230215827338129508e-01,4.045563549160671180e+00
3.404306515119393861e+00,1.096911608093716767e-01,2.449414270500532495e-02,1.075612353567625135e-01,8.954436450839327932e+00,-2.350119904076738708e-01,3.956834532374100544e+00
3.409262661278052775e+00,7.987220447284344715e-02,5.005324813631523151e-02,9.265175718849839870e-02,8.899280575539568972e+00,-2.206235011990407557e-01,3.949640287769784042e+00
3.414218807436711689e+00,5.750798722044728195e-02,7.667731629392970927e-02,8.306709265175718504e-02,8.851318944844123848e+00,-2.230215827338129508e-01,4.038369304556354678e+00
3.419174953595371047e+00,4.153354632587859252e-02,9.371671991480298725e-02,7.561235356762513460e-02,8.800959232613909222e+00,-2.038369304556355011e-01,4.170263788968824770e+00
3.424131099754029961e+00,3.407880724174654208e-02,1.054313099041533502e-01,6.922257720979765883e-02,8.736211031175059816e+00,-1.750599520383692986e-01,4.347721822541966041e+00
3.429087245912688875e+00,3.301384451544196047e-02,1.075612353567625135e-01,7.028753993610223350e-02,8.645083932853717457e+00,-1.294964028776978415e-01,4.558752997601918544e+00
3.434043392071347789e+00,3.301384451544196047e-02,1.011714589989350377e-01,7.667731629392970927e-02,8.568345323741006325e+00,-2.877697841726618855e-02,4.671462829736211297e+00
3.438999538230006703e+00,3.407880724174654208e-02,8.519701810436634826e-02,8.945686900958466081e-02,8.515587529976018644e+00,-9.592326139088728360e-03,4.719424460431654644e+00
3.443955684388665617e+00,3.194888178913737886e-02,6.709265175718849561e-02,9.904153354632587447e-02,8.527577937649880369e+00,-2.877697841726618855e-02,4.693045563549160804e+00
3.448911830547324531e+00,2.662406815761448470e-02,5.324813631522896940e-02,1.033013844515442009e-01,8.604316546762589724e+00,-5.995203836930455832e-02,4.657074340527578293e+00
3.453867976705983445e+00,2.768903088391906284e-02,4.259850905218317413e-02,1.064962726304579388e-01,8.671462829736210409e+00,-9.112709832134292809e-02,4.534772182254196871e+00
3.458824122864642803e+00,3.088391906283280072e-02,3.727369542066027996e-02,1.139510117145899892e-01,8.702637889688249473e+00,-8.633093525179856564e-02,4.402877697841726778e+00
3.463780269023301717e+00,3.407880724174654208e-02,4.153354632587859252e-02,1.203407880724174650e-01,8.729016786570744202e+00,-1.223021582733812979e-01,4.254196642685851515e+00
3.468736415181960631e+00,3.514376996805111675e-02,5.644302449414270728e-02,1.214057507987220397e-01,8.764988009592325824e+00,-1.822541966426858562e-01,4.177458033573141272e+00
3.473692561340619545e+00,3.514376996805111675e-02,7.241746538871139671e-02,1.182108626198083018e-01,8.822541966426857840e+00,-1.726618705035971313e-01,4.165467625899280435e+00
3.478648707499278458e+00,2.768903088391906284e-02,8.519701810436634826e-02,1.118210862619808260e-01,8.836930455635490844e+00,-1.534772182254196538e-01,4.213429256594723782e+00
3.483604853657937372e+00,1.490947816826411129e-02,9.478168264110756192e-02,1.022364217252396124e-01,8.774580335731414493e+00,-5.755395683453237710e-02,4.297362110311750527e+00
3.488560999816596286e+00,-2.129925452609158880e-03,1.011714589989350377e-01,9.584664536741213658e-02,8.690647482014387748e+00,2.398081534772182090e-03,4.364508393285372101e+00
3.493517145975255200e+00,-1.810436634717784918e-02,9.797657082002129980e-02,9.265175718849839870e-02,8.673860911270983465e+00,-1.438848920863309427e-02,4.438848920863309289e+00
3.498473292133914114e+00,-3.301384451544196047e-02,9.691160809371672513e-02,8.945686900958466081e-02,8.678657074340527799e+00,-2.158273381294964141e-02,4.513189448441247364e+00
3.503429438292573472e+00,-4.898828541001064990e-02,9.797657082002129980e-02,8.626198083067092293e-02,8.712230215827338142e+00,-6.714628297362110199e-02,4.589928057553956720e+00
3.508385584451232386e+00,-5.218317358892438779e-02,9.265175718849839870e-02,8.093716719914803570e-02,8.726618705035971146e+00,-6.954436450839328321e-02,4.671462829736211297e+00
3.513341730609891300e+00,-5.111821086261980618e-02,8.626198083067092293e-02,7.774227902023429781e-02,8.652278177458033070e+00,-6.954436450839328321e-02,4.714628297362110310e+00
3.518297876768550214e+00,-4.792332268370606829e-02,7.667731629392970927e-02,8.200212992545261037e-02,8.642685851318944401e+00,-5.275779376498800771e-02,4.666666666666666963e+00
3.523254022927209128e+00,-3.940362087326943624e-02,7.028753993610223350e-02,8.839190628328008614e-02,8.640287769784173122e+00,-7.673860911270982688e-02,4.647482014388489624e+00
3.528210169085868042e+00,-2.981895633652822258e-02,7.028753993610223350e-02,9.478168264110756192e-02,8.673860911270983465e+00,-1.294964028776978415e-01,4.671462829736211297e+00
3.533166315244526956e+00,-1.384451544195953142e-02,6.709265175718849561e-02,9.691160809371672513e-02,8.707434052757793808e+00,-1.630695443645084064e-01,4.690647482014388636e+00
3.538122461403185870e+00,1.064962726304579440e-03,6.389776357827475772e-02,9.478168264110756192e-02,8.666666666666666075e+00,-1.942446043165467762e-01,4.659472422062350461e+00
3.543078607561845228e+00,1.810436634717784918e-02,5.750798722044728195e-02,9.691160809371672513e-02,8.601918465227818444e+00,-2.062350119904076684e-01,4.604316546762589724e+00
3.548034753720504142e+00,3.301384451544196047e-02,5.750798722044728195e-02,9.797657082002129980e-02,8.613908872901678393e+00,-2.038369304556355011e-01,4.534772182254196871e+00
3.552990899879163056e+00,5.005324813631523151e-02,6.283280085197018305e-02,9.904153354632587447e-02,8.633093525179855732e+00,-2.014388489208633060e-01,4.553956834532374209e+00
3.557947046037821970e+00,6.070287539936101984e-02,6.922257720979765883e-02,9.691160809371672513e-02,8.657074340527577405e+00,-2.158273381294963933e-01,4.671462829736211297e+00
3.562903192196480884e+00,6.815761448349308416e-02,6.283280085197018305e-02,9.371671991480298725e-02,8.618705035971222728e+00,-1.942446043165467762e-01,4.721822541966426812e+00
3.567859338355139798e+00,7.241746538871139671e-02,4.579339723109691201e-02,8.732694355697551147e-02,8.563549160671461991e+00,-1.318944844124700366e-01,4.731414868105515481e+00
3.572815484513798712e+00,6.922257720979765883e-02,3.301384451544196047e-02,8.732694355697551147e-02,8.484412470023981356e+00,-8.393285371702638442e-02,4.700239808153477306e+00
3.577771630672457626e+00,6.176783812566560145e-02,2.449414270500532495e-02,8.945686900958466081e-02,8.472422062350119631e+00,-2.637889688249400386e-02,4.743405275779376318e+00
3.582727776831116984e+00,5.324813631522896940e-02,8.519701810436635520e-03,9.371671991480298725e-02,8.505995203836929974e+00,-2.398081534772182090e-03,4.781774580335730995e+00
3.587683922989775898e+00,3.727369542066027996e-02,-1.277955271565495154e-02,9.904153354632587447e-02,8.592326139088729775e+00,-2.158273381294964141e-02,4.748201438848920652e+00
3.592640069148434812e+00,1.810436634717784918e-02,-2.981895633652822258e-02,9.691160809371672513e-02,8.623501199040767062e+00,-5.515587529976018893e-02,4.659472422062350461e+00
3.597596215307093725e+00,-1.064962726304579440e-03,-3.620873269435569836e-02,9.371671991480298725e-02,8.649880095923261791e+00,-5.515587529976018893e-02,4.505995203836930862e+00
3.602552361465752639e+00,-1.916932907348242732e-02,-3.194888178913737886e-02,9.584664536741213658e-02,8.664268585131894795e+00,-3.117505995203836977e-02,4.458033573141486627e+00
3.607508507624411553e+00,-3.620873269435569836e-02,-2.342917997870074681e-02,1.086261980830670881e-01,8.683453237410072134e+00,-1.918465227817745672e-02,4.419664268585131950e+00
3.612464653783070467e+00,-4.792332268370606829e-02,-1.490947816826411129e-02,1.267305644302449408e-01,8.693045563549160804e+00,-1.175059952038369354e-01,4.376498800959232938e+00
3.617420799941729381e+00,-5.750798722044728195e-02,-1.064962726304579440e-03,1.352502662406815659e-01,8.707434052757793808e+00,-2.326139088729016757e-01,4.328537170263788703e+00
3.622376946100388739e+00,-6.922257720979765883e-02,5.324813631522896766e-03,1.373801916932907430e-01,8.714628297362111198e+00,-2.661870503597122406e-01,4.285371702637889690e+00
3.627333092259047653e+00,-8.306709265175718504e-02,1.810436634717784918e-02,1.363152289669861683e-01,8.685851318944843413e+00,-2.685851318944844079e-01,4.282973621103117523e+00
3.632289238417706567e+00,-9.797657082002129980e-02,3.194888178913737886e-02,1.352502662406815659e-01,8.642685851318944401e+00,-2.901678657074340251e-01,4.330935251798560870e+00
3.637245384576365481e+00,-1.139510117145899892e-01,3.833865814696485463e-02,1.331203407880724165e-01,8.606714628297362779e+00,-3.093525179856115304e-01,4.357314148681055599e+00
3.642201530735024395e+00,-1.267305644302449408e-01,3.727369542066027996e-02,1.288604898828540901e-01,8.621103117505995783e+00,-3.764988009592326046e-01,4.323741007194244368e+00
3.647157676893683309e+00,-1.448349307774227934e-01,3.620873269435569836e-02,1.182108626198083018e-01,8.630695443645084453e+00,-4.436450839328537343e-01,4.282973621103117523e+00
3.652113823052342223e+00,-1.597444089456868943e-01,4.153354632587859252e-02,1.064962726304579388e-01,8.642685851318944401e+00,-4.436450839328537343e-01,4.237410071942446343e+00
3.657069969211001137e+00,-1.725239616613418459e-01,5.111821086261980618e-02,9.158679446219382403e-02,8.649880095923261791e+00,-4.508393285371702364e-01,4.309352517985611364e+00
3.662026115369660051e+00,-1.778487752928647470e-01,5.963791267305644517e-02,8.306709265175718504e-02,8.613908872901678393e+00,-4.412470023980815115e-01,4.467625899280575297e+00
3.666982261528319409e+00,-1.767838125665601723e-01,5.857294994675186356e-02,7.561235356762513460e-02,8.599520383693045389e+00,-4.508393285371702364e-01,4.568345323741007213e+00
3.671938407686978323e+00,-1.757188498402555976e-01,5.324813631522896940e-02,6.922257720979765883e-02,8.549160671462828986e+00,-4.484412470023980690e-01,4.616306954436450560e+00
3.676894553845637237e+00,-1.661341853035143701e-01,4.472843450479233041e-02,6.602768903088392094e-02,8.539568345323740317e+00,-4.724220623501199090e-01,4.616306954436450560e+00
3.681850700004296151e+00,-1.576144834930777450e-01,4.153354632587859252e-02,6.496272630457934627e-02,8.565947242206235046e+00,-5.299760191846523139e-01,4.659472422062350461e+00
3.686806846162955065e+00,-1.501597444089456945e-01,4.259850905218317413e-02,6.070287539936101984e-02,8.589928057553956720e+00,-5.635491606714628787e-01,4.719424460431654644e+00
3.691762992321613979e+00,-1.384451544195953177e-01,4.153354632587859252e-02,5.431309904153354406e-02,8.601918465227818444e+00,-5.779376498800958828e-01,4.774580335731414493e+00
3.696719138480272893e+00,-1.277955271565495154e-01,3.514376996805111675e-02,4.898828541001064990e-02,8.611510791366907114e+00,-6.043165467625899456e-01,4.762589928057553657e+00
3.701675284638931807e+00,-1.128860489882854146e-01,3.194888178913737886e-02,3.940362087326943624e-02,8.553956834532373321e+00,-6.258992805755395628e-01,4.724220623501198979e+00
3.706631430797591165e+00,-9.797657082002129980e-02,2.662406815761448470e-02,3.194888178913737886e-02,8.529976019184651648e+00,-6.594724220623501276e-01,4.700239808153477306e+00
3.711587576956250079e+00,-8.519701810436634826e-02,2.236421725239616520e-02,2.129925452609158706e-02,8.556354916067146377e+00,-6.618705035971222950e-01,4.705035971223021640e+00
3.716543723114908992e+00,-7.241746538871139671e-02,1.810436634717784918e-02,8.519701810436635520e-03,8.589928057553956720e+00,-7.002398081534771945e-01,4.693045563549160804e+00
3.721499869273567906e+00,-6.496272630457934627e-02,1.384451544195953142e-02,-7.454739084132055646e-03,8.558752997601917656e+00,-6.354916067146283432e-01,4.743405275779376318e+00
3.726456015432226820e+00,-5.963791267305644517e-02,5.324813631522896766e-03,-2.023429179978700893e-02,8.517985611510791699e+00,-5.731414868105515481e-01,4.748201438848920652e+00
3.731412161590885734e+00,-5.537806176783812567e-02,-8.519701810436635520e-03,-2.981895633652822258e-02,8.498800959232614360e+00,-5.443645083932853179e-01,4.695443645083932971e+00
3.736368307749544648e+00,-5.750798722044728195e-02,-2.023429179978700893e-02,-3.514376996805111675e-02,8.520383693045562978e+00,-5.491606714628297636e-01,4.640287769784172234e+00
3.741324453908203562e+00,-5.857294994675186356e-02,-2.555910543130990309e-02,-3.940362087326943624e-02,8.573141486810552436e+00,-5.275779376498801465e-01,4.633093525179855732e+00
3.746280600066862920e+00,-6.815761448349308416e-02,-2.875399361022364098e-02,-5.005324813631523151e-02,8.592326139088729775e+00,-4.604316546762590168e-01,4.587529976019184552e+00
3.751236746225521834e+00,-7.667731629392970927e-02,-3.088391906283280072e-02,-5.537806176783812567e-02,8.563549160671461991e+00,-3.788968824940047719e-01,4.522781774580336034e+00
3.756192892384180748e+00,-8.626198083067092293e-02,-2.981895633652822258e-02,-5.644302449414270728e-02,8.597122302158274110e+00,-3.213429256594724226e-01,4.407673860911271113e+00
3.761149038542839662e+00,-1.001064962726304630e-01,-1.810436634717784918e-02,-5.005324813631523151e-02,8.666666666666666075e+00,-3.669064748201438797e-01,4.328537170263788703e+00
3.766105184701498576e+00,-1.064962726304579388e-01,5.324813631522896766e-03,-4.259850905218317413e-02,8.752997601918465875e+00,-4.292565947242206192e-01,4.330935251798560870e+00
3.771061330860157490e+00,-1.150159744408945639e-01,3.301384451544196047e-02,-3.833865814696485463e-02,8.738609112709832871e+00,-4.316546762589927866e-01,4.486810551558752636e+00
3.776017477018816404e+00,-1.214057507987220397e-01,4.792332268370606829e-02,-3.833865814696485463e-02,8.647482014388488736e+00,-4.364508393285371768e-01,4.609112709832134058e+00
3.780973623177475318e+00,-1.267305644302449408e-01,4.472843450479233041e-02,-4.046858359957401785e-02,8.522781774580336034e+00,-4.340527577937650094e-01,4.649880095923261791e+00
3.785929769336134676e+00,-1.405750798722044670e-01,3.407880724174654208e-02,-4.472843450479233041e-02,8.484412470023981356e+00,-4.580335731414867939e-01,4.666666666666666963e+00
3.790885915494793590e+00,-1.544195953141639932e-01,2.555910543130990309e-02,-5.111821086261980618e-02,8.527577937649880369e+00,-5.275779376498801465e-01,4.621103117505994895e+00
3.795842061653452504e+00,-1.629392971246006461e-01,1.810436634717784918e-02,-6.283280085197018305e-02,8.573141486810552436e+00,-5.803357314148680501e-01,4.669064748201439130e+00
3.800798207812111418e+00,-1.661341853035143701e-01,1.277955271565495154e-02,-7.774227902023429781e-02,8.582733812949641106e+00,-6.235011990407673954e-01,4.664268585131894795e+00
3.805754353970770332e+00,-1.671991480298189447e-01,7.454739084132055646e-03,-9.265175718849839870e-02,8.537170263788969038e+00,-5.947242206235011652e-01,4.647482014388489624e+00
3.810710500129429246e+00,-1.640042598509052207e-01,1.064962726304579440e-03,-1.011714589989350377e-01,8.503597122302158695e+00,-5.899280575539568305e-01,4.589928057553956720e+00
3.815666646288088160e+00,-1.565495207667731703e-01,-1.064962726304579440e-03,-1.096911608093716767e-01,8.589928057553956720e+00,-6.139088729016786150e-01,4.494004796163069138e+00
3.820622792446747074e+00,-1.490947816826411199e-01,3.194888178913737886e-03,-1.203407880724174650e-01,8.633093525179855732e+00,-6.282973621103117301e-01,4.484412470023980468e+00
3.825578938605405988e+00,-1.373801916932907430e-01,9.584664536741213658e-03,-1.373801916932907430e-01,8.671462829736210409e+00,-6.570743405275779603e-01,4.604316546762589724e+00
3.830535084764065346e+00,-1.256656017039403661e-01,1.277955271565495154e-02,-1.501597444089456945e-01,8.700239808153476417e+00,-6.498800959232613472e-01,4.666666666666666963e+00
3.835491230922724260e+00,-1.075612353567625135e-01,1.384451544195953142e-02,-1.618743343982960714e-01,8.690647482014387748e+00,-5.899280575539568305e-01,4.637889688249400066e+00
3.840447377081383173e+00,-9.371671991480298725e-02,1.810436634717784918e-02,-1.703940362087326965e-01,8.678657074340527799e+00,-5.659472422062350461e-01,4.618705035971222728e+00
3.845403523240042087e+00,-8.093716719914803570e-02,2.662406815761448470e-02,-1.778487752928647470e-01,8.628297362110311397e+00,-5.035971223021582510e-01,4.697841726618705138e+00
3.850359669398701001e+00,-7.241746538871139671e-02,3.088391906283280072e-02,-1.810436634717784987e-01,8.633093525179855732e+00,-4.892086330935251914e-01,4.788968824940048385e+00
3.855315815557359915e+00,-6.709265175718849561e-02,2.236421725239616520e-02,-1.874334398296059745e-01,8.625899280575540118e+00,-4.724220623501199090e-01,4.868105515587529908e+00
3.860271961716018829e+00,-6.602768903088392094e-02,6.389776357827475772e-03,-1.991480298189563236e-01,8.635491606714628787e+00,-4.532374100719424592e-01,4.851318944844124736e+00
3.865228107874677743e+00,-7.348242811501597138e-02,-4.259850905218317760e-03,-2.119275825346112752e-01,8.630695443645084453e+00,-3.836930455635491621e-01,4.803357314148681390e+00
3.870184254033337101e+00,-8.200212992545261037e-02,-1.171458998935037341e-02,-2.247071352502662545e-01,8.594724220623501054e+00,-3.285371702637889801e-01,4.764988009592325824e+00
3.875140400191996015e+00,-8.945686900958466081e-02,-1.490947816826411129e-02,-2.364217252396166036e-01,8.587529976019185440e+00,-3.333333333333333148e-01,4.762589928057553657e+00
3.880096546350654929e+00,-9.691160809371672513e-02,-1.597444089456868943e-02,-2.481363152289669805e-01,8.623501199040767062e+00,-3.405275779376498724e-01,4.803357314148681390e+00
3.885052692509313843e+00,-1.043663471778487756e-01,-1.277955271565495154e-02,-2.619808306709265344e-01,8.669064748201439130e+00,-3.429256594724220397e-01,4.846522781774580402e+00
3.890008838667972757e+00,-1.064962726304579388e-01,-1.703940362087327104e-02,-2.779552715654952100e-01,8.587529976019185440e+00,-3.141486810551558650e-01,4.911270983213428920e+00
3.894964984826631671e+00,-1.043663471778487756e-01,-3.194888178913737886e-02,-2.843450479233226580e-01,8.529976019184651648e+00,-2.182254196642685884e-01,4.954436450839328820e+00
3.899921130985290585e+00,-9.904153354632587447e-02,-4.366347177848775574e-02,-2.854100106496272882e-01,8.549160671462828986e+00,-1.558752997601918489e-01,4.920863309352517589e+00
3.904877277143949499e+00,-8.945686900958466081e-02,-5.005324813631523151e-02,-2.822151224707135087e-01,8.642685851318944401e+00,-1.414868105515587615e-01,4.884892086330935079e+00
3.909833423302608857e+00,-8.306709265175718504e-02,-4.898828541001064990e-02,-2.779552715654952100e-01,8.673860911270983465e+00,-7.673860911270982688e-02,4.997601918465227833e+00
3.914789569461267771e+00,-8.093716719914803570e-02,-5.111821086261980618e-02,-2.747603833865814860e-01,8.635491606714628787e+00,-2.877697841726618855e-02,5.086330935251798913e+00
3.919745715619926685e+00,-7.667731629392970927e-02,-6.602768903088392094e-02,-2.683706070287539824e-01,8.580335731414868050e+00,-2.158273381294964141e-02,5.095923261390887582e+00
3.924701861778585599e+00,-7.774227902023429781e-02,-8.200212992545261037e-02,-2.641107561235356838e-01,8.587529976019185440e+00,2.158273381294964141e-02,5.026378896882493841e+00
3.929658007937244513e+00,-8.093716719914803570e-02,-9.265175718849839870e-02,-2.587859424920127549e-01,8.630695443645084453e+00,1.199040767386091132e-02,4.918465227817745422e+00
3.934614154095903427e+00,-8.413205537806177359e-02,-1.001064962726304630e-01,-2.577209797657081802e-01,8.647482014388488736e+00,5.755395683453237710e-02,4.846522781774580402e+00
3.939570300254562341e+00,-9.052183173588924936e-02,-1.086261980830670881e-01,-2.534611288604898816e-01,8.664268585131894795e+00,7.434052757793764565e-02,4.803357314148681390e+00
3.944526446413221255e+00,-9.478168264110756192e-02,-1.150159744408945639e-01,-2.502662406815761575e-01,8.717026378896882477e+00,1.918465227817745672e-02,4.719424460431654644e+00
3.949482592571880613e+00,-9.584664536741213658e-02,-1.139510117145899892e-01,-2.481363152289669805e-01,8.776978417266187549e+00,-3.117505995203836977e-02,4.635491606714627899e+00
3.954438738730539527e+00,-9.478168264110756192e-02,-1.075612353567625135e-01,-2.470713525026624058e-01,8.808153477218224836e+00,-2.637889688249400386e-02,4.565947242206235046e+00
3.959394884889198440e+00,-9.265175718849839870e-02,-1.033013844515442009e-01,-2.481363152289669805e-01,8.772182254196643214e+00,2.877697841726618855e-02,4.529976019184652536e+00
3.964351031047857354e+00,-9.691160809371672513e-02,-1.033013844515442009e-01,-2.449414270500532564e-01,8.738609112709832871e+00,9.352517985611510931e-02,4.446043165467625791e+00
3.969307177206516268e+00,-1.022364217252396124e-01,-1.011714589989350377e-01,-2.428115015974440793e-01,8.793764988009591832e+00,8.153477218225420320e-02,4.366906474820144268e+00
3.974263323365175182e+00,-1.075612353567625135e-01,-9.691160809371672513e-02,-2.438764643237486818e-01,8.894484412470024637e+00,9.592326139088729053e-02,4.273381294964028854e+00
3.979219469523834096e+00,-1.171458998935037271e-01,-8.306709265175718504e-02,-2.481363152289669805e-01,8.940047961630694928e+00,1.654676258992805737e-01,4.309352517985611364e+00
3.984175615682493010e+00,-1.288604898828540901e-01,-7.028753993610223350e-02,-2.481363152289669805e-01,8.815347721822542226e+00,2.829736211031175230e-01,4.448441247002397958e+00
3.989131761841151924e+00,-1.395101171458998923e-01,-6.602768903088392094e-02,-2.396166134185303553e-01,8.743405275779377206e+00,3.333333333333333148e-01,4.551558752997602042e+00
3.994087907999811282e+00,-1.501597444089456945e-01,-6.602768903088392094e-02,-2.279020234291799785e-01,8.745803357314148485e+00,3.237410071942445899e-01,4.601918465227817556e+00
3.999044054158470196e+00,-1.608093716719914690e-01,-6.815761448349308416e-02,-2.151224707135250269e-01,8.769784172661870159e+00,3.069544364508393075e-01,4.645083932853717457e+00
4.004000200317128666e+00,-1.682641107561235472e-01,-7.135250266240682204e-02,-2.066027689030884018e-01,8.717026378896882477e+00,2.973621103117505826e-01,4.697841726618705138e+00
4.008956346475787136e+00,-1.725239616613418459e-01,-8.093716719914803570e-02,-1.991480298189563236e-01,8.640287769784173122e+00,3.285371702637889801e-01,4.693045563549160804e+00
4.013912492634446494e+00,-1.757188498402555976e-01,-8.626198083067092293e-02,-1.874334398296059745e-01,8.613908872901678393e+00,3.309352517985611475e-01,4.589928057553956720e+00
4.018868638793105852e+00,-1.714589989350372712e-01,-8.519701810436634826e-02,-1.735889243876464205e-01,8.688249400479616469e+00,2.254196642685851182e-01,4.508393285371703030e+00
4.023824784951764322e+00,-1.661341853035143701e-01,-7.774227902023429781e-02,-1.682641107561235472e-01,8.769784172661870159e+00,1.702637889688249362e-01,4.431654676258992787e+00
4.028780931110423680e+00,-1.661341853035143701e-01,-7.135250266240682204e-02,-1.682641107561235472e-01,8.791366906474820553e+00,1.438848920863309289e-01,4.407673860911271113e+00
4.033737077269082150e+00,-1.618743343982960714e-01,-6.922257720979765883e-02,-1.703940362087326965e-01,8.717026378896882477e+00,1.534772182254196538e-01,4.335731414868105205e+00
4.038693223427741508e+00,-1.565495207667731703e-01,-6.496272630457934627e-02,-1.661341853035143701e-01,8.700239808153476417e+00,1.055155875299760154e-01,4.285371702637889690e+00
4.043649369586399978e+00,-1.501597444089456945e-01,-5.963791267305644517e-02,-1.650692225772097954e-01,8.748201438848921541e+00,-9.592326139088728360e-03,4.282973621103117523e+00
4.048605515745059336e+00,-1.427050053248136441e-01,-5.218317358892438779e-02,-1.725239616613418459e-01,8.836930455635490844e+00,-4.556354916067146404e-02,4.304556354916067029e+00
4.053561661903718694e+00,-1.352502662406815659e-01,-4.472843450479233041e-02,-1.810436634717784987e-01,8.846522781774579514e+00,-3.836930455635491344e-02,4.321342925659472201e+00
4.058517808062377163e+00,-1.267305644302449408e-01,-3.833865814696485463e-02,-1.853035143769967974e-01,8.774580335731414493e+00,1.438848920863309427e-02,4.321342925659472201e+00
4.063473954221036522e+00,-1.139510117145899892e-01,-2.768903088391906284e-02,-1.831735889243876481e-01,8.681055155875299079e+00,6.474820143884892076e-02,4.352517985611510376e+00
4.068430100379694991e+00,-1.022364217252396124e-01,-1.810436634717784918e-02,-1.778487752928647470e-01,8.647482014388488736e+00,1.007194244604316530e-01,4.479616306954436133e+00
4.073386246538354349e+00,-8.945686900958466081e-02,-1.703940362087327104e-02,-1.714589989350372712e-01,8.683453237410072134e+00,6.714628297362110199e-02,4.577937649880095883e+00
4.078342392697012819e+00,-8.200212992545261037e-02,-2.129925452609158706e-02,-1.629392971246006461e-01,8.661870503597121740e+00,7.434052757793764565e-02,4.520383693045563867e+00
4.083298538855672177e+00,-7.454739084132055993e-02,-2.342917997870074681e-02,-1.629392971246006461e-01,8.616306954436451448e+00,1.582733812949640162e-01,4.522781774580336034e+00
4.088254685014330647e+00,-6.496272630457934627e-02,-1.597444089456868943e-02,-1.554845580404685956e-01,8.515587529976018644e+00,2.781774580335731328e-01,4.503597122302158695e+00
4.093210831172990005e+00,-5.750798722044728195e-02,-9.584664536741213658e-03,-1.341853035143769912e-01,8.546762589928057707e+00,3.069544364508393075e-01,4.496402877697841305e+00
4.098166977331649363e+00,-5.005324813631523151e-02,-3.194888178913737886e-03,-1.139510117145899892e-01,8.597122302158274110e+00,2.685851318944844079e-01,4.510791366906475197e+00
4.103123123490307833e+00,-4.792332268370606829e-02,-1.064962726304579440e-03,-1.011714589989350377e-01,8.609112709832134058e+00,2.517985611510791255e-01,4.537170263788969038e+00
4.108079269648967191e+00,-5.005324813631523151e-02,-3.194888178913737886e-03,-9.371671991480298725e-02,8.558752997601917656e+00,3.381294964028777050e-01,4.544364508393285540e+00
4.113035415807625661e+00,-5.537806176783812567e-02,-9.584664536741213658e-03,-8.200212992545261037e-02,8.553956834532373321e+00,3.980815347721822772e-01,4.618705035971222728e+00
4.117991561966285019e+00,-5.963791267305644517e-02,-1.384451544195953142e-02,-6.283280085197018305e-02,8.589928057553956720e+00,4.100719424460431695e-01,4.609112709832134058e+00
4.122947708124943489e+00,-6.389776357827475772e-02,-1.703940362087327104e-02,-4.046858359957401785e-02,8.666666666666666075e+00,3.669064748201438797e-01,4.551558752997602042e+00
4.127903854283602847e+00,-6.815761448349308416e-02,-2.236421725239616520e-02,-2.342917997870074681e-02,8.733812949640288537e+00,3.261390887290168128e-01,4.510791366906475197e+00
4.132860000442261317e+00,-7.241746538871139671e-02,-2.129925452609158706e-02,-9.584664536741213658e-03,8.712230215827338142e+00,3.285371702637889801e-01,4.513189448441247364e+00
4.137816146600920675e+00,-7.454739084132055993e-02,-1.703940362087327104e-02,5.324813631522896766e-03,8.707434052757793808e+00,3.501199040767385973e-01,4.597122302158273222e+00
4.142772292759580033e+00,-7.880724174653887248e-02,-1.916932907348242732e-02,2.555910543130990309e-02,8.707434052757793808e+00,3.189448441247002553e-01,4.652278177458033959e+00
4.147728438918238503e+00,-8.200212992545261037e-02,-2.449414270500532495e-02,4.046858359957401785e-02,8.726618705035971146e+00,2.422062350119904006e-01,4.613908872901678393e+00
4.152684585076897861e+00,-8.732694355697551147e-02,-2.768903088391906284e-02,5.005324813631523151e-02,8.707434052757793808e+00,2.110311750599520308e-01,4.611510791366906226e+00
4.157640731235556331e+00,-9.052183173588924936e-02,-2.875399361022364098e-02,6.176783812566560145e-02,8.587529976019185440e+00,2.230215827338129508e-01,4.558752997601918544e+00
4.162596877394215689e+00,-5.218317358892438779e-02,1.597444089456868943e-02,1.096911608093716767e-01,8.172661870503597825e+00,-1.726618705035971313e-01,6.592326139088728887e+00
4.167553023552874158e+00,1.810436634717784987e-01,3.194888178913737886e-02,1.533546325878594185e-01,9.263788968824940184e+00,-2.422062350119904006e-01,4.525179856115108201e+00
4.172509169711533517e+00,-4.366347177848775574e-02,-1.512247071352502692e-01,7.348242811501597138e-02,9.026378896882494729e+00,-6.330935251798560648e-01,5.925659472422061924e+00
4.177465315870192875e+00,3.940362087326943624e-02,-2.087326943556975511e-01,-9.584664536741213658e-03,7.829736211031175230e+00,4.580335731414867939e-01,4.426858513189448452e+00
4.182421462028851344e+00,5.537806176783812567e-02,-1.352502662406815659e-01,4.579339723109691201e-02,8.517985611510791699e+00,9.064748201438849184e-01,3.074340527577937632e+00
4.187377608187510702e+00,-3.407880724174654208e-02,-9.052183173588924936e-02,1.096911608093716767e-01,8.664268585131894795e+00,3.141486810551558650e-01,4.937649880095923649e+00
4.192333754346169172e+00,7.454739084132055993e-02,-4.579339723109691201e-02,1.427050053248136441e-01,8.796163069544364888e+00,1.918465227817745672e-02,2.942446043165467540e+00
4.197289900504828530e+00,-4.153354632587859252e-02,-5.324813631522896766e-03,1.288604898828540901e-01,9.189448441247002108e+00,-5.035971223021582510e-01,5.671462829736211297e+00
4.202246046663487000e+00,7.028753993610223350e-02,-3.833865814696485463e-02,6.709265175718849561e-02,8.810551558752997892e+00,2.565947242206235157e-01,3.551558752997602042e+00
4.207202192822146358e+00,-8.093716719914803570e-02,-6.496272630457934627e-02,7.241746538871139671e-02,8.112709832134292753e+00,3.693045563549160470e-01,5.263788968824940184e+00
4.212158338980804828e+00,4.472843450479233041e-02,-3.620873269435569836e-02,1.192758253461128903e-01,8.388489208633092886e+00,2.997601918465228055e-01,3.920863309352518034e+00
4.217114485139464186e+00,-1.490947816826411129e-02,-9.584664536741213658e-03,1.395101171458998923e-01,9.062350119904076351e+00,-2.182254196642685884e-01,4.496402877697841305e+00
4.222070631298123544e+00,-4.579339723109691201e-02,-4.898828541001064990e-02,8.519701810436634826e-02,8.829736211031175230e+00,-1.294964028776978415e-01,4.844124700239808234e+00
4.227026777456782014e+00,-5.324813631522896940e-02,-6.815761448349308416e-02,5.963791267305644517e-02,8.086330935251798024e+00,4.844124700239808012e-01,3.695443645083932971e+00
4.231982923615441372e+00,-1.011714589989350377e-01,-2.768903088391906284e-02,1.075612353567625135e-01,8.177458033573142160e+00,2.206235011990407557e-01,5.280575539568345356e+00
4.236939069774099842e+00,2.129925452609158880e-03,-1.597444089456868943e-02,1.501597444089456945e-01,8.760191846522781489e+00,-6.954436450839328321e-02,3.702637889688249473e+00
4.241895215932759200e+00,-1.256656017039403661e-01,-4.792332268370606829e-02,1.267305644302449408e-01,9.103117505995204084e+00,-5.875299760191846632e-01,5.383693045563549440e+00
4.246851362091417670e+00,-5.431309904153354406e-02,-8.200212992545261037e-02,7.028753993610223350e-02,8.592326139088729775e+00,-4.316546762589928282e-02,3.726618705035971146e+00
4.251807508250077028e+00,-1.075612353567625135e-01,-5.111821086261980618e-02,7.774227902023429781e-02,8.376498800959232938e+00,1.750599520383692986e-01,4.141486810551558762e+00
4.256763654408736386e+00,-4.579339723109691201e-02,6.389776357827475772e-03,1.267305644302449408e-01,8.669064748201439130e+00,5.755395683453237710e-02,3.846522781774580402e+00
4.261719800567394856e+00,-4.366347177848775574e-02,5.005324813631523151e-02,1.533546325878594185e-01,9.069544364508393741e+00,-3.741007194244604372e-01,3.894484412470024193e+00
4.266675946726054214e+00,-6.496272630457934627e-02,6.496272630457934627e-02,1.341853035143769912e-01,9.009592326139088669e+00,-6.330935251798560648e-01,5.165467625899280435e+00
4.271632092884712684e+00,1.384451544195953142e-02,6.283280085197018305e-02,1.064962726304579388e-01,8.990407673860911331e+00,-3.069544364508393075e-01,4.247002398081535013e+00
4.276588239043372042e+00,-5.005324813631523151e-02,2.981895633652822258e-02,9.478168264110756192e-02,8.880095923261391633e+00,-2.517985611510791255e-01,5.100719424460431917e+00
4.281544385202030512e+00,-4.259850905218317760e-03,7.454739084132055646e-03,8.732694355697551147e-02,8.513189448441247364e+00,6.954436450839328321e-02,3.690647482014388636e+00
4.286500531360689870e+00,-5.644302449414270728e-02,4.046858359957401785e-02,1.075612353567625135e-01,8.556354916067146377e+00,-7.673860911270982688e-02,4.309352517985611364e+00
4.291456677519348339e+00,-2.768903088391906284e-02,7.135250266240682204e-02,1.192758253461128903e-01,8.585131894484412385e+00,-1.870503597122302186e-01,4.412470023980815448e+00
4.296412823678007697e+00,-4.259850905218317413e-02,6.709265175718849561e-02,1.267305644302449408e-01,8.774580335731414493e+00,-4.484412470023980690e-01,5.390887290167865942e+00
4.301368969836667056e+00,-2.342917997870074681e-02,-3.194888178913737886e-03,1.139510117145899892e-01,9.187050359712230829e+00,-7.026378896882493619e-01,5.659472422062350461e+00
4.306325115995325525e+00,-2.449414270500532495e-02,-1.033013844515442009e-01,5.431309904153354406e-02,9.239808153477218511e+00,-4.868105515587530241e-01,4.446043165467625791e+00
4.311281262153984883e+00,-8.839190628328008614e-02,-1.373801916932907430e-01,7.454739084132055646e-03,8.510791366906474309e+00,9.592326139088728360e-03,3.932853717026378870e+00
4.316237408312643353e+00,-4.792332268370606829e-02,-5.324813631522896940e-02,4.046858359957401785e-02,8.400479616306954611e+00,2.278177458033573133e-01,3.263788968824940184e+00
4.321193554471302711e+00,-4.685835995740149362e-02,3.620873269435569836e-02,1.054313099041533502e-01,9.143884892086331817e+00,-4.148681055155875042e-01,4.357314148681055599e+00
4.326149700629961181e+00,-2.449414270500532495e-02,3.301384451544196047e-02,9.797657082002129980e-02,9.410071942446043280e+00,-8.201438848920863389e-01,4.527577937649880369e+00
4.331105846788620539e+00,-5.111821086261980618e-02,-1.064962726304579353e-02,4.898828541001064990e-02,9.129496402877697037e+00,-8.177458033573141716e-01,5.019184652278177339e+00
4.336061992947279009e+00,-4.259850905218317760e-03,-3.620873269435569836e-02,1.171458998935037341e-02,8.865707434052758629e+00,-4.628297362110311841e-01,4.402877697841726778e+00
4.341018139105938367e+00,-2.129925452609158880e-03,-2.768903088391906284e-02,9.584664536741213658e-03,8.880095923261391633e+00,-3.069544364508393075e-01,4.026378896882493841e+00
4.345974285264597725e+00,-3.194888178913737886e-03,-8.519701810436635520e-03,1.384451544195953142e-02,8.988009592326138275e+00,-3.860911270983213295e-01,4.009592326139088669e+00
4.350930431423256195e+00,-1.064962726304579440e-03,1.810436634717784918e-02,3.194888178913737886e-03,8.853717026378896904e+00,-3.836930455635491621e-01,3.976019184652278327e+00
4.355886577581915553e+00,-1.384451544195953142e-02,3.940362087326943624e-02,-6.389776357827475772e-03,8.985611510791366996e+00,-5.083932853717025857e-01,5.000000000000000000e+00
4.360842723740574023e+00,1.384451544195953142e-02,2.129925452609158880e-03,-2.449414270500532495e-02,9.076738609112709355e+00,-4.004796163069544446e-01,4.664268585131894795e+00
4.365798869899233381e+00,-3.514376996805111675e-02,-5.644302449414270728e-02,-5.005324813631523151e-02,8.853717026378896904e+00,-3.141486810551558650e-01,4.875299760191846410e+00
4.370755016057891851e+00,-2.129925452609158706e-02,-7.880724174653887248e-02,-6.709265175718849561e-02,8.647482014388488736e+00,-8.153477218225420320e-02,4.093525179856115415e+00
4.375711162216551209e+00,-6.176783812566560145e-02,-6.496272630457934627e-02,-7.135250266240682204e-02,8.877697841726618577e+00,-9.352517985611510931e-02,4.146282973621103096e+00
4.380667308375210567e+00,-1.001064962726304630e-01,-6.389776357827475772e-02,-7.774227902023429781e-02,8.971223021582733992e+00,-9.352517985611510931e-02,4.189448441247002108e+00
4.385623454533869037e+00,-1.277955271565495154e-01,-6.389776357827475772e-02,-7.667731629392970927e-02,8.844124700239808234e+00,-7.673860911270982688e-02,4.127098321342925757e+00
4.390579600692528395e+00,-1.384451544195953177e-01,-5.431309904153354406e-02,-7.241746538871139671e-02,8.726618705035971146e+00,-2.637889688249400386e-02,3.889688249400479414e+00
4.395535746851186865e+00,-1.576144834930777450e-01,-2.768903088391906284e-02,-5.750798722044728195e-02,8.810551558752997892e+00,-1.247002398081534791e-01,4.306954436450839196e+00
4.400491893009846223e+00,-1.288604898828540901e-01,-1.277955271565495154e-02,-3.833865814696485463e-02,8.865707434052758629e+00,-2.613908872901678504e-01,4.700239808153477306e+00
4.405448039168504692e+00,-9.584664536741213658e-02,-2.768903088391906284e-02,-3.940362087326943624e-02,9.057553956834532016e+00,-3.405275779376498724e-01,4.141486810551558762e+00
4.410404185327164051e+00,-1.309904153354632672e-01,-5.537806176783812567e-02,-6.070287539936101984e-02,8.788968824940047497e+00,-3.213429256594724226e-01,4.666666666666666963e+00
4.415360331485822520e+00,-2.875399361022364098e-02,-7.028753993610223350e-02,-5.750798722044728195e-02,8.551558752997602042e+00,-2.062350119904076684e-01,4.625899280575539230e+00
4.420316477644481878e+00,1.214057507987220397e-01,-3.620873269435569836e-02,-4.472843450479233041e-02,8.978417266187049606e+00,-9.592326139088729053e-02,3.364508393285371657e+00
4.425272623803141236e+00,7.454739084132055993e-02,0.000000000000000000e+00,-6.709265175718849561e-02,9.177458033573142160e+00,1.678657074340527550e-02,3.633093525179856176e+00
4.430228769961799706e+00,1.703940362087327104e-02,9.584664536741213658e-03,-9.158679446219382403e-02,8.841726618705035179e+00,1.750599520383692986e-01,4.235011990407674176e+00
4.435184916120459064e+00,5.324813631522896766e-03,1.171458998935037341e-02,-7.774227902023429781e-02,8.558752997601917656e+00,9.832134292565947176e-02,4.023980815347721673e+00
4.440141062279117534e+00,1.171458998935037341e-02,3.514376996805111675e-02,-3.833865814696485463e-02,8.671462829736210409e+00,-2.709832134292565753e-01,5.215827338129496837e+00
4.445097208437776892e+00,1.096911608093716767e-01,1.277955271565495154e-02,-3.833865814696485463e-02,8.940047961630694928e+00,-2.589928057553956831e-01,3.887290167865707247e+00
4.450053354596435362e+00,1.490947816826411129e-02,-4.685835995740149362e-02,-7.561235356762513460e-02,8.693045563549160804e+00,-2.589928057553956831e-01,5.410071942446043280e+00
4.455009500755094720e+00,1.075612353567625135e-01,-9.265175718849839870e-02,-1.022364217252396124e-01,8.422062350119903229e+00,2.422062350119904006e-01,4.016786570743405171e+00
4.459965646913753190e+00,5.750798722044728195e-02,-1.033013844515442009e-01,-8.732694355697551147e-02,8.556354916067146377e+00,2.757793764988009655e-01,4.441247002398081456e+00
4.464921793072412548e+00,8.839190628328008614e-02,-1.054313099041533502e-01,-7.880724174653887248e-02,8.894484412470024637e+00,2.326139088729016757e-01,3.848920863309352569e+00
4.469877939231071906e+00,5.218317358892438779e-02,-1.001064962726304630e-01,-9.052183173588924936e-02,8.697841726618705138e+00,3.549160671462829875e-01,3.239808153477218067e+00
4.474834085389730376e+00,-1.171458998935037341e-02,-4.685835995740149362e-02,-9.371671991480298725e-02,8.585131894484412385e+00,4.028776978417266119e-01,3.995203836930455665e+00
4.479790231548389734e+00,-1.064962726304579353e-02,2.129925452609158880e-03,-6.709265175718849561e-02,8.779376498800958828e+00,2.877697841726618577e-01,4.393285371702638109e+00
4.484746377707048204e+00,-3.407880724174654208e-02,-1.384451544195953142e-02,-4.792332268370606829e-02,9.088729016786571080e+00,-2.637889688249400386e-02,4.911270983213428920e+00
4.489702523865707562e+00,-3.940362087326943624e-02,-6.389776357827475772e-02,-6.709265175718849561e-02,8.681055155875299079e+00,3.117505995203836977e-02,4.254196642685851515e+00
4.494658670024366032e+00,-4.898828541001064990e-02,-6.602768903088392094e-02,-8.200212992545261037e-02,8.741007194244604150e+00,9.352517985611510931e-02,4.652278177458033959e+00
4.499614816183025390e+00,-4.259850905218317760e-03,-6.922257720979765883e-02,-8.306709265175718504e-02,9.069544364508393741e+00,2.062350119904076684e-01,4.079136690647482411e+00
4.504570962341684748e+00,-2.129925452609158706e-02,-7.774227902023429781e-02,-9.158679446219382403e-02,8.894484412470024637e+00,2.206235011990407557e-01,4.235011990407674176e+00
4.509527108500343218e+00,6.389776357827475772e-03,-6.070287539936101984e-02,-9.478168264110756192e-02,9.112709832134292753e+00,2.637889688249400733e-01,3.350119904076738653e+00
4.514483254659002576e+00,-4.792332268370606829e-02,-2.662406815761448470e-02,-1.128860489882854146e-01,8.973621103117505271e+00,3.788968824940047719e-01,3.446043165467625791e+00
4.519439400817661046e+00,-6.815761448349308416e-02,2.342917997870074681e-02,-1.107561235356762513e-01,8.640287769784173122e+00,5.395683453237409832e-01,3.489208633093525247e+00
4.524395546976320404e+00,-9.052183173588924936e-02,7.454739084132055993e-02,-7.454739084132055993e-02,8.877697841726618577e+00,2.637889688249400733e-01,4.093525179856115415e+00
4.529351693134978873e+00,-1.086261980830670881e-01,7.135250266240682204e-02,-6.070287539936101984e-02,9.004796163069544335e+00,-1.294964028776978415e-01,4.788968824940048385e+00
4.534307839293638231e+00,-1.022364217252396124e-01,3.088391906283280072e-02,-7.987220447284344715e-02,8.863309352517985573e+00,-1.678657074340527688e-01,4.661870503597122628e+00
4.539263985452296701e+00,-9.904153354632587447e-02,0.000000000000000000e+00,-9.584664536741213658e-02,8.760191846522781489e+00,-3.836930455635491344e-02,4.717026378896882477e+00
4.544220131610956059e+00,-5.431309904153354406e-02,1.064962726304579440e-03,-9.052183173588924936e-02,8.458033573141486627e+00,1.294964028776978415e-01,4.573141486810551548e+00
4.549176277769615417e+00,5.324813631522896766e-03,3.620873269435569836e-02,-5.750798722044728195e-02,8.748201438848921541e+00,1.918465227817745672e-02,4.659472422062350461e+00
4.554132423928273887e+00,6.389776357827475772e-03,2.449414270500532495e-02,-6.176783812566560145e-02,9.088729016786571080e+00,-2.517985611510791255e-01,4.724220623501198979e+00
4.559088570086933245e+00,-1.916932907348242732e-02,-1.703940362087327104e-02,-9.797657082002129980e-02,8.894484412470024637e+00,-1.654676258992805737e-01,5.143884892086330929e+00
4.564044716245591715e+00,1.064962726304579353e-02,-3.727369542066027996e-02,-1.160809371671991524e-01,8.558752997601917656e+00,3.477218225419664299e-01,4.333333333333333037e+00
4.569000862404251073e+00,-3.194888178913737886e-03,-3.514376996805111675e-02,-9.265175718849839870e-02,8.553956834532373321e+00,4.916067146282973588e-01,4.532374100719424703e+00
4.573957008562909543e+00,2.129925452609158706e-02,-2.023429179978700893e-02,-5.963791267305644517e-02,8.609112709832134058e+00,5.299760191846523139e-01,3.827338129496403063e+00
4.578913154721568901e+00,-3.727369542066027996e-02,-2.129925452609158880e-03,-4.259850905218317413e-02,8.760191846522781489e+00,3.788968824940047719e-01,4.251798561151079348e+00
4.583869300880228259e+00,-6.602768903088392094e-02,3.194888178913737886e-03,-4.366347177848775574e-02,8.683453237410072134e+00,3.381294964028777050e-01,4.534772182254196871e+00
4.588825447038886729e+00,-8.306709265175718504e-02,-6.389776357827475772e-03,-2.129925452609158706e-02,8.748201438848921541e+00,3.189448441247002553e-01,4.901678657074340251e+00
4.593781593197546087e+00,-8.839190628328008614e-02,-4.366347177848775574e-02,-7.454739084132055646e-03,8.738609112709832871e+00,2.733812949640287981e-01,4.434052757793764954e+00
4.598737739356204557e+00,-1.214057507987220397e-01,-6.922257720979765883e-02,-5.324813631522896766e-03,8.628297362110311397e+00,2.637889688249400733e-01,4.412470023980815448e+00
4.603693885514863915e+00,-9.052183173588924936e-02,-5.111821086261980618e-02,5.324813631522896766e-03,8.659472422062350461e+00,3.525179856115107646e-01,4.165467625899280435e+00
4.608650031673522385e+00,-7.987220447284344715e-02,-2.023429179978700893e-02,2.875399361022364098e-02,8.860911270983214294e+00,3.237410071942445899e-01,4.098321342925659749e+00
4.613606177832181743e+00,-1.054313099041533502e-01,-1.703940362087327104e-02,3.833865814696485463e-02,8.892086330935251581e+00,1.630695443645084064e-01,4.400479616306954611e+00
4.618562323990840213e+00,-1.150159744408945639e-01,-1.277955271565495154e-02,4.153354632587859252e-02,8.733812949640288537e+00,1.151079136690647542e-01,4.155875299760191766e+00
4.623518470149499571e+00,-1.341853035143769912e-01,1.064962726304579353e-02,5.537806176783812567e-02,8.666666666666666075e+00,-4.796163069544364180e-03,4.666666666666666963e+00
4.628474616308158929e+00,-8.306709265175718504e-02,2.236421725239616520e-02,7.028753993610223350e-02,8.573141486810552436e+00,6.954436450839328321e-02,4.103117505995204084e+00
4.633430762466817399e+00,-1.075612353567625135e-01,2.662406815761448470e-02,7.454739084132055993e-02,8.594724220623501054e+00,-8.872901678657074687e-02,4.436450839328537121e+00
4.638386908625476757e+00,-9.797657082002129980e-02,2.129925452609158706e-02,7.135250266240682204e-02,8.544364508393284652e+00,-1.630695443645084064e-01,4.628297362110311397e+00
4.643343054784135226e+00,-6.176783812566560145e-02,1.597444089456868943e-02,6.922257720979765883e-02,8.537170263788969038e+00,-1.223021582733812979e-01,4.304556354916067029e+00
4.648299200942794585e+00,-5.857294994675186356e-02,1.384451544195953142e-02,7.028753993610223350e-02,8.553956834532373321e+00,-1.702637889688249362e-01,4.544364508393285540e+00
4.653255347101453054e+00,-4.153354632587859252e-02,1.597444089456868943e-02,6.709265175718849561e-02,8.505995203836929974e+00,-8.872901678657074687e-02,4.206235011990407280e+00
4.658211493260112412e+00,-6.283280085197018305e-02,1.490947816826411129e-02,6.283280085197018305e-02,8.438848920863309289e+00,-1.438848920863309289e-01,4.489208633093524803e+00
4.663167639418770882e+00,-5.750798722044728195e-02,1.703940362087327104e-02,7.241746538871139671e-02,8.676258992805754744e+00,-2.661870503597122406e-01,4.520383693045563867e+00
4.668123785577430240e+00,-5.857294994675186356e-02,3.194888178913737886e-03,6.602768903088392094e-02,8.623501199040767062e+00,-2.805755395683453002e-01,4.220623501199041172e+00
4.673079931736089598e+00,-7.135250266240682204e-02,6.389776357827475772e-03,5.111821086261980618e-02,8.460431654676259683e+00,-2.086330935251798635e-01,4.064748201438848518e+00
4.678036077894748068e+00,-7.667731629392970927e-02,3.088391906283280072e-02,5.324813631522896940e-02,8.597122302158274110e+00,-2.685851318944844079e-01,4.498800959232613472e+00
4.682992224053407426e+00,-5.431309904153354406e-02,3.940362087326943624e-02,5.963791267305644517e-02,8.726618705035971146e+00,-3.069544364508393075e-01,4.611510791366906226e+00
4.687948370212065896e+00,-5.857294994675186356e-02,3.088391906283280072e-02,5.537806176783812567e-02,8.757793764988010210e+00,-3.429256594724220397e-01,4.568345323741007213e+00
4.692904516370725254e+00,-6.815761448349308416e-02,2.449414270500532495e-02,4.153354632587859252e-02,8.597122302158274110e+00,-2.589928057553956831e-01,4.587529976019184552e+00
4.697860662529383724e+00,-6.389776357827475772e-02,2.981895633652822258e-02,3.620873269435569836e-02,8.438848920863309289e+00,-5.275779376498800771e-02,4.429256594724220619e+00
4.702816808688043082e+00,-6.922257720979765883e-02,4.472843450479233041e-02,5.218317358892438779e-02,8.323741007194245256e+00,-1.199040767386091132e-02,4.618705035971222728e+00
4.707772954846702440e+00,-6.496272630457934627e-02,5.111821086261980618e-02,7.028753993610223350e-02,8.374100719424459882e+00,-1.270983213429256464e-01,4.776978417266186661e+00
4.712729101005360910e+00,-6.815761448349308416e-02,3.407880724174654208e-02,7.774227902023429781e-02,8.508393285371703030e+00,-2.901678657074340251e-01,5.091127098321343247e+00
4.717685247164020268e+00,-6.283280085197018305e-02,0.000000000000000000e+00,6.070287539936101984e-02,8.577937649880096771e+00,-2.997601918465228055e-01,5.011990407673860837e+00
4.722641393322678738e+00,-6.709265175718849561e-02,-2.555910543130990309e-02,4.259850905218317413e-02,8.563549160671461991e+00,-2.110311750599520308e-01,4.793764988009592720e+00
4.727597539481338096e+00,-6.283280085197018305e-02,-2.449414270500532495e-02,3.620873269435569836e-02,8.563549160671461991e+00,-7.913669064748200810e-02,4.510791366906475197e+00
4.732553685639996566e+00,-5.750798722044728195e-02,-4.259850905218317760e-03,4.153354632587859252e-02,8.537170263788969038e+00,-6.474820143884892076e-02,4.366906474820144268e+00
4.737509831798655924e+00,-5.857294994675186356e-02,1.916932907348242732e-02,5.005324813631523151e-02,8.522781774580336034e+00,-1.486810551558752913e-01,4.599520383693045389e+00
4.742465977957314394e+00,-5.111821086261980618e-02,2.875399361022364098e-02,4.898828541001064990e-02,8.565947242206235046e+00,-2.206235011990407557e-01,4.748201438848920652e+00
4.747422124115973752e+00,-5.218317358892438779e-02,2.023429179978700893e-02,3.833865814696485463e-02,8.587529976019185440e+00,-2.805755395683453002e-01,4.973621103117506159e+00
4.752378270274633110e+00,-4.153354632587859252e-02,3.194888178913737886e-03,2.449414270500532495e-02,8.597122302158274110e+00,-2.374100719424460382e-01,4.887290167865707247e+00
4.757334416433291580e+00,-3.727369542066027996e-02,-9.584664536741213658e-03,1.703940362087327104e-02,8.606714628297362779e+00,-2.038369304556355011e-01,4.800959232613909222e+00
4.762290562591950938e+00,-2.981895633652822258e-02,-1.064962726304579440e-03,1.490947816826411129e-02,8.647482014388488736e+00,-1.990407673860911386e-01,4.628297362110311397e+00
4.767246708750609407e+00,-2.875399361022364098e-02,1.703940362087327104e-02,1.490947816826411129e-02,8.707434052757793808e+00,-1.822541966426858562e-01,4.525179856115108201e+00
4.772202854909268765e+00,-2.981895633652822258e-02,4.153354632587859252e-02,1.490947816826411129e-02,8.700239808153476417e+00,-1.630695443645084064e-01,4.508393285371703030e+00
4.777159001067927235e+00,-3.407880724174654208e-02,6.815761448349308416e-02,2.023429179978700893e-02,8.649880095923261791e+00,-1.390887290167865664e-01,4.436450839328537121e+00
4.782115147226586593e+00,-4.472843450479233041e-02,8.945686900958466081e-02,2.662406815761448470e-02,8.642685851318944401e+00,-1.606714628297362113e-01,4.700239808153477306e+00
4.787071293385245063e+00,-4.366347177848775574e-02,1.011714589989350377e-01,3.194888178913737886e-02,8.587529976019185440e+00,-1.175059952038369354e-01,4.741007194244604150e+00
4.792027439543904421e+00,-4.898828541001064990e-02,1.096911608093716767e-01,4.366347177848775574e-02,8.525179856115107313e+00,-7.434052757793764565e-02,4.880095923261390745e+00
4.796983585702563779e+00,-4.259850905218317413e-02,1.192758253461128903e-01,5.431309904153354406e-02,8.477218225419663966e+00,-6.474820143884892076e-02,4.947242206235012318e+00
4.801939731861222249e+00,-5.111821086261980618e-02,1.235356762513312029e-01,6.389776357827475772e-02,8.455635491606715348e+00,-9.352517985611510931e-02,5.258992805755395850e+00
4.806895878019881607e+00,-5.644302449414270728e-02,1.086261980830670881e-01,6.922257720979765883e-02,8.395683453237410276e+00,-7.913669064748200810e-02,5.410071942446043280e+00
4.811852024178540077e+00,-6.709265175718849561e-02,8.093716719914803570e-02,7.028753993610223350e-02,8.321342925659472201e+00,-1.918465227817745672e-02,5.354916067146282543e+00
4.816808170337199435e+00,-7.667731629392970927e-02,6.070287539936101984e-02,7.135250266240682204e-02,8.318944844124700921e+00,-5.035971223021582649e-02,5.335731414868105205e+00
4.821764316495857905e+00,-7.561235356762513460e-02,4.472843450479233041e-02,7.561235356762513460e-02,8.318944844124700921e+00,-9.832134292565947176e-02,5.203836930455635112e+00
4.826720462654517263e+00,-7.880724174653887248e-02,3.727369542066027996e-02,8.519701810436634826e-02,8.434052757793764954e+00,-1.774580335731414937e-01,5.203836930455635112e+00
4.831676608813176621e+00,-7.561235356762513460e-02,3.514376996805111675e-02,8.413205537806177359e-02,8.520383693045562978e+00,-2.470023980815347631e-01,5.112709832134292753e+00
4.836632754971835091e+00,-7.880724174653887248e-02,3.301384451544196047e-02,7.667731629392970927e-02,8.565947242206235046e+00,-3.045563549160671402e-01,5.206235011990407280e+00
4.841588901130494449e+00,-6.283280085197018305e-02,2.449414270500532495e-02,6.602768903088392094e-02,8.585131894484412385e+00,-3.117505995203836977e-01,5.115107913669064921e+00
4.846545047289152919e+00,-5.324813631522896940e-02,2.023429179978700893e-02,5.750798722044728195e-02,8.587529976019185440e+00,-2.805755395683453002e-01,5.117505995203837088e+00
4.851501193447812277e+00,-4.259850905218317413e-02,2.129925452609158706e-02,5.005324813631523151e-02,8.544364508393284652e+00,-2.757793764988009655e-01,5.160671462829736100e+00
4.856457339606470747e+00,-3.407880724174654208e-02,1.171458998935037341e-02,4.046858359957401785e-02,8.616306954436451448e+00,-3.477218225419664299e-01,5.321342925659472201e+00
4.861413485765130105e+00,-2.555910543130990309e-02,-7.454739084132055646e-03,2.981895633652822258e-02,8.652278177458033070e+00,-4.580335731414867939e-01,5.338129496402877372e+00
4.866369631923788575e+00,-1.277955271565495154e-02,-2.768903088391906284e-02,1.277955271565495154e-02,8.604316546762589724e+00,-4.652278177458033515e-01,5.208633093525179447e+00
4.871325778082447933e+00,-1.064962726304579440e-03,-4.153354632587859252e-02,-5.324813631522896766e-03,8.565947242206235046e+00,-3.645083932853717124e-01,5.302158273381294862e+00
4.876281924241107291e+00,2.449414270500532495e-02,-5.537806176783812567e-02,-1.171458998935037341e-02,8.479616306954437022e+00,-3.405275779376498724e-01,5.220623501199041172e+00
4.881238070399765760e+00,5.111821086261980618e-02,-7.348242811501597138e-02,-1.171458998935037341e-02,8.482014388489208301e+00,-3.932853717026378870e-01,5.302158273381294862e+00
4.886194216558425119e+00,8.306709265175718504e-02,-9.265175718849839870e-02,-1.810436634717784918e-02,8.568345323741006325e+00,-4.052757793764987793e-01,5.203836930455635112e+00
4.891150362717083588e+00,1.022364217252396124e-01,-1.139510117145899892e-01,-2.662406815761448470e-02,8.645083932853717457e+00,-3.860911270983213295e-01,5.148681055155875264e+00
4.896106508875742946e+00,1.288604898828540901e-01,-1.331203407880724165e-01,-3.833865814696485463e-02,8.647482014388488736e+00,-2.877697841726618577e-01,4.980815347721822661e+00
4.901062655034401416e+00,1.501597444089456945e-01,-1.395101171458998923e-01,-4.366347177848775574e-02,8.659472422062350461e+00,-2.278177458033573133e-01,4.808153477218225724e+00
4.906018801193060774e+00,1.618743343982960714e-01,-1.384451544195953177e-01,-4.259850905218317413e-02,8.705035971223020752e+00,-1.798561151079136611e-01,4.733812949640287648e+00
4.910974947351720132e+00,1.746538871139510229e-01,-1.320553780617678419e-01,-4.153354632587859252e-02,8.750599520383692820e+00,-1.247002398081534791e-01,4.568345323741007213e+00
4.915931093510378602e+00,1.735889243876464205e-01,-1.299254526091586925e-01,-4.046858359957401785e-02,8.779376498800958828e+00,-8.633093525179856564e-02,4.496402877697841305e+00
4.920887239669037960e+00,1.693290734824281218e-01,-1.288604898828540901e-01,-4.366347177848775574e-02,8.793764988009591832e+00,-4.796163069544364180e-03,4.254196642685851515e+00
4.925843385827696430e+00,1.544195953141639932e-01,-1.171458998935037271e-01,-3.940362087326943624e-02,8.820143884892086561e+00,9.112709832134292809e-02,4.177458033573141272e+00
4.930799531986355788e+00,1.458998935037273681e-01,-1.011714589989350377e-01,-3.194888178913737886e-02,8.827338129496402175e+00,1.318944844124700366e-01,4.091127098321343247e+00
4.935755678145014258e+00,1.288604898828540901e-01,-8.626198083067092293e-02,-2.555910543130990309e-02,8.822541966426857840e+00,1.702637889688249362e-01,4.129496402877697925e+00
4.940711824303673616e+00,1.182108626198083018e-01,-7.241746538871139671e-02,-2.023429179978700893e-02,8.817745803357313505e+00,1.558752997601918489e-01,4.139088729016786594e+00
4.945667970462332086e+00,1.107561235356762513e-01,-6.496272630457934627e-02,-1.703940362087327104e-02,8.894484412470024637e+00,1.270983213429256464e-01,4.057553956834532016e+00
4.950624116620991444e+00,9.584664536741213658e-02,-4.792332268370606829e-02,-1.384451544195953142e-02,8.892086330935251581e+00,1.103117505995203779e-01,4.100719424460431917e+00
4.955580262779650802e+00,7.667731629392970927e-02,-2.449414270500532495e-02,-1.064962726304579353e-02,8.868105515587529908e+00,1.103117505995203779e-01,4.287769784172661858e+00
4.960536408938309272e+00,5.857294994675186356e-02,-1.597444089456868943e-02,-7.454739084132055646e-03,8.764988009592325824e+00,7.434052757793764565e-02,4.551558752997602042e+00
4.965492555096968630e+00,4.685835995740149362e-02,-2.023429179978700893e-02,1.064962726304579440e-03,8.649880095923261791e+00,4.556354916067146404e-02,4.661870503597122628e+00
4.970448701255627100e+00,3.301384451544196047e-02,-3.727369542066027996e-02,8.519701810436635520e-03,8.587529976019185440e+00,1.199040767386091132e-02,4.791366906474820553e+00
4.975404847414286458e+00,3.407880724174654208e-02,-5.963791267305644517e-02,7.454739084132055646e-03,8.618705035971222728e+00,3.357314148681055099e-02,4.776978417266186661e+00
4.980360993572944928e+00,3.940362087326943624e-02,-8.306709265175718504e-02,8.519701810436635520e-03,8.539568345323740317e+00,4.316546762589928282e-02,4.836930455635491732e+00
4.985317139731604286e+00,4.898828541001064990e-02,-1.054313099041533502e-01,1.703940362087327104e-02,8.592326139088729775e+00,3.357314148681055099e-02,4.721822541966426812e+00
4.990273285890262756e+00,5.324813631522896940e-02,-1.203407880724174650e-01,2.236421725239616520e-02,8.717026378896882477e+00,-8.153477218225420320e-02,4.645083932853717457e+00
4.995229432048922114e+00,6.070287539936101984e-02,-1.299254526091586925e-01,2.236421725239616520e-02,8.827338129496402175e+00,-2.158273381294963933e-01,4.527577937649880369e+00
5.000185578207581472e+00,6.815761448349308416e-02,-1.384451544195953177e-01,1.064962726304579353e-02,8.882494004796162912e+00,-2.853717026378896904e-01,4.285371702637889690e+00
5.005141724366239941e+00,7.880724174653887248e-02,-1.373801916932907430e-01,-3.194888178913737886e-03,8.832134292565946510e+00,-2.949640287769784153e-01,4.129496402877697925e+00
5.010097870524899299e+00,9.478168264110756192e-02,-1.256656017039403661e-01,-5.324813631522896766e-03,8.832134292565946510e+00,-2.877697841726618577e-01,4.007194244604316502e+00
5.015054016683557769e+00,1.086261980830670881e-01,-1.150159744408945639e-01,-9.584664536741213658e-03,8.920863309352517589e+00,-3.741007194244604372e-01,4.009592326139088669e+00
5.020010162842217127e+00,1.267305644302449408e-01,-1.043663471778487756e-01,-2.023429179978700893e-02,9.062350119904076351e+00,-4.436450839328537343e-01,3.904076738609112862e+00
5.024966309000875597e+00,1.352502662406815659e-01,-9.052183173588924936e-02,-4.259850905218317413e-02,9.028776978417266008e+00,-3.525179856115107646e-01,3.841726618705036067e+00
5.029922455159534955e+00,1.363152289669861683e-01,-7.241746538871139671e-02,-6.283280085197018305e-02,8.932853717026379314e+00,-1.966426858513189435e-01,3.784172661870503607e+00
5.034878601318194313e+00,1.320553780617678419e-01,-5.537806176783812567e-02,-6.496272630457934627e-02,8.851318944844123848e+00,-9.832134292565947176e-02,3.836930455635491732e+00
5.039834747476852783e+00,1.267305644302449408e-01,-4.153354632587859252e-02,-6.176783812566560145e-02,8.860911270983214294e+00,-1.151079136690647542e-01,3.856115107913669071e+00
5.044790893635512141e+00,1.128860489882854146e-01,-2.768903088391906284e-02,-6.922257720979765883e-02,8.995203836930455665e+00,-1.582733812949640162e-01,3.904076738609112862e+00
5.049747039794170611e+00,1.011714589989350377e-01,-2.023429179978700893e-02,-8.732694355697551147e-02,8.916067146282973255e+00,-5.755395683453237710e-02,3.947242206235011874e+00
5.054703185952829969e+00,9.052183173588924936e-02,-7.454739084132055646e-03,-9.265175718849839870e-02,8.803357314148680501e+00,1.438848920863309289e-01,3.800959232613908778e+00
5.059659332111488439e+00,6.602768903088392094e-02,5.324813631522896766e-03,-8.093716719914803570e-02,8.733812949640288537e+00,2.230215827338129508e-01,3.937649880095923205e+00
5.064615478270147797e+00,5.857294994675186356e-02,1.703940362087327104e-02,-6.602768903088392094e-02,8.752997601918465875e+00,1.822541966426858562e-01,3.964028776978417046e+00
5.069571624428806267e+00,4.685835995740149362e-02,2.129925452609158706e-02,-5.963791267305644517e-02,8.848920863309352569e+00,1.414868105515587615e-01,3.997601918465227833e+00
5.074527770587465625e+00,3.088391906283280072e-02,2.555910543130990309e-02,-5.857294994675186356e-02,8.901678657074340251e+00,1.486810551558752913e-01,4.000000000000000000e+00
5.079483916746124983e+00,1.703940362087327104e-02,3.620873269435569836e-02,-5.324813631522896940e-02,8.908872901678657641e+00,1.990407673860911386e-01,3.889688249400479414e+00
5.084440062904783453e+00,-1.064962726304579440e-03,5.750798722044728195e-02,-4.259850905218317413e-02,8.889688249400480302e+00,2.182254196642685884e-01,3.887290167865707247e+00
5.089396209063442811e+00,-1.384451544195953142e-02,8.306709265175718504e-02,-3.088391906283280072e-02,8.877697841726618577e+00,2.565947242206235157e-01,4.007194244604316502e+00
5.094352355222101281e+00,-2.023429179978700893e-02,1.022364217252396124e-01,-2.449414270500532495e-02,8.762589928057554545e+00,2.853717026378896904e-01,4.297362110311750527e+00
5.099308501380760639e+00,-1.810436634717784918e-02,1.001064962726304630e-01,-1.064962726304579353e-02,8.714628297362111198e+00,2.925659472422062479e-01,4.400479616306954611e+00
5.104264647539419109e+00,-3.194888178913737886e-02,8.200212992545261037e-02,2.129925452609158880e-03,8.803357314148680501e+00,1.846522781774580235e-01,4.328537170263788703e+00
5.109220793698078467e+00,-4.792332268370606829e-02,7.135250266240682204e-02,6.389776357827475772e-03,8.846522781774579514e+00,8.393285371702638442e-02,4.350119904076738209e+00
5.114176939856736936e+00,-3.940362087326943624e-02,7.135250266240682204e-02,4.259850905218317760e-03,8.832134292565946510e+00,1.199040767386091166e-01,4.227817745803357674e+00
5.119133086015396294e+00,-4.472843450479233041e-02,7.241746538871139671e-02,1.384451544195953142e-02,8.764988009592325824e+00,1.534772182254196538e-01,4.378896882494005105e+00
5.124089232174055653e+00,-3.833865814696485463e-02,6.496272630457934627e-02,2.981895633652822258e-02,8.796163069544364888e+00,7.194244604316546443e-02,4.448441247002397958e+00
5.129045378332714122e+00,-3.301384451544196047e-02,5.324813631522896940e-02,4.046858359957401785e-02,8.932853717026379314e+00,-9.352517985611510931e-02,4.321342925659472201e+00
5.134001524491373480e+00,-3.194888178913737886e-02,4.472843450479233041e-02,3.088391906283280072e-02,8.988009592326138275e+00,-1.678657074340527688e-01,4.323741007194244368e+00
5.138957670650031950e+00,-1.703940362087327104e-02,4.579339723109691201e-02,1.597444089456868943e-02,8.916067146282973255e+00,-2.158273381294964141e-02,3.980815347721822661e+00
5.143913816808691308e+00,-2.662406815761448470e-02,6.070287539936101984e-02,1.703940362087327104e-02,8.827338129496402175e+00,9.352517985611510931e-02,4.050359712230215514e+00
5.148869962967349778e+00,-9.584664536741213658e-03,8.200212992545261037e-02,2.981895633652822258e-02,8.832134292565946510e+00,4.076738609112710160e-02,4.031175059952038175e+00
5.153826109126009136e+00,-1.064962726304579353e-02,9.797657082002129980e-02,3.940362087326943624e-02,8.976019184652278327e+00,-8.872901678657074687e-02,4.119904076738609255e+00
5.158782255284668494e+00,-1.916932907348242732e-02,1.001064962726304630e-01,2.555910543130990309e-02,8.925659472422061924e+00,-1.151079136690647542e-01,4.374100719424460770e+00
5.163738401443326964e+00,-4.259850905218317760e-03,9.478168264110756192e-02,1.597444089456868943e-02,8.767386091127098879e+00,2.398081534772182263e-02,4.249400479616307180e+00
5.168694547601986322e+00,0.000000000000000000e+00,9.584664536741213658e-02,3.088391906283280072e-02,8.729016786570744202e+00,5.035971223021582649e-02,4.043165467625899012e+00
5.173650693760644792e+00,4.259850905218317760e-03,1.054313099041533502e-01,4.472843450479233041e-02,8.781774580335731883e+00,-6.714628297362110199e-02,4.199040767386090778e+00
5.178606839919304150e+00,3.194888178913737886e-02,1.150159744408945639e-01,5.218317358892438779e-02,8.904076738609113306e+00,-1.846522781774580235e-01,4.199040767386090778e+00
5.183562986077962620e+00,3.514376996805111675e-02,1.160809371671991524e-01,4.685835995740149362e-02,8.913669064748201976e+00,-2.206235011990407557e-01,4.419664268585131950e+00
5.188519132236621978e+00,4.792332268370606829e-02,1.043663471778487756e-01,3.833865814696485463e-02,8.815347721822542226e+00,-1.438848920863309289e-01,4.486810551558752636e+00
5.193475278395280448e+00,6.496272630457934627e-02,8.732694355697551147e-02,3.620873269435569836e-02,8.762589928057554545e+00,-1.342925659472422040e-01,4.398081534772182444e+00
5.198431424553939806e+00,7.348242811501597138e-02,7.987220447284344715e-02,3.301384451544196047e-02,8.798561151079136167e+00,-1.894484412470023860e-01,4.342925659472421707e+00
5.203387570712599164e+00,7.987220447284344715e-02,8.306709265175718504e-02,2.236421725239616520e-02,8.884892086330935967e+00,-1.822541966426858562e-01,4.462829736211030962e+00
5.208343716871257634e+00,8.200212992545261037e-02,7.667731629392970927e-02,7.454739084132055646e-03,8.851318944844123848e+00,-1.486810551558752913e-01,4.796163069544364888e+00
5.213299863029916992e+00,9.691160809371672513e-02,5.537806176783812567e-02,-4.259850905218317760e-03,8.769784172661870159e+00,-2.877697841726618855e-02,4.836930455635491732e+00
5.218256009188575462e+00,1.001064962726304630e-01,2.981895633652822258e-02,-7.454739084132055646e-03,8.755395683453237154e+00,5.515587529976018893e-02,4.824940047961630896e+00
5.223212155347234820e+00,1.075612353567625135e-01,9.584664536741213658e-03,-7.454739084132055646e-03,8.688249400479616469e+00,1.055155875299760154e-01,4.681055155875299967e+00
5.228168301505893290e+00,1.171458998935037271e-01,-1.064962726304579440e-03,-3.194888178913737886e-03,8.717026378896882477e+00,1.438848920863309289e-01,4.505995203836930862e+00
5.233124447664552648e+00,1.086261980830670881e-01,-1.064962726304579353e-02,4.259850905218317760e-03,8.776978417266187549e+00,1.558752997601918489e-01,4.510791366906475197e+00
5.238080593823211117e+00,1.022364217252396124e-01,-2.023429179978700893e-02,4.259850905218317760e-03,8.784172661870503163e+00,1.223021582733812979e-01,4.587529976019184552e+00
5.243036739981870475e+00,1.150159744408945639e-01,-2.662406815761448470e-02,1.171458998935037341e-02,8.928057553956834980e+00,1.007194244604316530e-01,4.314148681055155699e+00
5.247992886140529833e+00,1.022364217252396124e-01,-2.768903088391906284e-02,1.916932907348242732e-02,8.949640287769783598e+00,1.127098321342925591e-01,4.304556354916067029e+00
5.252949032299188303e+00,1.043663471778487756e-01,-2.449414270500532495e-02,2.981895633652822258e-02,8.904076738609113306e+00,1.534772182254196538e-01,4.110311750599520586e+00
5.257905178457847661e+00,1.086261980830670881e-01,-1.064962726304579353e-02,4.259850905218317413e-02,8.889688249400480302e+00,1.223021582733812979e-01,3.997601918465227833e+00
5.262861324616506131e+00,1.224707135250266282e-01,9.584664536741213658e-03,5.431309904153354406e-02,9.016786570743406060e+00,0.000000000000000000e+00,3.932853717026378870e+00
5.267817470775165489e+00,1.118210862619808260e-01,3.088391906283280072e-02,5.750798722044728195e-02,9.119904076738608367e+00,-1.199040767386091166e-01,4.119904076738609255e+00
5.272773616933823959e+00,1.128860489882854146e-01,3.088391906283280072e-02,4.792332268370606829e-02,9.047961630695443347e+00,-1.199040767386091166e-01,4.383693045563549440e+00
5.277729763092483317e+00,1.320553780617678419e-01,2.449414270500532495e-02,4.898828541001064990e-02,8.906474820143884585e+00,7.194244604316547137e-03,4.122302158273381423e+00
5.282685909251142675e+00,1.256656017039403661e-01,2.555910543130990309e-02,5.324813631522896940e-02,8.779376498800958828e+00,4.796163069544364180e-03,4.434052757793764954e+00
5.287642055409801145e+00,1.490947816826411199e-01,3.088391906283280072e-02,6.283280085197018305e-02,8.836930455635490844e+00,3.117505995203836977e-02,4.134292565947242259e+00
5.292598201568460503e+00,1.288604898828540901e-01,2.768903088391906284e-02,6.389776357827475772e-02,8.817745803357313505e+00,-8.153477218225420320e-02,4.772182254196642326e+00
5.297554347727118973e+00,1.586794462193823196e-01,1.064962726304579353e-02,6.070287539936101984e-02,8.767386091127098879e+00,3.836930455635491344e-02,4.395683453237410276e+00
5.302510493885778331e+00,1.277955271565495154e-01,-6.389776357827475772e-03,6.283280085197018305e-02,8.724220623501199867e+00,5.755395683453237710e-02,4.601918465227817556e+00
5.307466640044436801e+00,1.373801916932907430e-01,-1.810436634717784918e-02,6.602768903088392094e-02,8.654676258992806126e+00,9.352517985611510931e-02,4.352517985611510376e+00
5.312422786203096159e+00,1.267305644302449408e-01,-1.597444089456868943e-02,7.454739084132055993e-02,8.829736211031175230e+00,6.474820143884892076e-02,4.103117505995204084e+00
5.317378932361754629e+00,1.011714589989350377e-01,-7.454739084132055646e-03,7.241746538871139671e-02,8.913669064748201976e+00,-3.117505995203836977e-02,4.491606714628296970e+00
5.322335078520413987e+00,1.235356762513312029e-01,1.064962726304579440e-03,6.815761448349308416e-02,8.932853717026379314e+00,6.235011990407673954e-02,3.872901678657074243e+00
5.327291224679073345e+00,7.880724174653887248e-02,1.490947816826411129e-02,7.028753993610223350e-02,8.947242206235012318e+00,4.316546762589928282e-02,4.249400479616307180e+00
5.332247370837731815e+00,8.945686900958466081e-02,3.620873269435569836e-02,7.348242811501597138e-02,8.892086330935251581e+00,1.175059952038369354e-01,3.839328537170263900e+00
5.337203516996391173e+00,6.283280085197018305e-02,5.963791267305644517e-02,8.093716719914803570e-02,8.959232613908872267e+00,1.918465227817745672e-02,4.112709832134292753e+00
5.342159663155049643e+00,5.644302449414270728e-02,8.093716719914803570e-02,8.413205537806177359e-02,8.983213429256593940e+00,1.438848920863309427e-02,3.997601918465227833e+00
5.347115809313709001e+00,2.023429179978700893e-02,8.945686900958466081e-02,7.348242811501597138e-02,8.985611510791366996e+00,-1.918465227817745672e-02,4.287769784172661858e+00
5.352071955472367470e+00,3.194888178913737886e-03,7.561235356762513460e-02,6.283280085197018305e-02,8.860911270983214294e+00,-6.714628297362110199e-02,4.362110311750599934e+00
5.357028101631026828e+00,2.129925452609158880e-03,7.454739084132055993e-02,5.111821086261980618e-02,8.652278177458033070e+00,-5.035971223021582649e-02,4.306954436450839196e+00
5.361984247789686187e+00,1.064962726304579440e-03,7.028753993610223350e-02,4.792332268370606829e-02,8.671462829736210409e+00,-3.357314148681055099e-02,4.604316546762589724e+00
5.366940393948344656e+00,4.259850905218317760e-03,5.431309904153354406e-02,6.070287539936101984e-02,8.628297362110311397e+00,-7.434052757793764565e-02,4.824940047961630896e+00
5.371896540107004014e+00,2.875399361022364098e-02,1.916932907348242732e-02,6.176783812566560145e-02,8.786570743405276218e+00,-2.254196642685851182e-01,5.194244604316546443e+00
5.376852686265662484e+00,6.496272630457934627e-02,-6.389776357827475772e-03,6.070287539936101984e-02,8.659472422062350461e+00,-1.678657074340527688e-01,4.434052757793764954e+00
5.381808832424321842e+00,3.620873269435569836e-02,-2.236421725239616520e-02,5.324813631522896940e-02,8.664268585131894795e+00,-2.230215827338129508e-01,5.592326139088728887e+00
5.386764978582980312e+00,1.256656017039403661e-01,-4.366347177848775574e-02,5.857294994675186356e-02,8.573141486810552436e+00,2.398081534772182090e-03,4.381294964028777272e+00
5.391721124741639670e+00,8.839190628328008614e-02,-5.537806176783812567e-02,7.028753993610223350e-02,8.625899280575540118e+00,-1.702637889688249362e-01,5.390887290167865942e+00
5.396677270900298140e+00,1.640042598509052207e-01,-7.348242811501597138e-02,7.880724174653887248e-02,8.671462829736210409e+00,-7.434052757793764565e-02,4.450839328537170125e+00
5.401633417058957498e+00,1.405750798722044670e-01,-7.987220447284344715e-02,8.626198083067092293e-02,8.719424460431655532e+00,-1.486810551558752913e-01,4.884892086330935079e+00
5.406589563217616856e+00,1.757188498402555976e-01,-9.052183173588924936e-02,8.306709265175718504e-02,8.671462829736210409e+00,-1.438848920863309427e-02,4.549160671462829875e+00
5.411545709376275326e+00,1.703940362087326965e-01,-1.022364217252396124e-01,8.732694355697551147e-02,8.666666666666666075e+00,5.035971223021582649e-02,4.345323741007193874e+00
5.416501855534934684e+00,1.661341853035143701e-01,-1.096911608093716767e-01,9.691160809371672513e-02,8.832134292565946510e+00,-6.714628297362110199e-02,4.398081534772182444e+00
5.421458001693593154e+00,1.757188498402555976e-01,-1.054313099041533502e-01,9.371671991480298725e-02,8.860911270983214294e+00,-1.127098321342925591e-01,3.980815347721822661e+00
5.426414147852252512e+00,1.501597444089456945e-01,-8.732694355697551147e-02,8.626198083067092293e-02,8.956834532374100988e+00,-1.558752997601918489e-01,4.381294964028777272e+00
5.431370294010910982e+00,1.576144834930777450e-01,-8.200212992545261037e-02,7.880724174653887248e-02,9.000000000000000000e+00,-5.035971223021582649e-02,4.230215827338129841e+00
5.436326440169570340e+00,1.373801916932907430e-01,-9.158679446219382403e-02,7.774227902023429781e-02,8.904076738609113306e+00,-1.534772182254196538e-01,4.247002398081535013e+00
5.441282586328228810e+00,1.352502662406815659e-01,-8.839190628328008614e-02,6.602768903088392094e-02,8.995203836930455665e+00,-2.661870503597122406e-01,3.930455635491606703e+00
5.446238732486888168e+00,1.075612353567625135e-01,-7.348242811501597138e-02,4.472843450479233041e-02,8.935251798561150594e+00,-2.781774580335731328e-01,4.362110311750599934e+00
5.451194878645547526e+00,1.192758253461128903e-01,-6.176783812566560145e-02,3.088391906283280072e-02,8.865707434052758629e+00,-2.230215827338129508e-01,4.484412470023980468e+00
5.456151024804205996e+00,1.139510117145899892e-01,-7.241746538871139671e-02,2.342917997870074681e-02,8.884892086330935967e+00,-2.829736211031175230e-01,4.678657074340527799e+00
5.461107170962865354e+00,1.150159744408945639e-01,-9.158679446219382403e-02,1.703940362087327104e-02,8.954436450839327932e+00,-3.429256594724220397e-01,4.119904076738609255e+00
5.466063317121523824e+00,3.727369542066027996e-02,-5.644302449414270728e-02,-2.662406815761448470e-02,8.892086330935251581e+00,-2.038369304556355011e-01,2.985611510791366996e+00
5.471019463280183182e+00,-2.055378061767837994e-01,7.454739084132055646e-03,-5.644302449414270728e-02,8.501199040767385640e+00,-1.438848920863309289e-01,5.458033573141486627e+00
5.475975609438841651e+00,-2.012779552715655007e-01,-5.431309904153354406e-02,-2.129925452609158706e-02,8.695443645083932083e+00,-2.565947242206235157e-01,6.254196642685851515e+00
5.480931755597501009e+00,-1.277955271565495154e-01,-1.959531416400425996e-01,3.194888178913737886e-02,8.846522781774579514e+00,-8.345323741007194540e-01,4.573141486810551548e+00
5.485887901756160367e+00,-6.709265175718849561e-02,-2.097976570820021258e-01,8.519701810436635520e-03,9.026378896882494729e+00,-1.258992805755395628e+00,3.141486810551558762e+00
5.490844047914818837e+00,-4.046858359957401785e-02,-7.135250266240682204e-02,-7.348242811501597138e-02,8.810551558752997892e+00,-7.458033573141487071e-01,2.784172661870503607e+00
5.495800194073478195e+00,-1.011714589989350377e-01,1.703940362087327104e-02,-9.691160809371672513e-02,8.424460431654676285e+00,-6.402877697841726778e-01,5.606714628297361891e+00
5.500756340232136665e+00,-1.064962726304579353e-02,-4.792332268370606829e-02,-5.963791267305644517e-02,8.750599520383692820e+00,-8.681055155875300189e-01,5.163069544364508268e+00
5.505712486390796023e+00,-3.940362087326943624e-02,-1.746538871139510229e-01,-5.857294994675186356e-02,9.023980815347721673e+00,-1.383693045563549218e+00,5.374100719424460770e+00
5.510668632549454493e+00,5.431309904153354406e-02,-2.215122470713525027e-01,-1.171458998935037271e-01,8.673860911270983465e+00,-8.489208633093525691e-01,3.309352517985611364e+00
5.515624778708113851e+00,3.514376996805111675e-02,-1.480298189563365174e-01,-1.427050053248136441e-01,8.455635491606715348e+00,-4.220623501199040617e-01,3.290167865707434025e+00
5.520580924866772321e+00,4.472843450479233041e-02,-6.070287539936101984e-02,-1.235356762513312029e-01,8.647482014388488736e+00,-5.179856115107913661e-01,3.882494004796162912e+00
5.525537071025431679e+00,4.579339723109691201e-02,-4.792332268370606829e-02,-1.235356762513312029e-01,9.187050359712230829e+00,-9.208633093525180335e-01,4.398081534772182444e+00
5.530493217184091037e+00,2.875399361022364098e-02,-9.584664536741213658e-02,-1.799787007454738963e-01,9.223021582733812451e+00,-9.088729016786570858e-01,4.513189448441247364e+00
5.535449363342749507e+00,9.584664536741213658e-03,-1.309904153354632672e-01,-2.364217252396166036e-01,8.848920863309352569e+00,-3.525179856115107646e-01,3.738609112709831983e+00
5.540405509501408865e+00,-3.301384451544196047e-02,-1.022364217252396124e-01,-2.428115015974440793e-01,8.609112709832134058e+00,-6.235011990407673954e-02,3.848920863309352569e+00
5.545361655660067335e+00,-1.171458998935037341e-02,-4.366347177848775574e-02,-2.183173588924387509e-01,8.767386091127098879e+00,-2.470023980815347631e-01,3.690647482014388636e+00
5.550317801818726693e+00,-1.171458998935037341e-02,-3.194888178913737886e-03,-2.268370607028754038e-01,9.095923261390886694e+00,-6.091127098321342803e-01,3.947242206235011874e+00
5.555273947977385163e+00,-5.644302449414270728e-02,3.194888178913737886e-03,-2.800851970181043593e-01,9.146282973621103096e+00,-6.043165467625899456e-01,4.187050359712229941e+00
5.560230094136044521e+00,-1.150159744408945639e-01,-2.449414270500532495e-02,-3.322683706070287402e-01,8.717026378896882477e+00,-3.477218225419664299e-01,4.875299760191846410e+00
5.565186240294702991e+00,-1.054313099041533502e-01,-4.153354632587859252e-02,-3.354632587859425197e-01,8.575539568345323715e+00,-8.633093525179856564e-02,4.095923261390887582e+00
5.570142386453362349e+00,-1.490947816826411199e-01,-4.046858359957401785e-02,-3.173588924387646393e-01,8.652278177458033070e+00,-3.045563549160671402e-01,4.640287769784172234e+00
5.575098532612021707e+00,-1.064962726304579388e-01,-3.301384451544196047e-02,-3.184238551650692139e-01,8.738609112709832871e+00,-3.381294964028777050e-01,4.220623501199041172e+00
5.580054678770680177e+00,-1.224707135250266282e-01,-5.857294994675186356e-02,-3.248136315228967175e-01,8.812949640287769171e+00,-5.299760191846523139e-01,5.359712230215827766e+00
5.585010824929339535e+00,4.046858359957401785e-02,-1.203407880724174650e-01,-3.056443024494142624e-01,8.860911270983214294e+00,-5.347721822541966485e-01,5.069544364508392853e+00
5.589966971087998004e+00,2.236421725239616520e-01,-7.880724174653887248e-02,-3.365282215122470943e-01,7.964028776978417490e+00,2.302158273381295084e-01,1.587529976019184552e+00
5.594923117246657363e+00,1.171458998935037341e-02,6.389776357827475772e-02,-3.216187433439829380e-01,8.033573141486810343e+00,2.062350119904076684e-01,5.026378896882493841e+00
5.599879263405315832e+00,1.107561235356762513e-01,2.875399361022364098e-02,-2.864749733759318628e-01,8.208633093525179447e+00,3.788968824940047719e-01,6.052757793764987682e+00
5.604835409563975190e+00,2.002129925452609260e-01,-1.192758253461128903e-01,-2.492012779552715551e-01,8.071942446043165020e+00,6.115107913669064477e-01,4.247002398081535013e+00
5.609791555722634548e+00,1.331203407880724165e-01,-1.682641107561235472e-01,-2.385516506922257807e-01,8.287769784172661858e+00,5.059952038369304184e-01,3.968824940047961825e+00
5.614747701881293018e+00,9.797657082002129980e-02,-1.256656017039403661e-01,-2.523961661341853069e-01,8.575539568345323715e+00,7.937649880095922761e-01,3.923261390887290201e+00
5.619703848039952376e+00,7.987220447284344715e-02,-1.267305644302449408e-01,-2.417465388711395047e-01,8.496402877697841305e+00,1.067146282973621130e+00,4.966426858513189657e+00
5.624659994198610846e+00,1.554845580404685956e-01,-1.341853035143769912e-01,-1.831735889243876481e-01,8.520383693045562978e+00,1.196642685851319055e+00,3.043165467625899456e+00
5.629616140357270204e+00,6.070287539936101984e-02,-5.537806176783812567e-02,-1.309904153354632672e-01,8.860911270983214294e+00,6.187050359712230607e-01,4.685851318944844301e+00
5.634572286515928674e+00,1.182108626198083018e-01,-1.171458998935037341e-02,-1.203407880724174650e-01,9.191846522781775164e+00,4.724220623501199090e-01,5.179856115107913439e+00
5.639528432674588032e+00,1.203407880724174650e-01,-8.306709265175718504e-02,-1.139510117145899892e-01,8.851318944844123848e+00,4.796163069544364665e-01,5.527577937649880369e+00
5.644484578833246502e+00,1.522896698615548439e-01,-1.277955271565495154e-01,-1.001064962726304630e-01,8.856115107913668183e+00,5.731414868105515481e-01,4.510791366906475197e+00
5.649440724991905860e+00,1.128860489882854146e-01,-1.331203407880724165e-01,-9.052183173588924936e-02,9.127098321342925757e+00,3.836930455635491621e-01,4.743405275779376318e+00
5.654396871150565218e+00,1.309904153354632672e-01,-1.458998935037273681e-01,-9.371671991480298725e-02,9.031175059952039064e+00,3.525179856115107646e-01,3.776978417266187105e+00
5.659353017309223688e+00,9.691160809371672513e-02,-1.128860489882854146e-01,-9.904153354632587447e-02,8.788968824940047497e+00,2.326139088729016757e-01,3.381294964028776828e+00
5.664309163467883046e+00,9.478168264110756192e-02,-3.620873269435569836e-02,-1.043663471778487756e-01,8.683453237410072134e+00,5.755395683453237710e-02,3.860911270983213406e+00
5.669265309626541516e+00,1.309904153354632672e-01,1.171458998935037341e-02,-1.064962726304579388e-01,8.700239808153476417e+00,-2.398081534772182090e-03,4.057553956834532016e+00
5.674221455785200874e+00,1.267305644302449408e-01,1.064962726304579353e-02,-1.064962726304579388e-01,8.906474820143884585e+00,-9.352517985611510931e-02,4.350119904076738209e+00
5.679177601943859344e+00,1.118210862619808260e-01,-8.519701810436635520e-03,-1.277955271565495154e-01,8.872901678657074243e+00,-2.398081534772182263e-02,4.822541966426858728e+00
5.684133748102518702e+00,1.363152289669861683e-01,-4.046858359957401785e-02,-1.405750798722044670e-01,8.618705035971222728e+00,3.429256594724220397e-01,5.170263788968824770e+00
5.689089894261178060e+00,1.682641107561235472e-01,-8.093716719914803570e-02,-1.267305644302449408e-01,8.635491606714628787e+00,4.652278177458033515e-01,4.940047961630695816e+00
5.694046040419836530e+00,1.703940362087326965e-01,-1.277955271565495154e-01,-1.192758253461128903e-01,8.920863309352517589e+00,3.381294964028777050e-01,4.731414868105515481e+00
5.699002186578495888e+00,1.437699680511182188e-01,-1.714589989350372712e-01,-1.331203407880724165e-01,8.892086330935251581e+00,3.741007194244604372e-01,4.088729016786571080e+00
5.703958332737154358e+00,1.267305644302449408e-01,-1.703940362087326965e-01,-1.512247071352502692e-01,8.628297362110311397e+00,5.395683453237409832e-01,3.839328537170263900e+00
5.708914478895813716e+00,1.480298189563365174e-01,-1.288604898828540901e-01,-1.363152289669861683e-01,8.709832134292565087e+00,5.731414868105515481e-01,3.400479616306954611e+00
5.713870625054472185e+00,1.395101171458998923e-01,-9.797657082002129980e-02,-1.235356762513312029e-01,9.095923261390886694e+00,3.525179856115107646e-01,3.769784172661870603e+00
5.718826771213131543e+00,1.522896698615548439e-01,-8.519701810436634826e-02,-1.427050053248136441e-01,9.215827338129496837e+00,3.860911270983213295e-01,3.374100719424460326e+00
5.723782917371790013e+00,1.139510117145899892e-01,-6.176783812566560145e-02,-1.682641107561235472e-01,8.930455635491606259e+00,5.395683453237409832e-01,3.961630695443644878e+00
5.728739063530449371e+00,1.458998935037273681e-01,-2.449414270500532495e-02,-1.586794462193823196e-01,8.932853717026379314e+00,8.537170263788969038e-01,4.285371702637889690e+00
5.733695209689108729e+00,1.586794462193823196e-01,-2.023429179978700893e-02,-1.203407880724174650e-01,9.067146282973620686e+00,8.201438848920863389e-01,4.539568345323741205e+00
5.738651355847767199e+00,1.405750798722044670e-01,-5.111821086261980618e-02,-1.150159744408945639e-01,9.215827338129496837e+00,6.235011990407673954e-01,4.575539568345323715e+00
5.743607502006426557e+00,1.064962726304579388e-01,-7.028753993610223350e-02,-1.427050053248136441e-01,9.131894484412470092e+00,9.208633093525180335e-01,3.997601918465227833e+00
5.748563648165085027e+00,2.555910543130990309e-02,-8.626198083067092293e-02,-1.554845580404685956e-01,8.443645083932853623e+00,1.143884892086330929e+00,5.122302158273381423e+00
5.753519794323744385e+00,1.277955271565495154e-01,-1.011714589989350377e-01,-1.075612353567625135e-01,8.436450839328538009e+00,1.342925659472422151e+00,4.014388489208633004e+00
5.758475940482402855e+00,1.160809371671991524e-01,-1.022364217252396124e-01,-4.685835995740149362e-02,9.223021582733812451e+00,7.553956834532373765e-01,3.717026378896882477e+00
5.763432086641062213e+00,9.797657082002129980e-02,-9.904153354632587447e-02,-7.348242811501597138e-02,9.347721822541966930e+00,4.940047961630695261e-01,3.489208633093525247e+00
5.768388232799720683e+00,7.454739084132055993e-02,-7.667731629392970927e-02,-1.256656017039403661e-01,8.827338129496402175e+00,1.016786570743405171e+00,3.443645083932853623e+00
5.773344378958380041e+00,8.200212992545261037e-02,-4.259850905218317413e-02,-1.160809371671991524e-01,8.645083932853717457e+00,1.258992805755395628e+00,4.311750599520383531e+00
5.778300525117039399e+00,1.512247071352502692e-01,-1.810436634717784918e-02,-5.963791267305644517e-02,8.978417266187049606e+00,1.273381294964028854e+00,3.510791366906474753e+00
5.783256671275697869e+00,8.093716719914803570e-02,-6.389776357827475772e-03,-2.555910543130990309e-02,9.287769784172661858e+00,9.736211031175060482e-01,4.709832134292565975e+00
5.788212817434357227e+00,1.139510117145899892e-01,-3.194888178913737886e-02,-3.940362087326943624e-02,8.992805755395682610e+00,1.290167865707434025e+00,4.342925659472421707e+00
5.793168963593015697e+00,9.584664536741213658e-02,-6.176783812566560145e-02,-1.597444089456868943e-02,8.820143884892086561e+00,1.522781774580335812e+00,4.446043165467625791e+00
5.798125109751675055e+00,1.001064962726304630e-01,-7.774227902023429781e-02,3.088391906283280072e-02,8.997601918465226944e+00,1.304556354916067251e+00,3.964028776978417046e+00
5.803081255910333525e+00,7.987220447284344715e-02,-4.792332268370606829e-02,5.644302449414270728e-02,9.091127098321342359e+00,1.148681055155875264e+00,3.621103117505995339e+00
5.808037402068992883e+00,5.324813631522896940e-02,-4.259850905218317760e-03,5.431309904153354406e-02,8.834532374100719565e+00,1.357314148681055155e+00,4.201438848920862945e+00
5.812993548227652241e+00,8.626198083067092293e-02,1.277955271565495154e-02,1.011714589989350377e-01,8.541966426858513373e+00,1.664268585131894573e+00,4.009592326139088669e+00
5.817949694386310711e+00,7.561235356762513460e-02,5.324813631522896766e-03,1.725239616613418459e-01,8.968824940047960936e+00,1.282973621103117523e+00,4.247002398081535013e+00
5.822905840544970069e+00,7.880724174653887248e-02,-7.454739084132055646e-03,1.799787007454738963e-01,9.534772182254195982e+00,7.985611510791367218e-01,3.916067146282973699e+00
5.827861986703628538e+00,8.306709265175718504e-02,-5.431309904153354406e-02,1.107561235356762513e-01,8.856115107913668183e+00,8.201438848920863389e-01,4.673860911270983465e+00
5.832818132862287897e+00,2.023429179978700754e-01,-2.662406815761448470e-02,1.480298189563365174e-01,8.429256594724220619e+00,1.556354916067146377e+00,1.930455635491606703e+00
5.837774279020946366e+00,-5.537806176783812567e-02,2.023429179978700893e-02,1.927582534611288478e-01,9.390887290167865942e+00,1.534772182254196538e-01,4.412470023980815448e+00
5.842730425179605724e+00,5.750798722044728195e-02,7.987220447284344715e-02,1.128860489882854146e-01,9.127098321342925757e+00,3.621103117505995450e-01,4.249400479616307180e+00
5.847686571338264194e+00,6.709265175718849561e-02,7.987220447284344715e-02,1.182108626198083018e-01,8.609112709832134058e+00,1.249400479616306958e+00,4.345323741007193874e+00
5.852642717496923552e+00,1.597444089456868943e-02,1.064962726304579353e-02,1.842385516506922227e-01,8.822541966426857840e+00,8.345323741007194540e-01,5.434052757793764954e+00
5.857598863655582910e+00,7.135250266240682204e-02,-2.662406815761448470e-02,1.821086261980830734e-01,9.105515587529975363e+00,7.505995203836930418e-01,3.395683453237410276e+00
5.862555009814241380e+00,-5.005324813631523151e-02,-5.963791267305644517e-02,1.395101171458998923e-01,9.002398081534773056e+00,2.661870503597122406e-01,5.374100719424460770e+00
5.867511155972900738e+00,8.093716719914803570e-02,-9.478168264110756192e-02,1.277955271565495154e-01,9.117505995203837088e+00,4.988009592326139163e-01,2.587529976019184552e+00
5.872467302131559208e+00,-6.602768903088392094e-02,-7.880724174653887248e-02,9.584664536741213658e-02,9.254196642685851515e+00,2.637889688249400733e-01,3.453237410071942293e+00
5.877423448290218566e+00,-8.519701810436635520e-03,3.301384451544196047e-02,6.815761448349308416e-02,8.657074340527577405e+00,6.091127098321342803e-01,3.290167865707434025e+00
5.882379594448877036e+00,3.407880724174654208e-02,1.299254526091586925e-01,1.118210862619808260e-01,8.901678657074340251e+00,7.625899280575539896e-01,4.227817745803357674e+00
5.887335740607536394e+00,2.662406815761448470e-02,1.086261980830670881e-01,1.480298189563365174e-01,9.220623501199041172e+00,5.299760191846523139e-01,4.546762589928057707e+00
5.892291886766194864e+00,-2.449414270500532495e-02,5.218317358892438779e-02,1.363152289669861683e-01,9.062350119904076351e+00,4.148681055155875042e-01,5.074340527577938076e+00
5.897248032924854222e+00,-1.064962726304579353e-02,0.000000000000000000e+00,1.118210862619808260e-01,8.949640287769783598e+00,4.844124700239808012e-01,4.923261390887289757e+00
5.902204179083513580e+00,-1.810436634717784918e-02,-5.005324813631523151e-02,1.033013844515442009e-01,9.064748201438849406e+00,3.285371702637889801e-01,4.100719424460431917e+00
5.907160325242172050e+00,-5.644302449414270728e-02,-5.857294994675186356e-02,7.241746538871139671e-02,9.086330935251798024e+00,1.462829736211031240e-01,3.923261390887290201e+00
5.912116471400831408e+00,-5.431309904153354406e-02,-5.537806176783812567e-02,3.194888178913737886e-02,8.529976019184651648e+00,2.805755395683453002e-01,3.419664268585131950e+00
5.917072617559489878e+00,-9.265175718849839870e-02,-6.070287539936101984e-02,5.324813631522896766e-03,9.398081534772181556e+00,-6.954436450839328321e-02,3.381294964028776828e+00
5.922028763718149236e+00,-1.224707135250266282e-01,-8.519701810436634826e-02,-6.283280085197018305e-02,9.299760191846523583e+00,-4.340527577937650094e-01,3.645083932853717013e+00
5.926984909876807706e+00,2.236421725239616520e-02,3.833865814696485463e-02,-8.839190628328008614e-02,8.047961630695443347e+00,2.398081534772182333e-01,3.362110311750599489e+00
5.931941056035467064e+00,5.111821086261980618e-02,1.373801916932907430e-01,-7.454739084132055646e-03,8.664268585131894795e+00,1.990407673860911386e-01,4.779376498800958828e+00
5.936897202194126422e+00,1.384451544195953142e-02,5.750798722044728195e-02,-1.064962726304579353e-02,9.247002398081534125e+00,-1.055155875299760154e-01,5.247002398081535013e+00
5.941853348352784892e+00,-1.916932907348242732e-02,-3.727369542066027996e-02,-7.348242811501597138e-02,8.834532374100719565e+00,4.196642685851318944e-01,4.908872901678656753e+00
5.946809494511444250e+00,-3.620873269435569836e-02,-6.602768903088392094e-02,-9.052183173588924936e-02,8.484412470023981356e+00,1.014388489208633004e+00,4.434052757793764954e+00
5.951765640670102719e+00,-5.963791267305644517e-02,-5.750798722044728195e-02,-2.981895633652822258e-02,8.625899280575540118e+00,8.081534772182253912e-01,4.196642685851318610e+00
5.956721786828762077e+00,-5.857294994675186356e-02,-4.792332268370606829e-02,1.171458998935037341e-02,9.064748201438849406e+00,1.223021582733812979e-01,4.280575539568345356e+00
5.961677932987420547e+00,-3.940362087326943624e-02,-4.153354632587859252e-02,-1.916932907348242732e-02,9.134292565947241371e+00,-1.918465227817745672e-02,3.923261390887290201e+00
5.966634079146079905e+00,-5.963791267305644517e-02,-5.218317358892438779e-02,-6.922257720979765883e-02,8.841726618705035179e+00,2.661870503597122406e-01,4.472422062350119631e+00
5.971590225304738375e+00,-1.916932907348242732e-02,-7.348242811501597138e-02,-7.880724174653887248e-02,8.601918465227818444e+00,6.810551558752997447e-01,3.772182254196642770e+00
5.976546371463397733e+00,-2.342917997870074681e-02,-5.537806176783812567e-02,-5.218317358892438779e-02,8.767386091127098879e+00,7.817745803357314394e-01,3.817745803357313950e+00
5.981502517622057091e+00,-2.129925452609158880e-03,-8.519701810436635520e-03,-2.449414270500532495e-02,8.784172661870503163e+00,7.458033573141487071e-01,3.781774580335731439e+00
5.986458663780715561e+00,-1.916932907348242732e-02,1.171458998935037341e-02,-5.324813631522896766e-03,8.865707434052758629e+00,5.755395683453237154e-01,4.529976019184652536e+00
5.991414809939374919e+00,-9.584664536741213658e-03,-1.490947816826411129e-02,-4.259850905218317760e-03,8.868105515587529908e+00,4.820143884892086339e-01,4.556354916067146377e+00
5.996370956098033389e+00,-2.768903088391906284e-02,-5.111821086261980618e-02,-1.810436634717784918e-02,8.844124700239808234e+00,4.364508393285371768e-01,4.580335731414868050e+00
6.001327102256692747e+00,-2.662406815761448470e-02,-6.815761448349308416e-02,-3.514376996805111675e-02,8.748201438848921541e+00,4.988009592326139163e-01,4.345323741007193874e+00
6.006283248415351217e+00,-2.342917997870074681e-02,-6.709265175718849561e-02,-3.620873269435569836e-02,8.769784172661870159e+00,4.844124700239808012e-01,4.306954436450839196e+00
6.011239394574010575e+00,-7.454739084132055646e-03,-6.389776357827475772e-02,-2.981895633652822258e-02,8.817745803357313505e+00,4.004796163069544446e-01,4.323741007194244368e+00
6.016195540732669933e+00,9.584664536741213658e-03,-7.028753993610223350e-02,-3.301384451544196047e-02,8.764988009592325824e+00,2.997601918465228055e-01,4.369304556354916436e+00
6.021151686891328403e+00,2.342917997870074681e-02,-8.413205537806177359e-02,-4.685835995740149362e-02,8.688249400479616469e+00,2.661870503597122406e-01,4.431654676258992787e+00
6.026107833049987761e+00,4.898828541001064990e-02,-1.033013844515442009e-01,-5.857294994675186356e-02,8.707434052757793808e+00,3.621103117505995450e-01,4.191846522781774276e+00
6.031063979208646231e+00,6.815761448349308416e-02,-1.139510117145899892e-01,-6.709265175718849561e-02,8.743405275779377206e+00,4.916067146282973588e-01,4.026378896882493841e+00
6.036020125367305589e+00,9.371671991480298725e-02,-9.691160809371672513e-02,-7.028753993610223350e-02,8.796163069544364888e+00,6.067146282973621130e-01,3.865707434052757741e+00
6.040976271525964059e+00,1.118210862619808260e-01,-7.561235356762513460e-02,-6.070287539936101984e-02,8.896882494004795916e+00,7.098321342925659749e-01,4.004796163069544335e+00
6.045932417684623417e+00,1.416400425985090417e-01,-5.644302449414270728e-02,-4.685835995740149362e-02,8.930455635491606259e+00,7.697841726618704916e-01,4.074340527577938076e+00
6.050888563843281887e+00,1.544195953141639932e-01,-4.792332268370606829e-02,-3.940362087326943624e-02,8.988009592326138275e+00,8.393285371702637887e-01,4.314148681055155699e+00
6.055844710001941245e+00,1.608093716719914690e-01,-5.431309904153354406e-02,-3.088391906283280072e-02,8.990407673860911331e+00,9.088729016786570858e-01,4.352517985611510376e+00
6.060800856160600603e+00,1.629392971246006461e-01,-6.602768903088392094e-02,-2.129925452609158706e-02,8.940047961630694928e+00,1.064748201438848962e+00,4.330935251798560870e+00
6.065757002319259072e+00,1.725239616613418459e-01,-7.135250266240682204e-02,-1.064962726304579440e-03,9.007194244604317390e+00,1.139088729016786594e+00,4.139088729016786594e+00
6.070713148477918431e+00,1.735889243876464205e-01,-5.218317358892438779e-02,2.981895633652822258e-02,9.028776978417266008e+00,1.184652278177457996e+00,4.074340527577938076e+00
6.075669294636576900e+00,1.703940362087326965e-01,-3.407880724174654208e-02,5.431309904153354406e-02,9.014388489208633004e+00,1.167865707434052824e+00,4.357314148681055599e+00
6.080625440795236258e+00,1.650692225772097954e-01,-4.046858359957401785e-02,7.774227902023429781e-02,8.990407673860911331e+00,1.163069544364508490e+00,4.402877697841726778e+00
6.085581586953894728e+00,1.405750798722044670e-01,-5.750798722044728195e-02,9.052183173588924936e-02,8.985611510791366996e+00,1.167865707434052824e+00,4.484412470023980468e+00
6.090537733112554086e+00,1.224707135250266282e-01,-8.093716719914803570e-02,1.022364217252396124e-01,8.882494004796162912e+00,1.189448441247002330e+00,4.412470023980815448e+00
6.095493879271212556e+00,1.011714589989350377e-01,-1.033013844515442009e-01,1.192758253461128903e-01,8.901678657074340251e+00,1.117505995203836866e+00,4.215827338129496837e+00
6.100450025429871914e+00,8.200212992545261037e-02,-1.086261980830670881e-01,1.341853035143769912e-01,9.067146282973620686e+00,9.304556354916067029e-01,3.976019184652278327e+00
6.105406171588531272e+00,6.602768903088392094e-02,-9.158679446219382403e-02,1.416400425985090417e-01,9.179856115107913439e+00,7.314148681055155921e-01,3.916067146282973699e+00
6.110362317747189742e+00,5.431309904153354406e-02,-7.561235356762513460e-02,1.405750798722044670e-01,9.237410071942445455e+00,6.067146282973621130e-01,4.009592326139088669e+00
6.115318463905849100e+00,3.833865814696485463e-02,-7.880724174653887248e-02,1.352502662406815659e-01,9.258992805755395850e+00,4.508393285371702364e-01,4.002398081534772167e+00
6.120274610064507570e+00,2.768903088391906284e-02,-8.519701810436634826e-02,1.214057507987220397e-01,9.263788968824940184e+00,2.973621103117505826e-01,3.836930455635491732e+00
6.125230756223166928e+00,2.662406815761448470e-02,-7.348242811501597138e-02,1.043663471778487756e-01,9.266187050359711463e+00,2.230215827338129508e-01,3.594724220623501054e+00
6.130186902381825398e+00,3.407880724174654208e-02,-4.046858359957401785e-02,9.478168264110756192e-02,9.225419664268585507e+00,2.254196642685851182e-01,3.565947242206235046e+00
6.135143048540484756e+00,4.685835995740149362e-02,-1.064962726304579353e-02,9.584664536741213658e-02,9.199040767386090778e+00,1.654676258992805737e-01,3.702637889688249473e+00
6.140099194699144114e+00,6.602768903088392094e-02,5.324813631522896766e-03,9.158679446219382403e-02,9.175059952038369104e+00,6.954436450839328321e-02,3.772182254196642770e+00
6.145055340857802584e+00,7.135250266240682204e-02,1.277955271565495154e-02,7.028753993610223350e-02,9.088729016786571080e+00,5.755395683453237710e-02,4.019184652278177339e+00
6.150011487016461942e+00,8.093716719914803570e-02,7.454739084132055646e-03,4.898828541001064990e-02,8.997601918465226944e+00,1.750599520383692986e-01,4.172661870503596937e+00
6.154967633175120412e+00,9.371671991480298725e-02,-6.389776357827475772e-03,3.407880724174654208e-02,8.997601918465226944e+00,2.997601918465228055e-01,4.143884892086330929e+00
6.159923779333779770e+00,1.001064962726304630e-01,-9.584664536741213658e-03,2.981895633652822258e-02,9.023980815347721673e+00,3.932853717026378870e-01,4.227817745803357674e+00
6.164879925492438240e+00,1.043663471778487756e-01,-8.519701810436635520e-03,2.662406815761448470e-02,9.062350119904076351e+00,4.892086330935251914e-01,4.314148681055155699e+00
6.169836071651097598e+00,1.011714589989350377e-01,-1.490947816826411129e-02,2.023429179978700893e-02,8.973621103117505271e+00,6.067146282973621130e-01,4.479616306954436133e+00
6.174792217809756067e+00,9.265175718849839870e-02,-2.981895633652822258e-02,1.916932907348242732e-02,8.916067146282973255e+00,7.194244604316546443e-01,4.539568345323741205e+00
6.179748363968415426e+00,7.774227902023429781e-02,-6.389776357827475772e-02,2.342917997870074681e-02,8.997601918465226944e+00,7.266187050359712574e-01,4.386091127098321607e+00
6.184704510127074784e+00,5.857294994675186356e-02,-8.945686900958466081e-02,2.449414270500532495e-02,9.055155875299760737e+00,7.050359712230215292e-01,4.086330935251798913e+00
6.189660656285733253e+00,4.259850905218317413e-02,-8.945686900958466081e-02,2.555910543130990309e-02,9.071942446043165020e+00,7.122302158273381423e-01,3.923261390887290201e+00
6.194616802444392611e+00,3.194888178913737886e-02,-7.028753993610223350e-02,3.407880724174654208e-02,9.119904076738608367e+00,7.026378896882493619e-01,3.961630695443644878e+00
6.199572948603051081e+00,2.342917997870074681e-02,-5.750798722044728195e-02,4.685835995740149362e-02,9.153477218225420486e+00,5.923261390887289979e-01,4.052757793764987682e+00
6.204529094761710439e+00,1.703940362087327104e-02,-6.070287539936101984e-02,5.857294994675186356e-02,9.239808153477218511e+00,4.148681055155875042e-01,4.170263788968824770e+00
6.209485240920368909e+00,1.916932907348242732e-02,-7.135250266240682204e-02,5.537806176783812567e-02,9.285371702637888802e+00,2.565947242206235157e-01,4.016786570743405171e+00
6.214441387079028267e+00,2.023429179978700893e-02,-7.241746538871139671e-02,4.792332268370606829e-02,9.179856115107913439e+00,2.158273381294963933e-01,3.892086330935251581e+00
6.219397533237686737e+00,2.662406815761448470e-02,-6.709265175718849561e-02,4.366347177848775574e-02,9.136690647482014427e+00,2.014388489208633060e-01,3.791366906474820109e+00
6.224353679396346095e+00,3.514376996805111675e-02,-5.537806176783812567e-02,4.046858359957401785e-02,9.165467625899280435e+00,1.103117505995203779e-01,3.702637889688249473e+00
6.229309825555005453e+00,3.940362087326943624e-02,-3.727369542066027996e-02,3.194888178913737886e-02,9.261390887290167129e+00,4.076738609112710160e-02,3.791366906474820109e+00
6.234265971713663923e+00,4.579339723109691201e-02,-2.449414270500532495e-02,1.277955271565495154e-02,9.244604316546762846e+00,7.913669064748200810e-02,3.985611510791366996e+00
6.239222117872323281e+00,5.218317358892438779e-02,-2.662406815761448470e-02,-3.194888178913737886e-03,9.143884892086331817e+00,2.038369304556355011e-01,4.177458033573141272e+00
6.244178264030981751e+00,5.324813631522896940e-02,-4.046858359957401785e-02,-1.064962726304579353e-02,9.115107913669064033e+00,3.213429256594724226e-01,4.160671462829736100e+00
6.249134410189641109e+00,5.324813631522896940e-02,-5.537806176783812567e-02,-1.703940362087327104e-02,9.059952038369305072e+00,3.669064748201438797e-01,4.019184652278177339e+00
6.254090556348299579e+00,5.324813631522896940e-02,-5.431309904153354406e-02,-2.236421725239616520e-02,9.035971223021583398e+00,3.884892086330935523e-01,3.947242206235011874e+00
6.259046702506958937e+00,5.431309904153354406e-02,-4.792332268370606829e-02,-2.129925452609158706e-02,9.107913669064748419e+00,4.796163069544364665e-01,3.911270983213429364e+00
6.264002848665618295e+00,4.898828541001064990e-02,-4.046858359957401785e-02,-1.916932907348242732e-02,9.208633093525179447e+00,5.035971223021582510e-01,3.947242206235011874e+00
6.268958994824276765e+00,4.259850905218317413e-02,-2.875399361022364098e-02,-1.703940362087327104e-02,9.251798561151078459e+00,5.443645083932853179e-01,4.031175059952038175e+00
6.273915140982936123e+00,3.194888178913737886e-02,-2.023429179978700893e-02,-1.277955271565495154e-02,9.215827338129496837e+00,5.587529976019184330e-01,4.160671462829736100e+00
6.278871287141594593e+00,2.342917997870074681e-02,-2.875399361022364098e-02,-9.584664536741213658e-03,9.165467625899280435e+00,5.755395683453237154e-01,4.160671462829736100e+00
6.283827433300253951e+00,1.384451544195953142e-02,-4.153354632587859252e-02,-6.389776357827475772e-03,9.158273381294964821e+00,5.539568345323740983e-01,4.031175059952038175e+00
6.288783579458912421e+00,3.194888178913737886e-03,-3.940362087326943624e-02,-6.389776357827475772e-03,9.179856115107913439e+00,5.851318944844124958e-01,3.906474820143885029e+00
6.293739725617571779e+00,-5.324813631522896766e-03,-2.129925452609158706e-02,-2.129925452609158880e-03,9.155875299760191766e+00,6.306954436450838974e-01,3.978417266187050494e+00
6.298695871776230248e+00,-9.584664536741213658e-03,-5.324813631522896766e-03,8.519701810436635520e-03,9.103117505995204084e+00,6.546762589928057929e-01,4.160671462829736100e+00
6.303652017934889606e+00,-1.916932907348242732e-02,-8.519701810436635520e-03,2.236421725239616520e-02,9.067146282973620686e+00,5.947242206235011652e-01,4.402877697841726778e+00
6.308608164093548965e+00,-2.875399361022364098e-02,-3.194888178913737886e-02,2.449414270500532495e-02,9.040767386091127733e+00,5.131894484412470314e-01,4.422062350119904117e+00
6.313564310252207434e+00,-3.833865814696485463e-02,-6.070287539936101984e-02,1.703940362087327104e-02,8.992805755395682610e+00,4.988009592326139163e-01,4.304556354916067029e+00
6.318520456410866792e+00,-3.727369542066027996e-02,-8.093716719914803570e-02,1.490947816826411129e-02,9.000000000000000000e+00,4.916067146282973588e-01,4.086330935251798913e+00
6.323476602569525262e+00,-3.088391906283280072e-02,-8.306709265175718504e-02,1.810436634717784918e-02,9.011990407673861725e+00,4.964028776978417490e-01,3.935251798561151038e+00
6.328432748728184620e+00,-2.236421725239616520e-02,-7.348242811501597138e-02,2.875399361022364098e-02,9.069544364508393741e+00,4.100719424460431695e-01,4.055155875299759849e+00
6.333388894886843090e+00,-3.194888178913737886e-03,-7.028753993610223350e-02,3.514376996805111675e-02,9.206235011990408168e+00,3.237410071942445899e-01,4.115107913669064921e+00
6.338345041045502448e+00,4.259850905218317760e-03,-7.880724174653887248e-02,2.981895633652822258e-02,9.287769784172661858e+00,2.589928057553956831e-01,4.196642685851318610e+00
6.343301187204161806e+00,1.597444089456868943e-02,-9.052183173588924936e-02,1.597444089456868943e-02,9.239808153477218511e+00,3.405275779376498724e-01,4.091127098321343247e+00
6.348257333362820276e+00,2.449414270500532495e-02,-9.584664536741213658e-02,1.064962726304579353e-02,9.187050359712230829e+00,4.388489208633093441e-01,3.940047961630695372e+00
6.353213479521479634e+00,3.407880724174654208e-02,-8.306709265175718504e-02,1.384451544195953142e-02,9.153477218225420486e+00,4.412470023980815115e-01,3.848920863309352569e+00
6.358169625680138104e+00,4.259850905218317413e-02,-6.815761448349308416e-02,2.023429179978700893e-02,9.244604316546762846e+00,4.292565947242206192e-01,3.803357314148680945e+00
6.363125771838797462e+00,4.259850905218317413e-02,-5.857294994675186356e-02,2.023429179978700893e-02,9.237410071942445455e+00,4.484412470023980690e-01,3.796163069544364443e+00
6.368081917997455932e+00,4.153354632587859252e-02,-4.792332268370606829e-02,1.703940362087327104e-02,9.199040767386090778e+00,5.227817745803357008e-01,3.788968824940047941e+00
6.373038064156115290e+00,4.046858359957401785e-02,-3.727369542066027996e-02,2.236421725239616520e-02,9.141486810551558762e+00,6.426858513189448452e-01,3.875299760191846410e+00
6.377994210314773760e+00,3.620873269435569836e-02,-3.407880724174654208e-02,3.727369542066027996e-02,9.139088729016785706e+00,6.546762589928057929e-01,3.889688249400479414e+00
6.382950356473433118e+00,2.768903088391906284e-02,-3.194888178913737886e-02,4.898828541001064990e-02,9.131894484412470092e+00,6.738609112709832427e-01,3.829736211031175230e+00
6.387906502632092476e+00,1.916932907348242732e-02,-2.662406815761448470e-02,5.750798722044728195e-02,9.079136690647482411e+00,6.882494004796163578e-01,3.889688249400479414e+00
6.392862648790750946e+00,1.064962726304579353e-02,-2.875399361022364098e-02,7.028753993610223350e-02,9.074340527577938076e+00,6.978417266187050272e-01,3.868105515587529908e+00
6.397818794949410304e+00,-4.259850905218317760e-03,-2.768903088391906284e-02,8.306709265175718504e-02,9.083932853717026745e+00,6.498800959232613472e-01,3.810551558752997447e+00
6.402774941108068774e+00,-2.023429179978700893e-02,-2.875399361022364098e-02,8.839190628328008614e-02,9.160671462829736100e+00,5.947242206235011652e-01,3.784172661870503607e+00
6.407731087266728132e+00,-3.514376996805111675e-02,-2.236421725239616520e-02,8.945686900958466081e-02,9.227817745803356786e+00,5.659472422062350461e-01,3.745803357314148485e+00
6.412687233425386601e+00,-5.324813631522896940e-02,-1.064962726304579353e-02,8.626198083067092293e-02,9.208633093525179447e+00,5.155875299760191988e-01,3.800959232613908778e+00
6.417643379584045960e+00,-6.709265175718849561e-02,-2.129925452609158880e-03,8.093716719914803570e-02,9.199040767386090778e+00,5.203836930455635335e-01,3.947242206235011874e+00
6.422599525742704429e+00,-8.732694355697551147e-02,-3.194888178913737886e-03,7.454739084132055993e-02,9.172661870503597825e+00,5.275779376498801465e-01,4.071942446043165909e+00
6.427555671901363787e+00,-9.691160809371672513e-02,-1.384451544195953142e-02,7.348242811501597138e-02,9.086330935251798024e+00,4.484412470023980690e-01,4.086330935251798913e+00
6.432511818060023145e+00,-1.064962726304579388e-01,-2.023429179978700893e-02,7.241746538871139671e-02,9.043165467625899012e+00,4.052757793764987793e-01,4.088729016786571080e+00
6.437467964218681615e+00,-1.054313099041533502e-01,-2.342917997870074681e-02,6.815761448349308416e-02,9.059952038369305072e+00,3.788968824940047719e-01,4.093525179856115415e+00
6.442424110377340973e+00,-9.797657082002129980e-02,-2.342917997870074681e-02,7.028753993610223350e-02,9.004796163069544335e+00,3.477218225419664299e-01,4.155875299760191766e+00
6.447380256535999443e+00,-8.519701810436634826e-02,-2.449414270500532495e-02,7.880724174653887248e-02,9.021582733812950394e+00,3.021582733812949728e-01,4.256594724220623682e+00
6.452336402694658801e+00,-7.028753993610223350e-02,-3.407880724174654208e-02,8.306709265175718504e-02,9.047961630695443347e+00,1.774580335731414937e-01,4.239808153477218511e+00
6.457292548853317271e+00,-5.324813631522896940e-02,-4.579339723109691201e-02,7.987220447284344715e-02,9.059952038369305072e+00,1.270983213429256464e-01,4.249400479616307180e+00
6.462248695011976629e+00,-3.407880724174654208e-02,-5.750798722044728195e-02,7.135250266240682204e-02,9.004796163069544335e+00,8.872901678657074687e-02,4.177458033573141272e+00
6.467204841170635987e+00,-1.703940362087327104e-02,-6.709265175718849561e-02,6.176783812566560145e-02,9.035971223021583398e+00,3.597122302158273222e-02,4.100719424460431917e+00
6.472160987329294457e+00,-3.194888178913737886e-03,-7.241746538871139671e-02,5.111821086261980618e-02,9.129496402877697037e+00,-2.637889688249400386e-02,3.930455635491606703e+00
6.477117133487953815e+00,1.277955271565495154e-02,-6.709265175718849561e-02,3.301384451544196047e-02,9.091127098321342359e+00,-5.515587529976018893e-02,3.935251798561151038e+00
6.482073279646612285e+00,2.236421725239616520e-02,-6.709265175718849561e-02,1.490947816826411129e-02,9.136690647482014427e+00,-8.633093525179856564e-02,3.956834532374100544e+00
6.487029425805271643e+00,3.301384451544196047e-02,-7.348242811501597138e-02,-6.389776357827475772e-03,9.182254196642686495e+00,-8.633093525179856564e-02,3.856115107913669071e+00
6.491985571963930113e+00,3.727369542066027996e-02,-7.028753993610223350e-02,-3.088391906283280072e-02,9.095923261390886694e+00,-4.796163069544364180e-03,3.892086330935251581e+00
6.496941718122589471e+00,4.153354632587859252e-02,-6.389776357827475772e-02,-5.218317358892438779e-02,8.973621103117505271e+00,1.774580335731414937e-01,4.110311750599520586e+00
6.501897864281247941e+00,4.685835995740149362e-02,-7.774227902023429781e-02,-6.070287539936101984e-02,9.016786570743406060e+00,2.446043165467625957e-01,4.184652278177457774e+00
6.506854010439907299e+00,4.259850905218317413e-02,-1.001064962726304630e-01,-7.348242811501597138e-02,9.047961630695443347e+00,2.613908872901678504e-01,4.146282973621103096e+00
6.511810156598566657e+00,3.833865814696485463e-02,-1.107561235356762513e-01,-9.052183173588924936e-02,9.011990407673861725e+00,4.076738609112710021e-01,4.153477218225419598e+00
6.516766302757225127e+00,3.620873269435569836e-02,-1.182108626198083018e-01,-9.584664536741213658e-02,8.920863309352517589e+00,5.731414868105515481e-01,4.220623501199041172e+00
6.521722448915884485e+00,3.620873269435569836e-02,-1.309904153354632672e-01,-8.306709265175718504e-02,8.952038369304556653e+00,6.426858513189448452e-01,4.218225419664269005e+00
6.526678595074542955e+00,3.088391906283280072e-02,-1.469648562300319428e-01,-7.241746538871139671e-02,9.040767386091127733e+00,5.587529976019184330e-01,4.172661870503596937e+00
6.531634741233202313e+00,2.555910543130990309e-02,-1.586794462193823196e-01,-6.709265175718849561e-02,9.098321342925659749e+00,4.988009592326139163e-01,4.124700239808153590e+00
6.536590887391860782e+00,2.449414270500532495e-02,-1.650692225772097954e-01,-6.709265175718849561e-02,9.172661870503597825e+00,5.203836930455635335e-01,4.004796163069544335e+00
6.541547033550520140e+00,2.555910543130990309e-02,-1.661341853035143701e-01,-6.389776357827475772e-02,9.239808153477218511e+00,5.611510791366906004e-01,3.880095923261390745e+00
6.546503179709178610e+00,2.129925452609158706e-02,-1.586794462193823196e-01,-5.324813631522896940e-02,9.232613908872901121e+00,5.875299760191846632e-01,3.779376498800959272e+00
6.551459325867837968e+00,1.384451544195953142e-02,-1.512247071352502692e-01,-4.259850905218317413e-02,9.278177458033573188e+00,5.035971223021582510e-01,3.669064748201438686e+00
6.556415472026497326e+00,6.389776357827475772e-03,-1.448349307774227934e-01,-4.046858359957401785e-02,9.338129496402878260e+00,4.076738609112710021e-01,3.510791366906474753e+00
6.561371618185155796e+00,-6.389776357827475772e-03,-1.309904153354632672e-01,-4.685835995740149362e-02,9.323741007194245256e+00,4.172661870503597270e-01,3.376498800959232494e+00
6.566327764343815154e+00,-2.023429179978700893e-02,-1.118210862619808260e-01,-5.218317358892438779e-02,9.278177458033573188e+00,4.820143884892086339e-01,3.410071942446043280e+00
6.571283910502473624e+00,-3.088391906283280072e-02,-9.371671991480298725e-02,-4.685835995740149362e-02,9.338129496402878260e+00,4.724220623501199090e-01,3.410071942446043280e+00
6.576240056661132982e+00,-3.940362087326943624e-02,-7.028753993610223350e-02,-4.046858359957401785e-02,9.374100719424459882e+00,4.676258992805755188e-01,3.486810551558753080e+00
6.581196202819791452e+00,-4.792332268370606829e-02,-4.685835995740149362e-02,-3.940362087326943624e-02,9.302158273381294862e+00,4.916067146282973588e-01,3.786570743405275774e+00
6.586152348978450810e+00,-5.005324813631523151e-02,-4.366347177848775574e-02,-3.620873269435569836e-02,9.139088729016785706e+00,5.179856115107913661e-01,4.009592326139088669e+00
6.591108495137110168e+00,-5.218317358892438779e-02,-6.070287539936101984e-02,-2.875399361022364098e-02,9.004796163069544335e+00,4.844124700239808012e-01,4.028776978417266008e+00
6.596064641295768638e+00,-5.431309904153354406e-02,-7.987220447284344715e-02,-1.916932907348242732e-02,9.035971223021583398e+00,4.340527577937650094e-01,3.899280575539568527e+00
6.601020787454427996e+00,-5.324813631522896940e-02,-8.626198083067092293e-02,-1.597444089456868943e-02,9.081534772182253690e+00,3.788968824940047719e-01,3.726618705035971146e+00
6.605976933613086466e+00,-4.792332268370606829e-02,-7.241746538871139671e-02,-1.277955271565495154e-02,9.059952038369305072e+00,3.908872901678657197e-01,3.767386091127098435e+00
6.610933079771745824e+00,-3.833865814696485463e-02,-6.283280085197018305e-02,-6.389776357827475772e-03,9.047961630695443347e+00,3.693045563549160470e-01,3.920863309352518034e+00
6.615889225930404294e+00,-3.514376996805111675e-02,-7.348242811501597138e-02,5.324813631522896766e-03,9.091127098321342359e+00,2.350119904076738708e-01,3.997601918465227833e+00
6.620845372089063652e+00,-4.046858359957401785e-02,-9.478168264110756192e-02,-2.129925452609158880e-03,9.146282973621103096e+00,8.153477218225420320e-02,3.887290167865707247e+00
6.625801518247722122e+00,-4.472843450479233041e-02,-1.128860489882854146e-01,-2.555910543130990309e-02,9.117505995203837088e+00,4.076738609112710160e-02,3.729016786570743314e+00
6.630757664406381480e+00,-4.472843450479233041e-02,-1.150159744408945639e-01,-4.579339723109691201e-02,9.021582733812950394e+00,8.393285371702638442e-02,3.582733812949640217e+00
6.635713810565040838e+00,-4.046858359957401785e-02,-1.054313099041533502e-01,-5.750798722044728195e-02,9.016786570743406060e+00,6.474820143884892076e-02,3.553956834532374209e+00
6.640669956723699308e+00,-4.046858359957401785e-02,-9.584664536741213658e-02,-6.815761448349308416e-02,9.040767386091127733e+00,0.000000000000000000e+00,3.601918465227817556e+00
6.645626102882358666e+00,-3.940362087326943624e-02,-9.478168264110756192e-02,-8.519701810436634826e-02,9.093525179856115415e+00,-3.117505995203836977e-02,3.784172661870503607e+00
6.650582249041017135e+00,-3.940362087326943624e-02,-1.075612353567625135e-01,-1.096911608093716767e-01,9.052757793764987682e+00,5.995203836930455832e-02,3.803357314148680945e+00
6.655538395199676494e+00,-4.153354632587859252e-02,-1.214057507987220397e-01,-1.299254526091586925e-01,8.976019184652278327e+00,2.254196642685851182e-01,3.760191846522781933e+00
6.660494541358334963e+00,-4.685835995740149362e-02,-1.267305644302449408e-01,-1.437699680511182188e-01,8.846522781774579514e+00,4.124700239808153368e-01,3.793764988009592276e+00
6.665450687516994321e+00,-4.579339723109691201e-02,-1.224707135250266282e-01,-1.416400425985090417e-01,8.791366906474820553e+00,5.443645083932853179e-01,3.870503597122302075e+00
6.670406833675652791e+00,-4.153354632587859252e-02,-1.277955271565495154e-01,-1.288604898828540901e-01,8.824940047961630896e+00,5.875299760191846632e-01,3.968824940047961825e+00
6.675362979834312149e+00,-3.940362087326943624e-02,-1.363152289669861683e-01,-1.192758253461128903e-01,8.906474820143884585e+00,5.395683453237409832e-01,3.937649880095923205e+00
6.680319125992971507e+00,-3.727369542066027996e-02,-1.448349307774227934e-01,-1.139510117145899892e-01,8.872901678657074243e+00,5.779376498800958828e-01,3.942446043165467540e+00
6.685275272151629977e+00,-3.301384451544196047e-02,-1.544195953141639932e-01,-1.075612353567625135e-01,8.841726618705035179e+00,6.282973621103117301e-01,3.978417266187050494e+00
6.690231418310289335e+00,-3.088391906283280072e-02,-1.661341853035143701e-01,-9.265175718849839870e-02,8.858513189448441238e+00,6.067146282973621130e-01,3.844124700239808234e+00
6.695187564468947805e+00,-2.768903088391906284e-02,-1.725239616613418459e-01,-8.413205537806177359e-02,8.899280575539568972e+00,5.083932853717025857e-01,3.666666666666666519e+00
6.700143710627607163e+00,-2.449414270500532495e-02,-1.703940362087326965e-01,-7.667731629392970927e-02,9.000000000000000000e+00,4.580335731414867939e-01,3.467625899280575741e+00
6.705099856786265633e+00,-2.449414270500532495e-02,-1.608093716719914690e-01,-7.561235356762513460e-02,9.002398081534773056e+00,4.868105515587530241e-01,3.362110311750599489e+00
6.710056002944924991e+00,-2.449414270500532495e-02,-1.490947816826411199e-01,-7.880724174653887248e-02,9.026378896882494729e+00,4.676258992805755188e-01,3.335731414868105649e+00
6.715012149103584349e+00,-2.768903088391906284e-02,-1.416400425985090417e-01,-7.774227902023429781e-02,8.988009592326138275e+00,4.508393285371702364e-01,3.282973621103117523e+00
6.719968295262242819e+00,-3.620873269435569836e-02,-1.299254526091586925e-01,-7.987220447284344715e-02,8.973621103117505271e+00,4.172661870503597270e-01,3.251798561151079348e+00
6.724924441420902177e+00,-4.472843450479233041e-02,-1.171458998935037271e-01,-8.839190628328008614e-02,8.964028776978416602e+00,4.004796163069544446e-01,3.258992805755395850e+00
6.729880587579560647e+00,-4.898828541001064990e-02,-1.054313099041533502e-01,-9.797657082002129980e-02,8.875299760191847298e+00,4.772182254196642437e-01,3.311750599520383531e+00
6.734836733738220005e+00,-5.431309904153354406e-02,-9.158679446219382403e-02,-9.584664536741213658e-02,8.822541966426857840e+00,5.467625899280575963e-01,3.400479616306954611e+00
6.739792879896878475e+00,-5.324813631522896940e-02,-8.413205537806177359e-02,-8.839190628328008614e-02,8.870503597122302963e+00,5.467625899280575963e-01,3.455635491606714460e+00
6.744749026055537833e+00,-5.324813631522896940e-02,-7.454739084132055993e-02,-8.200212992545261037e-02,8.796163069544364888e+00,6.019184652278177783e-01,3.585131894484412385e+00
6.749705172214196303e+00,-4.792332268370606829e-02,-7.135250266240682204e-02,-7.667731629392970927e-02,8.731414868105515481e+00,6.426858513189448452e-01,3.688249400479616469e+00
6.754661318372855661e+00,-4.046858359957401785e-02,-8.200212992545261037e-02,-6.389776357827475772e-02,8.697841726618705138e+00,6.498800959232613472e-01,3.683453237410072134e+00
6.759617464531515019e+00,-3.620873269435569836e-02,-8.626198083067092293e-02,-4.792332268370606829e-02,8.721822541966426812e+00,6.522781774580336256e-01,3.640287769784172678e+00
6.764573610690173489e+00,-2.981895633652822258e-02,-8.200212992545261037e-02,-3.514376996805111675e-02,8.752997601918465875e+00,6.450839328537170125e-01,3.666666666666666519e+00
6.769529756848832847e+00,-2.129925452609158706e-02,-8.732694355697551147e-02,-2.449414270500532495e-02,8.714628297362111198e+00,6.570743405275779603e-01,3.755395683453237599e+00
6.774485903007491316e+00,-1.171458998935037341e-02,-1.022364217252396124e-01,-1.277955271565495154e-02,8.810551558752997892e+00,5.683453237410072134e-01,3.681055155875299967e+00
6.779442049166150674e+00,0.000000000000000000e+00,-1.107561235356762513e-01,-7.454739084132055646e-03,8.932853717026379314e+00,5.275779376498801465e-01,3.462829736211030962e+00
6.784398195324809144e+00,4.259850905218317760e-03,-1.033013844515442009e-01,-6.389776357827475772e-03,8.983213429256593940e+00,5.731414868105515481e-01,3.417266187050359783e+00
6.789354341483468502e+00,1.277955271565495154e-02,-9.158679446219382403e-02,-1.064962726304579440e-03,8.956834532374100988e+00,6.834532374100719121e-01,3.422062350119904117e+00
6.794310487642127860e+00,1.916932907348242732e-02,-8.306709265175718504e-02,1.490947816826411129e-02,8.913669064748201976e+00,7.410071942446042614e-01,3.376498800959232494e+00
6.799266633800786330e+00,1.277955271565495154e-02,-7.667731629392970927e-02,2.875399361022364098e-02,8.971223021582733992e+00,6.786570743405275774e-01,3.429256594724220619e+00
6.804222779959445688e+00,9.584664536741213658e-03,-7.241746538871139671e-02,3.407880724174654208e-02,8.995203836930455665e+00,6.522781774580336256e-01,3.359712230215827322e+00
6.809178926118104158e+00,1.064962726304579440e-03,-6.496272630457934627e-02,3.620873269435569836e-02,8.954436450839327932e+00,7.026378896882493619e-01,3.299760191846522694e+00
6.814135072276763516e+00,-7.454739084132055646e-03,-5.324813631522896940e-02,4.046858359957401785e-02,8.925659472422061924e+00,7.961630695443645545e-01,3.297362110311750527e+00
6.819091218435421986e+00,-1.490947816826411129e-02,-4.153354632587859252e-02,5.857294994675186356e-02,8.822541966426857840e+00,7.721822541966426590e-01,3.345323741007194318e+00
6.824047364594081344e+00,-2.236421725239616520e-02,-3.194888178913737886e-02,7.561235356762513460e-02,8.868105515587529908e+00,6.330935251798560648e-01,3.393285371702638109e+00
6.829003510752739814e+00,-2.875399361022364098e-02,-3.194888178913737886e-02,8.306709265175718504e-02,8.858513189448441238e+00,5.155875299760191988e-01,3.410071942446043280e+00
6.833959656911399172e+00,-3.407880724174654208e-02,-3.088391906283280072e-02,7.987220447284344715e-02,8.836930455635490844e+00,4.988009592326139163e-01,3.482014388489208745e+00
6.838915803070058530e+00,-3.514376996805111675e-02,-2.662406815761448470e-02,7.987220447284344715e-02,8.817745803357313505e+00,4.940047961630695261e-01,3.522781774580335590e+00
6.843871949228717000e+00,-3.194888178913737886e-02,-2.768903088391906284e-02,8.945686900958466081e-02,8.844124700239808234e+00,4.988009592326139163e-01,3.575539568345323715e+00
6.848828095387376358e+00,-2.555910543130990309e-02,-2.662406815761448470e-02,1.011714589989350377e-01,8.935251798561150594e+00,4.316546762589927866e-01,3.582733812949640217e+00
6.853784241546034828e+00,-2.236421725239616520e-02,-2.342917997870074681e-02,1.064962726304579388e-01,9.002398081534773056e+00,3.237410071942445899e-01,3.551558752997602042e+00
6.858740387704694186e+00,-1.703940362087327104e-02,-2.129925452609158706e-02,1.064962726304579388e-01,9.021582733812950394e+00,2.925659472422062479e-01,3.539568345323741205e+00
6.863696533863352656e+00,-1.171458998935037341e-02,-1.277955271565495154e-02,1.043663471778487756e-01,8.995203836930455665e+00,2.997601918465228055e-01,3.513189448441246920e+00
6.868652680022012014e+00,-1.277955271565495154e-02,-1.064962726304579440e-03,1.054313099041533502e-01,8.956834532374100988e+00,3.093525179856115304e-01,3.599520383693045389e+00
6.873608826180670484e+00,-9.584664536741213658e-03,2.129925452609158880e-03,1.064962726304579388e-01,9.009592326139088669e+00,2.637889688249400733e-01,3.637889688249400511e+00
6.878564972339329842e+00,-1.277955271565495154e-02,1.064962726304579440e-03,1.001064962726304630e-01,9.014388489208633004e+00,2.541966426858512929e-01,3.637889688249400511e+00
6.883521118497989200e+00,-2.236421725239616520e-02,2.129925452609158880e-03,9.265175718849839870e-02,8.980815347721822661e+00,2.781774580335731328e-01,3.714628297362110310e+00
6.888477264656647669e+00,-2.875399361022364098e-02,0.000000000000000000e+00,9.265175718849839870e-02,8.937649880095923649e+00,2.877697841726618577e-01,3.685851318944844301e+00
6.893433410815307028e+00,-4.046858359957401785e-02,-3.194888178913737886e-03,9.371671991480298725e-02,8.937649880095923649e+00,1.918465227817745811e-01,3.654676258992805682e+00
6.898389556973965497e+00,-4.792332268370606829e-02,-1.064962726304579440e-03,8.306709265175718504e-02,8.923261390887290645e+00,1.007194244604316530e-01,3.685851318944844301e+00
6.903345703132624855e+00,-5.537806176783812567e-02,-5.324813631522896766e-03,7.135250266240682204e-02,8.952038369304556653e+00,2.637889688249400386e-02,3.786570743405275774e+00
6.908301849291283325e+00,-5.857294994675186356e-02,-2.236421725239616520e-02,5.963791267305644517e-02,8.973621103117505271e+00,9.592326139088728360e-03,3.755395683453237599e+00
6.913257995449942683e+00,-6.070287539936101984e-02,-3.194888178913737886e-02,5.324813631522896940e-02,8.928057553956834980e+00,2.398081534772182263e-02,3.666666666666666519e+00
6.918214141608602041e+00,-6.176783812566560145e-02,-3.194888178913737886e-02,5.111821086261980618e-02,8.940047961630694928e+00,1.199040767386091132e-02,3.628297362110311841e+00
6.923170287767260511e+00,-6.283280085197018305e-02,-2.981895633652822258e-02,4.685835995740149362e-02,9.062350119904076351e+00,-1.199040767386091132e-02,3.594724220623501054e+00
6.928126433925919869e+00,-6.922257720979765883e-02,-3.407880724174654208e-02,3.620873269435569836e-02,9.160671462829736100e+00,2.398081534772182090e-03,3.537170263788969038e+00
6.933082580084578339e+00,-7.774227902023429781e-02,-3.194888178913737886e-02,2.449414270500532495e-02,9.153477218225420486e+00,6.954436450839328321e-02,3.407673860911271113e+00
6.938038726243237697e+00,-8.732694355697551147e-02,-2.342917997870074681e-02,2.023429179978700893e-02,9.165467625899280435e+00,1.486810551558752913e-01,3.333333333333333481e+00
6.942994872401896167e+00,-1.011714589989350377e-01,-6.389776357827475772e-03,1.810436634717784918e-02,9.182254196642686495e+00,1.774580335731414937e-01,3.374100719424460326e+00
6.947951018560555525e+00,-1.150159744408945639e-01,1.277955271565495154e-02,2.236421725239616520e-02,9.129496402877697037e+00,2.086330935251798635e-01,3.472422062350120076e+00
6.952907164719213995e+00,-1.224707135250266282e-01,2.342917997870074681e-02,3.194888178913737886e-02,9.064748201438849406e+00,2.014388489208633060e-01,3.587529976019184552e+00
6.957863310877873353e+00,-1.331203407880724165e-01,2.768903088391906284e-02,3.940362087326943624e-02,9.021582733812950394e+00,1.678657074340527688e-01,3.709832134292565975e+00
6.962819457036532711e+00,-1.437699680511182188e-01,2.449414270500532495e-02,5.005324813631523151e-02,9.004796163069544335e+00,1.175059952038369354e-01,3.824940047961630896e+00
6.967775603195191181e+00,-1.501597444089456945e-01,1.916932907348242732e-02,5.857294994675186356e-02,8.973621103117505271e+00,5.275779376498800771e-02,3.841726618705036067e+00
6.972731749353850539e+00,-1.597444089456868943e-01,1.064962726304579353e-02,6.070287539936101984e-02,8.995203836930455665e+00,-1.199040767386091132e-02,3.796163069544364443e+00
6.977687895512509009e+00,-1.714589989350372712e-01,2.129925452609158880e-03,5.857294994675186356e-02,9.016786570743406060e+00,-5.995203836930455832e-02,3.731414868105515481e+00
6.982644041671168367e+00,-1.799787007454738963e-01,-3.194888178913737886e-03,5.431309904153354406e-02,8.985611510791366996e+00,-1.007194244604316530e-01,3.705035971223021640e+00
6.987600187829826837e+00,-1.874334398296059745e-01,-1.384451544195953142e-02,5.218317358892438779e-02,9.035971223021583398e+00,-1.726618705035971313e-01,3.721822541966426812e+00
6.992556333988486195e+00,-1.927582534611288478e-01,-2.768903088391906284e-02,4.898828541001064990e-02,9.129496402877697037e+00,-2.517985611510791255e-01,3.666666666666666519e+00
6.997512480147144664e+00,-1.927582534611288478e-01,-3.620873269435569836e-02,4.685835995740149362e-02,9.167865707434053490e+00,-3.429256594724220397e-01,3.553956834532374209e+00
7.002468626305804023e+00,-1.980830670926517489e-01,-3.301384451544196047e-02,3.514376996805111675e-02,9.191846522781775164e+00,-4.124700239808153368e-01,3.551558752997602042e+00
7.007424772464463381e+00,-1.980830670926517489e-01,-3.514376996805111675e-02,1.703940362087327104e-02,9.225419664268585507e+00,-4.700239808153477417e-01,3.609112709832134502e+00
7.012380918623121850e+00,-1.970181043663471743e-01,-3.940362087326943624e-02,4.259850905218317760e-03,9.258992805755395850e+00,-4.916067146282973588e-01,3.601918465227817556e+00
7.017337064781781208e+00,-1.938232161874334503e-01,-3.833865814696485463e-02,-1.064962726304579353e-02,9.302158273381294862e+00,-5.203836930455635335e-01,3.570743405275779381e+00
7.022293210940439678e+00,-1.916932907348242732e-01,-3.620873269435569836e-02,-2.875399361022364098e-02,9.263788968824940184e+00,-4.700239808153477417e-01,3.613908872901678837e+00
7.027249357099099036e+00,-1.895633652822151238e-01,-3.620873269435569836e-02,-4.579339723109691201e-02,9.206235011990408168e+00,-4.436450839328537343e-01,3.618705035971223172e+00
7.032205503257757506e+00,-1.853035143769967974e-01,-3.620873269435569836e-02,-5.750798722044728195e-02,9.160671462829736100e+00,-4.412470023980815115e-01,3.561151079136690711e+00
7.037161649416416864e+00,-1.831735889243876481e-01,-3.833865814696485463e-02,-7.028753993610223350e-02,9.172661870503597825e+00,-4.220623501199040617e-01,3.565947242206235046e+00
7.042117795575076222e+00,-1.842385516506922227e-01,-3.940362087326943624e-02,-8.413205537806177359e-02,9.151079136690647431e+00,-3.285371702637889801e-01,3.577937649880095883e+00
7.047073941733734692e+00,-1.831735889243876481e-01,-3.833865814696485463e-02,-9.158679446219382403e-02,9.177458033573142160e+00,-1.606714628297362113e-01,3.529976019184652092e+00
7.052030087892394050e+00,-1.863684771033013721e-01,-3.620873269435569836e-02,-8.945686900958466081e-02,9.256594724220622794e+00,-5.755395683453237710e-02,3.513189448441246920e+00
7.056986234051052520e+00,-1.948881789137380249e-01,-2.875399361022364098e-02,-8.200212992545261037e-02,9.213429256594723782e+00,5.035971223021582649e-02,3.537170263788969038e+00
7.061942380209711878e+00,-2.034078807241746500e-01,-2.449414270500532495e-02,-7.454739084132055993e-02,9.177458033573142160e+00,1.247002398081534791e-01,3.685851318944844301e+00
7.066898526368370348e+00,-2.140575079872204523e-01,-2.981895633652822258e-02,-6.496272630457934627e-02,9.112709832134292753e+00,1.822541966426858562e-01,3.726618705035971146e+00
7.071854672527029706e+00,-2.300319488817891278e-01,-4.472843450479233041e-02,-5.857294994675186356e-02,9.057553956834532016e+00,2.422062350119904006e-01,3.683453237410072134e+00
7.076810818685688176e+00,-2.438764643237486818e-01,-4.792332268370606829e-02,-4.366347177848775574e-02,9.033573141486810343e+00,2.781774580335731328e-01,3.633093525179856176e+00
7.081766964844347534e+00,-2.545260915867944562e-01,-4.046858359957401785e-02,-2.129925452609158706e-02,9.057553956834532016e+00,2.877697841726618577e-01,3.645083932853717013e+00
7.086723111003006892e+00,-2.641107561235356838e-01,-4.153354632587859252e-02,0.000000000000000000e+00,9.136690647482014427e+00,1.918465227817745811e-01,3.709832134292565975e+00
7.091679257161665362e+00,-2.747603833865814860e-01,-4.792332268370606829e-02,1.490947816826411129e-02,9.182254196642686495e+00,1.151079136690647542e-01,3.702637889688249473e+00
7.096635403320324720e+00,-2.917997870074547362e-01,-5.431309904153354406e-02,2.236421725239616520e-02,9.134292565947241371e+00,3.357314148681055099e-02,3.611510791366906670e+00
7.101591549478983190e+00,-3.077742279020234117e-01,-5.324813631522896940e-02,2.555910543130990309e-02,9.141486810551558762e+00,-1.678657074340527550e-02,3.573141486810551548e+00
7.106547695637642548e+00,-3.173588924387646393e-01,-5.431309904153354406e-02,2.662406815761448470e-02,9.163069544364509156e+00,-7.913669064748200810e-02,3.472422062350120076e+00
7.111503841796301018e+00,-3.312034078807241655e-01,-5.005324813631523151e-02,2.768903088391906284e-02,9.172661870503597825e+00,-1.486810551558752913e-01,3.376498800959232494e+00
7.116459987954960376e+00,-3.439829605963791170e-01,-4.046858359957401785e-02,2.449414270500532495e-02,9.172661870503597825e+00,-2.254196642685851182e-01,3.342925659472422151e+00
7.121416134113619734e+00,-3.525026624068157699e-01,-3.620873269435569836e-02,1.384451544195953142e-02,9.211031175059952503e+00,-2.805755395683453002e-01,3.309352517985611364e+00
7.126372280272278203e+00,-3.610223642172524228e-01,-3.301384451544196047e-02,-2.129925452609158880e-03,9.273381294964028854e+00,-3.429256594724220397e-01,3.302158273381294862e+00
7.131328426430937562e+00,-3.706070287539935948e-01,-2.875399361022364098e-02,-2.449414270500532495e-02,9.249400479616307180e+00,-3.021582733812949728e-01,3.311750599520383531e+00
7.136284572589596031e+00,-3.780617678381256730e-01,-1.916932907348242732e-02,-4.366347177848775574e-02,9.208633093525179447e+00,-2.494004796163069582e-01,3.376498800959232494e+00
7.141240718748255389e+00,-3.759318423855165237e-01,-1.171458998935037341e-02,-5.218317358892438779e-02,9.201438848920863833e+00,-1.846522781774580235e-01,3.527577937649879924e+00
7.146196864906913859e+00,-3.769968051118210983e-01,-1.171458998935037341e-02,-5.857294994675186356e-02,9.129496402877697037e+00,-1.223021582733812979e-01,3.661870503597122184e+00
7.151153011065573217e+00,-3.780617678381256730e-01,-2.236421725239616520e-02,-6.815761448349308416e-02,9.009592326139088669e+00,-3.117505995203836977e-02,3.784172661870503607e+00
7.156109157224231687e+00,-3.716719914802981695e-01,-4.472843450479233041e-02,-7.028753993610223350e-02,8.990407673860911331e+00,1.366906474820143991e-01,3.779376498800959272e+00
7.161065303382891045e+00,-3.599574014909477926e-01,-6.070287539936101984e-02,-5.857294994675186356e-02,8.961630695443645322e+00,2.230215827338129508e-01,3.709832134292565975e+00
7.166021449541550403e+00,-3.493077742279020459e-01,-6.283280085197018305e-02,-3.940362087326943624e-02,8.985611510791366996e+00,2.997601918465228055e-01,3.697841726618705138e+00
7.170977595700208873e+00,-3.312034078807241655e-01,-5.857294994675186356e-02,-1.490947816826411129e-02,9.028776978417266008e+00,3.381294964028777050e-01,3.745803357314148485e+00
7.175933741858868231e+00,-3.141640042598509153e-01,-6.602768903088392094e-02,1.171458998935037341e-02,9.057553956834532016e+00,2.805755395683453002e-01,3.786570743405275774e+00
7.180889888017526701e+00,-3.024494142705005384e-01,-7.774227902023429781e-02,3.407880724174654208e-02,9.098321342925659749e+00,2.661870503597122406e-01,3.666666666666666519e+00
7.185846034176186059e+00,-2.886048988285410122e-01,-8.519701810436634826e-02,5.431309904153354406e-02,9.136690647482014427e+00,2.470023980815347631e-01,3.494004796163069582e+00
7.190802180334844529e+00,-2.758253461128860606e-01,-7.454739084132055993e-02,7.241746538871139671e-02,9.127098321342925757e+00,2.326139088729016757e-01,3.318944844124700033e+00
7.195758326493503887e+00,-2.673056443024494078e-01,-5.857294994675186356e-02,9.478168264110756192e-02,9.175059952038369104e+00,2.374100719424460382e-01,3.285371702637889690e+00
7.200714472652162357e+00,-2.609158679446219598e-01,-4.046858359957401785e-02,1.192758253461128903e-01,9.160671462829736100e+00,2.134292565947242259e-01,3.225419664268585063e+00
7.205670618810821715e+00,-2.609158679446219598e-01,-2.555910543130990309e-02,1.395101171458998923e-01,9.218225419664268117e+00,1.654676258992805737e-01,3.220623501199040728e+00
7.210626764969481073e+00,-2.705005324813631318e-01,-2.023429179978700893e-02,1.501597444089456945e-01,9.275779376498800133e+00,1.390887290167865664e-01,3.170263788968824770e+00
7.215582911128139543e+00,-2.875399361022364375e-01,-1.810436634717784918e-02,1.469648562300319428e-01,9.235011990407674176e+00,1.342925659472422040e-01,2.995203836930455665e+00
7.220539057286798901e+00,-3.141640042598509153e-01,-6.389776357827475772e-03,1.427050053248136441e-01,9.213429256594723782e+00,1.247002398081534791e-01,2.901678657074340695e+00
7.225495203445457371e+00,-3.365282215122470943e-01,1.916932907348242732e-02,1.363152289669861683e-01,9.256594724220622794e+00,1.223021582733812979e-01,2.966426858513189657e+00
7.230451349604116729e+00,-3.642172523961661468e-01,3.940362087326943624e-02,1.299254526091586925e-01,9.237410071942445455e+00,1.366906474820143991e-01,3.189448441247002553e+00
7.235407495762775199e+00,-3.865814696485623259e-01,4.366347177848775574e-02,1.288604898828540901e-01,9.179856115107913439e+00,7.194244604316546443e-02,3.378896882494004661e+00
7.240363641921434557e+00,-4.057507987220447254e-01,3.940362087326943624e-02,1.224707135250266282e-01,9.119904076738608367e+00,-9.592326139088728360e-03,3.460431654676258795e+00
7.245319788080093915e+00,-4.227902023429179756e-01,2.981895633652822258e-02,1.086261980830670881e-01,9.011990407673861725e+00,-1.199040767386091132e-02,3.496402877697841749e+00
7.250275934238752384e+00,-4.334398296059637778e-01,2.342917997870074681e-02,1.011714589989350377e-01,8.932853717026379314e+00,-2.637889688249400386e-02,3.482014388489208745e+00
7.255232080397411742e+00,-4.355697550585729272e-01,2.555910543130990309e-02,9.478168264110756192e-02,8.932853717026379314e+00,-5.035971223021582649e-02,3.491606714628297414e+00
7.260188226556070212e+00,-4.313099041533546285e-01,2.981895633652822258e-02,9.584664536741213658e-02,8.959232613908872267e+00,-5.995203836930455832e-02,3.508393285371702586e+00
7.265144372714729570e+00,-4.195953141640042516e-01,3.514376996805111675e-02,1.011714589989350377e-01,8.916067146282973255e+00,-6.714628297362110199e-02,3.654676258992805682e+00
7.270100518873388040e+00,-4.057507987220447254e-01,3.727369542066027996e-02,1.075612353567625135e-01,8.911270983213428920e+00,-8.872901678657074687e-02,3.776978417266187105e+00
7.275056665032047398e+00,-3.897763578274760499e-01,2.768903088391906284e-02,1.150159744408945639e-01,8.940047961630694928e+00,-1.654676258992805737e-01,3.719424460431654644e+00
7.280012811190705868e+00,-3.738019169329073743e-01,2.236421725239616520e-02,1.150159744408945639e-01,8.937649880095923649e+00,-1.822541966426858562e-01,3.539568345323741205e+00
7.284968957349365226e+00,-3.567625133120340686e-01,2.555910543130990309e-02,1.128860489882854146e-01,8.899280575539568972e+00,-1.342925659472422040e-01,3.460431654676258795e+00
7.289925103508024584e+00,-3.386581469648562437e-01,4.259850905218317413e-02,1.192758253461128903e-01,8.868105515587529908e+00,-6.714628297362110199e-02,3.508393285371702586e+00
7.294881249666683054e+00,-3.216187433439829380e-01,5.431309904153354406e-02,1.309904153354632672e-01,8.848920863309352569e+00,-9.112709832134292809e-02,3.635491606714628343e+00
7.299837395825342412e+00,-3.120340788072417659e-01,4.685835995740149362e-02,1.363152289669861683e-01,8.925659472422061924e+00,-1.606714628297362113e-01,3.695443645083932971e+00
7.304793541984000882e+00,-3.109691160809371913e-01,3.407880724174654208e-02,1.288604898828540901e-01,8.949640287769783598e+00,-1.582733812949640162e-01,3.673860911270983021e+00
7.309749688142660240e+00,-3.184238551650692139e-01,2.449414270500532495e-02,1.118210862619808260e-01,8.980815347721822661e+00,-6.474820143884892076e-02,3.633093525179856176e+00
7.314705834301318710e+00,-3.333333333333333148e-01,2.236421725239616520e-02,1.011714589989350377e-01,9.038369304556354678e+00,-1.438848920863309427e-02,3.513189448441246920e+00
7.319661980459978068e+00,-3.493077742279020459e-01,2.449414270500532495e-02,9.265175718849839870e-02,9.079136690647482411e+00,-1.678657074340527550e-02,3.422062350119904117e+00
7.324618126618636538e+00,-3.695420660276890201e-01,2.875399361022364098e-02,7.774227902023429781e-02,9.076738609112709355e+00,-1.175059952038369354e-01,3.422062350119904117e+00
7.329574272777295896e+00,-3.929712460063897739e-01,3.301384451544196047e-02,5.324813631522896940e-02,9.091127098321342359e+00,-1.846522781774580235e-01,3.431654676258992787e+00
7.334530418935955254e+00,-4.185303514376996770e-01,2.981895633652822258e-02,2.449414270500532495e-02,9.105515587529975363e+00,-2.350119904076738708e-01,3.417266187050359783e+00
7.339486565094613724e+00,-4.419595314164004307e-01,2.875399361022364098e-02,-9.584664536741213658e-03,9.095923261390886694e+00,-2.374100719424460382e-01,3.422062350119904117e+00
7.344442711253273082e+00,-4.536741214057508076e-01,3.407880724174654208e-02,-4.153354632587859252e-02,9.112709832134292753e+00,-2.206235011990407557e-01,3.443645083932853623e+00
7.349398857411931552e+00,-4.621938232161874605e-01,3.833865814696485463e-02,-7.241746538871139671e-02,9.083932853717026745e+00,-1.199040767386091166e-01,3.621103117505995339e+00
7.354355003570590910e+00,-4.621938232161874605e-01,2.875399361022364098e-02,-9.584664536741213658e-02,9.045563549160672068e+00,1.199040767386091132e-02,3.755395683453237599e+00
7.359311149729249379e+00,-4.547390841320553823e-01,4.259850905218317760e-03,-1.064962726304579388e-01,9.002398081534773056e+00,1.534772182254196538e-01,3.657074340527577849e+00
7.364267295887908737e+00,-4.408945686900958560e-01,-7.454739084132055646e-03,-1.086261980830670881e-01,8.995203836930455665e+00,2.877697841726618577e-01,3.443645083932853623e+00
7.369223442046568096e+00,-4.206602768903088263e-01,-3.194888178913737886e-03,-1.043663471778487756e-01,9.055155875299760737e+00,4.292565947242206192e-01,3.381294964028776828e+00
7.374179588205226565e+00,-3.951011714589989232e-01,4.259850905218317760e-03,-9.158679446219382403e-02,9.088729016786571080e+00,5.347721822541966485e-01,3.402877697841726778e+00
7.379135734363885923e+00,-3.706070287539935948e-01,7.454739084132055646e-03,-7.348242811501597138e-02,9.194244604316546443e+00,5.539568345323740983e-01,3.438848920863309289e+00
7.384091880522544393e+00,-3.482428115015974712e-01,6.389776357827475772e-03,-5.857294994675186356e-02,9.318944844124700921e+00,5.467625899280575963e-01,3.400479616306954611e+00
7.389048026681203751e+00,-3.312034078807241655e-01,1.171458998935037341e-02,-4.898828541001064990e-02,9.371702637889688603e+00,6.163069544364508934e-01,3.376498800959232494e+00
7.394004172839862221e+00,-3.162939297124600646e-01,2.662406815761448470e-02,-3.940362087326943624e-02,9.309352517985612252e+00,7.242206235011990900e-01,3.371702637889688159e+00
7.398960318998521579e+00,-3.045793397231096877e-01,3.833865814696485463e-02,-1.916932907348242732e-02,9.175059952038369104e+00,8.633093525179855732e-01,3.383693045563548996e+00
7.403916465157180049e+00,-3.003194888178913891e-01,4.792332268370606829e-02,6.389776357827475772e-03,9.199040767386090778e+00,8.752997601918465209e-01,3.354916067146282987e+00
7.408872611315839407e+00,-3.056443024494142624e-01,5.963791267305644517e-02,2.449414270500532495e-02,9.215827338129496837e+00,8.129496402877698369e-01,3.333333333333333481e+00
7.413828757474498765e+00,-3.184238551650692139e-01,7.348242811501597138e-02,2.981895633652822258e-02,9.167865707434053490e+00,8.129496402877698369e-01,3.419664268585131950e+00
7.418784903633157235e+00,-3.343982960596378895e-01,8.413205537806177359e-02,3.301384451544196047e-02,9.103117505995204084e+00,8.441247002398081234e-01,3.635491606714628343e+00
7.423741049791816593e+00,-3.450479233226836917e-01,8.413205537806177359e-02,4.579339723109691201e-02,9.031175059952039064e+00,7.985611510791367218e-01,3.793764988009592276e+00
7.428697195950475063e+00,-3.620873269435569974e-01,7.454739084132055993e-02,5.963791267305644517e-02,9.023980815347721673e+00,6.474820143884891799e-01,3.892086330935251581e+00
7.433653342109134421e+00,-3.727369542066027441e-01,5.537806176783812567e-02,5.750798722044728195e-02,8.964028776978416602e+00,5.083932853717025857e-01,3.892086330935251581e+00
7.438609488267792891e+00,-3.769968051118210983e-01,3.940362087326943624e-02,4.685835995740149362e-02,8.836930455635490844e+00,4.004796163069544446e-01,3.860911270983213406e+00
7.443565634426452249e+00,-3.791267305644302477e-01,2.981895633652822258e-02,3.940362087326943624e-02,8.788968824940047497e+00,3.477218225419664299e-01,3.911270983213429364e+00
7.448521780585111607e+00,-3.738019169329073743e-01,1.810436634717784918e-02,3.727369542066027996e-02,8.844124700239808234e+00,1.678657074340527688e-01,3.966426858513189657e+00
7.453477926743770077e+00,-3.631522896698615721e-01,4.259850905218317760e-03,2.449414270500532495e-02,8.961630695443645322e+00,3.597122302158273222e-02,3.980815347721822661e+00
7.458434072902429435e+00,-3.471778487752928410e-01,-8.519701810436635520e-03,3.194888178913737886e-03,9.026378896882494729e+00,-6.714628297362110199e-02,4.002398081534772167e+00
7.463390219061087905e+00,-3.290734824281150162e-01,-2.555910543130990309e-02,-2.023429179978700893e-02,9.016786570743406060e+00,-1.007194244604316530e-01,3.964028776978417046e+00
7.468346365219747263e+00,-3.067092651757188371e-01,-3.727369542066027996e-02,-4.046858359957401785e-02,8.944844124700239263e+00,-9.592326139088729053e-02,3.767386091127098435e+00
7.473302511378405733e+00,-2.811501597444089340e-01,-3.620873269435569836e-02,-5.750798722044728195e-02,8.913669064748201976e+00,-1.127098321342925591e-01,3.642685851318944845e+00
7.478258657537065091e+00,-2.566560170394036056e-01,-2.342917997870074681e-02,-7.241746538871139671e-02,8.935251798561150594e+00,-1.199040767386091166e-01,3.649880095923261347e+00
7.483214803695723560e+00,-2.310969116080937302e-01,-1.384451544195953142e-02,-9.052183173588924936e-02,8.978417266187049606e+00,-7.194244604316546443e-02,3.755395683453237599e+00
7.488170949854382918e+00,-2.087326943556975511e-01,-1.384451544195953142e-02,-1.107561235356762513e-01,8.906474820143884585e+00,4.556354916067146404e-02,3.863309352517985573e+00
7.493127096013042276e+00,-1.884984025559105492e-01,-2.023429179978700893e-02,-1.235356762513312029e-01,8.899280575539568972e+00,1.606714628297362113e-01,3.839328537170263900e+00
7.498083242171700746e+00,-1.714589989350372712e-01,-2.236421725239616520e-02,-1.288604898828540901e-01,8.894484412470024637e+00,3.333333333333333148e-01,3.736211031175059816e+00
7.503039388330360104e+00,-1.565495207667731703e-01,-1.597444089456868943e-02,-1.299254526091586925e-01,8.832134292565946510e+00,4.724220623501199090e-01,3.707434052757793808e+00
7.507995534489018574e+00,-1.448349307774227934e-01,-2.129925452609158880e-03,-1.214057507987220397e-01,8.887290167865707247e+00,5.923261390887289979e-01,3.738609112709831983e+00
7.512951680647677932e+00,-1.373801916932907430e-01,0.000000000000000000e+00,-1.096911608093716767e-01,8.882494004796162912e+00,7.002398081534771945e-01,3.729016786570743314e+00
7.517907826806336402e+00,-1.341853035143769912e-01,2.129925452609158880e-03,-9.584664536741213658e-02,8.788968824940047497e+00,7.577937649880095439e-01,3.697841726618705138e+00
7.522863972964995760e+00,-1.288604898828540901e-01,0.000000000000000000e+00,-7.987220447284344715e-02,8.800959232613909222e+00,7.793764988009592720e-01,3.721822541966426812e+00
7.527820119123654230e+00,-1.246006389776357776e-01,1.064962726304579440e-03,-5.644302449414270728e-02,8.870503597122302963e+00,8.297362110311750083e-01,3.681055155875299967e+00
7.532776265282313588e+00,-1.214057507987220397e-01,3.194888178913737886e-03,-3.514376996805111675e-02,8.918465227817746310e+00,8.033573141486810565e-01,3.597122302158273222e+00
7.537732411440972946e+00,-1.150159744408945639e-01,1.277955271565495154e-02,-1.171458998935037341e-02,8.940047961630694928e+00,7.577937649880095439e-01,3.683453237410072134e+00
7.542688557599631416e+00,-1.086261980830670881e-01,1.384451544195953142e-02,1.064962726304579353e-02,8.896882494004795916e+00,6.858513189448440794e-01,3.712230215827338142e+00
7.547644703758290774e+00,-1.096911608093716767e-01,3.194888178913737886e-03,2.662406815761448470e-02,8.985611510791366996e+00,6.019184652278177783e-01,3.597122302158273222e+00
7.552600849916949244e+00,-1.128860489882854146e-01,4.259850905218317760e-03,2.981895633652822258e-02,9.004796163069544335e+00,5.515587529976019310e-01,3.458033573141486627e+00
7.557556996075608602e+00,-1.139510117145899892e-01,2.023429179978700893e-02,3.088391906283280072e-02,9.043165467625899012e+00,5.923261390887289979e-01,3.383693045563548996e+00
7.562513142234267072e+00,-1.171458998935037271e-01,4.259850905218317413e-02,3.940362087326943624e-02,9.040767386091127733e+00,5.683453237410072134e-01,3.484412470023980912e+00
7.567469288392926430e+00,-1.214057507987220397e-01,5.857294994675186356e-02,4.898828541001064990e-02,9.016786570743406060e+00,5.347721822541966485e-01,3.673860911270983021e+00
7.572425434551585788e+00,-1.267305644302449408e-01,6.070287539936101984e-02,5.644302449414270728e-02,8.985611510791366996e+00,5.323741007194244812e-01,3.853717026378896904e+00
7.577381580710244258e+00,-1.277955271565495154e-01,5.537806176783812567e-02,5.644302449414270728e-02,8.918465227817746310e+00,5.611510791366906004e-01,3.892086330935251581e+00
7.582337726868903616e+00,-1.299254526091586925e-01,5.005324813631523151e-02,6.496272630457934627e-02,8.841726618705035179e+00,5.851318944844124958e-01,3.829736211031175230e+00
7.587293873027562086e+00,-1.309904153354632672e-01,5.005324813631523151e-02,8.200212992545261037e-02,8.817745803357313505e+00,5.371702637889688159e-01,3.769784172661870603e+00
7.592250019186221444e+00,-1.235356762513312029e-01,5.111821086261980618e-02,1.011714589989350377e-01,8.836930455635490844e+00,3.908872901678657197e-01,3.764988009592326268e+00
7.597206165344879913e+00,-1.182108626198083018e-01,4.898828541001064990e-02,1.086261980830670881e-01,8.892086330935251581e+00,2.014388489208633060e-01,3.743405275779376318e+00
7.602162311503539271e+00,-1.128860489882854146e-01,4.366347177848775574e-02,1.064962726304579388e-01,8.940047961630694928e+00,8.153477218225420320e-02,3.669064748201438686e+00
7.607118457662197741e+00,-1.086261980830670881e-01,4.472843450479233041e-02,9.691160809371672513e-02,8.904076738609113306e+00,5.035971223021582649e-02,3.654676258992805682e+00
7.612074603820857099e+00,-9.584664536741213658e-02,4.579339723109691201e-02,9.584664536741213658e-02,8.918465227817746310e+00,2.158273381294964141e-02,3.621103117505995339e+00
7.617030749979516457e+00,-8.413205537806177359e-02,5.005324813631523151e-02,9.691160809371672513e-02,9.026378896882494729e+00,-1.342925659472422040e-01,3.565947242206235046e+00
7.621986896138174927e+00,-7.561235356762513460e-02,5.963791267305644517e-02,8.945686900958466081e-02,9.103117505995204084e+00,-3.021582733812949728e-01,3.563549160671462879e+00
7.626943042296834285e+00,-6.283280085197018305e-02,7.348242811501597138e-02,6.922257720979765883e-02,9.045563549160672068e+00,-2.781774580335731328e-01,3.529976019184652092e+00
7.631899188455492755e+00,-4.366347177848775574e-02,9.265175718849839870e-02,5.537806176783812567e-02,8.952038369304556653e+00,-1.846522781774580235e-01,3.604316546762589724e+00
7.636855334614152113e+00,-2.662406815761448470e-02,1.107561235356762513e-01,5.644302449414270728e-02,8.920863309352517589e+00,-1.007194244604316530e-01,3.695443645083932971e+00
7.641811480772810583e+00,-9.584664536741213658e-03,1.267305644302449408e-01,6.283280085197018305e-02,8.942446043165467984e+00,-4.076738609112710160e-02,3.846522781774580402e+00
7.646767626931469941e+00,4.259850905218317760e-03,1.341853035143769912e-01,6.922257720979765883e-02,8.942446043165467984e+00,1.678657074340527550e-02,3.901678657074340695e+00
7.651723773090128411e+00,1.171458998935037341e-02,1.352502662406815659e-01,7.348242811501597138e-02,8.940047961630694928e+00,7.194244604316546443e-02,3.853717026378896904e+00
7.656679919248787769e+00,1.171458998935037341e-02,1.352502662406815659e-01,7.667731629392970927e-02,8.901678657074340251e+00,1.918465227817745811e-01,3.719424460431654644e+00
7.661636065407447127e+00,0.000000000000000000e+00,1.395101171458998923e-01,8.093716719914803570e-02,8.820143884892086561e+00,2.829736211031175230e-01,3.712230215827338142e+00
7.666592211566105597e+00,-1.064962726304579353e-02,1.458998935037273681e-01,8.839190628328008614e-02,8.875299760191847298e+00,2.949640287769784153e-01,3.726618705035971146e+00
7.671548357724764955e+00,-2.129925452609158706e-02,1.490947816826411199e-01,9.371671991480298725e-02,8.856115107913668183e+00,2.589928057553956831e-01,3.788968824940047941e+00
7.676504503883423425e+00,-3.620873269435569836e-02,1.469648562300319428e-01,9.904153354632587447e-02,8.781774580335731883e+00,1.918465227817745811e-01,4.031175059952038175e+00
7.681460650042082783e+00,-4.898828541001064990e-02,1.246006389776357776e-01,1.001064962726304630e-01,8.752997601918465875e+00,8.393285371702638442e-02,4.136690647482014427e+00
7.686416796200741253e+00,-6.070287539936101984e-02,9.691160809371672513e-02,1.001064962726304630e-01,8.808153477218224836e+00,-3.597122302158273222e-02,4.052757793764987682e+00
7.691372942359400611e+00,-7.028753993610223350e-02,7.561235356762513460e-02,9.052183173588924936e-02,8.870503597122302963e+00,-1.103117505995203779e-01,3.894484412470024193e+00
7.696329088518059969e+00,-7.561235356762513460e-02,6.922257720979765883e-02,7.987220447284344715e-02,8.858513189448441238e+00,-1.342925659472422040e-01,3.788968824940047941e+00
7.701285234676718439e+00,-7.454739084132055993e-02,7.028753993610223350e-02,7.454739084132055993e-02,8.904076738609113306e+00,-2.278177458033573133e-01,3.700239808153477306e+00
7.706241380835377797e+00,-6.815761448349308416e-02,7.028753993610223350e-02,7.348242811501597138e-02,9.031175059952039064e+00,-3.453237410071942626e-01,3.654676258992805682e+00
7.711197526994036267e+00,-5.963791267305644517e-02,7.774227902023429781e-02,6.070287539936101984e-02,9.107913669064748419e+00,-4.916067146282973588e-01,3.657074340527577849e+00
7.716153673152695625e+00,-4.366347177848775574e-02,9.584664536741213658e-02,3.940362087326943624e-02,9.141486810551558762e+00,-4.964028776978417490e-01,3.750599520383693264e+00
7.721109819311354094e+00,-1.916932907348242732e-02,1.054313099041533502e-01,2.981895633652822258e-02,9.107913669064748419e+00,-4.340527577937650094e-01,3.846522781774580402e+00
7.726065965470013452e+00,4.259850905218317760e-03,1.086261980830670881e-01,2.768903088391906284e-02,9.083932853717026745e+00,-3.908872901678657197e-01,3.834532374100719565e+00
7.731022111628671922e+00,2.662406815761448470e-02,1.182108626198083018e-01,2.875399361022364098e-02,9.093525179856115415e+00,-3.645083932853717124e-01,3.791366906474820109e+00
7.735978257787331280e+00,4.792332268370606829e-02,1.288604898828540901e-01,2.023429179978700893e-02,9.110311750599519698e+00,-3.045563549160671402e-01,3.812949640287769615e+00
7.740934403945990638e+00,6.602768903088392094e-02,1.363152289669861683e-01,1.490947816826411129e-02,8.985611510791366996e+00,-1.270983213429256464e-01,3.901678657074340695e+00
7.745890550104649108e+00,8.413205537806177359e-02,1.341853035143769912e-01,2.981895633652822258e-02,8.832134292565946510e+00,-4.796163069544364527e-02,4.031175059952038175e+00
7.750846696263308466e+00,9.371671991480298725e-02,1.224707135250266282e-01,4.792332268370606829e-02,8.889688249400480302e+00,-2.326139088729016757e-01,4.055155875299759849e+00
7.755802842421966936e+00,9.371671991480298725e-02,1.054313099041533502e-01,4.472843450479233041e-02,8.992805755395682610e+00,-3.956834532374100544e-01,4.045563549160671180e+00
7.760758988580626294e+00,8.200212992545261037e-02,8.626198083067092293e-02,1.597444089456868943e-02,8.997601918465226944e+00,-4.772182254196642437e-01,4.057553956834532016e+00
7.765715134739284764e+00,6.602768903088392094e-02,6.070287539936101984e-02,-1.703940362087327104e-02,8.923261390887290645e+00,-3.788968824940047719e-01,3.980815347721822661e+00
7.770671280897944122e+00,4.898828541001064990e-02,4.259850905218317413e-02,-4.366347177848775574e-02,8.916067146282973255e+00,-3.429256594724220397e-01,3.851318944844124736e+00
7.775627427056602592e+00,2.449414270500532495e-02,3.407880724174654208e-02,-5.857294994675186356e-02,9.064748201438849406e+00,-4.892086330935251914e-01,3.755395683453237599e+00
7.780583573215261950e+00,5.324813631522896766e-03,3.407880724174654208e-02,-8.200212992545261037e-02,9.213429256594723782e+00,-6.450839328537170125e-01,3.666666666666666519e+00
7.785539719373921308e+00,-1.384451544195953142e-02,3.833865814696485463e-02,-1.246006389776357776e-01,9.199040767386090778e+00,-6.786570743405275774e-01,3.664268585131894351e+00
7.790495865532579778e+00,-2.981895633652822258e-02,4.366347177848775574e-02,-1.640042598509052207e-01,9.107913669064748419e+00,-5.779376498800958828e-01,3.705035971223021640e+00
7.795452011691239136e+00,-3.727369542066027996e-02,5.005324813631523151e-02,-1.853035143769967974e-01,9.093525179856115415e+00,-5.227817745803357008e-01,3.736211031175059816e+00
7.800408157849897606e+00,-3.940362087326943624e-02,6.283280085197018305e-02,-1.970181043663471743e-01,9.223021582733812451e+00,-5.515587529976019310e-01,3.791366906474820109e+00
7.805364304008556964e+00,-3.514376996805111675e-02,7.561235356762513460e-02,-2.119275825346112752e-01,9.294964028776979248e+00,-5.275779376498801465e-01,3.872901678657074243e+00
7.810320450167215434e+00,-2.981895633652822258e-02,8.413205537806177359e-02,-2.353567625133120289e-01,9.131894484412470092e+00,-3.333333333333333148e-01,4.033573141486810343e+00
7.815276596325874792e+00,-1.810436634717784918e-02,8.306709265175718504e-02,-2.460063897763578311e-01,9.000000000000000000e+00,-9.592326139088729053e-02,4.194244604316546443e+00
7.820232742484534150e+00,-9.584664536741213658e-03,7.135250266240682204e-02,-2.321618743343983049e-01,8.954436450839327932e+00,3.597122302158273222e-02,4.177458033573141272e+00
7.825188888643192620e+00,-2.129925452609158880e-03,5.750798722044728195e-02,-2.151224707135250269e-01,9.052757793764987682e+00,-4.796163069544364180e-03,4.043165467625899012e+00
7.830145034801851978e+00,6.389776357827475772e-03,5.005324813631523151e-02,-2.108626198083067005e-01,9.057553956834532016e+00,2.398081534772182090e-03,4.004796163069544335e+00
7.835101180960510447e+00,1.277955271565495154e-02,4.472843450479233041e-02,-2.097976570820021258e-01,8.992805755395682610e+00,1.247002398081534791e-01,4.014388489208633004e+00
7.840057327119169805e+00,2.342917997870074681e-02,3.301384451544196047e-02,-1.959531416400425996e-01,9.045563549160672068e+00,1.534772182254196538e-01,3.954436450839328376e+00
7.845013473277828275e+00,2.875399361022364098e-02,2.449414270500532495e-02,-1.735889243876464205e-01,9.124700239808152702e+00,8.393285371702638442e-02,3.743405275779376318e+00
7.849969619436487633e+00,3.301384451544196047e-02,3.194888178913737886e-02,-1.608093716719914690e-01,9.247002398081534125e+00,-7.194244604316547137e-03,3.635491606714628343e+00
7.854925765595146103e+00,4.366347177848775574e-02,4.472843450479233041e-02,-1.608093716719914690e-01,9.335731414868105205e+00,-9.592326139088728360e-03,3.597122302158273222e+00
7.859881911753805461e+00,4.792332268370606829e-02,5.218317358892438779e-02,-1.576144834930777450e-01,9.270983213429255798e+00,9.352517985611510931e-02,3.582733812949640217e+00
7.864838057912464819e+00,5.537806176783812567e-02,6.389776357827475772e-02,-1.416400425985090417e-01,9.119904076738608367e+00,2.517985611510791255e-01,3.609112709832134502e+00
7.869794204071123289e+00,6.602768903088392094e-02,7.880724174653887248e-02,-1.118210862619808260e-01,9.100719424460431028e+00,3.021582733812949728e-01,3.589928057553956720e+00
7.874750350229782647e+00,7.774227902023429781e-02,9.265175718849839870e-02,-7.774227902023429781e-02,9.172661870503597825e+00,2.997601918465228055e-01,3.606714628297361891e+00
7.879706496388441117e+00,8.413205537806177359e-02,1.075612353567625135e-01,-5.537806176783812567e-02,9.139088729016785706e+00,4.100719424460431695e-01,3.659472422062350017e+00
7.884662642547100475e+00,8.732694355697551147e-02,1.160809371671991524e-01,-2.449414270500532495e-02,9.031175059952039064e+00,6.091127098321342803e-01,3.824940047961630896e+00
7.889618788705758945e+00,9.265175718849839870e-02,1.128860489882854146e-01,2.449414270500532495e-02,8.913669064748201976e+00,7.721822541966426590e-01,3.856115107913669071e+00
7.894574934864418303e+00,9.265175718849839870e-02,1.054313099041533502e-01,8.200212992545261037e-02,8.906474820143884585e+00,7.745803357314148263e-01,3.781774580335731439e+00
7.899531081023077661e+00,8.519701810436634826e-02,1.001064962726304630e-01,1.341853035143769912e-01,9.011990407673861725e+00,6.834532374100719121e-01,3.647482014388489180e+00
7.904487227181736131e+00,7.561235356762513460e-02,1.064962726304579388e-01,1.703940362087326965e-01,9.038369304556354678e+00,6.810551558752997447e-01,3.609112709832134502e+00
7.909443373340395489e+00,6.815761448349308416e-02,1.128860489882854146e-01,2.066027689030884018e-01,8.884892086330935967e+00,6.546762589928057929e-01,3.752997601918465431e+00
7.914399519499053959e+00,5.644302449414270728e-02,1.054313099041533502e-01,2.534611288604898816e-01,8.788968824940047497e+00,4.940047961630695261e-01,3.923261390887290201e+00
7.919355665657713317e+00,4.153354632587859252e-02,7.667731629392970927e-02,2.917997870074547362e-01,8.925659472422061924e+00,1.702637889688249362e-01,3.834532374100719565e+00
7.924311811816371787e+00,2.555910543130990309e-02,5.218317358892438779e-02,3.013844515441959637e-01,8.992805755395682610e+00,-1.486810551558752913e-01,3.494004796163069582e+00
7.929267957975031145e+00,1.064962726304579353e-02,4.472843450479233041e-02,2.896698615548455868e-01,9.031175059952039064e+00,-2.877697841726618577e-01,3.374100719424460326e+00
7.934224104133689615e+00,1.064962726304579440e-03,4.579339723109691201e-02,2.758253461128860606e-01,9.038369304556354678e+00,-3.573141486810551548e-01,3.266187050359712352e+00
7.939180250292348973e+00,-1.171458998935037341e-02,5.857294994675186356e-02,2.694355697550585571e-01,9.095923261390886694e+00,-5.371702637889688159e-01,3.153477218225419598e+00
7.944136396451008331e+00,-2.129925452609158706e-02,7.241746538871139671e-02,2.513312034078807322e-01,9.227817745803356786e+00,-7.937649880095922761e-01,3.218225419664268561e+00
7.949092542609666801e+00,-2.449414270500532495e-02,7.774227902023429781e-02,2.161874334398296016e-01,9.357314148681055599e+00,-1.011990407673860837e+00,3.199040767386091222e+00
7.954048688768326159e+00,-2.768903088391906284e-02,8.413205537806177359e-02,1.693290734824281218e-01,9.314148681055156587e+00,-1.064748201438848962e+00,3.122302158273381423e+00
7.959004834926984628e+00,-2.449414270500532495e-02,9.691160809371672513e-02,1.256656017039403661e-01,9.170263788968824770e+00,-1.021582733812949728e+00,3.119904076738609255e+00
7.963960981085643986e+00,-1.277955271565495154e-02,1.139510117145899892e-01,9.691160809371672513e-02,9.146282973621103096e+00,-1.064748201438848962e+00,3.129496402877697925e+00
7.968917127244302456e+00,-3.194888178913737886e-03,1.288604898828540901e-01,6.070287539936101984e-02,9.239808153477218511e+00,-1.199040767386091222e+00,3.148681055155875264e+00
7.973873273402961814e+00,6.389776357827475772e-03,1.427050053248136441e-01,1.277955271565495154e-02,9.278177458033573188e+00,-1.237410071942446121e+00,3.206235011990407724e+00
7.978829419561620284e+00,2.129925452609158706e-02,1.512247071352502692e-01,-3.940362087326943624e-02,9.191846522781775164e+00,-1.062350119904076795e+00,3.333333333333333481e+00
7.983785565720279642e+00,3.833865814696485463e-02,1.618743343982960714e-01,-7.880724174653887248e-02,9.124700239808152702e+00,-8.489208633093525691e-01,3.508393285371702586e+00
7.988741711878939000e+00,5.431309904153354406e-02,1.597444089456868943e-01,-1.022364217252396124e-01,9.086330935251798024e+00,-6.762589928057554101e-01,3.630695443645084008e+00
7.993697858037597470e+00,6.815761448349308416e-02,1.480298189563365174e-01,-1.171458998935037271e-01,9.081534772182253690e+00,-5.635491606714628787e-01,3.637889688249400511e+00
7.998654004196256828e+00,7.987220447284344715e-02,1.437699680511182188e-01,-1.320553780617678419e-01,9.052757793764987682e+00,-4.196642685851318944e-01,3.664268585131894351e+00
8.003610150354916186e+00,8.839190628328008614e-02,1.405750798722044670e-01,-1.458998935037273681e-01,9.033573141486810343e+00,-2.134292565947242259e-01,3.695443645083932971e+00
8.008566296513574656e+00,9.478168264110756192e-02,1.363152289669861683e-01,-1.427050053248136441e-01,9.100719424460431028e+00,-1.678657074340527550e-02,3.776978417266187105e+00
8.013522442672233126e+00,9.904153354632587447e-02,1.405750798722044670e-01,-1.246006389776357776e-01,9.158273381294964821e+00,4.076738609112710160e-02,3.882494004796162912e+00
8.018478588830891596e+00,1.033013844515442009e-01,1.437699680511182188e-01,-1.043663471778487756e-01,9.189448441247002108e+00,0.000000000000000000e+00,4.038369304556354678e+00
8.023434734989551842e+00,1.022364217252396124e-01,1.320553780617678419e-01,-9.265175718849839870e-02,9.297362110311750527e+00,-6.714628297362110199e-02,4.151079136690647431e+00
8.028390881148210312e+00,9.158679446219382403e-02,1.182108626198083018e-01,-9.584664536741213658e-02,9.275779376498800133e+00,-3.357314148681055099e-02,4.081534772182254578e+00
8.033347027306868782e+00,7.667731629392970927e-02,1.107561235356762513e-01,-9.478168264110756192e-02,9.182254196642686495e+00,1.055155875299760154e-01,4.050359712230215514e+00
8.038303173465529028e+00,6.922257720979765883e-02,1.075612353567625135e-01,-8.413205537806177359e-02,9.155875299760191766e+00,2.494004796163069582e-01,4.055155875299759849e+00
8.043259319624187498e+00,5.963791267305644517e-02,1.075612353567625135e-01,-6.389776357827475772e-02,9.136690647482014427e+00,2.517985611510791255e-01,4.098321342925659749e+00
8.048215465782845968e+00,4.685835995740149362e-02,1.064962726304579388e-01,-4.046858359957401785e-02,9.119904076738608367e+00,1.822541966426858562e-01,4.151079136690647431e+00
8.053171611941504437e+00,3.514376996805111675e-02,9.904153354632587447e-02,-2.342917997870074681e-02,9.093525179856115415e+00,1.774580335731414937e-01,4.225419664268585507e+00
8.058127758100164684e+00,2.342917997870074681e-02,8.093716719914803570e-02,-9.584664536741213658e-03,9.047961630695443347e+00,2.086330935251798635e-01,4.237410071942446343e+00
8.063083904258823154e+00,1.064962726304579353e-02,5.857294994675186356e-02,6.389776357827475772e-03,9.007194244604317390e+00,2.565947242206235157e-01,4.139088729016786594e+00
8.068040050417481623e+00,4.259850905218317760e-03,4.153354632587859252e-02,3.194888178913737886e-02,8.942446043165467984e+00,2.565947242206235157e-01,3.985611510791366996e+00
8.072996196576141870e+00,-1.064962726304579440e-03,3.833865814696485463e-02,6.496272630457934627e-02,8.937649880095923649e+00,1.942446043165467762e-01,3.872901678657074243e+00
8.077952342734800339e+00,-4.259850905218317760e-03,3.407880724174654208e-02,9.158679446219382403e-02,9.021582733812950394e+00,7.673860911270982688e-02,3.788968824940047941e+00
8.082908488893458809e+00,-4.259850905218317760e-03,3.194888178913737886e-02,1.150159744408945639e-01,9.112709832134292753e+00,-5.275779376498800771e-02,3.695443645083932971e+00
8.087864635052117279e+00,-5.324813631522896766e-03,3.514376996805111675e-02,1.299254526091586925e-01,9.139088729016785706e+00,-1.774580335731414937e-01,3.669064748201438686e+00
8.092820781210777525e+00,-4.259850905218317760e-03,4.046858359957401785e-02,1.395101171458998923e-01,9.211031175059952503e+00,-2.949640287769784153e-01,3.623501199040767506e+00
8.097776927369435995e+00,-3.194888178913737886e-03,4.898828541001064990e-02,1.448349307774227934e-01,9.268585131894484519e+00,-4.244604316546762846e-01,3.587529976019184552e+00
8.102733073528094465e+00,-3.194888178913737886e-03,5.963791267305644517e-02,1.395101171458998923e-01,9.285371702637888802e+00,-5.539568345323740983e-01,3.496402877697841749e+00
8.107689219686754711e+00,-4.259850905218317760e-03,7.241746538871139671e-02,1.267305644302449408e-01,9.270983213429255798e+00,-5.947242206235011652e-01,3.419664268585131950e+00
8.112645365845413181e+00,-7.454739084132055646e-03,8.945686900958466081e-02,1.075612353567625135e-01,9.203836930455635112e+00,-5.875299760191846632e-01,3.378896882494004661e+00
8.117601512004071651e+00,-1.064962726304579353e-02,1.064962726304579388e-01,8.945686900958466081e-02,9.139088729016785706e+00,-6.258992805755395628e-01,3.434052757793764954e+00
8.122557658162730121e+00,-9.584664536741213658e-03,1.160809371671991524e-01,6.815761448349308416e-02,9.086330935251798024e+00,-6.426858513189448452e-01,3.551558752997602042e+00
8.127513804321390367e+00,-8.519701810436635520e-03,1.203407880724174650e-01,4.366347177848775574e-02,9.069544364508393741e+00,-6.282973621103117301e-01,3.695443645083932971e+00
8.132469950480048837e+00,-3.194888178913737886e-03,1.150159744408945639e-01,2.449414270500532495e-02,8.954436450839327932e+00,-5.203836930455635335e-01,3.769784172661870603e+00
8.137426096638707307e+00,6.389776357827475772e-03,1.022364217252396124e-01,9.584664536741213658e-03,8.875299760191847298e+00,-3.860911270983213295e-01,3.851318944844124736e+00
8.142382242797365777e+00,1.916932907348242732e-02,9.052183173588924936e-02,7.454739084132055646e-03,8.868105515587529908e+00,-3.285371702637889801e-01,3.815347721822541782e+00
8.147338388956026023e+00,2.555910543130990309e-02,8.200212992545261037e-02,6.389776357827475772e-03,8.894484412470024637e+00,-2.853717026378896904e-01,3.752997601918465431e+00
8.152294535114684493e+00,3.088391906283280072e-02,7.667731629392970927e-02,6.389776357827475772e-03,8.848920863309352569e+00,-2.062350119904076684e-01,3.846522781774580402e+00
8.157250681273342963e+00,3.514376996805111675e-02,6.389776357827475772e-02,7.454739084132055646e-03,8.824940047961630896e+00,-1.654676258992805737e-01,3.882494004796162912e+00
8.162206827432003209e+00,3.940362087326943624e-02,4.898828541001064990e-02,1.277955271565495154e-02,8.887290167865707247e+00,-1.654676258992805737e-01,3.762589928057554101e+00
8.167162973590661679e+00,3.727369542066027996e-02,3.727369542066027996e-02,1.703940362087327104e-02,8.988009592326138275e+00,-1.870503597122302186e-01,3.652278177458033515e+00
8.172119119749320149e+00,3.194888178913737886e-02,3.620873269435569836e-02,1.597444089456868943e-02,9.103117505995204084e+00,-2.158273381294963933e-01,3.532374100719424259e+00
8.177075265907978618e+00,2.662406815761448470e-02,4.898828541001064990e-02,8.519701810436635520e-03,9.175059952038369104e+00,-2.230215827338129508e-01,3.443645083932853623e+00
8.182031412066638865e+00,2.449414270500532495e-02,6.602768903088392094e-02,5.324813631522896766e-03,9.187050359712230829e+00,-2.062350119904076684e-01,3.470023980815347908e+00
8.186987558225297335e+00,2.342917997870074681e-02,8.519701810436634826e-02,9.584664536741213658e-03,9.203836930455635112e+00,-2.230215827338129508e-01,3.556354916067146377e+00
8.191943704383955804e+00,2.023429179978700893e-02,1.001064962726304630e-01,1.277955271565495154e-02,9.215827338129496837e+00,-2.470023980815347631e-01,3.616306954436451004e+00
8.196899850542616051e+00,1.703940362087327104e-02,1.096911608093716767e-01,6.389776357827475772e-03,9.103117505995204084e+00,-2.038369304556355011e-01,3.721822541966426812e+00
8.201855996701274520e+00,1.490947816826411129e-02,1.128860489882854146e-01,5.324813631522896766e-03,8.961630695443645322e+00,-6.474820143884892076e-02,3.822541966426858728e+00
8.206812142859932990e+00,1.703940362087327104e-02,1.139510117145899892e-01,1.916932907348242732e-02,8.949640287769783598e+00,-9.592326139088728360e-03,3.769784172661870603e+00
8.211768289018591460e+00,1.490947816826411129e-02,1.224707135250266282e-01,3.620873269435569836e-02,8.956834532374100988e+00,1.678657074340527550e-02,3.815347721822541782e+00
8.216724435177251706e+00,1.171458998935037341e-02,1.288604898828540901e-01,5.324813631522896940e-02,8.918465227817746310e+00,7.434052757793764565e-02,3.990407673860911331e+00
8.221680581335910176e+00,7.454739084132055646e-03,1.182108626198083018e-01,7.028753993610223350e-02,8.966426858513189657e+00,7.434052757793764565e-02,4.055155875299759849e+00
8.226636727494568646e+00,-7.454739084132055646e-03,1.022364217252396124e-01,8.413205537806177359e-02,8.985611510791366996e+00,-4.796163069544364180e-03,3.980815347721822661e+00
8.231592873653228892e+00,-2.342917997870074681e-02,9.478168264110756192e-02,9.158679446219382403e-02,8.966426858513189657e+00,-1.151079136690647542e-01,3.911270983213429364e+00
8.236549019811887362e+00,-2.875399361022364098e-02,9.478168264110756192e-02,1.001064962726304630e-01,9.019184652278177339e+00,-2.517985611510791255e-01,3.824940047961630896e+00
8.241505165970545832e+00,-3.833865814696485463e-02,9.904153354632587447e-02,1.022364217252396124e-01,9.057553956834532016e+00,-3.788968824940047719e-01,3.836930455635491732e+00
8.246461312129204302e+00,-4.472843450479233041e-02,9.904153354632587447e-02,9.584664536741213658e-02,9.088729016786571080e+00,-4.868105515587530241e-01,3.815347721822541782e+00
8.251417458287864548e+00,-5.005324813631523151e-02,1.033013844515442009e-01,8.413205537806177359e-02,9.119904076738608367e+00,-5.779376498800958828e-01,3.836930455635491732e+00
8.256373604446523018e+00,-5.324813631522896940e-02,1.107561235356762513e-01,7.135250266240682204e-02,9.179856115107913439e+00,-6.498800959232613472e-01,3.896882494004796360e+00
8.261329750605181488e+00,-5.111821086261980618e-02,1.128860489882854146e-01,5.218317358892438779e-02,9.179856115107913439e+00,-6.762589928057554101e-01,3.925659472422062368e+00
8.266285896763839958e+00,-5.005324813631523151e-02,1.160809371671991524e-01,2.981895633652822258e-02,9.059952038369305072e+00,-6.714628297362110754e-01,3.995203836930455665e+00
8.271242042922500204e+00,-4.366347177848775574e-02,1.160809371671991524e-01,1.384451544195953142e-02,8.988009592326138275e+00,-6.235011990407673954e-01,4.103117505995204084e+00
8.276198189081158674e+00,-2.981895633652822258e-02,1.096911608093716767e-01,1.064962726304579440e-03,8.925659472422061924e+00,-6.019184652278177783e-01,4.179856115107913439e+00
8.281154335239817144e+00,-2.023429179978700893e-02,1.001064962726304630e-01,-7.454739084132055646e-03,8.896882494004795916e+00,-5.635491606714628787e-01,4.254196642685851515e+00
8.286110481398477390e+00,-1.277955271565495154e-02,8.306709265175718504e-02,-1.597444089456868943e-02,8.834532374100719565e+00,-4.508393285371702364e-01,4.306954436450839196e+00
8.291066627557135860e+00,1.064962726304579440e-03,6.176783812566560145e-02,-1.703940362087327104e-02,8.793764988009591832e+00,-4.028776978417266119e-01,4.304556354916067029e+00
8.296022773715794330e+00,1.384451544195953142e-02,3.833865814696485463e-02,-1.064962726304579353e-02,8.820143884892086561e+00,-3.573141486810551548e-01,4.160671462829736100e+00
8.300978919874452799e+00,2.342917997870074681e-02,2.236421725239616520e-02,-6.389776357827475772e-03,8.860911270983214294e+00,-3.477218225419664299e-01,4.076738609112710243e+00
8.305935066033113046e+00,3.088391906283280072e-02,1.384451544195953142e-02,-6.389776357827475772e-03,8.904076738609113306e+00,-3.525179856115107646e-01,3.988009592326139163e+00
8.310891212191771515e+00,3.514376996805111675e-02,1.064962726304579353e-02,-3.194888178913737886e-03,9.009592326139088669e+00,-3.573141486810551548e-01,3.829736211031175230e+00
8.315847358350429985e+00,3.620873269435569836e-02,1.064962726304579353e-02,-3.194888178913737886e-03,9.110311750599519698e+00,-3.309352517985611475e-01,3.726618705035971146e+00
8.320803504509090232e+00,2.981895633652822258e-02,2.023429179978700893e-02,-5.324813631522896766e-03,9.163069544364509156e+00,-3.237410071942445899e-01,3.640287769784172678e+00
8.325759650667748701e+00,2.129925452609158706e-02,3.514376996805111675e-02,-3.194888178913737886e-03,9.218225419664268117e+00,-3.405275779376498724e-01,3.467625899280575741e+00
8.330715796826407171e+00,1.384451544195953142e-02,5.857294994675186356e-02,-8.519701810436635520e-03,9.261390887290167129e+00,-3.860911270983213295e-01,3.494004796163069582e+00
8.335671942985065641e+00,-2.129925452609158880e-03,8.945686900958466081e-02,-2.129925452609158706e-02,9.201438848920863833e+00,-3.573141486810551548e-01,3.606714628297361891e+00
8.340628089143725887e+00,-1.171458998935037341e-02,1.118210862619808260e-01,-2.555910543130990309e-02,9.069544364508393741e+00,-2.901678657074340251e-01,3.839328537170263900e+00
8.345584235302384357e+00,-2.023429179978700893e-02,1.192758253461128903e-01,-2.555910543130990309e-02,8.966426858513189657e+00,-2.278177458033573133e-01,4.004796163069544335e+00
8.350540381461042827e+00,-3.407880724174654208e-02,1.160809371671991524e-01,-2.768903088391906284e-02,8.870503597122302963e+00,-1.990407673860911386e-01,4.148681055155875264e+00
8.355496527619703073e+00,-4.579339723109691201e-02,1.096911608093716767e-01,-2.768903088391906284e-02,8.793764988009591832e+00,-1.342925659472422040e-01,4.290167865707434025e+00
8.360452673778361543e+00,-5.537806176783812567e-02,9.797657082002129980e-02,-2.555910543130990309e-02,8.889688249400480302e+00,-5.995203836930455832e-02,4.350119904076738209e+00
8.365408819937020013e+00,-6.283280085197018305e-02,9.371671991480298725e-02,-2.023429179978700893e-02,8.846522781774579514e+00,1.918465227817745672e-02,4.470023980815347464e+00
8.370364966095678483e+00,-6.815761448349308416e-02,8.839190628328008614e-02,-9.584664536741213658e-03,8.714628297362111198e+00,1.654676258992805737e-01,4.774580335731414493e+00
8.375321112254338729e+00,-7.241746538871139671e-02,6.496272630457934627e-02,1.384451544195953142e-02,8.621103117505995783e+00,2.589928057553956831e-01,4.980815347721822661e+00
8.380277258412997199e+00,-8.093716719914803570e-02,1.916932907348242732e-02,3.620873269435569836e-02,8.585131894484412385e+00,2.038369304556355011e-01,4.971223021582733992e+00
8.385233404571655669e+00,-9.052183173588924936e-02,-2.449414270500532495e-02,5.324813631522896940e-02,8.669064748201439130e+00,5.755395683453237710e-02,4.748201438848920652e+00
8.390189550730315915e+00,-9.691160809371672513e-02,-4.579339723109691201e-02,5.857294994675186356e-02,8.750599520383692820e+00,-6.474820143884892076e-02,4.467625899280575297e+00
8.395145696888974385e+00,-9.904153354632587447e-02,-4.792332268370606829e-02,6.602768903088392094e-02,8.817745803357313505e+00,-1.798561151079136611e-01,4.359712230215827766e+00
8.400101843047632855e+00,-9.371671991480298725e-02,-4.898828541001064990e-02,7.880724174653887248e-02,8.892086330935251581e+00,-2.877697841726618577e-01,4.287769784172661858e+00
8.405057989206291325e+00,-8.839190628328008614e-02,-5.005324813631523151e-02,8.626198083067092293e-02,9.050359712230216402e+00,-5.107913669064748641e-01,4.158273381294963933e+00
8.410014135364951571e+00,-7.880724174653887248e-02,-4.259850905218317413e-02,8.200212992545261037e-02,9.251798561151078459e+00,-7.050359712230215292e-01,3.937649880095923205e+00
8.414970281523610041e+00,-6.602768903088392094e-02,-1.384451544195953142e-02,6.176783812566560145e-02,9.239808153477218511e+00,-7.745803357314148263e-01,3.786570743405275774e+00
8.419926427682268510e+00,-4.685835995740149362e-02,2.023429179978700893e-02,4.472843450479233041e-02,9.124700239808152702e+00,-7.529976019184652092e-01,3.815347721822541782e+00
8.424882573840926980e+00,-2.875399361022364098e-02,4.898828541001064990e-02,4.366347177848775574e-02,9.079136690647482411e+00,-7.553956834532373765e-01,3.827338129496403063e+00
8.429838719999587227e+00,-1.277955271565495154e-02,6.602768903088392094e-02,3.194888178913737886e-02,8.980815347721822661e+00,-7.985611510791367218e-01,3.846522781774580402e+00
8.434794866158245696e+00,-3.194888178913737886e-03,8.306709265175718504e-02,6.389776357827475772e-03,8.875299760191847298e+00,-7.170263788968824770e-01,3.973621103117506159e+00
8.439751012316904166e+00,7.454739084132055646e-03,9.265175718849839870e-02,-1.171458998935037341e-02,8.808153477218224836e+00,-5.731414868105515481e-01,4.091127098321343247e+00
8.444707158475564412e+00,1.277955271565495154e-02,9.371671991480298725e-02,-2.236421725239616520e-02,8.678657074340527799e+00,-3.477218225419664299e-01,4.187050359712229941e+00
8.449663304634222882e+00,9.584664536741213658e-03,9.158679446219382403e-02,-2.023429179978700893e-02,8.585131894484412385e+00,-2.398081534772182333e-01,4.398081534772182444e+00
8.454619450792881352e+00,1.171458998935037341e-02,7.348242811501597138e-02,-8.519701810436635520e-03,8.645083932853717457e+00,-2.517985611510791255e-01,4.378896882494005105e+00
8.459575596951539822e+00,4.259850905218317760e-03,4.792332268370606829e-02,-9.584664536741213658e-03,8.700239808153476417e+00,-2.517985611510791255e-01,4.254196642685851515e+00
8.464531743110200068e+00,-6.389776357827475772e-03,3.833865814696485463e-02,-1.810436634717784918e-02,8.661870503597121740e+00,-2.062350119904076684e-01,4.143884892086330929e+00
8.469487889268858538e+00,-1.703940362087327104e-02,4.259850905218317413e-02,-1.597444089456868943e-02,8.738609112709832871e+00,-1.486810551558752913e-01,4.007194244604316502e+00
8.474444035427517008e+00,-2.768903088391906284e-02,4.898828541001064990e-02,-7.454739084132055646e-03,8.868105515587529908e+00,-2.110311750599520308e-01,3.983213429256594829e+00
8.479400181586177254e+00,-4.046858359957401785e-02,5.750798722044728195e-02,-6.389776357827475772e-03,9.002398081534773056e+00,-3.117505995203836977e-01,4.007194244604316502e+00
8.484356327744835724e+00,-5.537806176783812567e-02,6.389776357827475772e-02,-1.597444089456868943e-02,8.985611510791366996e+00,-3.788968824940047719e-01,4.004796163069544335e+00
8.489312473903494194e+00,-6.496272630457934627e-02,7.348242811501597138e-02,-3.194888178913737886e-02,8.911270983213428920e+00,-3.693045563549160470e-01,4.031175059952038175e+00
8.494268620062152664e+00,-7.028753993610223350e-02,7.987220447284344715e-02,-4.046858359957401785e-02,8.810551558752997892e+00,-2.805755395683453002e-01,4.148681055155875264e+00
8.499224766220812910e+00,-6.922257720979765883e-02,8.519701810436634826e-02,-4.259850905218317413e-02,8.683453237410072134e+00,-2.206235011990407557e-01,4.215827338129496837e+00
8.504180912379471380e+00,-6.922257720979765883e-02,8.945686900958466081e-02,-3.940362087326943624e-02,8.666666666666666075e+00,-2.541966426858512929e-01,4.323741007194244368e+00
8.509137058538129850e+00,-6.709265175718849561e-02,1.086261980830670881e-01,-3.833865814696485463e-02,7.587529976019184552e+00,-7.673860911270982688e-02,4.976019184652278327e+00
8.514093204696790096e+00,-1.810436634717784918e-02,1.597444089456868943e-01,-8.519701810436635520e-03,8.865707434052758629e+00,-4.916067146282973588e-01,7.280575539568345356e+00
8.519049350855448566e+00,-6.389776357827475772e-03,-4.153354632587859252e-02,-8.519701810436635520e-03,1.034532374100719387e+01,-1.237410071942446121e+00,8.460431654676259683e+00
8.524005497014107036e+00,1.277955271565495154e-02,-2.886048988285410122e-01,-1.309904153354632672e-01,9.141486810551558762e+00,-4.412470023980815115e-01,6.119904076738609255e+00
8.528961643172765505e+00,-7.561235356762513460e-02,-4.004259850905218521e-01,-1.725239616613418459e-01,8.419664268585131950e+00,5.035971223021582649e-02,5.179856115107913439e+00
8.533917789331425752e+00,3.194888178913737886e-03,-3.993610223642172774e-01,-1.096911608093716767e-01,9.366906474820144268e+00,-2.997601918465228055e-01,3.393285371702638109e+00
8.538873935490084222e+00,3.194888178913737886e-02,-3.130990415335463406e-01,-1.064962726304579388e-01,9.654676258992806126e+00,-4.004796163069544446e-01,1.213429256594724226e+00
8.543830081648742691e+00,-7.135250266240682204e-02,-1.810436634717784987e-01,-1.448349307774227934e-01,8.966426858513189657e+00,-3.908872901678657197e-01,2.462829736211030962e+00
8.548786227807401161e+00,3.194888178913737886e-03,-7.348242811501597138e-02,-1.309904153354632672e-01,8.781774580335731883e+00,-2.853717026378896904e-01,2.100719424460431473e+00
8.553742373966061407e+00,-1.597444089456868943e-02,1.064962726304579353e-02,-1.096911608093716767e-01,9.179856115107913439e+00,-5.395683453237409832e-01,3.278177458033573188e+00
8.558698520124719877e+00,-1.490947816826411129e-02,5.431309904153354406e-02,-1.352502662406815659e-01,9.143884892086331817e+00,-5.803357314148680501e-01,4.129496402877697925e+00
8.563654666283378347e+00,-3.301384451544196047e-02,3.301384451544196047e-02,-1.544195953141639932e-01,9.091127098321342359e+00,-7.290167865707434247e-01,5.371702637889688603e+00
8.568610812442038593e+00,4.259850905218317760e-03,-2.875399361022364098e-02,-1.767838125665601723e-01,9.270983213429255798e+00,-8.393285371702637887e-01,5.297362110311750527e+00
8.573566958600697063e+00,-1.810436634717784918e-02,-1.064962726304579388e-01,-2.215122470713525027e-01,9.328537170263789591e+00,-8.441247002398081234e-01,5.414868105515587615e+00
8.578523104759355533e+00,-7.454739084132055646e-03,-1.735889243876464205e-01,-2.726304579339723366e-01,9.093525179856115415e+00,-5.515587529976019310e-01,4.589928057553956720e+00
8.583479250918014003e+00,-1.384451544195953142e-02,-1.959531416400425996e-01,-2.875399361022364375e-01,9.019184652278177339e+00,-3.117505995203836977e-01,3.815347721822541782e+00
8.588435397076674249e+00,-1.277955271565495154e-02,-1.618743343982960714e-01,-2.854100106496272882e-01,9.136690647482014427e+00,-2.613908872901678504e-01,3.208633093525179891e+00
8.593391543235332719e+00,-2.129925452609158706e-02,-1.011714589989350377e-01,-2.896698615548455868e-01,9.059952038369305072e+00,-1.678657074340527688e-01,3.107913669064748419e+00
8.598347689393991189e+00,-3.088391906283280072e-02,-4.366347177848775574e-02,-2.907348242811501615e-01,8.932853717026379314e+00,-5.995203836930455832e-02,3.601918465227817556e+00
8.603303835552651435e+00,-2.236421725239616520e-02,-1.384451544195953142e-02,-2.768903088391906353e-01,8.952038369304556653e+00,9.352517985611510931e-02,3.954436450839328376e+00
8.608259981711309905e+00,-3.301384451544196047e-02,-1.064962726304579353e-02,-2.651757188498402584e-01,8.834532374100719565e+00,2.829736211031175230e-01,4.556354916067146377e+00
8.613216127869968375e+00,-3.301384451544196047e-02,-2.768903088391906284e-02,-2.460063897763578311e-01,8.659472422062350461e+00,5.323741007194244812e-01,4.899280575539568083e+00
8.618172274028626845e+00,-3.833865814696485463e-02,-6.922257720979765883e-02,-2.129925452609158776e-01,8.609112709832134058e+00,6.594724220623501276e-01,5.074340527577938076e+00
8.623128420187287091e+00,-4.259850905218317413e-02,-1.118210862619808260e-01,-1.746538871139510229e-01,8.577937649880096771e+00,7.434052757793765398e-01,4.642685851318944401e+00
8.628084566345945561e+00,-6.496272630457934627e-02,-1.320553780617678419e-01,-1.405750798722044670e-01,8.534772182254195982e+00,7.673860911270983243e-01,4.354916067146282543e+00
8.633040712504604031e+00,-7.028753993610223350e-02,-1.320553780617678419e-01,-1.075612353567625135e-01,8.628297362110311397e+00,7.338129496402877594e-01,3.932853717026378870e+00
8.637996858663264277e+00,-8.626198083067092293e-02,-1.160809371671991524e-01,-7.454739084132055993e-02,8.733812949640288537e+00,6.306954436450838974e-01,3.731414868105515481e+00
8.642953004821922747e+00,-9.904153354632587447e-02,-8.093716719914803570e-02,-4.366347177848775574e-02,8.791366906474820553e+00,4.964028776978417490e-01,3.649880095923261347e+00
8.647909150980581217e+00,-1.118210862619808260e-01,-4.259850905218317413e-02,-2.129925452609158706e-02,8.952038369304556653e+00,2.877697841726618577e-01,3.832134292565947398e+00
8.652865297139239686e+00,-1.182108626198083018e-01,-1.597444089456868943e-02,-8.519701810436635520e-03,9.069544364508393741e+00,1.103117505995203779e-01,4.220623501199041172e+00
8.657821443297899933e+00,-1.224707135250266282e-01,-1.277955271565495154e-02,-1.171458998935037341e-02,9.182254196642686495e+00,-4.556354916067146404e-02,4.541966426858513373e+00
8.662777589456558403e+00,-1.288604898828540901e-01,-2.768903088391906284e-02,-2.768903088391906284e-02,9.194244604316546443e+00,-1.438848920863309289e-01,4.793764988009592720e+00
8.667733735615216872e+00,-1.256656017039403661e-01,-4.898828541001064990e-02,-4.685835995740149362e-02,9.134292565947241371e+00,-1.558752997601918489e-01,4.793764988009592720e+00
8.672689881773875342e+00,-1.139510117145899892e-01,-6.496272630457934627e-02,-6.283280085197018305e-02,9.011990407673861725e+00,-1.270983213429256464e-01,4.776978417266186661e+00
8.677646027932535588e+00,-1.011714589989350377e-01,-8.732694355697551147e-02,-6.815761448349308416e-02,9.000000000000000000e+00,-1.079136690647481966e-01,4.585131894484412385e+00
8.682602174091194058e+00,-8.519701810436634826e-02,-1.043663471778487756e-01,-6.922257720979765883e-02,8.911270983213428920e+00,-5.995203836930455832e-02,4.208633093525179447e+00
8.687558320249852528e+00,-7.135250266240682204e-02,-9.691160809371672513e-02,-7.454739084132055993e-02,8.755395683453237154e+00,6.235011990407673954e-02,3.949640287769784042e+00
8.692514466408512774e+00,-6.176783812566560145e-02,-7.880724174653887248e-02,-6.922257720979765883e-02,8.633093525179855732e+00,2.470023980815347631e-01,3.872901678657074243e+00
8.697470612567171244e+00,-4.366347177848775574e-02,-5.750798722044728195e-02,-4.898828541001064990e-02,8.592326139088729775e+00,2.949640287769784153e-01,3.827338129496403063e+00
8.702426758725829714e+00,-3.194888178913737886e-02,-3.940362087326943624e-02,-2.662406815761448470e-02,8.621103117505995783e+00,2.565947242206235157e-01,3.947242206235011874e+00
8.707382904884488184e+00,-2.129925452609158706e-02,-2.449414270500532495e-02,-1.064962726304579353e-02,8.637889688249400066e+00,2.206235011990407557e-01,4.155875299760191766e+00
8.712339051043148430e+00,-1.171458998935037341e-02,-2.023429179978700893e-02,-2.129925452609158880e-03,8.599520383693045389e+00,2.206235011990407557e-01,4.455635491606714460e+00
8.717295197201806900e+00,-9.584664536741213658e-03,-3.514376996805111675e-02,8.519701810436635520e-03,8.594724220623501054e+00,2.613908872901678504e-01,4.609112709832134058e+00
8.722251343360465370e+00,-7.454739084132055646e-03,-6.176783812566560145e-02,2.236421725239616520e-02,8.589928057553956720e+00,2.781774580335731328e-01,4.601918465227817556e+00
8.727207489519125616e+00,-3.194888178913737886e-03,-8.200212992545261037e-02,4.046858359957401785e-02,8.568345323741006325e+00,2.230215827338129508e-01,4.470023980815347464e+00
8.732163635677784086e+00,4.259850905218317760e-03,-7.241746538871139671e-02,5.644302449414270728e-02,8.575539568345323715e+00,1.630695443645084064e-01,4.505995203836930862e+00
8.737119781836442556e+00,2.981895633652822258e-02,-7.774227902023429781e-02,9.478168264110756192e-02,8.203836930455635112e+00,2.494004796163069582e-01,4.681055155875299967e+00
8.742075927995101026e+00,5.005324813631523151e-02,-1.277955271565495154e-01,1.171458998935037271e-01,9.446043165467626679e+00,-2.206235011990407557e-01,3.330935251798561314e+00
8.747032074153761272e+00,-3.940362087326943624e-02,-1.128860489882854146e-01,6.602768903088392094e-02,8.918465227817746310e+00,-2.973621103117505826e-01,4.211031175059951615e+00
8.751988220312419742e+00,2.449414270500532495e-02,-5.963791267305644517e-02,4.898828541001064990e-02,8.316546762589927866e+00,1.438848920863309289e-01,3.738609112709831983e+00
8.756944366471078212e+00,8.519701810436635520e-03,-4.366347177848775574e-02,9.478168264110756192e-02,8.908872901678657641e+00,-1.990407673860911386e-01,4.772182254196642326e+00
8.761900512629738458e+00,3.833865814696485463e-02,-8.732694355697551147e-02,9.478168264110756192e-02,8.949640287769783598e+00,-4.028776978417266119e-01,4.424460431654676285e+00
8.766856658788396928e+00,1.064962726304579353e-02,-1.395101171458998923e-01,6.815761448349308416e-02,8.647482014388488736e+00,-3.741007194244604372e-01,4.155875299760191766e+00
8.771812804947055398e+00,2.342917997870074681e-02,-1.331203407880724165e-01,5.111821086261980618e-02,8.736211031175059816e+00,-2.613908872901678504e-01,4.071942446043165909e+00
8.776768951105713867e+00,4.259850905218317413e-02,-1.128860489882854146e-01,4.792332268370606829e-02,9.004796163069544335e+00,-1.462829736211031240e-01,3.736211031175059816e+00
8.781725097264374114e+00,8.519701810436635520e-03,-1.150159744408945639e-01,4.366347177848775574e-02,8.985611510791366996e+00,-2.685851318944844079e-01,4.081534772182254578e+00
8.786681243423032583e+00,1.810436634717784918e-02,-1.171458998935037271e-01,3.620873269435569836e-02,8.923261390887290645e+00,-3.261390887290168128e-01,3.635491606714628343e+00
8.791637389581691053e+00,5.324813631522896766e-03,-1.118210862619808260e-01,2.342917997870074681e-02,9.028776978417266008e+00,-4.196642685851318944e-01,3.860911270983213406e+00
8.796593535740349523e+00,2.023429179978700893e-02,-1.011714589989350377e-01,0.000000000000000000e+00,9.031175059952039064e+00,-3.237410071942445899e-01,3.575539568345323715e+00
8.801549681899009769e+00,-2.129925452609158880e-03,-1.033013844515442009e-01,-1.277955271565495154e-02,8.899280575539568972e+00,-3.237410071942445899e-01,3.841726618705036067e+00
8.806505828057668239e+00,9.584664536741213658e-03,-1.043663471778487756e-01,-1.277955271565495154e-02,8.913669064748201976e+00,-3.309352517985611475e-01,3.561151079136690711e+00
8.811461974216326709e+00,0.000000000000000000e+00,-1.054313099041533502e-01,-1.703940362087327104e-02,8.966426858513189657e+00,-4.100719424460431695e-01,3.685851318944844301e+00
8.816418120374986955e+00,1.171458998935037341e-02,-8.519701810436634826e-02,-2.981895633652822258e-02,9.187050359712230829e+00,-5.395683453237409832e-01,3.820143884892086117e+00
8.821374266533645425e+00,4.259850905218317760e-03,-9.478168264110756192e-02,-4.685835995740149362e-02,9.256594724220622794e+00,-6.666666666666666297e-01,3.820143884892086117e+00
8.826330412692303895e+00,7.454739084132055646e-03,-8.519701810436634826e-02,-8.093716719914803570e-02,9.328537170263789591e+00,-6.690647482014387970e-01,3.918465227817745866e+00
8.831286558850962365e+00,1.277955271565495154e-02,-7.454739084132055993e-02,-1.128860489882854146e-01,9.256594724220622794e+00,-5.467625899280575963e-01,4.038369304556354678e+00
8.836242705009622611e+00,9.584664536741213658e-03,-8.413205537806177359e-02,-1.299254526091586925e-01,9.215827338129496837e+00,-4.988009592326139163e-01,4.282973621103117523e+00
8.841198851168281081e+00,1.810436634717784918e-02,-1.086261980830670881e-01,-1.384451544195953177e-01,9.215827338129496837e+00,-5.467625899280575963e-01,4.059952038369304184e+00
8.846154997326939551e+00,1.597444089456868943e-02,-1.246006389776357776e-01,-1.618743343982960714e-01,9.235011990407674176e+00,-5.899280575539568305e-01,3.916067146282973699e+00
8.851111143485599797e+00,1.703940362087327104e-02,-1.288604898828540901e-01,-2.002129925452609260e-01,9.153477218225420486e+00,-4.196642685851318944e-01,3.517985611510791255e+00
8.856067289644258267e+00,2.129925452609158880e-03,-1.214057507987220397e-01,-2.257720979765708291e-01,8.968824940047960936e+00,-1.774580335731414937e-01,3.443645083932853623e+00
8.861023435802916737e+00,7.454739084132055646e-03,-8.626198083067092293e-02,-2.257720979765708291e-01,9.014388489208633004e+00,-1.223021582733812979e-01,3.505995203836930418e+00
8.865979581961575207e+00,3.194888178913737886e-03,-7.028753993610223350e-02,-2.257720979765708291e-01,9.083932853717026745e+00,-2.757793764988009655e-01,3.786570743405275774e+00
8.870935728120235453e+00,6.389776357827475772e-03,-7.454739084132055993e-02,-2.492012779552715551e-01,8.992805755395682610e+00,-3.069544364508393075e-01,3.822541966426858728e+00
8.875891874278893923e+00,-2.129925452609158880e-03,-8.093716719914803570e-02,-2.843450479233226580e-01,8.925659472422061924e+00,-8.872901678657074687e-02,4.091127098321343247e+00
8.880848020437552393e+00,1.916932907348242732e-02,-8.519701810436634826e-02,-2.981895633652822397e-01,7.966426858513189657e+00,4.148681055155875042e-01,4.371702637889688603e+00
8.885804166596212639e+00,6.602768903088392094e-02,-7.454739084132055993e-02,-2.353567625133120289e-01,8.170263788968824770e+00,5.635491606714628787e-01,4.098321342925659749e+00
8.890760312754871109e+00,-2.129925452609158880e-03,-1.661341853035143701e-01,-2.034078807241746500e-01,8.817745803357313505e+00,-2.086330935251798635e-01,4.314148681055155699e+00
8.895716458913529578e+00,-2.662406815761448470e-02,-2.438764643237486818e-01,-2.800851970181043593e-01,8.904076738609113306e+00,-1.534772182254196538e-01,2.812949640287769615e+00
8.900672605072188048e+00,-1.192758253461128903e-01,-2.460063897763578311e-01,-3.386581469648562437e-01,8.309352517985612252e+00,1.606714628297362113e-01,3.659472422062350017e+00
8.905628751230848295e+00,-2.981895633652822258e-02,-2.097976570820021258e-01,-3.141640042598509153e-01,8.314148681055156587e+00,4.124700239808153368e-01,2.597122302158273222e+00
8.910584897389506764e+00,-4.153354632587859252e-02,-1.416400425985090417e-01,-2.747603833865814860e-01,8.707434052757793808e+00,6.474820143884892076e-02,3.187050359712230385e+00
8.915541043548165234e+00,-1.171458998935037341e-02,-5.963791267305644517e-02,-2.651757188498402584e-01,9.088729016786571080e+00,1.223021582733812979e-01,4.067146282973620686e+00
8.920497189706823704e+00,-3.088391906283280072e-02,-9.158679446219382403e-02,-2.566560170394036056e-01,9.318944844124700921e+00,2.206235011990407557e-01,5.223021582733813339e+00
8.925453335865483950e+00,-8.519701810436635520e-03,-2.066027689030884018e-01,-2.523961661341853069e-01,9.345323741007193874e+00,3.884892086330935523e-01,4.525179856115108201e+00
8.930409482024142420e+00,-7.667731629392970927e-02,-2.736954206602769113e-01,-2.555910543130990309e-01,9.769784172661870159e+00,1.582733812949640162e-01,3.880095923261390745e+00
8.935365628182800890e+00,-1.075612353567625135e-01,-2.747603833865814860e-01,-2.864749733759318628e-01,9.767386091127098879e+00,1.678657074340527550e-02,3.899280575539568527e+00
8.940321774341461136e+00,-5.537806176783812567e-02,-2.353567625133120289e-01,-3.013844515441959637e-01,9.601918465227818444e+00,3.189448441247002553e-01,2.505995203836930418e+00
8.945277920500119606e+00,-8.519701810436634826e-02,-1.650692225772097954e-01,-2.832800851970180833e-01,9.755395683453237154e+00,1.438848920863309289e-01,3.314148681055155699e+00
8.950234066658778076e+00,-2.449414270500532495e-02,-8.945686900958466081e-02,-2.779552715654952100e-01,9.726618705035971146e+00,3.237410071942445899e-01,2.472422062350120076e+00
8.955190212817436546e+00,-8.200212992545261037e-02,-3.301384451544196047e-02,-2.779552715654952100e-01,9.760191846522781489e+00,3.045563549160671402e-01,3.887290167865707247e+00
8.960146358976096792e+00,-2.768903088391906284e-02,6.389776357827475772e-03,-2.566560170394036056e-01,9.297362110311750527e+00,5.923261390887289979e-01,3.621103117505995339e+00
8.965102505134755262e+00,-3.620873269435569836e-02,3.194888178913737886e-02,-2.108626198083067005e-01,9.299760191846523583e+00,5.203836930455635335e-01,5.019184652278177339e+00
8.970058651293413732e+00,2.449414270500532495e-02,-2.129925452609158706e-02,-1.725239616613418459e-01,9.673860911270983465e+00,3.309352517985611475e-01,4.016786570743405171e+00
8.975014797452073978e+00,-9.478168264110756192e-02,-1.214057507987220397e-01,-2.044728434504792247e-01,1.000000000000000000e+01,-2.206235011990407557e-01,3.810551558752997447e+00
8.979970943610732448e+00,-1.107561235356762513e-01,-1.246006389776357776e-01,-2.949946751863684602e-01,9.182254196642686495e+00,3.309352517985611475e-01,3.282973621103117523e+00
8.984927089769390918e+00,-8.413205537806177359e-02,-6.496272630457934627e-02,-2.864749733759318628e-01,8.731414868105515481e+00,8.033573141486810565e-01,2.997601918465227833e+00
8.989883235928049388e+00,-5.750798722044728195e-02,-1.064962726304579353e-02,-2.151224707135250269e-01,9.163069544364509156e+00,4.316546762589927866e-01,3.031175059952038175e+00
8.994839382086709634e+00,-3.514376996805111675e-02,5.644302449414270728e-02,-2.012779552715655007e-01,9.333333333333333925e+00,3.141486810551558650e-01,3.239808153477218067e+00
8.999795528245368104e+00,-3.727369542066027996e-02,1.054313099041533502e-01,-2.119275825346112752e-01,8.925659472422061924e+00,7.769784172661871047e-01,4.417266187050359783e+00
9.004751674404026573e+00,-3.194888178913737886e-02,6.922257720979765883e-02,-1.735889243876464205e-01,8.769784172661870159e+00,1.110311750599520364e+00,4.853717026378896904e+00
9.009707820562686820e+00,-3.727369542066027996e-02,-4.472843450479233041e-02,-1.299254526091586925e-01,8.964028776978416602e+00,9.616306954436451004e-01,4.609112709832134058e+00
9.014663966721345290e+00,-5.005324813631523151e-02,-1.011714589989350377e-01,-1.128860489882854146e-01,9.040767386091127733e+00,8.345323741007194540e-01,2.848920863309352569e+00
9.019620112880003759e+00,-1.214057507987220397e-01,-3.940362087326943624e-02,-1.214057507987220397e-01,9.143884892086331817e+00,5.851318944844124958e-01,3.841726618705036067e+00
9.024576259038662229e+00,-4.153354632587859252e-02,3.301384451544196047e-02,-1.096911608093716767e-01,8.952038369304556653e+00,8.537170263788969038e-01,3.285371702637889690e+00
9.029532405197322475e+00,-4.472843450479233041e-02,6.602768903088392094e-02,-6.070287539936101984e-02,8.894484412470024637e+00,7.985611510791367218e-01,4.237410071942446343e+00
9.034488551355980945e+00,1.384451544195953142e-02,6.602768903088392094e-02,-2.236421725239616520e-02,8.911270983213428920e+00,8.585131894484412385e-01,3.822541966426858728e+00
9.039444697514639415e+00,-1.490947816826411129e-02,4.153354632587859252e-02,7.454739084132055646e-03,8.988009592326138275e+00,7.194244604316546443e-01,4.261390887290168017e+00
9.044400843673297885e+00,-8.519701810436635520e-03,2.129925452609158706e-02,1.916932907348242732e-02,8.985611510791366996e+00,5.755395683453237154e-01,3.712230215827338142e+00
9.049356989831958131e+00,-5.005324813631523151e-02,3.088391906283280072e-02,1.703940362087327104e-02,8.940047961630694928e+00,4.220623501199040617e-01,3.870503597122302075e+00
9.054313135990616601e+00,-5.857294994675186356e-02,5.218317358892438779e-02,7.454739084132055646e-03,8.774580335731414493e+00,3.956834532374100544e-01,4.083932853717026745e+00
9.059269282149275071e+00,-6.709265175718849561e-02,5.218317358892438779e-02,8.519701810436635520e-03,8.633093525179855732e+00,3.764988009592326046e-01,4.225419664268585507e+00
9.064225428307935317e+00,-7.348242811501597138e-02,2.768903088391906284e-02,8.519701810436635520e-03,8.501199040767385640e+00,3.405275779376498724e-01,4.472422062350119631e+00
9.069181574466593787e+00,-5.537806176783812567e-02,-5.324813631522896766e-03,7.454739084132055646e-03,8.405275779376498946e+00,5.011990407673860837e-01,3.894484412470024193e+00
9.074137720625252257e+00,-8.519701810436634826e-02,-1.916932907348242732e-02,3.194888178913737886e-03,8.352517985611511264e+00,4.532374100719424592e-01,3.961630695443644878e+00
9.079093866783910727e+00,-8.519701810436634826e-02,-1.277955271565495154e-02,3.194888178913737886e-03,8.376498800959232938e+00,4.028776978417266119e-01,3.748201438848920652e+00
9.084050012942570973e+00,-1.043663471778487756e-01,-2.449414270500532495e-02,4.259850905218317760e-03,8.565947242206235046e+00,2.374100719424460382e-01,4.187050359712229941e+00
9.089006159101229443e+00,-7.880724174653887248e-02,-4.792332268370606829e-02,-4.259850905218317760e-03,8.527577937649880369e+00,2.757793764988009655e-01,3.642685851318944845e+00
9.093962305259887913e+00,-9.371671991480298725e-02,-5.324813631522896940e-02,-4.259850905218317760e-03,8.640287769784173122e+00,2.997601918465228055e-01,3.709832134292565975e+00
9.098918451418548159e+00,-7.561235356762513460e-02,-5.324813631522896940e-02,-2.129925452609158880e-03,8.721822541966426812e+00,2.949640287769784153e-01,3.436450839328537121e+00
9.103874597577206629e+00,-6.496272630457934627e-02,-4.792332268370606829e-02,-1.064962726304579440e-03,8.911270983213428920e+00,1.870503597122302186e-01,3.261390887290168017e+00
9.108830743735865099e+00,-4.259850905218317413e-02,-2.342917997870074681e-02,-4.259850905218317760e-03,9.062350119904076351e+00,2.038369304556355011e-01,3.016786570743405171e+00
9.113786889894523569e+00,-2.555910543130990309e-02,1.384451544195953142e-02,0.000000000000000000e+00,9.007194244604317390e+00,2.398081534772182333e-01,2.971223021582733992e+00
9.118743036053183815e+00,0.000000000000000000e+00,5.644302449414270728e-02,1.064962726304579440e-03,9.047961630695443347e+00,2.757793764988009655e-01,2.889688249400479414e+00
9.123699182211842285e+00,1.277955271565495154e-02,1.043663471778487756e-01,-3.194888178913737886e-03,9.129496402877697037e+00,4.388489208633093441e-01,2.597122302158273222e+00
9.128655328370500754e+00,-7.454739084132055646e-03,1.512247071352502692e-01,2.129925452609158880e-03,8.724220623501199867e+00,5.491606714628297636e-01,3.323741007194244812e+00
9.133611474529161001e+00,4.685835995740149362e-02,1.821086261980830734e-01,2.768903088391906284e-02,9.314148681055156587e+00,5.947242206235011652e-01,4.412470023980815448e+00
9.138567620687819471e+00,8.839190628328008614e-02,1.416400425985090417e-01,6.709265175718849561e-02,9.465227817745804018e+00,2.038369304556355011e-01,3.980815347721822661e+00
9.143523766846477940e+00,4.153354632587859252e-02,1.107561235356762513e-01,4.898828541001064990e-02,9.724220623501199867e+00,-2.374100719424460382e-01,3.937649880095923205e+00
9.148479913005136410e+00,2.555910543130990309e-02,9.478168264110756192e-02,-1.916932907348242732e-02,8.863309352517985573e+00,2.470023980815347631e-01,3.278177458033573188e+00
9.153436059163796656e+00,1.916932907348242732e-02,1.171458998935037271e-01,-2.555910543130990309e-02,8.450839328537171014e+00,5.707434052757793808e-01,3.570743405275779381e+00
9.158392205322455126e+00,5.857294994675186356e-02,1.501597444089456945e-01,8.519701810436635520e-03,8.937649880095923649e+00,2.685851318944844079e-01,3.359712230215827322e+00
9.163348351481113596e+00,1.703940362087327104e-02,1.405750798722044670e-01,7.454739084132055646e-03,9.364508393285371213e+00,-3.621103117505995450e-01,3.719424460431654644e+00
9.168304497639773842e+00,1.064962726304579353e-02,1.160809371671991524e-01,-5.644302449414270728e-02,9.292565947242206192e+00,-3.237410071942445899e-01,3.254196642685851515e+00
9.173260643798432312e+00,-4.259850905218317760e-03,1.214057507987220397e-01,-1.150159744408945639e-01,8.805755395683453557e+00,2.446043165467625957e-01,2.964028776978417046e+00
9.178216789957090782e+00,5.324813631522896766e-03,1.597444089456868943e-01,-1.011714589989350377e-01,8.633093525179855732e+00,4.484412470023980690e-01,2.678657074340527799e+00
9.183172936115749252e+00,2.555910543130990309e-02,2.353567625133120289e-01,-6.283280085197018305e-02,9.117505995203837088e+00,1.270983213429256464e-01,2.551558752997602042e+00
9.188129082274409498e+00,1.597444089456868943e-02,3.109691160809371913e-01,-7.667731629392970927e-02,9.055155875299760737e+00,1.438848920863309289e-01,3.318944844124700033e+00
9.193085228433067968e+00,1.384451544195953142e-02,2.843450479233226580e-01,-1.107561235356762513e-01,9.302158273381294862e+00,3.836930455635491621e-01,3.661870503597122184e+00
9.198041374591726438e+00,1.916932907348242732e-02,2.492012779552715551e-01,-1.118210862619808260e-01,9.062350119904076351e+00,6.690647482014387970e-01,2.772182254196642770e+00
9.202997520750384908e+00,0.000000000000000000e+00,3.354632587859425197e-01,-8.839190628328008614e-02,8.959232613908872267e+00,8.081534772182253912e-01,3.338129496402877816e+00
9.207953666909045154e+00,2.555910543130990309e-02,4.206602768903088263e-01,-4.472843450479233041e-02,8.968824940047960936e+00,9.376498800959233160e-01,3.870503597122302075e+00
9.212909813067703624e+00,9.584664536741213658e-03,3.738019169329073743e-01,-1.490947816826411129e-02,9.311750599520383531e+00,8.249400479616306736e-01,4.551558752997602042e+00
9.217865959226362094e+00,5.644302449414270728e-02,2.907348242811501615e-01,-2.768903088391906284e-02,9.239808153477218511e+00,8.513189448441247364e-01,3.568345323741007213e+00
9.222822105385022340e+00,6.070287539936101984e-02,3.706070287539935948e-01,-2.449414270500532495e-02,8.748201438848921541e+00,1.328537170263788925e+00,3.093525179856114971e+00
9.227778251543680810e+00,-3.194888178913737886e-03,4.376996805111821320e-01,3.940362087326943624e-02,8.750599520383692820e+00,1.213429256594724226e+00,5.206235011990407280e+00
9.232734397702339280e+00,5.963791267305644517e-02,3.599574014909477926e-01,8.413205537806177359e-02,9.230215827338129841e+00,6.402877697841726778e-01,4.441247002398081456e+00
9.237690543860997749e+00,4.259850905218317760e-03,3.354632587859425197e-01,5.857294994675186356e-02,9.009592326139088669e+00,5.131894484412470314e-01,4.359712230215827766e+00
9.242646690019657996e+00,-6.602768903088392094e-02,3.258785942492012921e-01,3.620873269435569836e-02,8.779376498800958828e+00,7.577937649880095439e-01,4.645083932853717457e+00
9.247602836178316466e+00,-1.480298189563365174e-01,2.917997870074547362e-01,5.963791267305644517e-02,8.673860911270983465e+00,9.136690647482014205e-01,4.227817745803357674e+00
9.252558982336974935e+00,-2.577209797657081802e-01,2.673056443024494078e-01,8.839190628328008614e-02,8.776978417266187549e+00,5.995203836930456109e-01,5.446043165467625791e+00
9.257515128495635182e+00,-2.215122470713525027e-01,2.406815761448349300e-01,1.086261980830670881e-01,8.966426858513189657e+00,5.899280575539568305e-01,4.438848920863309289e+00
9.262471274654293651e+00,-3.056443024494142624e-01,1.970181043663471743e-01,1.128860489882854146e-01,8.971223021582733992e+00,6.019184652278177783e-01,5.187050359712229941e+00
9.267427420812952121e+00,-2.673056443024494078e-01,1.544195953141639932e-01,1.171458998935037271e-01,8.872901678657074243e+00,8.393285371702637887e-01,4.707434052757793808e+00
9.272383566971610591e+00,-2.428115015974440793e-01,1.214057507987220397e-01,1.320553780617678419e-01,9.196642685851319499e+00,6.594724220623501276e-01,4.153477218225419598e+00
9.277339713130270837e+00,-2.289669861554845531e-01,1.831735889243876481e-01,1.565495207667731703e-01,9.484412470023981356e+00,5.587529976019184330e-01,3.647482014388489180e+00
9.282295859288929307e+00,-3.141640042598509153e-01,2.289669861554845531e-01,1.565495207667731703e-01,9.726618705035971146e+00,4.316546762589927866e-01,5.462829736211030962e+00
9.287252005447587777e+00,-2.662406815761448331e-01,1.693290734824281218e-01,1.490947816826411199e-01,9.496402877697841305e+00,5.227817745803357008e-01,5.280575539568345356e+00
9.292208151606248023e+00,-2.513312034078807322e-01,1.277955271565495154e-01,1.565495207667731703e-01,9.292565947242206192e+00,6.834532374100719121e-01,4.472422062350119631e+00
9.297164297764906493e+00,-2.609158679446219598e-01,1.331203407880724165e-01,1.746538871139510229e-01,9.093525179856115415e+00,7.290167865707434247e-01,4.882494004796162912e+00
9.302120443923564963e+00,-2.289669861554845531e-01,1.544195953141639932e-01,2.204472843450479280e-01,9.414868105515587615e+00,5.515587529976019310e-01,4.386091127098321607e+00
9.307076590082223433e+00,-2.641107561235356838e-01,1.437699680511182188e-01,2.279020234291799785e-01,9.505995203836929974e+00,6.954436450839328321e-02,6.225419664268585507e+00
9.312032736240883679e+00,-1.512247071352502692e-01,7.880724174653887248e-02,2.129925452609158776e-01,9.450839328537171014e+00,8.872901678657074687e-02,4.961630695443645322e+00
9.316988882399542149e+00,-1.916932907348242732e-01,1.277955271565495154e-02,2.002129925452609260e-01,9.067146282973620686e+00,7.194244604316547137e-03,5.788968824940048385e+00
9.321945028558200619e+00,-1.064962726304579388e-01,-2.768903088391906284e-02,2.108626198083067005e-01,8.875299760191847298e+00,5.995203836930455832e-02,4.582733812949640217e+00
9.326901174716859089e+00,-1.256656017039403661e-01,-4.685835995740149362e-02,2.204472843450479280e-01,9.261390887290167129e+00,-3.980815347721822772e-01,5.292565947242206192e+00
9.331857320875519335e+00,-5.218317358892438779e-02,-7.454739084132055993e-02,1.853035143769967974e-01,9.294964028776979248e+00,-4.916067146282973588e-01,5.127098321342925757e+00
9.336813467034177805e+00,-2.981895633652822258e-02,-1.043663471778487756e-01,1.576144834930777450e-01,9.292565947242206192e+00,-4.148681055155875042e-01,4.935251798561151482e+00
9.341769613192836275e+00,-2.768903088391906284e-02,-1.458998935037273681e-01,1.416400425985090417e-01,8.988009592326138275e+00,-3.021582733812949728e-01,5.350119904076738209e+00
9.346725759351496521e+00,2.662406815761448470e-02,-1.725239616613418459e-01,1.416400425985090417e-01,9.011990407673861725e+00,-1.079136690647481966e-01,4.191846522781774276e+00
9.351681905510154991e+00,-9.584664536741213658e-03,-1.831735889243876481e-01,1.448349307774227934e-01,9.100719424460431028e+00,-2.398081534772182333e-01,5.402877697841726778e+00
9.356638051668813461e+00,1.235356762513312029e-01,-2.215122470713525027e-01,1.288604898828540901e-01,9.019184652278177339e+00,-7.913669064748200810e-02,4.443645083932853623e+00
9.361594197827471930e+00,1.565495207667731703e-01,-2.129925452609158776e-01,1.427050053248136441e-01,9.134292565947241371e+00,-7.434052757793764565e-02,4.244604316546762846e+00
9.366550343986132177e+00,1.522896698615548439e-01,-2.129925452609158776e-01,1.501597444089456945e-01,9.402877697841725890e+00,-2.014388489208633060e-01,4.731414868105515481e+00
9.371506490144790646e+00,1.757188498402555976e-01,-2.396166134185303553e-01,1.395101171458998923e-01,9.261390887290167129e+00,-2.470023980815347631e-01,4.213429256594723782e+00
9.376462636303449116e+00,1.661341853035143701e-01,-2.492012779552715551e-01,1.192758253461128903e-01,9.338129496402878260e+00,-3.093525179856115304e-01,4.266187050359712352e+00
9.381418782462109363e+00,1.970181043663471743e-01,-2.385516506922257807e-01,9.904153354632587447e-02,9.139088729016785706e+00,-1.007194244604316530e-01,3.786570743405275774e+00
9.386374928620767832e+00,2.055378061767837994e-01,-2.055378061767837994e-01,1.064962726304579388e-01,9.035971223021583398e+00,-1.390887290167865664e-01,4.000000000000000000e+00
9.391331074779426302e+00,2.151224707135250269e-01,-2.140575079872204523e-01,1.096911608093716767e-01,9.784172661870503163e+00,-4.052757793764987793e-01,3.081534772182254134e+00
9.396287220938084772e+00,1.725239616613418459e-01,-1.725239616613418459e-01,6.496272630457934627e-02,9.170263788968824770e+00,-4.340527577937650094e-01,3.709832134292565975e+00
9.401243367096745018e+00,2.108626198083067005e-01,-1.267305644302449408e-01,4.366347177848775574e-02,8.949640287769783598e+00,-1.414868105515587615e-01,3.532374100719424259e+00
9.406199513255403488e+00,1.948881789137380249e-01,-1.224707135250266282e-01,5.111821086261980618e-02,9.071942446043165020e+00,-2.350119904076738708e-01,4.031175059952038175e+00
9.411155659414061958e+00,2.353567625133120289e-01,-1.309904153354632672e-01,5.857294994675186356e-02,8.846522781774579514e+00,-3.429256594724220397e-01,3.225419664268585063e+00
9.416111805572722204e+00,2.247071352502662545e-01,-1.139510117145899892e-01,4.366347177848775574e-02,9.088729016786571080e+00,-4.916067146282973588e-01,3.038369304556355122e+00
9.421067951731380674e+00,2.364217252396166036e-01,-6.070287539936101984e-02,1.384451544195953142e-02,8.796163069544364888e+00,-2.278177458033573133e-01,3.112709832134292753e+00
9.426024097890039144e+00,2.353567625133120289e-01,-3.301384451544196047e-02,1.597444089456868943e-02,9.052757793764987682e+00,-1.654676258992805737e-01,3.213429256594724226e+00
9.430980244048697614e+00,2.257720979765708291e-01,-1.384451544195953142e-02,1.916932907348242732e-02,8.964028776978416602e+00,-3.717026378896882699e-01,3.340527577937649983e+00
9.435936390207357860e+00,2.257720979765708291e-01,9.584664536741213658e-03,-8.519701810436635520e-03,9.208633093525179447e+00,-5.011990407673860837e-01,2.820143884892086117e+00
9.440892536366016330e+00,1.959531416400425996e-01,5.644302449414270728e-02,-5.644302449414270728e-02,8.817745803357313505e+00,-3.501199040767385973e-01,3.338129496402877816e+00
9.445848682524674800e+00,2.204472843450479280e-01,1.150159744408945639e-01,-7.454739084132055993e-02,8.659472422062350461e+00,1.918465227817745672e-02,3.019184652278177339e+00
9.450804828683333270e+00,1.576144834930777450e-01,1.427050053248136441e-01,-6.176783812566560145e-02,8.884892086330935967e+00,-2.206235011990407557e-01,3.808153477218225280e+00
9.455760974841993516e+00,1.714589989350372712e-01,1.512247071352502692e-01,-8.093716719914803570e-02,9.076738609112709355e+00,-4.004796163069544446e-01,3.386091127098321163e+00
9.460717121000651986e+00,1.384451544195953177e-01,1.810436634717784987e-01,-1.299254526091586925e-01,8.875299760191847298e+00,-1.822541966426858562e-01,3.477218225419664410e+00
9.465673267159310456e+00,1.107561235356762513e-01,2.140575079872204523e-01,-1.554845580404685956e-01,8.563549160671461991e+00,2.110311750599520308e-01,4.095923261390887582e+00
9.470629413317970702e+00,1.107561235356762513e-01,2.225772097976570774e-01,-1.352502662406815659e-01,8.479616306954437022e+00,3.501199040767385973e-01,3.968824940047961825e+00
9.475585559476629172e+00,7.454739084132055993e-02,2.204472843450479280e-01,-1.128860489882854146e-01,8.621103117505995783e+00,7.673860911270982688e-02,4.434052757793764954e+00
9.480541705635287641e+00,7.667731629392970927e-02,2.161874334398296016e-01,-1.235356762513312029e-01,8.731414868105515481e+00,4.316546762589928282e-02,4.110311750599520586e+00
9.485497851793946111e+00,2.875399361022364098e-02,2.066027689030884018e-01,-1.458998935037273681e-01,8.717026378896882477e+00,1.798561151079136611e-01,4.534772182254196871e+00
9.490453997952606358e+00,2.768903088391906284e-02,1.970181043663471743e-01,-1.512247071352502692e-01,8.503597122302158695e+00,4.220623501199040617e-01,4.122302158273381423e+00
9.495410144111264827e+00,-8.519701810436635520e-03,1.842385516506922227e-01,-1.448349307774227934e-01,8.529976019184651648e+00,3.453237410071942626e-01,3.844124700239808234e+00
9.500366290269923297e+00,-4.472843450479233041e-02,2.044728434504792247e-01,-1.352502662406815659e-01,8.911270983213428920e+00,5.035971223021582649e-02,3.808153477218225280e+00
9.505322436428583543e+00,-6.176783812566560145e-02,2.566560170394036056e-01,-1.501597444089456945e-01,8.796163069544364888e+00,7.194244604316547137e-03,4.302158273381294862e+00
9.510278582587242013e+00,-6.709265175718849561e-02,2.598509052183173851e-01,-1.597444089456868943e-01,8.671462829736210409e+00,4.076738609112710160e-02,4.757793764988009322e+00
9.515234728745900483e+00,-5.750798722044728195e-02,2.342917997870074542e-01,-1.512247071352502692e-01,8.573141486810552436e+00,1.678657074340527688e-01,4.424460431654676285e+00
9.520190874904558953e+00,-7.241746538871139671e-02,2.215122470713525027e-01,-1.395101171458998923e-01,8.587529976019185440e+00,1.414868105515587615e-01,4.290167865707434025e+00
9.525147021063219199e+00,-6.389776357827475772e-02,2.428115015974440793e-01,-1.395101171458998923e-01,8.683453237410072134e+00,1.702637889688249362e-01,4.074340527577938076e+00
9.530103167221877669e+00,-7.987220447284344715e-02,2.747603833865814860e-01,-1.427050053248136441e-01,8.776978417266187549e+00,1.870503597122302186e-01,4.657074340527578293e+00
9.535059313380536139e+00,-6.922257720979765883e-02,2.758253461128860606e-01,-1.416400425985090417e-01,8.829736211031175230e+00,2.206235011990407557e-01,4.942446043165467984e+00
9.540015459539196385e+00,-7.561235356762513460e-02,2.428115015974440793e-01,-1.395101171458998923e-01,8.856115107913668183e+00,1.726618705035971313e-01,4.925659472422061924e+00
9.544971605697854855e+00,-8.839190628328008614e-02,2.044728434504792247e-01,-1.512247071352502692e-01,8.916067146282973255e+00,2.110311750599520308e-01,4.374100719424460770e+00
9.549927751856513325e+00,-1.192758253461128903e-01,2.247071352502662545e-01,-1.703940362087326965e-01,8.930455635491606259e+00,3.405275779376498724e-01,4.105515587529976251e+00
9.554883898015171795e+00,-1.363152289669861683e-01,2.843450479233226580e-01,-1.746538871139510229e-01,8.764988009592325824e+00,4.364508393285371768e-01,5.009592326139088669e+00
9.559840044173832041e+00,-1.022364217252396124e-01,3.045793397231096877e-01,-1.458998935037273681e-01,8.712230215827338142e+00,3.477218225419664299e-01,5.484412470023980468e+00
9.564796190332490511e+00,-8.413205537806177359e-02,2.662406815761448331e-01,-1.160809371671991524e-01,8.556354916067146377e+00,1.726618705035971313e-01,5.932853717026379314e+00
9.569752336491148981e+00,-6.070287539936101984e-02,2.023429179978700754e-01,-1.128860489882854146e-01,8.541966426858513373e+00,1.990407673860911386e-01,5.525179856115108201e+00
9.574708482649807451e+00,-9.265175718849839870e-02,1.501597444089456945e-01,-1.203407880724174650e-01,8.388489208633092886e+00,3.669064748201438797e-01,5.374100719424460770e+00
9.579664628808467697e+00,-1.107561235356762513e-01,1.086261980830670881e-01,-1.150159744408945639e-01,8.182254196642686495e+00,4.892086330935251914e-01,5.652278177458033959e+00
9.584620774967126167e+00,-8.839190628328008614e-02,7.241746538871139671e-02,-9.158679446219382403e-02,8.647482014388488736e+00,3.477218225419664299e-01,5.203836930455635112e+00
9.589576921125784637e+00,-9.797657082002129980e-02,6.176783812566560145e-02,-8.413205537806177359e-02,8.529976019184651648e+00,1.414868105515587615e-01,5.865707434052757741e+00
9.594533067284444883e+00,-4.792332268370606829e-02,3.088391906283280072e-02,-7.774227902023429781e-02,8.462829736211030962e+00,7.194244604316546443e-02,5.685851318944844301e+00
9.599489213443103353e+00,-4.153354632587859252e-02,-1.916932907348242732e-02,-7.667731629392970927e-02,8.546762589928057707e+00,6.714628297362110199e-02,5.501199040767386528e+00
9.604445359601761822e+00,-3.727369542066027996e-02,-6.389776357827475772e-02,-8.732694355697551147e-02,8.489208633093525691e+00,1.390887290167865664e-01,5.040767386091126845e+00
9.609401505760420292e+00,-3.620873269435569836e-02,-6.389776357827475772e-02,-9.158679446219382403e-02,8.628297362110311397e+00,1.630695443645084064e-01,4.685851318944844301e+00
9.614357651919080539e+00,-4.366347177848775574e-02,-5.005324813631523151e-02,-9.691160809371672513e-02,8.712230215827338142e+00,9.592326139088729053e-02,5.043165467625899012e+00
9.619313798077739008e+00,-2.662406815761448470e-02,-5.111821086261980618e-02,-1.011714589989350377e-01,8.858513189448441238e+00,2.637889688249400386e-02,5.021582733812949506e+00
9.624269944236397478e+00,-3.620873269435569836e-02,-7.667731629392970927e-02,-1.160809371671991524e-01,8.829736211031175230e+00,-3.597122302158273222e-02,5.107913669064748419e+00
9.629226090395057724e+00,-1.384451544195953142e-02,-9.584664536741213658e-02,-1.352502662406815659e-01,8.669064748201439130e+00,1.318944844124700366e-01,4.685851318944844301e+00
9.634182236553716194e+00,-1.064962726304579353e-02,-8.945686900958466081e-02,-1.373801916932907430e-01,8.582733812949641106e+00,2.829736211031175230e-01,4.714628297362110310e+00
9.639138382712374664e+00,1.064962726304579353e-02,-7.880724174653887248e-02,-1.246006389776357776e-01,8.661870503597121740e+00,3.429256594724220397e-01,4.738609112709831983e+00
9.644094528871033134e+00,2.449414270500532495e-02,-8.413205537806177359e-02,-1.075612353567625135e-01,8.762589928057554545e+00,2.877697841726618577e-01,4.875299760191846410e+00
9.649050675029693380e+00,3.088391906283280072e-02,-1.022364217252396124e-01,-1.033013844515442009e-01,8.839328537170263900e+00,2.350119904076738708e-01,4.930455635491607147e+00
9.654006821188351850e+00,3.727369542066027996e-02,-1.182108626198083018e-01,-1.022364217252396124e-01,8.736211031175059816e+00,3.884892086330935523e-01,4.673860911270983465e+00
9.658962967347010320e+00,2.875399361022364098e-02,-1.246006389776357776e-01,-9.158679446219382403e-02,8.616306954436451448e+00,4.988009592326139163e-01,4.671462829736211297e+00
9.663919113505670566e+00,3.514376996805111675e-02,-1.203407880724174650e-01,-6.815761448349308416e-02,8.630695443645084453e+00,5.251798561151078681e-01,4.398081534772182444e+00
9.668875259664329036e+00,1.916932907348242732e-02,-1.139510117145899892e-01,-4.366347177848775574e-02,8.805755395683453557e+00,4.004796163069544446e-01,4.482014388489208301e+00
9.673831405822987506e+00,1.171458998935037341e-02,-1.118210862619808260e-01,-3.514376996805111675e-02,8.875299760191847298e+00,3.069544364508393075e-01,4.383693045563549440e+00
9.678787551981645976e+00,-5.324813631522896766e-03,-1.118210862619808260e-01,-3.620873269435569836e-02,8.870503597122302963e+00,2.853717026378896904e-01,4.333333333333333037e+00
9.683743698140306222e+00,-1.810436634717784918e-02,-1.086261980830670881e-01,-3.727369542066027996e-02,8.817745803357313505e+00,2.661870503597122406e-01,4.160671462829736100e+00
9.688699844298964692e+00,-2.662406815761448470e-02,-8.945686900958466081e-02,-3.514376996805111675e-02,8.820143884892086561e+00,2.422062350119904006e-01,3.930455635491606703e+00
9.693655990457623162e+00,-3.833865814696485463e-02,-5.644302449414270728e-02,-3.620873269435569836e-02,8.858513189448441238e+00,1.366906474820143991e-01,4.016786570743405171e+00
9.698612136616281632e+00,-4.153354632587859252e-02,-3.088391906283280072e-02,-4.579339723109691201e-02,8.920863309352517589e+00,1.103117505995203779e-01,4.059952038369304184e+00
9.703568282774941878e+00,-5.750798722044728195e-02,-1.703940362087327104e-02,-5.963791267305644517e-02,8.906474820143884585e+00,1.270983213429256464e-01,4.251798561151079348e+00
9.708524428933600348e+00,-6.176783812566560145e-02,-9.584664536741213658e-03,-7.348242811501597138e-02,8.839328537170263900e+00,1.870503597122302186e-01,4.170263788968824770e+00
9.713480575092258817e+00,-7.454739084132055993e-02,9.584664536741213658e-03,-8.519701810436634826e-02,8.781774580335731883e+00,2.829736211031175230e-01,4.256594724220623682e+00
9.718436721250919064e+00,-8.306709265175718504e-02,2.662406815761448470e-02,-9.052183173588924936e-02,8.741007194244604150e+00,3.525179856115107646e-01,4.429256594724220619e+00
9.723392867409577534e+00,-9.158679446219382403e-02,3.514376996805111675e-02,-9.371671991480298725e-02,8.738609112709832871e+00,3.860911270983213295e-01,4.625899280575539230e+00
9.728349013568236003e+00,-1.054313099041533502e-01,3.727369542066027996e-02,-1.022364217252396124e-01,8.767386091127098879e+00,4.388489208633093441e-01,4.748201438848920652e+00
9.733305159726894473e+00,-1.107561235356762513e-01,2.981895633652822258e-02,-1.096911608093716767e-01,8.726618705035971146e+00,5.371702637889688159e-01,4.815347721822542226e+00
9.738261305885554719e+00,-1.235356762513312029e-01,1.916932907348242732e-02,-1.022364217252396124e-01,8.645083932853717457e+00,6.187050359712230607e-01,4.908872901678656753e+00
9.743217452044213189e+00,-1.214057507987220397e-01,1.277955271565495154e-02,-8.839190628328008614e-02,8.628297362110311397e+00,6.211031175059952281e-01,4.870503597122302075e+00
9.748173598202871659e+00,-1.203407880724174650e-01,1.597444089456868943e-02,-7.561235356762513460e-02,8.678657074340527799e+00,5.587529976019184330e-01,4.947242206235012318e+00
9.753129744361531905e+00,-1.160809371671991524e-01,1.171458998935037341e-02,-7.028753993610223350e-02,8.741007194244604150e+00,5.539568345323740983e-01,4.983213429256594829e+00
9.758085890520190375e+00,-1.128860489882854146e-01,6.389776357827475772e-03,-6.389776357827475772e-02,8.719424460431655532e+00,5.779376498800958828e-01,5.023980815347721673e+00
9.763042036678848845e+00,-1.054313099041533502e-01,-9.584664536741213658e-03,-4.898828541001064990e-02,8.661870503597121740e+00,5.635491606714628787e-01,4.978417266187050494e+00
9.767998182837507315e+00,-9.158679446219382403e-02,-1.277955271565495154e-02,-3.407880724174654208e-02,8.678657074340527799e+00,4.772182254196642437e-01,4.815347721822542226e+00
9.772954328996167561e+00,-7.880724174653887248e-02,-8.519701810436635520e-03,-2.555910543130990309e-02,8.738609112709832871e+00,4.340527577937650094e-01,4.791366906474820553e+00
9.777910475154826031e+00,-6.815761448349308416e-02,-1.064962726304579440e-03,-2.023429179978700893e-02,8.822541966426857840e+00,4.316546762589927866e-01,4.697841726618705138e+00
9.782866621313484501e+00,-6.283280085197018305e-02,5.324813631522896766e-03,-1.703940362087327104e-02,8.853717026378896904e+00,4.460431654676259017e-01,4.709832134292565975e+00
9.787822767472144747e+00,-5.218317358892438779e-02,1.064962726304579353e-02,-1.597444089456868943e-02,8.815347721822542226e+00,4.868105515587530241e-01,4.640287769784172234e+00
9.792778913630803217e+00,-4.898828541001064990e-02,1.916932907348242732e-02,-1.384451544195953142e-02,8.738609112709832871e+00,5.443645083932853179e-01,4.683453237410072134e+00
9.797735059789461687e+00,-4.153354632587859252e-02,2.342917997870074681e-02,-7.454739084132055646e-03,8.707434052757793808e+00,5.707434052757793808e-01,4.736211031175059816e+00
9.802691205948120157e+00,-3.407880724174654208e-02,1.916932907348242732e-02,2.129925452609158880e-03,8.717026378896882477e+00,5.971223021582733326e-01,4.827338129496403063e+00
9.807647352106780403e+00,-3.194888178913737886e-02,1.277955271565495154e-02,9.584664536741213658e-03,8.671462829736210409e+00,6.139088729016786150e-01,4.860911270983213406e+00
9.812603498265438873e+00,-2.981895633652822258e-02,5.324813631522896766e-03,1.490947816826411129e-02,8.659472422062350461e+00,6.666666666666666297e-01,4.820143884892086561e+00
9.817559644424097343e+00,-2.981895633652822258e-02,1.064962726304579440e-03,2.236421725239616520e-02,8.621103117505995783e+00,7.721822541966426590e-01,4.899280575539568083e+00
9.822515790582757589e+00,-2.875399361022364098e-02,-6.389776357827475772e-03,4.153354632587859252e-02,8.544364508393284652e+00,8.273381294964028410e-01,4.908872901678656753e+00
9.827471936741416059e+00,-2.662406815761448470e-02,-1.703940362087327104e-02,6.283280085197018305e-02,8.587529976019185440e+00,8.009592326139088891e-01,4.901678657074340251e+00
9.832428082900074529e+00,-2.768903088391906284e-02,-2.129925452609158706e-02,8.306709265175718504e-02,8.717026378896882477e+00,7.242206235011990900e-01,4.798561151079137055e+00
9.837384229058732998e+00,-3.301384451544196047e-02,-1.916932907348242732e-02,9.584664536741213658e-02,8.760191846522781489e+00,6.810551558752997447e-01,4.810551558752997892e+00
9.842340375217393245e+00,-3.407880724174654208e-02,-1.916932907348242732e-02,1.086261980830670881e-01,8.695443645083932083e+00,7.218225419664268117e-01,4.839328537170263900e+00
9.847296521376051714e+00,-3.727369542066027996e-02,-1.916932907348242732e-02,1.288604898828540901e-01,8.604316546762589724e+00,7.553956834532373765e-01,4.822541966426858728e+00
9.852252667534710184e+00,-4.153354632587859252e-02,-2.449414270500532495e-02,1.480298189563365174e-01,8.592326139088729775e+00,6.882494004796163578e-01,4.781774580335730995e+00
9.857208813693368654e+00,-4.898828541001064990e-02,-2.981895633652822258e-02,1.565495207667731703e-01,8.640287769784173122e+00,5.947242206235011652e-01,4.741007194244604150e+00
9.862164959852028900e+00,-6.283280085197018305e-02,-3.940362087326943624e-02,1.597444089456868943e-01,8.654676258992806126e+00,5.515587529976019310e-01,4.721822541966426812e+00
9.867121106010687370e+00,-7.561235356762513460e-02,-4.792332268370606829e-02,1.554845580404685956e-01,8.649880095923261791e+00,5.275779376498801465e-01,4.637889688249400066e+00
9.872077252169345840e+00,-9.158679446219382403e-02,-5.857294994675186356e-02,1.480298189563365174e-01,8.628297362110311397e+00,4.676258992805755188e-01,4.561151079136690711e+00
9.877033398328006086e+00,-9.691160809371672513e-02,-6.283280085197018305e-02,1.448349307774227934e-01,8.669064748201439130e+00,4.052757793764987793e-01,4.431654676258992787e+00
9.881989544486664556e+00,-1.011714589989350377e-01,-5.857294994675186356e-02,1.373801916932907430e-01,8.695443645083932083e+00,3.165467625899280324e-01,4.364508393285372101e+00
9.886945690645323026e+00,-9.478168264110756192e-02,-5.005324813631523151e-02,1.299254526091586925e-01,8.733812949640288537e+00,3.237410071942445899e-01,4.316546762589927866e+00
9.891901836803981496e+00,-8.626198083067092293e-02,-3.940362087326943624e-02,1.235356762513312029e-01,8.745803357314148485e+00,3.237410071942445899e-01,4.350119904076738209e+00
9.896857982962641742e+00,-7.454739084132055993e-02,-2.555910543130990309e-02,1.214057507987220397e-01,8.702637889688249473e+00,3.405275779376498724e-01,4.410071942446043280e+00
9.901814129121300212e+00,-5.963791267305644517e-02,-1.277955271565495154e-02,1.203407880724174650e-01,8.613908872901678393e+00,4.100719424460431695e-01,4.496402877697841305e+00
9.906770275279958682e+00,-4.366347177848775574e-02,-3.194888178913737886e-03,1.256656017039403661e-01,8.553956834532373321e+00,4.412470023980815115e-01,4.609112709832134058e+00
9.911726421438618928e+00,-2.449414270500532495e-02,-3.194888178913737886e-03,1.352502662406815659e-01,8.494004796163070026e+00,4.436450839328537343e-01,4.726618705035971146e+00
9.916682567597277398e+00,-5.324813631522896766e-03,-1.384451544195953142e-02,1.437699680511182188e-01,8.470023980815348352e+00,4.580335731414867939e-01,4.834532374100719565e+00
9.921638713755935868e+00,1.171458998935037341e-02,-2.981895633652822258e-02,1.565495207667731703e-01,8.412470023980814560e+00,4.748201438848920763e-01,4.896882494004795916e+00
9.926594859914594338e+00,2.875399361022364098e-02,-4.579339723109691201e-02,1.714589989350372712e-01,8.347721822541966930e+00,4.748201438848920763e-01,4.896882494004795916e+00
9.931551006073254584e+00,4.685835995740149362e-02,-5.963791267305644517e-02,1.863684771033013721e-01,8.374100719424459882e+00,4.196642685851318944e-01,4.815347721822542226e+00
9.936507152231913054e+00,6.709265175718849561e-02,-7.348242811501597138e-02,2.034078807241746500e-01,8.417266187050358894e+00,3.860911270983213295e-01,4.733812949640287648e+00
9.941463298390571524e+00,8.519701810436634826e-02,-8.093716719914803570e-02,2.183173588924387509e-01,8.482014388489208301e+00,3.764988009592326046e-01,4.628297362110311397e+00
9.946419444549231770e+00,9.797657082002129980e-02,-8.626198083067092293e-02,2.300319488817891278e-01,8.527577937649880369e+00,3.980815347721822772e-01,4.501199040767386528e+00
9.951375590707890240e+00,1.033013844515442009e-01,-8.413205537806177359e-02,2.417465388711395047e-01,8.505995203836929974e+00,4.028776978417266119e-01,4.328537170263788703e+00
9.956331736866548709e+00,1.001064962726304630e-01,-7.774227902023429781e-02,2.534611288604898816e-01,8.515587529976018644e+00,4.052757793764987793e-01,4.247002398081535013e+00
9.961287883025207179e+00,8.945686900958466081e-02,-7.561235356762513460e-02,2.587859424920127549e-01,8.513189448441247364e+00,3.860911270983213295e-01,4.223021582733813339e+00
9.966244029183867426e+00,7.561235356762513460e-02,-8.413205537806177359e-02,2.619808306709265344e-01,8.527577937649880369e+00,3.093525179856115304e-01,4.136690647482014427e+00
9.971200175342525895e+00,5.750798722044728195e-02,-8.732694355697551147e-02,2.630457933972311091e-01,8.580335731414868050e+00,2.733812949640287981e-01,4.002398081534772167e+00
9.976156321501184365e+00,3.833865814696485463e-02,-8.200212992545261037e-02,2.513312034078807322e-01,8.601918465227818444e+00,2.470023980815347631e-01,3.940047961630695372e+00
9.981112467659842835e+00,1.810436634717784918e-02,-7.028753993610223350e-02,2.428115015974440793e-01,8.565947242206235046e+00,2.446043165467625957e-01,3.947242206235011874e+00
9.986068613818503081e+00,4.259850905218317760e-03,-5.750798722044728195e-02,2.396166134185303553e-01,8.541966426858513373e+00,2.589928057553956831e-01,4.028776978417266008e+00
9.991024759977161551e+00,1.064962726304579440e-03,-5.218317358892438779e-02,2.428115015974440793e-01,8.520383693045562978e+00,1.846522781774580235e-01,4.103117505995204084e+00
9.995980906135820021e+00,0.000000000000000000e+00,-5.537806176783812567e-02,2.449414270500532564e-01,8.426858513189447564e+00,1.366906474820143991e-01,4.160671462829736100e+00
1.000093705229448027e+01,6.389776357827475772e-03,-6.070287539936101984e-02,2.481363152289669805e-01,8.366906474820144268e+00,1.510791366906474864e-01,4.187050359712229941e+00
1.000589319845313874e+01,1.810436634717784918e-02,-6.815761448349308416e-02,2.523961661341853069e-01,8.330935251798560870e+00,1.175059952038369354e-01,4.189448441247002108e+00
1.001084934461179721e+01,3.514376996805111675e-02,-7.348242811501597138e-02,2.630457933972311091e-01,8.316546762589927866e+00,2.398081534772182263e-02,4.187050359712229941e+00
1.001580549077045568e+01,5.324813631522896940e-02,-7.880724174653887248e-02,2.747603833865814860e-01,8.362110311750599934e+00,-7.673860911270982688e-02,4.119904076738609255e+00
1.002076163692911592e+01,7.774227902023429781e-02,-8.413205537806177359e-02,2.822151224707135087e-01,8.393285371702637221e+00,-1.798561151079136611e-01,4.000000000000000000e+00
1.002571778308777439e+01,1.033013844515442009e-01,-7.561235356762513460e-02,2.832800851970180833e-01,8.434052757793764954e+00,-2.685851318944844079e-01,3.899280575539568527e+00
1.003067392924643286e+01,1.331203407880724165e-01,-6.070287539936101984e-02,2.864749733759318628e-01,8.419664268585131950e+00,-2.829736211031175230e-01,3.822541966426858728e+00
1.003563007540509311e+01,1.671991480298189447e-01,-3.833865814696485463e-02,2.939297124600638855e-01,8.477218225419663966e+00,-3.357314148681055377e-01,3.764988009592326268e+00
1.004058622156375158e+01,2.023429179978700754e-01,-1.277955271565495154e-02,3.035143769968051131e-01,8.551558752997602042e+00,-3.717026378896882699e-01,3.743405275779376318e+00
1.004554236772241005e+01,2.332268370607028796e-01,1.703940362087327104e-02,3.067092651757188371e-01,8.573141486810552436e+00,-3.669064748201438797e-01,3.805755395683453113e+00
1.005049851388106852e+01,2.555910543130990309e-01,4.046858359957401785e-02,3.056443024494142624e-01,8.522781774580336034e+00,-2.781774580335731328e-01,3.889688249400479414e+00
1.005545466003972876e+01,2.694355697550585571e-01,5.537806176783812567e-02,3.109691160809371913e-01,8.426858513189447564e+00,-1.894484412470023860e-01,3.916067146282973699e+00
1.006041080619838723e+01,2.715654952076677064e-01,6.070287539936101984e-02,3.162939297124600646e-01,8.505995203836929974e+00,-1.654676258992805737e-01,3.949640287769784042e+00
1.006536695235704570e+01,2.630457933972311091e-01,6.283280085197018305e-02,3.141640042598509153e-01,8.611510791366907114e+00,-1.630695443645084064e-01,3.920863309352518034e+00
1.007032309851570595e+01,2.396166134185303553e-01,5.644302449414270728e-02,3.088391906283279864e-01,8.815347721822542226e+00,-2.014388489208633060e-01,3.793764988009592276e+00
1.007527924467436442e+01,2.097976570820021258e-01,6.389776357827475772e-02,2.917997870074547362e-01,8.894484412470024637e+00,-1.894484412470023860e-01,3.621103117505995339e+00
1.008023539083302289e+01,1.671991480298189447e-01,9.158679446219382403e-02,2.609158679446219598e-01,8.904076738609113306e+00,-1.318944844124700366e-01,3.805755395683453113e+00
1.008519153699168136e+01,1.192758253461128903e-01,1.033013844515442009e-01,2.332268370607028796e-01,8.822541966426857840e+00,-1.270983213429256464e-01,4.062350119904076351e+00
1.009014768315034161e+01,7.774227902023429781e-02,9.478168264110756192e-02,2.066027689030884018e-01,8.815347721822542226e+00,-1.822541966426858562e-01,4.088729016786571080e+00
1.009510382930900008e+01,3.727369542066027996e-02,7.880724174653887248e-02,1.735889243876464205e-01,8.760191846522781489e+00,-2.661870503597122406e-01,4.088729016786571080e+00
1.010005997546765855e+01,8.519701810436635520e-03,7.561235356762513460e-02,1.384451544195953177e-01,8.729016786570744202e+00,-2.829736211031175230e-01,4.055155875299759849e+00
1.010501612162631702e+01,-4.259850905218317760e-03,7.880724174653887248e-02,1.139510117145899892e-01,8.724220623501199867e+00,-3.261390887290168128e-01,4.206235011990407280e+00
1.010997226778497726e+01,4.259850905218317760e-03,7.987220447284344715e-02,9.691160809371672513e-02,8.733812949640288537e+00,-4.436450839328537343e-01,4.282973621103117523e+00
1.011492841394363573e+01,2.129925452609158706e-02,7.667731629392970927e-02,7.880724174653887248e-02,8.750599520383692820e+00,-5.203836930455635335e-01,4.354916067146282543e+00
1.011988456010229420e+01,5.324813631522896940e-02,6.922257720979765883e-02,5.644302449414270728e-02,8.702637889688249473e+00,-5.011990407673860837e-01,4.354916067146282543e+00
1.012484070626095445e+01,9.265175718849839870e-02,6.389776357827475772e-02,4.259850905218317413e-02,8.724220623501199867e+00,-4.484412470023980690e-01,4.266187050359712352e+00
1.012979685241961292e+01,1.373801916932907430e-01,7.561235356762513460e-02,3.727369542066027996e-02,8.846522781774579514e+00,-4.316546762589927866e-01,4.201438848920862945e+00
1.013475299857827139e+01,1.874334398296059745e-01,1.033013844515442009e-01,3.514376996805111675e-02,8.904076738609113306e+00,-4.220623501199040617e-01,4.206235011990407280e+00
1.013970914473692986e+01,2.321618743343983049e-01,1.299254526091586925e-01,3.407880724174654208e-02,8.884892086330935967e+00,-3.573141486810551548e-01,4.455635491606714460e+00
1.014466529089559010e+01,2.779552715654952100e-01,1.373801916932907430e-01,3.514376996805111675e-02,8.733812949640288537e+00,-2.014388489208633060e-01,4.628297362110311397e+00
1.014962143705424857e+01,3.162939297124600646e-01,1.299254526091586925e-01,4.579339723109691201e-02,8.597122302158274110e+00,-4.316546762589928282e-02,4.752997601918464987e+00
1.015457758321290704e+01,3.567625133120340686e-01,1.214057507987220397e-01,6.709265175718849561e-02,8.525179856115107313e+00,6.954436450839328321e-02,4.693045563549160804e+00
1.015953372937156729e+01,3.855165069222576957e-01,1.160809371671991524e-01,9.584664536741213658e-02,8.553956834532373321e+00,1.079136690647481966e-01,4.702637889688249473e+00
1.016448987553022576e+01,4.036208732694355761e-01,1.054313099041533502e-01,1.203407880724174650e-01,8.642685851318944401e+00,9.112709832134292809e-02,4.800959232613909222e+00
1.016944602168888423e+01,4.206602768903088263e-01,8.839190628328008614e-02,1.395101171458998923e-01,8.726618705035971146e+00,4.796163069544364527e-02,4.717026378896882477e+00
1.017440216784754270e+01,4.227902023429179756e-01,7.135250266240682204e-02,1.522896698615548439e-01,8.774580335731414493e+00,7.194244604316546443e-02,4.630695443645083564e+00
1.017935831400620295e+01,4.195953141640042516e-01,6.496272630457934627e-02,1.618743343982960714e-01,8.652278177458033070e+00,1.966426858513189435e-01,4.491606714628296970e+00
1.018431446016486142e+01,4.014909478168264267e-01,6.496272630457934627e-02,1.789137380191693216e-01,8.676258992805754744e+00,2.565947242206235157e-01,4.551558752997602042e+00
1.018927060632351989e+01,3.791267305644302477e-01,5.644302449414270728e-02,1.927582534611288478e-01,8.781774580335731883e+00,1.894484412470023860e-01,4.513189448441247364e+00
1.019422675248218013e+01,3.450479233226836917e-01,3.620873269435569836e-02,1.938232161874334503e-01,8.848920863309352569e+00,1.151079136690647542e-01,4.429256594724220619e+00
1.019918289864083860e+01,3.088391906283279864e-01,2.449414270500532495e-02,1.821086261980830734e-01,8.815347721822542226e+00,1.462829736211031240e-01,4.187050359712229941e+00
1.020413904479949707e+01,2.598509052183173851e-01,2.981895633652822258e-02,1.640042598509052207e-01,8.805755395683453557e+00,1.582733812949640162e-01,4.196642685851318610e+00
1.020909519095815554e+01,2.140575079872204523e-01,3.940362087326943624e-02,1.522896698615548439e-01,8.844124700239808234e+00,0.000000000000000000e+00,4.297362110311750527e+00
1.021405133711681579e+01,1.735889243876464205e-01,4.792332268370606829e-02,1.331203407880724165e-01,8.913669064748201976e+00,-1.582733812949640162e-01,4.400479616306954611e+00
1.021900748327547426e+01,1.352502662406815659e-01,3.940362087326943624e-02,1.022364217252396124e-01,8.884892086330935967e+00,-1.678657074340527688e-01,4.520383693045563867e+00
1.022396362943413273e+01,1.150159744408945639e-01,2.555910543130990309e-02,8.306709265175718504e-02,8.702637889688249473e+00,-6.235011990407673954e-02,4.374100719424460770e+00
1.022891977559279120e+01,1.022364217252396124e-01,2.023429179978700893e-02,8.200212992545261037e-02,8.647482014388488736e+00,-6.714628297362110199e-02,4.333333333333333037e+00
1.023387592175145144e+01,1.075612353567625135e-01,2.875399361022364098e-02,9.158679446219382403e-02,8.731414868105515481e+00,-1.870503597122302186e-01,4.242206235011990678e+00
1.023883206791010991e+01,1.171458998935037271e-01,3.620873269435569836e-02,9.265175718849839870e-02,8.894484412470024637e+00,-3.357314148681055377e-01,4.314148681055155699e+00
1.024378821406876838e+01,1.277955271565495154e-01,3.514376996805111675e-02,8.413205537806177359e-02,8.964028776978416602e+00,-3.549160671462829875e-01,4.247002398081535013e+00
1.024874436022742863e+01,1.341853035143769912e-01,3.514376996805111675e-02,7.561235356762513460e-02,8.788968824940047497e+00,-2.278177458033573133e-01,4.139088729016786594e+00
1.025370050638608710e+01,1.405750798722044670e-01,4.579339723109691201e-02,8.200212992545261037e-02,8.995203836930455665e+00,-2.254196642685851182e-01,3.880095923261390745e+00
1.025865665254474557e+01,1.480298189563365174e-01,7.561235356762513460e-02,8.413205537806177359e-02,9.011990407673861725e+00,-2.541966426858512929e-01,3.791366906474820109e+00
1.026361279870340404e+01,1.490947816826411199e-01,9.265175718849839870e-02,7.987220447284344715e-02,8.944844124700239263e+00,-2.829736211031175230e-01,3.642685851318944845e+00
1.026856894486206428e+01,1.267305644302449408e-01,1.054313099041533502e-01,7.028753993610223350e-02,9.182254196642686495e+00,-3.788968824940047719e-01,3.455635491606714460e+00
1.027352509102072275e+01,9.371671991480298725e-02,1.490947816826411199e-01,5.005324813631523151e-02,9.050359712230216402e+00,-3.117505995203836977e-01,3.875299760191846410e+00
1.027848123717938122e+01,9.797657082002129980e-02,1.693290734824281218e-01,4.046858359957401785e-02,8.884892086330935967e+00,-1.966426858513189435e-01,4.153477218225419598e+00
1.028343738333804147e+01,1.086261980830670881e-01,1.576144834930777450e-01,4.153354632587859252e-02,8.940047961630694928e+00,-1.798561151079136611e-01,3.882494004796162912e+00
1.028839352949669994e+01,9.265175718849839870e-02,1.597444089456868943e-01,3.407880724174654208e-02,8.930455635491606259e+00,-2.541966426858512929e-01,3.800959232613908778e+00
1.029334967565535841e+01,7.880724174653887248e-02,1.767838125665601723e-01,1.064962726304579440e-03,8.985611510791366996e+00,-2.565947242206235157e-01,3.810551558752997447e+00
1.029830582181401688e+01,3.940362087326943624e-02,1.842385516506922227e-01,-3.514376996805111675e-02,8.964028776978416602e+00,-1.726618705035971313e-01,4.347721822541966041e+00
1.030326196797267713e+01,3.301384451544196047e-02,1.714589989350372712e-01,-5.111821086261980618e-02,8.820143884892086561e+00,-1.079136690647481966e-01,4.623501199040767062e+00
1.030821811413133560e+01,3.727369542066027996e-02,1.512247071352502692e-01,-5.324813631522896940e-02,8.709832134292565087e+00,-4.556354916067146404e-02,4.484412470023980468e+00
1.031317426028999407e+01,3.833865814696485463e-02,1.363152289669861683e-01,-5.537806176783812567e-02,8.621103117505995783e+00,-5.995203836930455832e-02,4.549160671462829875e+00
1.031813040644865431e+01,5.005324813631523151e-02,1.288604898828540901e-01,-5.324813631522896940e-02,8.613908872901678393e+00,-1.438848920863309427e-02,4.381294964028777272e+00
1.032308655260731278e+01,4.366347177848775574e-02,1.171458998935037271e-01,-5.431309904153354406e-02,8.690647482014387748e+00,-3.597122302158273222e-02,4.549160671462829875e+00
1.032804269876597125e+01,5.324813631522896940e-02,1.054313099041533502e-01,-5.218317358892438779e-02,8.745803357314148485e+00,-1.199040767386091166e-01,4.474820143884891799e+00
1.033299884492462972e+01,6.283280085197018305e-02,9.478168264110756192e-02,-4.898828541001064990e-02,8.755395683453237154e+00,-1.414868105515587615e-01,4.410071942446043280e+00
1.033795499108328997e+01,8.200212992545261037e-02,9.371671991480298725e-02,-4.472843450479233041e-02,8.721822541966426812e+00,-1.055155875299760154e-01,4.323741007194244368e+00
1.034291113724194844e+01,1.086261980830670881e-01,1.011714589989350377e-01,-3.407880724174654208e-02,8.824940047961630896e+00,-1.510791366906474864e-01,4.206235011990407280e+00
1.034786728340060691e+01,1.299254526091586925e-01,1.171458998935037271e-01,-2.875399361022364098e-02,8.947242206235012318e+00,-2.805755395683453002e-01,4.350119904076738209e+00
1.035282342955926538e+01,1.522896698615548439e-01,1.235356762513312029e-01,-3.727369542066027996e-02,9.007194244604317390e+00,-2.494004796163069582e-01,4.275779376498801021e+00
1.035777957571792562e+01,1.608093716719914690e-01,1.320553780617678419e-01,-4.792332268370606829e-02,8.762589928057554545e+00,-1.103117505995203779e-01,4.613908872901678393e+00
1.036273572187658409e+01,1.948881789137380249e-01,1.246006389776357776e-01,-3.620873269435569836e-02,8.697841726618705138e+00,4.076738609112710160e-02,4.654676258992806126e+00
1.036769186803524256e+01,2.108626198083067005e-01,1.033013844515442009e-01,-1.490947816826411129e-02,8.788968824940047497e+00,1.918465227817745672e-02,4.541966426858513373e+00
1.037264801419390281e+01,2.204472843450479280e-01,9.052183173588924936e-02,-1.384451544195953142e-02,8.791366906474820553e+00,-9.112709832134292809e-02,4.434052757793764954e+00
1.037760416035256128e+01,2.151224707135250269e-01,8.093716719914803570e-02,-3.088391906283280072e-02,8.808153477218224836e+00,-4.796163069544364527e-02,4.561151079136690711e+00
1.038256030651121975e+01,2.044728434504792247e-01,5.644302449414270728e-02,-4.366347177848775574e-02,8.709832134292565087e+00,5.995203836930455832e-02,4.793764988009592720e+00
1.038751645266987822e+01,2.023429179978700754e-01,2.129925452609158706e-02,-3.833865814696485463e-02,8.683453237410072134e+00,1.534772182254196538e-01,4.659472422062350461e+00
1.039247259882853847e+01,1.906283280085196985e-01,-9.584664536741213658e-03,-3.194888178913737886e-02,8.750599520383692820e+00,1.151079136690647542e-01,4.556354916067146377e+00
1.039742874498719694e+01,1.831735889243876481e-01,-2.449414270500532495e-02,-3.620873269435569836e-02,8.841726618705035179e+00,6.235011990407673954e-02,4.268585131894484519e+00
1.040238489114585541e+01,1.618743343982960714e-01,-2.768903088391906284e-02,-4.259850905218317413e-02,8.815347721822542226e+00,1.318944844124700366e-01,4.323741007194244368e+00
1.040734103730451565e+01,1.586794462193823196e-01,-3.194888178913737886e-02,-3.833865814696485463e-02,8.767386091127098879e+00,1.822541966426858562e-01,4.278177458033573188e+00
1.041229718346317412e+01,1.501597444089456945e-01,-3.620873269435569836e-02,-2.662406815761448470e-02,8.824940047961630896e+00,1.366906474820143991e-01,4.122302158273381423e+00
1.041725332962183259e+01,1.427050053248136441e-01,-3.088391906283280072e-02,-2.342917997870074681e-02,8.932853717026379314e+00,3.836930455635491344e-02,4.062350119904076351e+00
1.042220947578049106e+01,1.395101171458998923e-01,-1.703940362087327104e-02,-2.449414270500532495e-02,8.992805755395682610e+00,4.796163069544364180e-03,3.988009592326139163e+00
1.042716562193915131e+01,1.331203407880724165e-01,-1.064962726304579440e-03,-2.662406815761448470e-02,9.021582733812950394e+00,5.515587529976018893e-02,4.074340527577938076e+00
1.043212176809780978e+01,1.384451544195953177e-01,1.384451544195953142e-02,-1.916932907348242732e-02,8.992805755395682610e+00,5.995203836930455832e-02,4.014388489208633004e+00
1.043707791425646825e+01,1.405750798722044670e-01,2.662406815761448470e-02,-6.389776357827475772e-03,8.973621103117505271e+00,9.352517985611510931e-02,4.069544364508392853e+00
1.044203406041512849e+01,1.480298189563365174e-01,4.259850905218317413e-02,0.000000000000000000e+00,8.954436450839327932e+00,1.318944844124700366e-01,4.074340527577938076e+00
1.044699020657378696e+01,1.448349307774227934e-01,4.259850905218317413e-02,8.519701810436635520e-03,8.976019184652278327e+00,1.247002398081534791e-01,4.182254196642685606e+00
1.045194635273244543e+01,1.458998935037273681e-01,3.727369542066027996e-02,1.916932907348242732e-02,9.071942446043165020e+00,5.515587529976018893e-02,4.115107913669064921e+00
1.045690249889110390e+01,1.448349307774227934e-01,4.046858359957401785e-02,2.662406815761448470e-02,9.148681055155876152e+00,-7.434052757793764565e-02,3.920863309352518034e+00
1.046185864504976415e+01,1.427050053248136441e-01,6.283280085197018305e-02,2.342917997870074681e-02,9.134292565947241371e+00,-1.270983213429256464e-01,3.971223021582733992e+00
1.046681479120842262e+01,1.405750798722044670e-01,7.987220447284344715e-02,1.703940362087327104e-02,9.076738609112709355e+00,-1.007194244604316530e-01,4.059952038369304184e+00
1.047177093736708109e+01,1.320553780617678419e-01,8.626198083067092293e-02,1.597444089456868943e-02,9.076738609112709355e+00,-1.462829736211031240e-01,4.206235011990407280e+00
1.047672708352573956e+01,1.288604898828540901e-01,8.732694355697551147e-02,1.064962726304579353e-02,9.050359712230216402e+00,-1.726618705035971313e-01,4.177458033573141272e+00
1.048168322968439981e+01,1.150159744408945639e-01,9.052183173588924936e-02,-7.454739084132055646e-03,8.997601918465226944e+00,-1.462829736211031240e-01,4.362110311750599934e+00
1.048663937584305827e+01,1.022364217252396124e-01,8.413205537806177359e-02,-2.129925452609158706e-02,8.865707434052758629e+00,-7.913669064748200810e-02,4.458033573141486627e+00
1.049159552200171674e+01,8.839190628328008614e-02,6.283280085197018305e-02,-1.703940362087327104e-02,8.774580335731414493e+00,9.592326139088728360e-03,4.450839328537170125e+00
1.049655166816037699e+01,7.987220447284344715e-02,5.644302449414270728e-02,-1.384451544195953142e-02,8.805755395683453557e+00,4.796163069544364180e-03,4.376498800959232938e+00
1.050150781431903546e+01,7.028753993610223350e-02,5.431309904153354406e-02,-1.703940362087327104e-02,8.834532374100719565e+00,9.592326139088728360e-03,4.362110311750599934e+00
1.050646396047769393e+01,6.070287539936101984e-02,4.685835995740149362e-02,-1.916932907348242732e-02,8.836930455635490844e+00,2.877697841726618855e-02,4.393285371702638109e+00
1.051142010663635240e+01,5.111821086261980618e-02,3.727369542066027996e-02,-2.342917997870074681e-02,8.781774580335731883e+00,4.796163069544364527e-02,4.215827338129496837e+00
1.051637625279501265e+01,2.981895633652822258e-02,3.514376996805111675e-02,-2.449414270500532495e-02,8.786570743405276218e+00,-2.398081534772182090e-03,4.146282973621103096e+00
1.052133239895367112e+01,2.449414270500532495e-02,3.727369542066027996e-02,-2.768903088391906284e-02,8.839328537170263900e+00,-5.275779376498800771e-02,4.076738609112710243e+00
1.052628854511232959e+01,1.810436634717784918e-02,4.259850905218317413e-02,-3.088391906283280072e-02,8.889688249400480302e+00,-8.633093525179856564e-02,4.076738609112710243e+00
1.053124469127098983e+01,2.342917997870074681e-02,4.685835995740149362e-02,-3.620873269435569836e-02,8.918465227817746310e+00,-5.755395683453237710e-02,4.059952038369304184e+00
1.053620083742964830e+01,2.555910543130990309e-02,5.218317358892438779e-02,-3.940362087326943624e-02,8.899280575539568972e+00,-2.398081534772182263e-02,4.000000000000000000e+00
1.054115698358830677e+01,2.981895633652822258e-02,6.070287539936101984e-02,-3.194888178913737886e-02,8.913669064748201976e+00,-4.316546762589928282e-02,3.899280575539568527e+00
1.054611312974696524e+01,2.875399361022364098e-02,7.028753993610223350e-02,-3.194888178913737886e-02,8.956834532374100988e+00,-8.633093525179856564e-02,3.733812949640287648e+00
1.055106927590562549e+01,1.064962726304579353e-02,9.052183173588924936e-02,-4.153354632587859252e-02,8.901678657074340251e+00,-1.103117505995203779e-01,3.944844124700239707e+00
1.055602542206428396e+01,1.597444089456868943e-02,1.096911608093716767e-01,-4.366347177848775574e-02,8.911270983213428920e+00,-4.556354916067146404e-02,4.163069544364508268e+00
1.056098156822294243e+01,2.236421725239616520e-02,1.075612353567625135e-01,-2.875399361022364098e-02,8.875299760191847298e+00,-7.194244604316547137e-03,4.254196642685851515e+00
1.056593771438160267e+01,3.301384451544196047e-02,9.904153354632587447e-02,-1.277955271565495154e-02,8.846522781774579514e+00,2.877697841726618855e-02,4.067146282973620686e+00
1.057089386054026114e+01,3.620873269435569836e-02,1.118210862619808260e-01,-3.194888178913737886e-03,8.839328537170263900e+00,6.954436450839328321e-02,3.952038369304556209e+00
1.057585000669891961e+01,3.407880724174654208e-02,1.341853035143769912e-01,3.194888178913737886e-03,8.851318944844123848e+00,1.270983213429256464e-01,4.124700239808153590e+00
1.058080615285757808e+01,2.342917997870074681e-02,1.373801916932907430e-01,6.389776357827475772e-03,8.875299760191847298e+00,1.127098321342925591e-01,4.311750599520383531e+00
1.058576229901623833e+01,-5.324813631522896766e-03,1.192758253461128903e-01,-3.194888178913737886e-03,8.935251798561150594e+00,6.714628297362110199e-02,4.388489208633093774e+00
1.059071844517489680e+01,-3.407880724174654208e-02,1.011714589989350377e-01,-2.555910543130990309e-02,8.872901678657074243e+00,1.055155875299760154e-01,4.318944844124700033e+00
1.059567459133355527e+01,-7.028753993610223350e-02,9.158679446219382403e-02,-4.259850905218317413e-02,8.824940047961630896e+00,1.774580335731414937e-01,4.335731414868105205e+00
1.060063073749221552e+01,-1.022364217252396124e-01,8.093716719914803570e-02,-5.537806176783812567e-02,8.764988009592325824e+00,2.446043165467625957e-01,4.374100719424460770e+00
1.060558688365087399e+01,-1.309904153354632672e-01,7.348242811501597138e-02,-6.283280085197018305e-02,8.630695443645084453e+00,2.422062350119904006e-01,4.592326139088728887e+00
1.061054302980953246e+01,-1.437699680511182188e-01,4.898828541001064990e-02,-6.709265175718849561e-02,8.664268585131894795e+00,2.038369304556355011e-01,4.707434052757793808e+00
1.061549917596819093e+01,-1.554845580404685956e-01,6.389776357827475772e-03,-7.561235356762513460e-02,8.676258992805754744e+00,1.582733812949640162e-01,4.570743405275779381e+00
1.062045532212685117e+01,-1.554845580404685956e-01,-2.555910543130990309e-02,-8.200212992545261037e-02,8.676258992805754744e+00,1.366906474820143991e-01,4.362110311750599934e+00
1.062541146828550964e+01,-1.384451544195953177e-01,-3.194888178913737886e-02,-7.987220447284344715e-02,8.705035971223020752e+00,8.153477218225420320e-02,4.083932853717026745e+00
1.063036761444416811e+01,-1.277955271565495154e-01,-2.236421725239616520e-02,-7.987220447284344715e-02,8.810551558752997892e+00,-3.117505995203836977e-02,4.199040767386090778e+00
1.063532376060282658e+01,-1.011714589989350377e-01,-2.129925452609158706e-02,-8.413205537806177359e-02,8.918465227817746310e+00,-8.393285371702638442e-02,4.189448441247002108e+00
1.064027990676148683e+01,-8.519701810436634826e-02,-2.875399361022364098e-02,-8.945686900958466081e-02,8.882494004796162912e+00,-7.194244604316546443e-02,4.199040767386090778e+00
1.064523605292014530e+01,-5.963791267305644517e-02,-3.194888178913737886e-02,-9.797657082002129980e-02,8.853717026378896904e+00,2.158273381294964141e-02,3.971223021582733992e+00
1.065019219907880377e+01,-4.046858359957401785e-02,-2.023429179978700893e-02,-9.584664536741213658e-02,8.870503597122302963e+00,6.474820143884892076e-02,3.846522781774580402e+00
1.065514834523746401e+01,-1.916932907348242732e-02,6.389776357827475772e-03,-9.052183173588924936e-02,8.932853717026379314e+00,3.836930455635491344e-02,3.872901678657074243e+00
1.066010449139612248e+01,3.194888178913737886e-03,2.875399361022364098e-02,-9.265175718849839870e-02,9.002398081534773056e+00,1.678657074340527550e-02,3.942446043165467540e+00
1.066506063755478095e+01,1.916932907348242732e-02,3.727369542066027996e-02,-9.797657082002129980e-02,8.959232613908872267e+00,4.796163069544364527e-02,4.107913669064748419e+00
1.067001678371343942e+01,4.153354632587859252e-02,4.472843450479233041e-02,-9.797657082002129980e-02,8.882494004796162912e+00,1.127098321342925591e-01,4.076738609112710243e+00
1.067497292987209967e+01,5.644302449414270728e-02,5.431309904153354406e-02,-9.691160809371672513e-02,8.839328537170263900e+00,1.486810551558752913e-01,4.139088729016786594e+00
1.067992907603075814e+01,7.348242811501597138e-02,5.963791267305644517e-02,-9.478168264110756192e-02,8.868105515587529908e+00,2.206235011990407557e-01,4.098321342925659749e+00
1.068488522218941661e+01,7.561235356762513460e-02,6.922257720979765883e-02,-9.584664536741213658e-02,8.858513189448441238e+00,3.093525179856115304e-01,4.273381294964028854e+00
1.068984136834807686e+01,7.348242811501597138e-02,7.028753993610223350e-02,-9.478168264110756192e-02,8.841726618705035179e+00,4.796163069544364665e-01,4.453237410071942293e+00
1.069479751450673533e+01,6.709265175718849561e-02,5.750798722044728195e-02,-8.945686900958466081e-02,8.743405275779377206e+00,6.330935251798560648e-01,4.474820143884891799e+00
1.069975366066539380e+01,5.537806176783812567e-02,4.366347177848775574e-02,-7.454739084132055993e-02,8.690647482014387748e+00,6.594724220623501276e-01,4.443645083932853623e+00
1.070470980682405227e+01,4.046858359957401785e-02,3.514376996805111675e-02,-6.176783812566560145e-02,8.702637889688249473e+00,6.426858513189448452e-01,4.393285371702638109e+00
1.070966595298271251e+01,2.129925452609158706e-02,2.768903088391906284e-02,-5.005324813631523151e-02,8.762589928057554545e+00,5.899280575539568305e-01,4.434052757793764954e+00
1.071462209914137098e+01,3.194888178913737886e-03,1.916932907348242732e-02,-3.727369542066027996e-02,8.824940047961630896e+00,6.115107913669064477e-01,4.362110311750599934e+00
1.071957824530002945e+01,-1.810436634717784918e-02,2.023429179978700893e-02,-2.875399361022364098e-02,8.880095923261391633e+00,6.091127098321342803e-01,4.330935251798560870e+00
1.072453439145868970e+01,-3.620873269435569836e-02,2.768903088391906284e-02,-2.236421725239616520e-02,8.906474820143884585e+00,6.546762589928057929e-01,4.294964028776978360e+00
1.072949053761734817e+01,-5.857294994675186356e-02,3.940362087326943624e-02,-1.064962726304579353e-02,8.853717026378896904e+00,6.930455635491606925e-01,4.342925659472421707e+00
1.073444668377600664e+01,-8.093716719914803570e-02,4.366347177848775574e-02,1.064962726304579440e-03,8.764988009592325824e+00,6.522781774580336256e-01,4.410071942446043280e+00
1.073940282993466511e+01,-1.022364217252396124e-01,3.940362087326943624e-02,1.064962726304579353e-02,8.729016786570744202e+00,6.115107913669064477e-01,4.467625899280575297e+00
1.074435897609332535e+01,-1.214057507987220397e-01,3.088391906283280072e-02,2.236421725239616520e-02,8.659472422062350461e+00,5.587529976019184330e-01,4.541966426858513373e+00
1.074931512225198382e+01,-1.341853035143769912e-01,1.703940362087327104e-02,3.194888178913737886e-02,8.700239808153476417e+00,4.748201438848920763e-01,4.479616306954436133e+00
1.075427126841064229e+01,-1.458998935037273681e-01,4.259850905218317760e-03,4.259850905218317413e-02,8.705035971223020752e+00,3.788968824940047719e-01,4.388489208633093774e+00
1.075922741456930076e+01,-1.490947816826411199e-01,-1.064962726304579440e-03,4.366347177848775574e-02,8.760191846522781489e+00,2.829736211031175230e-01,4.251798561151079348e+00
1.076418356072796101e+01,-1.522896698615548439e-01,-2.129925452609158880e-03,4.259850905218317413e-02,8.803357314148680501e+00,1.055155875299760154e-01,4.196642685851318610e+00
1.076913970688661948e+01,-1.448349307774227934e-01,-5.324813631522896766e-03,3.407880724174654208e-02,8.872901678657074243e+00,-6.714628297362110199e-02,4.103117505995204084e+00
1.077409585304527795e+01,-1.352502662406815659e-01,-7.454739084132055646e-03,1.384451544195953142e-02,8.916067146282973255e+00,-1.726618705035971313e-01,3.983213429256594829e+00
1.077905199920393819e+01,-1.160809371671991524e-01,-3.194888178913737886e-03,-7.454739084132055646e-03,8.935251798561150594e+00,-1.918465227817745811e-01,3.882494004796162912e+00
1.078400814536259666e+01,-9.478168264110756192e-02,1.064962726304579353e-02,-2.768903088391906284e-02,8.954436450839327932e+00,-1.918465227817745811e-01,3.779376498800959272e+00
1.078896429152125513e+01,-7.667731629392970927e-02,2.981895633652822258e-02,-5.111821086261980618e-02,8.968824940047960936e+00,-1.534772182254196538e-01,3.841726618705036067e+00
1.079392043767991360e+01,-6.070287539936101984e-02,4.472843450479233041e-02,-7.561235356762513460e-02,8.954436450839327932e+00,-7.194244604316546443e-02,3.956834532374100544e+00
1.079887658383857385e+01,-4.472843450479233041e-02,5.005324813631523151e-02,-9.371671991480298725e-02,8.954436450839327932e+00,1.199040767386091132e-02,4.031175059952038175e+00
1.080383272999723232e+01,-2.981895633652822258e-02,5.005324813631523151e-02,-1.043663471778487756e-01,8.930455635491606259e+00,1.103117505995203779e-01,4.011990407673860837e+00
1.080878887615589079e+01,-1.810436634717784918e-02,5.857294994675186356e-02,-1.214057507987220397e-01,8.877697841726618577e+00,2.110311750599520308e-01,4.079136690647482411e+00
1.081374502231455104e+01,-8.519701810436635520e-03,6.922257720979765883e-02,-1.288604898828540901e-01,8.848920863309352569e+00,3.285371702637889801e-01,4.184652278177457774e+00
1.081870116847320951e+01,-4.259850905218317760e-03,7.028753993610223350e-02,-1.299254526091586925e-01,8.853717026378896904e+00,3.621103117505995450e-01,4.316546762589927866e+00
1.082365731463186798e+01,-6.389776357827475772e-03,6.389776357827475772e-02,-1.309904153354632672e-01,8.827338129496402175e+00,4.268585131894484519e-01,4.419664268585131950e+00
1.082861346079052645e+01,-4.259850905218317760e-03,5.750798722044728195e-02,-1.331203407880724165e-01,8.805755395683453557e+00,4.532374100719424592e-01,4.484412470023980468e+00
1.083356960694918669e+01,-4.259850905218317760e-03,5.431309904153354406e-02,-1.341853035143769912e-01,8.776978417266187549e+00,5.515587529976019310e-01,4.606714628297361891e+00
1.083852575310784516e+01,-5.324813631522896766e-03,4.259850905218317413e-02,-1.309904153354632672e-01,8.664268585131894795e+00,6.546762589928057929e-01,4.729016786570743314e+00
1.084348189926650363e+01,-1.064962726304579353e-02,2.023429179978700893e-02,-1.182108626198083018e-01,8.616306954436451448e+00,6.834532374100719121e-01,4.817745803357314394e+00
1.084843804542516388e+01,-1.384451544195953142e-02,-6.389776357827475772e-03,-1.054313099041533502e-01,8.652278177458033070e+00,7.050359712230215292e-01,4.793764988009592720e+00
1.085339419158382235e+01,-1.597444089456868943e-02,-3.514376996805111675e-02,-9.371671991480298725e-02,8.669064748201439130e+00,7.002398081534771945e-01,4.702637889688249473e+00
1.085835033774248082e+01,-1.810436634717784918e-02,-5.857294994675186356e-02,-8.519701810436634826e-02,8.697841726618705138e+00,7.002398081534771945e-01,4.597122302158273222e+00
1.086330648390113929e+01,-1.597444089456868943e-02,-7.667731629392970927e-02,-7.135250266240682204e-02,8.762589928057554545e+00,6.642685851318944623e-01,4.426858513189448452e+00
1.086826263005979953e+01,-1.277955271565495154e-02,-8.306709265175718504e-02,-5.750798722044728195e-02,8.841726618705035179e+00,5.947242206235011652e-01,4.232613908872902009e+00
1.087321877621845800e+01,-5.324813631522896766e-03,-7.667731629392970927e-02,-4.898828541001064990e-02,8.976019184652278327e+00,5.587529976019184330e-01,4.057553956834532016e+00
1.087817492237711647e+01,1.064962726304579440e-03,-6.176783812566560145e-02,-3.940362087326943624e-02,9.079136690647482411e+00,5.659472422062350461e-01,3.992805755395683498e+00
1.088313106853577494e+01,1.064962726304579353e-02,-4.366347177848775574e-02,-2.875399361022364098e-02,9.047961630695443347e+00,5.443645083932853179e-01,3.920863309352518034e+00
1.088808721469443519e+01,2.236421725239616520e-02,-2.449414270500532495e-02,-2.129925452609158706e-02,8.961630695443645322e+00,5.035971223021582510e-01,3.935251798561151038e+00
1.089304336085309366e+01,3.833865814696485463e-02,-6.389776357827475772e-03,-1.597444089456868943e-02,8.952038369304556653e+00,4.796163069544364665e-01,3.976019184652278327e+00
1.089799950701175213e+01,5.644302449414270728e-02,5.324813631522896766e-03,-8.519701810436635520e-03,8.968824940047960936e+00,4.676258992805755188e-01,4.014388489208633004e+00
1.090295565317041238e+01,6.922257720979765883e-02,1.490947816826411129e-02,-6.389776357827475772e-03,9.007194244604317390e+00,4.604316546762590168e-01,4.057553956834532016e+00
1.090791179932907085e+01,8.093716719914803570e-02,2.555910543130990309e-02,-4.259850905218317760e-03,8.961630695443645322e+00,5.203836930455635335e-01,4.098321342925659749e+00
1.091286794548772932e+01,9.265175718849839870e-02,3.514376996805111675e-02,-3.194888178913737886e-03,8.834532374100719565e+00,6.163069544364508934e-01,4.163069544364508268e+00
1.091782409164638779e+01,1.022364217252396124e-01,4.259850905218317413e-02,7.454739084132055646e-03,8.781774580335731883e+00,6.594724220623501276e-01,4.278177458033573188e+00
1.092278023780504803e+01,1.064962726304579388e-01,4.259850905218317413e-02,2.023429179978700893e-02,8.750599520383692820e+00,6.402877697841726778e-01,4.311750599520383531e+00
1.092773638396370650e+01,1.118210862619808260e-01,3.833865814696485463e-02,2.981895633652822258e-02,8.714628297362111198e+00,6.354916067146283432e-01,4.369304556354916436e+00
1.093269253012236497e+01,1.118210862619808260e-01,2.449414270500532495e-02,3.088391906283280072e-02,8.702637889688249473e+00,6.738609112709832427e-01,4.393285371702638109e+00
1.093764867628102522e+01,1.086261980830670881e-01,1.916932907348242732e-02,4.153354632587859252e-02,8.719424460431655532e+00,7.146282973621103096e-01,4.326139088729016535e+00
1.094260482243968369e+01,1.054313099041533502e-01,1.703940362087327104e-02,5.324813631522896940e-02,8.791366906474820553e+00,7.218225419664268117e-01,4.256594724220623682e+00
1.094756096859834216e+01,1.011714589989350377e-01,2.023429179978700893e-02,6.389776357827475772e-02,8.810551558752997892e+00,7.482014388489208745e-01,4.191846522781774276e+00
1.095251711475700063e+01,9.371671991480298725e-02,2.768903088391906284e-02,7.348242811501597138e-02,8.829736211031175230e+00,7.362110311750599267e-01,4.235011990407674176e+00
1.095747326091566087e+01,8.200212992545261037e-02,2.981895633652822258e-02,8.200212992545261037e-02,8.863309352517985573e+00,7.362110311750599267e-01,4.268585131894484519e+00
1.096242940707431934e+01,6.815761448349308416e-02,3.088391906283280072e-02,8.626198083067092293e-02,8.856115107913668183e+00,7.458033573141487071e-01,4.287769784172661858e+00
1.096738555323297781e+01,5.857294994675186356e-02,3.301384451544196047e-02,8.732694355697551147e-02,8.832134292565946510e+00,7.673860911270983243e-01,4.306954436450839196e+00
1.097234169939163806e+01,5.005324813631523151e-02,2.981895633652822258e-02,9.158679446219382403e-02,8.791366906474820553e+00,7.553956834532373765e-01,4.342925659472421707e+00
1.097729784555029653e+01,4.898828541001064990e-02,2.342917997870074681e-02,1.033013844515442009e-01,8.820143884892086561e+00,7.146282973621103096e-01,4.323741007194244368e+00
1.098225399170895500e+01,5.324813631522896940e-02,2.342917997870074681e-02,1.096911608093716767e-01,8.841726618705035179e+00,6.690647482014387970e-01,4.340527577937649539e+00
1.098721013786761347e+01,5.750798722044728195e-02,2.236421725239616520e-02,1.139510117145899892e-01,8.817745803357313505e+00,6.714628297362110754e-01,4.400479616306954611e+00
1.099216628402627371e+01,6.389776357827475772e-02,1.916932907348242732e-02,1.214057507987220397e-01,8.781774580335731883e+00,7.026378896882493619e-01,4.474820143884891799e+00
1.099712243018493218e+01,7.667731629392970927e-02,9.584664536741213658e-03,1.309904153354632672e-01,8.750599520383692820e+00,6.834532374100719121e-01,4.472422062350119631e+00
1.100207857634359065e+01,8.945686900958466081e-02,1.064962726304579440e-03,1.437699680511182188e-01,8.784172661870503163e+00,5.851318944844124958e-01,4.414868105515587615e+00
1.100703472250224912e+01,1.043663471778487756e-01,-4.259850905218317760e-03,1.437699680511182188e-01,8.848920863309352569e+00,4.892086330935251914e-01,4.364508393285372101e+00
1.101199086866090937e+01,1.192758253461128903e-01,-3.194888178913737886e-03,1.405750798722044670e-01,8.853717026378896904e+00,4.700239808153477417e-01,4.342925659472421707e+00
1.101694701481956784e+01,1.341853035143769912e-01,-4.259850905218317760e-03,1.416400425985090417e-01,8.800959232613909222e+00,4.868105515587530241e-01,4.304556354916067029e+00
1.102190316097822631e+01,1.501597444089456945e-01,3.194888178913737886e-03,1.437699680511182188e-01,8.824940047961630896e+00,4.124700239808153368e-01,4.225419664268585507e+00
1.102685930713688656e+01,1.618743343982960714e-01,1.597444089456868943e-02,1.416400425985090417e-01,8.896882494004795916e+00,3.645083932853717124e-01,4.201438848920862945e+00
1.103181545329554503e+01,1.746538871139510229e-01,2.875399361022364098e-02,1.331203407880724165e-01,8.942446043165467984e+00,3.669064748201438797e-01,4.275779376498801021e+00
1.103677159945420350e+01,1.863684771033013721e-01,3.514376996805111675e-02,1.256656017039403661e-01,8.836930455635490844e+00,4.556354916067146266e-01,4.374100719424460770e+00
1.104172774561286197e+01,1.970181043663471743e-01,3.301384451544196047e-02,1.246006389776357776e-01,8.695443645083932083e+00,5.587529976019184330e-01,4.446043165467625791e+00
1.104668389177152221e+01,2.076677316293929765e-01,2.555910543130990309e-02,1.309904153354632672e-01,8.705035971223020752e+00,6.067146282973621130e-01,4.467625899280575297e+00
1.105164003793018068e+01,2.119275825346112752e-01,2.023429179978700893e-02,1.341853035143769912e-01,8.707434052757793808e+00,6.187050359712230607e-01,4.446043165467625791e+00
1.105659618408883915e+01,2.108626198083067005e-01,1.703940362087327104e-02,1.341853035143769912e-01,8.755395683453237154e+00,6.594724220623501276e-01,4.505995203836930862e+00
1.106155233024749940e+01,2.076677316293929765e-01,6.389776357827475772e-03,1.384451544195953177e-01,8.760191846522781489e+00,7.314148681055155921e-01,4.551558752997602042e+00
1.106650847640615787e+01,2.055378061767837994e-01,-5.324813631522896766e-03,1.448349307774227934e-01,8.676258992805754744e+00,7.601918465227818222e-01,4.520383693045563867e+00
1.107146462256481634e+01,2.055378061767837994e-01,-1.277955271565495154e-02,1.576144834930777450e-01,8.712230215827338142e+00,7.386091127098320941e-01,4.453237410071942293e+00
1.107642076872347481e+01,2.055378061767837994e-01,-1.597444089456868943e-02,1.661341853035143701e-01,8.798561151079136167e+00,6.906474820143885252e-01,4.374100719424460770e+00
1.108137691488213505e+01,2.076677316293929765e-01,-1.171458998935037341e-02,1.735889243876464205e-01,8.848920863309352569e+00,6.570743405275779603e-01,4.359712230215827766e+00
1.108633306104079352e+01,2.140575079872204523e-01,-7.454739084132055646e-03,1.810436634717784987e-01,8.827338129496402175e+00,5.851318944844124958e-01,4.376498800959232938e+00
1.109128920719945199e+01,2.193823216187433534e-01,-1.064962726304579440e-03,1.863684771033013721e-01,8.839328537170263900e+00,5.227817745803357008e-01,4.359712230215827766e+00
1.109624535335811224e+01,2.247071352502662545e-01,4.259850905218317760e-03,1.831735889243876481e-01,8.829736211031175230e+00,4.988009592326139163e-01,4.362110311750599934e+00
1.110120149951677071e+01,2.279020234291799785e-01,9.584664536741213658e-03,1.778487752928647470e-01,8.764988009592325824e+00,5.587529976019184330e-01,4.474820143884891799e+00
1.110615764567542918e+01,2.289669861554845531e-01,8.519701810436635520e-03,1.799787007454738963e-01,8.657074340527577405e+00,6.067146282973621130e-01,4.551558752997602042e+00
1.111111379183408765e+01,2.300319488817891278e-01,0.000000000000000000e+00,1.853035143769967974e-01,8.592326139088729775e+00,6.115107913669064477e-01,4.592326139088728887e+00
1.111606993799274790e+01,2.300319488817891278e-01,-1.171458998935037341e-02,1.842385516506922227e-01,8.575539568345323715e+00,6.211031175059952281e-01,4.589928057553956720e+00
1.112102608415140637e+01,2.289669861554845531e-01,-2.342917997870074681e-02,1.821086261980830734e-01,8.604316546762589724e+00,5.995203836930456109e-01,4.568345323741007213e+00
1.112598223031006484e+01,2.247071352502662545e-01,-3.620873269435569836e-02,1.821086261980830734e-01,8.635491606714628787e+00,6.258992805755395628e-01,4.568345323741007213e+00
1.113093837646872331e+01,2.236421725239616520e-01,-4.472843450479233041e-02,1.874334398296059745e-01,8.623501199040767062e+00,6.690647482014387970e-01,4.438848920863309289e+00
1.113589452262738355e+01,2.193823216187433534e-01,-4.685835995740149362e-02,1.884984025559105492e-01,8.673860911270983465e+00,6.930455635491606925e-01,4.357314148681055599e+00
1.114085066878604202e+01,2.225772097976570774e-01,-4.366347177848775574e-02,1.938232161874334503e-01,8.681055155875299079e+00,7.002398081534771945e-01,4.292565947242206192e+00
1.114580681494470049e+01,2.225772097976570774e-01,-4.046858359957401785e-02,2.023429179978700754e-01,8.702637889688249473e+00,7.146282973621103096e-01,4.309352517985611364e+00
1.115076296110336074e+01,2.225772097976570774e-01,-3.514376996805111675e-02,2.097976570820021258e-01,8.748201438848921541e+00,7.122302158273381423e-01,4.223021582733813339e+00
1.115571910726201921e+01,2.193823216187433534e-01,-2.875399361022364098e-02,2.151224707135250269e-01,8.810551558752997892e+00,6.858513189448440794e-01,4.098321342925659749e+00
1.116067525342067768e+01,2.215122470713525027e-01,-1.384451544195953142e-02,2.225772097976570774e-01,8.880095923261391633e+00,7.290167865707434247e-01,4.031175059952038175e+00
1.116563139957933615e+01,2.289669861554845531e-01,1.277955271565495154e-02,2.279020234291799785e-01,8.870503597122302963e+00,7.146282973621103096e-01,4.067146282973620686e+00
1.117058754573799639e+01,2.353567625133120289e-01,3.833865814696485463e-02,2.385516506922257807e-01,8.877697841726618577e+00,6.330935251798560648e-01,4.220623501199041172e+00
1.117554369189665486e+01,2.460063897763578311e-01,5.218317358892438779e-02,2.513312034078807322e-01,8.908872901678657641e+00,5.587529976019184330e-01,4.306954436450839196e+00
1.118049983805531333e+01,2.577209797657081802e-01,6.389776357827475772e-02,2.555910543130990309e-01,8.851318944844123848e+00,4.892086330935251914e-01,4.386091127098321607e+00
1.118545598421397358e+01,2.694355697550585571e-01,7.028753993610223350e-02,2.513312034078807322e-01,8.772182254196643214e+00,5.011990407673860837e-01,4.534772182254196871e+00
1.119041213037263205e+01,2.758253461128860606e-01,6.389776357827475772e-02,2.502662406815761575e-01,8.664268585131894795e+00,5.275779376498801465e-01,4.604316546762589724e+00
1.119536827653129052e+01,2.822151224707135087e-01,5.324813631522896940e-02,2.492012779552715551e-01,8.606714628297362779e+00,5.323741007194244812e-01,4.661870503597122628e+00
1.120032442268994899e+01,2.864749733759318628e-01,4.153354632587859252e-02,2.449414270500532564e-01,8.611510791366907114e+00,4.724220623501199090e-01,4.695443645083932971e+00
1.120528056884860924e+01,2.854100106496272882e-01,3.088391906283280072e-02,2.417465388711395047e-01,8.621103117505995783e+00,4.724220623501199090e-01,4.731414868105515481e+00
1.121023671500726770e+01,2.886048988285410122e-01,2.342917997870074681e-02,2.385516506922257807e-01,8.577937649880096771e+00,5.179856115107913661e-01,4.743405275779376318e+00
1.121519286116592617e+01,2.917997870074547362e-01,1.384451544195953142e-02,2.364217252396166036e-01,8.494004796163070026e+00,5.611510791366906004e-01,4.748201438848920652e+00
1.122014900732458642e+01,2.917997870074547362e-01,3.194888178913737886e-03,2.406815761448349300e-01,8.472422062350119631e+00,5.899280575539568305e-01,4.707434052757793808e+00
1.122510515348324489e+01,2.864749733759318628e-01,-6.389776357827475772e-03,2.460063897763578311e-01,8.462829736211030962e+00,5.875299760191846632e-01,4.599520383693045389e+00
1.123006129964190336e+01,2.843450479233226580e-01,-8.519701810436635520e-03,2.502662406815761575e-01,8.503597122302158695e+00,5.851318944844124958e-01,4.565947242206235046e+00
1.123501744580056183e+01,2.800851970181043593e-01,-9.584664536741213658e-03,2.545260915867944562e-01,8.575539568345323715e+00,6.091127098321342803e-01,4.508393285371703030e+00
1.123997359195922208e+01,2.747603833865814860e-01,-8.519701810436635520e-03,2.598509052183173851e-01,8.599520383693045389e+00,6.163069544364508934e-01,4.422062350119904117e+00
1.124492973811788055e+01,2.726304579339723366e-01,-2.129925452609158880e-03,2.630457933972311091e-01,8.630695443645084453e+00,5.683453237410072134e-01,4.366906474820144268e+00
1.124988588427653902e+01,2.694355697550585571e-01,4.259850905218317760e-03,2.641107561235356838e-01,8.669064748201439130e+00,5.107913669064748641e-01,4.309352517985611364e+00
1.125484203043519926e+01,2.726304579339723366e-01,1.171458998935037341e-02,2.651757188498402584e-01,8.741007194244604150e+00,4.604316546762590168e-01,4.280575539568345356e+00
1.125979817659385773e+01,2.790202342917997846e-01,3.088391906283280072e-02,2.651757188498402584e-01,8.757793764988010210e+00,4.748201438848920763e-01,4.299760191846522694e+00
1.126475432275251620e+01,2.854100106496272882e-01,4.472843450479233041e-02,2.662406815761448331e-01,8.669064748201439130e+00,4.748201438848920763e-01,4.407673860911271113e+00
1.126971046891117467e+01,2.949946751863684602e-01,5.324813631522896940e-02,2.715654952076677064e-01,8.587529976019185440e+00,4.628297362110311841e-01,4.508393285371703030e+00
1.127466661506983492e+01,3.067092651757188371e-01,5.218317358892438779e-02,2.758253461128860606e-01,8.508393285371703030e+00,4.004796163069544446e-01,4.529976019184652536e+00
1.127962276122849339e+01,3.162939297124600646e-01,4.685835995740149362e-02,2.736954206602769113e-01,8.496402877697841305e+00,3.764988009592326046e-01,4.549160671462829875e+00
1.128457890738715186e+01,3.269435569755058668e-01,4.259850905218317413e-02,2.705005324813631318e-01,8.455635491606715348e+00,3.717026378896882699e-01,4.575539568345323715e+00
1.128953505354581033e+01,3.375931842385516690e-01,3.620873269435569836e-02,2.694355697550585571e-01,8.414868105515587615e+00,4.124700239808153368e-01,4.654676258992806126e+00
1.129449119970447057e+01,3.482428115015974712e-01,2.875399361022364098e-02,2.694355697550585571e-01,8.342925659472422595e+00,4.652278177458033515e-01,4.688249400479616469e+00
1.129944734586312904e+01,3.588924387646432179e-01,2.129925452609158706e-02,2.747603833865814860e-01,8.318944844124700921e+00,4.364508393285371768e-01,4.594724220623501054e+00
1.130440349202178751e+01,3.695420660276890201e-01,1.810436634717784918e-02,2.758253461128860606e-01,8.326139088729016535e+00,4.076738609112710021e-01,4.563549160671462879e+00
1.130935963818044776e+01,3.759318423855165237e-01,1.916932907348242732e-02,2.768903088391906353e-01,8.338129496402878260e+00,4.004796163069544446e-01,4.582733812949640217e+00
1.131431578433910623e+01,3.844515441959531210e-01,1.810436634717784918e-02,2.758253461128860606e-01,8.359712230215826878e+00,4.508393285371702364e-01,4.582733812949640217e+00
1.131927193049776470e+01,3.919062832800851992e-01,1.703940362087327104e-02,2.779552715654952100e-01,8.340527577937649539e+00,4.964028776978417490e-01,4.553956834532374209e+00
1.132422807665642317e+01,3.993610223642172774e-01,1.384451544195953142e-02,2.864749733759318628e-01,8.309352517985612252e+00,5.251798561151078681e-01,4.503597122302158695e+00
1.132918422281508342e+01,4.132055378061768036e-01,1.703940362087327104e-02,3.024494142705005384e-01,8.335731414868105205e+00,5.179856115107913661e-01,4.436450839328537121e+00
1.133414036897374189e+01,4.227902023429179756e-01,2.449414270500532495e-02,3.194888178913737886e-01,8.407673860911270225e+00,5.035971223021582510e-01,4.393285371702638109e+00
1.133909651513240036e+01,4.313099041533546285e-01,3.407880724174654208e-02,3.365282215122470943e-01,8.513189448441247364e+00,4.292565947242206192e-01,4.335731414868105205e+00
1.134405266129106060e+01,4.408945686900958560e-01,4.259850905218317413e-02,3.493077742279020459e-01,8.573141486810552436e+00,3.717026378896882699e-01,4.273381294964028854e+00
1.134900880744971907e+01,4.504792332268370836e-01,5.963791267305644517e-02,3.599574014909477926e-01,8.599520383693045389e+00,3.453237410071942626e-01,4.237410071942446343e+00
1.135396495360837754e+01,4.600638977635782556e-01,8.519701810436634826e-02,3.738019169329073743e-01,8.594724220623501054e+00,2.661870503597122406e-01,4.201438848920862945e+00
1.135892109976703601e+01,4.675186368477103338e-01,1.064962726304579388e-01,3.865814696485623259e-01,8.597122302158274110e+00,1.798561151079136611e-01,4.232613908872902009e+00
1.136387724592569626e+01,4.717784877529286325e-01,1.235356762513312029e-01,3.919062832800851992e-01,8.563549160671461991e+00,9.832134292565947176e-02,4.309352517985611364e+00
1.136883339208435473e+01,4.739084132055377818e-01,1.363152289669861683e-01,3.908413205537806245e-01,8.498800959232614360e+00,7.194244604316546443e-02,4.414868105515587615e+00
1.137378953824301320e+01,4.707135250266240578e-01,1.405750798722044670e-01,3.897763578274760499e-01,8.453237410071942293e+00,7.194244604316546443e-02,4.458033573141486627e+00
1.137874568440167344e+01,4.643237486687966098e-01,1.458998935037273681e-01,3.897763578274760499e-01,8.393285371702637221e+00,1.055155875299760154e-01,4.491606714628296970e+00
1.138370183056033191e+01,4.568690095846645316e-01,1.522896698615548439e-01,3.929712460063897739e-01,8.323741007194245256e+00,9.352517985611510931e-02,4.546762589928057707e+00
1.138865797671899038e+01,4.462193823216187294e-01,1.512247071352502692e-01,3.919062832800851992e-01,8.309352517985612252e+00,5.755395683453237710e-02,4.594724220623501054e+00
1.139361412287764885e+01,4.281150159744409045e-01,1.469648562300319428e-01,3.887113951011714752e-01,8.314148681055156587e+00,5.515587529976018893e-02,4.589928057553956720e+00
1.139857026903630910e+01,4.132055378061768036e-01,1.448349307774227934e-01,3.833865814696485463e-01,8.285371702637888802e+00,5.995203836930455832e-02,4.553956834532374209e+00
1.140352641519496757e+01,4.014909478168264267e-01,1.480298189563365174e-01,3.812566560170393970e-01,8.294964028776979248e+00,6.954436450839328321e-02,4.580335731414868050e+00
1.140848256135362604e+01,3.897763578274760499e-01,1.554845580404685956e-01,3.855165069222576957e-01,8.350119904076738209e+00,2.398081534772182090e-03,4.657074340527578293e+00
1.141343870751228451e+01,3.855165069222576957e-01,1.533546325878594185e-01,3.919062832800851992e-01,8.443645083932853623e+00,-1.247002398081534791e-01,4.671462829736211297e+00
1.141839485367094476e+01,3.908413205537806245e-01,1.650692225772097954e-01,3.929712460063897739e-01,8.458033573141486627e+00,-1.918465227817745811e-01,4.539568345323741205e+00
1.142335099982960323e+01,3.929712460063897739e-01,1.831735889243876481e-01,3.865814696485623259e-01,8.458033573141486627e+00,-2.158273381294963933e-01,4.729016786570743314e+00
1.142830714598826169e+01,4.046858359957401508e-01,1.842385516506922227e-01,3.887113951011714752e-01,8.455635491606715348e+00,-2.829736211031175230e-01,4.805755395683453557e+00
1.143326329214692194e+01,4.185303514376996770e-01,1.874334398296059745e-01,3.929712460063897739e-01,8.520383693045562978e+00,-4.196642685851318944e-01,4.659472422062350461e+00
1.143821943830558041e+01,4.259850905218317552e-01,2.055378061767837994e-01,3.769968051118210983e-01,8.522781774580336034e+00,-4.748201438848920763e-01,4.750599520383692820e+00
1.144317558446423888e+01,4.345047923322683525e-01,2.183173588924387509e-01,3.556975505857294939e-01,8.414868105515587615e+00,-4.364508393285371768e-01,4.944844124700240151e+00
1.144813173062289735e+01,4.398296059637912814e-01,2.097976570820021258e-01,3.407880724174653930e-01,8.357314148681055599e+00,-4.124700239808153368e-01,5.155875299760191766e+00
1.145308787678155760e+01,4.494142705005325089e-01,1.906283280085196985e-01,3.322683706070287402e-01,8.302158273381294862e+00,-4.556354916067146266e-01,5.170263788968824770e+00
1.145804402294021607e+01,4.589989350372736809e-01,1.767838125665601723e-01,3.205537806176783633e-01,8.292565947242206192e+00,-5.035971223021582510e-01,5.182254196642685606e+00
1.146300016909887454e+01,4.664536741214057591e-01,1.640042598509052207e-01,3.056443024494142624e-01,8.220623501199041172e+00,-4.052757793764987793e-01,5.223021582733813339e+00
1.146795631525753478e+01,4.760383386581469867e-01,1.416400425985090417e-01,2.992545260915868144e-01,8.143884892086331817e+00,-3.117505995203836977e-01,5.335731414868105205e+00
1.147291246141619325e+01,4.866879659211927334e-01,1.086261980830670881e-01,3.088391906283279864e-01,8.139088729016785706e+00,-2.637889688249400733e-01,5.213429256594723782e+00
1.147786860757485172e+01,4.888178913738019382e-01,8.413205537806177359e-02,3.173588924387646393e-01,8.227817745803356786e+00,-2.398081534772182333e-01,5.002398081534772167e+00
1.148282475373351019e+01,4.802981895633652853e-01,7.880724174653887248e-02,3.141640042598509153e-01,8.366906474820144268e+00,-1.846522781774580235e-01,4.906474820143884585e+00
1.148778089989217044e+01,4.653887113951011845e-01,7.028753993610223350e-02,3.152289669861554899e-01,8.458033573141486627e+00,-1.486810551558752913e-01,4.784172661870503163e+00
1.149273704605082891e+01,4.472843450479233041e-01,7.135250266240682204e-02,3.237486687965921428e-01,8.515587529976018644e+00,-1.486810551558752913e-01,4.585131894484412385e+00
1.149769319220948738e+01,4.270500532481363298e-01,8.732694355697551147e-02,3.301384451544195908e-01,8.568345323741006325e+00,-1.822541966426858562e-01,4.525179856115108201e+00
1.150264933836814762e+01,4.153354632587859530e-01,1.107561235356762513e-01,3.343982960596378895e-01,8.657074340527577405e+00,-2.110311750599520308e-01,4.431654676258992787e+00
1.150760548452680609e+01,3.929712460063897739e-01,1.373801916932907430e-01,3.407880724174653930e-01,8.760191846522781489e+00,-2.901678657074340251e-01,4.443645083932853623e+00
1.151256163068546456e+01,3.727369542066027441e-01,1.629392971246006461e-01,3.439829605963791170e-01,8.702637889688249473e+00,-3.549160671462829875e-01,4.494004796163069138e+00
1.151751777684412303e+01,3.503727369542066206e-01,1.853035143769967974e-01,3.429179978700745424e-01,8.623501199040767062e+00,-4.436450839328537343e-01,4.606714628297361891e+00
1.152247392300278328e+01,3.290734824281150162e-01,1.980830670926517489e-01,3.343982960596378895e-01,8.494004796163070026e+00,-4.796163069544364665e-01,4.767386091127097991e+00
1.152743006916144175e+01,3.067092651757188371e-01,1.959531416400425996e-01,3.248136315228967175e-01,8.434052757793764954e+00,-5.491606714628297636e-01,4.868105515587529908e+00
1.153238621532010022e+01,2.864749733759318628e-01,1.799787007454738963e-01,3.205537806176783633e-01,8.381294964028777272e+00,-6.067146282973621130e-01,4.904076738609112418e+00
1.153734236147875869e+01,2.758253461128860606e-01,1.650692225772097954e-01,3.109691160809371913e-01,8.371702637889688603e+00,-6.666666666666666297e-01,4.788968824940048385e+00
1.154229850763741894e+01,2.641107561235356838e-01,1.586794462193823196e-01,2.960596379126730349e-01,8.410071942446043280e+00,-6.978417266187050272e-01,4.752997601918464987e+00
1.154725465379607741e+01,2.545260915867944562e-01,1.576144834930777450e-01,2.843450479233226580e-01,8.364508393285371213e+00,-6.786570743405275774e-01,4.757793764988009322e+00
1.155221079995473588e+01,2.470713525026624058e-01,1.576144834930777450e-01,2.779552715654952100e-01,7.539568345323741205e+00,-4.700239808153477417e-01,4.916067146282973255e+00
1.155716694611339612e+01,2.513312034078807322e-01,2.097976570820021258e-01,3.067092651757188371e-01,7.414868105515587615e+00,-8.824940047961630230e-01,6.503597122302158695e+00
1.156212309227205459e+01,2.332268370607028796e-01,1.363152289669861683e-01,3.301384451544195908e-01,9.527577937649880369e+00,-2.657074340527577849e+00,9.450839328537171014e+00
1.156707923843071306e+01,2.619808306709265344e-01,-1.576144834930777450e-01,1.831735889243876481e-01,1.041726618705035889e+01,-3.227817745803357230e+00,9.251798561151078459e+00
1.157203538458937153e+01,2.310969116080937302e-01,-4.472843450479233041e-01,-1.597444089456868943e-02,8.966426858513189657e+00,-2.014388489208633004e+00,7.083932853717026745e+00
1.157699153074803178e+01,2.460063897763578311e-01,-4.984025559105431102e-01,-6.709265175718849561e-02,8.208633093525179447e+00,-6.882494004796163578e-01,5.247002398081535013e+00
1.158194767690669025e+01,2.705005324813631318e-01,-4.110756123535675988e-01,2.342917997870074681e-02,9.268585131894484519e+00,-8.321342925659472867e-01,4.594724220623501054e+00
1.158690382306534872e+01,2.726304579339723366e-01,-3.759318423855165237e-01,6.389776357827475772e-02,1.035491606714628254e+01,-1.702637889688249473e+00,4.573141486810551548e+00
1.159185996922400896e+01,3.024494142705005384e-01,-3.812566560170393970e-01,0.000000000000000000e+00,9.894484412470024637e+00,-1.417266187050359783e+00,2.848920863309352569e+00
1.159681611538266743e+01,2.715654952076677064e-01,-2.971246006389776095e-01,-4.792332268370606829e-02,8.700239808153476417e+00,-4.100719424460431695e-01,2.278177458033573188e+00
1.160177226154132590e+01,3.024494142705005384e-01,-1.320553780617678419e-01,7.454739084132055646e-03,8.529976019184651648e+00,5.275779376498800771e-02,2.314148681055155699e+00
1.160672840769998437e+01,2.917997870074547362e-01,-2.129925452609158706e-02,9.052183173588924936e-02,9.326139088729016535e+00,-6.642685851318944623e-01,3.302158273381294862e+00
1.161168455385864462e+01,2.768903088391906353e-01,-8.519701810436635520e-03,8.306709265175718504e-02,9.647482014388488736e+00,-1.285371702637889690e+00,3.510791366906474753e+00
1.161664070001730309e+01,2.396166134185303553e-01,-3.194888178913737886e-03,0.000000000000000000e+00,8.920863309352517589e+00,-8.225419664268585063e-01,3.280575539568345356e+00
1.162159684617596156e+01,1.980830670926517489e-01,5.218317358892438779e-02,-2.981895633652822258e-02,8.223021582733812451e+00,-1.846522781774580235e-01,4.000000000000000000e+00
1.162655299233462181e+01,1.948881789137380249e-01,1.011714589989350377e-01,2.875399361022364098e-02,8.489208633093525691e+00,-3.525179856115107646e-01,4.724220623501198979e+00
1.163150913849328028e+01,1.671991480298189447e-01,7.348242811501597138e-02,6.389776357827475772e-02,9.203836930455635112e+00,-1.227817745803357230e+00,5.654676258992806126e+00
1.163646528465193875e+01,1.608093716719914690e-01,-7.454739084132055646e-03,1.064962726304579440e-03,9.256594724220622794e+00,-1.570743405275779381e+00,5.436450839328537121e+00
1.164142143081059722e+01,1.288604898828540901e-01,-5.963791267305644517e-02,-8.732694355697551147e-02,8.726618705035971146e+00,-1.122302158273381201e+00,5.299760191846522694e+00
1.164637757696925746e+01,1.128860489882854146e-01,-7.774227902023429781e-02,-1.160809371671991524e-01,8.563549160671461991e+00,-6.690647482014387970e-01,5.347721822541966041e+00
1.165133372312791593e+01,1.118210862619808260e-01,-1.011714589989350377e-01,-1.064962726304579388e-01,8.820143884892086561e+00,-7.122302158273381423e-01,5.225419664268585507e+00
1.165628986928657440e+01,1.054313099041533502e-01,-1.267305644302449408e-01,-1.128860489882854146e-01,9.059952038369305072e+00,-9.808153477218225502e-01,4.796163069544364888e+00
1.166124601544523287e+01,9.478168264110756192e-02,-1.267305644302449408e-01,-1.597444089456868943e-01,8.836930455635490844e+00,-7.697841726618704916e-01,4.350119904076738209e+00
1.166620216160389312e+01,8.626198083067092293e-02,-1.011714589989350377e-01,-1.884984025559105492e-01,8.446043165467626679e+00,-2.781774580335731328e-01,4.342925659472421707e+00
1.167115830776255159e+01,9.904153354632587447e-02,-7.454739084132055993e-02,-1.671991480298189447e-01,8.318944844124700921e+00,-7.194244604316546443e-02,4.268585131894484519e+00
1.167611445392121006e+01,1.011714589989350377e-01,-5.537806176783812567e-02,-1.331203407880724165e-01,8.376498800959232938e+00,-2.470023980815347631e-01,4.297362110311750527e+00
1.168107060007987030e+01,1.054313099041533502e-01,-4.579339723109691201e-02,-1.288604898828540901e-01,8.362110311750599934e+00,-2.949640287769784153e-01,4.213429256594723782e+00
1.168602674623852877e+01,9.904153354632587447e-02,-3.514376996805111675e-02,-1.458998935037273681e-01,8.107913669064748419e+00,-5.755395683453237710e-02,4.467625899280575297e+00
1.169098289239718724e+01,1.096911608093716767e-01,-3.088391906283280072e-02,-1.373801916932907430e-01,7.877697841726618577e+00,2.230215827338129508e-01,4.726618705035971146e+00
1.169593903855584571e+01,1.246006389776357776e-01,-3.833865814696485463e-02,-1.064962726304579388e-01,7.923261390887289757e+00,2.086330935251798635e-01,4.870503597122302075e+00
1.170089518471450596e+01,1.373801916932907430e-01,-5.431309904153354406e-02,-8.413205537806177359e-02,7.971223021582733992e+00,7.913669064748200810e-02,5.016786570743405171e+00
1.170585133087316443e+01,1.469648562300319428e-01,-7.241746538871139671e-02,-8.413205537806177359e-02,7.839328537170263900e+00,1.846522781774580235e-01,5.131894484412470092e+00
1.171080747703182290e+01,1.469648562300319428e-01,-1.011714589989350377e-01,-8.306709265175718504e-02,7.568345323741007213e+00,4.004796163069544446e-01,5.345323741007193874e+00
1.171576362319048314e+01,1.629392971246006461e-01,-1.373801916932907430e-01,-6.176783812566560145e-02,7.501199040767386528e+00,4.892086330935251914e-01,5.273381294964028854e+00
1.172071976934914161e+01,1.682641107561235472e-01,-1.703940362087326965e-01,-3.620873269435569836e-02,7.637889688249400066e+00,3.093525179856115304e-01,5.172661870503596937e+00
1.172567591550780008e+01,1.682641107561235472e-01,-1.948881789137380249e-01,-3.301384451544196047e-02,7.748201438848920652e+00,1.630695443645084064e-01,5.023980815347721673e+00
1.173063206166645855e+01,1.661341853035143701e-01,-2.108626198083067005e-01,-4.685835995740149362e-02,7.693045563549160804e+00,1.846522781774580235e-01,5.062350119904076351e+00
1.173558820782511880e+01,1.703940362087326965e-01,-2.268370607028754038e-01,-5.005324813631523151e-02,7.652278177458033959e+00,2.302158273381295084e-01,5.026378896882493841e+00
1.174054435398377727e+01,1.789137380191693216e-01,-2.417465388711395047e-01,-4.259850905218317413e-02,7.729016786570743314e+00,1.175059952038369354e-01,4.846522781774580402e+00
1.174550050014243574e+01,1.767838125665601723e-01,-2.502662406815761575e-01,-4.898828541001064990e-02,7.853717026378896904e+00,-7.673860911270982688e-02,4.810551558752997892e+00
1.175045664630109599e+01,1.799787007454738963e-01,-2.492012779552715551e-01,-7.774227902023429781e-02,8.009592326139088669e+00,-1.318944844124700366e-01,4.846522781774580402e+00
1.175541279245975446e+01,1.757188498402555976e-01,-2.502662406815761575e-01,-1.160809371671991524e-01,8.131894484412470092e+00,-3.117505995203836977e-02,5.014388489208633004e+00
1.176036893861841293e+01,1.757188498402555976e-01,-2.609158679446219598e-01,-1.469648562300319428e-01,8.172661870503597825e+00,2.398081534772182263e-02,5.083932853717026745e+00
1.176532508477707140e+01,1.746538871139510229e-01,-2.694355697550585571e-01,-1.703940362087326965e-01,8.069544364508393741e+00,5.275779376498800771e-02,4.947242206235012318e+00
1.177028123093573164e+01,1.682641107561235472e-01,-2.492012779552715551e-01,-1.948881789137380249e-01,8.199040767386090778e+00,3.285371702637889801e-01,5.549160671462829875e+00
1.177523737709439011e+01,1.671991480298189447e-01,-2.630457933972311091e-01,-2.055378061767837994e-01,8.505995203836929974e+00,9.136690647482014205e-01,6.611510791366906226e+00
1.178019352325304858e+01,1.427050053248136441e-01,-3.940362087326943485e-01,-1.608093716719914690e-01,8.244604316546762846e+00,1.201438848920863389e+00,6.417266187050359783e+00
1.178514966941170705e+01,1.427050053248136441e-01,-4.749733759318424120e-01,-9.478168264110756192e-02,8.151079136690647431e+00,1.119904076738609033e+00,5.340527577937649539e+00
1.179010581557036730e+01,1.373801916932907430e-01,-4.536741214057508076e-01,-4.366347177848775574e-02,8.496402877697841305e+00,1.112709832134292531e+00,4.834532374100719565e+00
1.179506196172902577e+01,1.160809371671991524e-01,-4.366347177848775019e-01,3.194888178913737886e-03,8.522781774580336034e+00,1.091127098321343025e+00,4.812949640287770059e+00
1.180001810788768424e+01,1.277955271565495154e-01,-4.249201277955271805e-01,5.750798722044728195e-02,8.309352517985612252e+00,1.011990407673860837e+00,4.163069544364508268e+00
1.180497425404634448e+01,1.235356762513312029e-01,-3.716719914802981695e-01,1.086261980830670881e-01,8.374100719424459882e+00,7.961630695443645545e-01,4.366906474820144268e+00
1.180993040020500295e+01,1.405750798722044670e-01,-3.333333333333333148e-01,1.490947816826411199e-01,8.544364508393284652e+00,6.187050359712230607e-01,4.412470023980815448e+00
1.181488654636366142e+01,1.203407880724174650e-01,-3.333333333333333148e-01,1.640042598509052207e-01,8.419664268585131950e+00,5.131894484412470314e-01,4.741007194244604150e+00
1.181984269252231989e+01,1.267305644302449408e-01,-3.375931842385516690e-01,1.778487752928647470e-01,8.247002398081534125e+00,5.899280575539568305e-01,4.976019184652278327e+00
1.182479883868098014e+01,1.331203407880724165e-01,-3.546325878594249192e-01,2.055378061767837994e-01,8.275779376498800133e+00,5.827338129496403285e-01,5.105515587529976251e+00
1.182975498483963861e+01,1.256656017039403661e-01,-4.025559105431310014e-01,2.342917997870074542e-01,8.230215827338129841e+00,4.388489208633093441e-01,5.021582733812949506e+00
1.183471113099829708e+01,1.299254526091586925e-01,-4.249201277955271805e-01,2.449414270500532564e-01,8.232613908872901121e+00,4.340527577937650094e-01,4.532374100719424703e+00
1.183966727715695733e+01,1.214057507987220397e-01,-4.227902023429179756e-01,2.470713525026624058e-01,8.364508393285371213e+00,4.700239808153477417e-01,4.609112709832134058e+00
1.184462342331561580e+01,1.267305644302449408e-01,-4.334398296059637778e-01,2.587859424920127549e-01,8.398081534772181556e+00,4.652278177458033515e-01,4.266187050359712352e+00
1.184957956947427427e+01,1.214057507987220397e-01,-4.345047923322683525e-01,2.747603833865814860e-01,8.529976019184651648e+00,4.028776978417266119e-01,4.160671462829736100e+00
1.185453571563293274e+01,1.299254526091586925e-01,-4.270500532481363298e-01,2.822151224707135087e-01,8.666666666666666075e+00,4.124700239808153368e-01,4.127098321342925757e+00
1.185949186179159298e+01,1.363152289669861683e-01,-4.270500532481363298e-01,3.035143769968051131e-01,8.637889688249400066e+00,4.244604316546762846e-01,4.143884892086330929e+00
1.186444800795025145e+01,1.512247071352502692e-01,-4.238551650692225503e-01,3.322683706070287402e-01,8.685851318944843413e+00,3.405275779376498724e-01,4.031175059952038175e+00
1.186940415410890992e+01,1.565495207667731703e-01,-4.153354632587859530e-01,3.620873269435569974e-01,8.717026378896882477e+00,1.390887290167865664e-01,4.182254196642685606e+00
1.187436030026757017e+01,1.576144834930777450e-01,-4.281150159744409045e-01,3.769968051118210983e-01,8.741007194244604150e+00,-1.366906474820143991e-01,4.335731414868105205e+00
1.187931644642622864e+01,1.671991480298189447e-01,-4.430244941427050054e-01,3.738019169329073743e-01,8.745803357314148485e+00,-4.004796163069544446e-01,4.294964028776978360e+00
1.188427259258488711e+01,1.757188498402555976e-01,-4.462193823216187294e-01,3.450479233226836917e-01,8.947242206235012318e+00,-7.146282973621103096e-01,4.191846522781774276e+00
1.188922873874354558e+01,1.725239616613418459e-01,-4.558040468583599569e-01,2.928647497337593109e-01,9.187050359712230829e+00,-9.928057553956834980e-01,4.093525179856115415e+00
1.189418488490220582e+01,1.608093716719914690e-01,-4.600638977635782556e-01,2.279020234291799785e-01,1.019424460431654644e+01,-1.285371702637889690e+00,3.956834532374100544e+00
1.189914103106086429e+01,1.608093716719914690e-01,-3.599574014909477926e-01,1.522896698615548439e-01,1.867146282973621041e+01,-2.805755395683453113e+00,3.163069544364508268e+00
1.190409717721952276e+01,2.097976570820021258e-01,7.241746538871139671e-02,-2.662406815761448470e-02,1.665227817745803307e+01,-2.702637889688249473e+00,8.107913669064748419e+00
1.190905332337818123e+01,4.185303514376996770e-01,1.064962726304579440e-03,-1.938232161874334503e-01,1.205995203836930507e+01,-1.642685851318944845e+00,1.035731414868105560e+01
1.191400946953684148e+01,3.333333333333333148e-01,-7.380191693290735211e-01,-3.056443024494142624e-01,6.724220623501198979e+00,4.004796163069544446e-01,5.376498800959232938e+00
1.191896561569549995e+01,3.013844515441959637e-01,-1.048988285410010546e+00,-3.194888178913737886e-01,3.465227817745803574e+00,3.462829736211030962e+00,-1.127098321342925757e+00
1.192392176185415842e+01,4.068157614483493001e-01,-6.240681576144835319e-01,-1.064962726304579440e-03,6.954436450839328820e+00,2.717026378896882477e+00,-6.347721822541966041e+00
1.192887790801281866e+01,3.993610223642172774e-01,2.044728434504792247e-01,2.374866879659212060e-01,1.189928057553956897e+01,-5.419664268585131506e-01,-1.414868105515587615e+00
1.193383405417147713e+01,4.685835995740149085e-01,5.079872204472843933e-01,1.096911608093716767e-01,1.302637889688249473e+01,-1.170263788968824992e+00,2.119904076738609255e+00
1.193879020033013560e+01,3.386581469648562437e-01,2.790202342917997846e-01,-1.203407880724174650e-01,1.095683453237410099e+01,5.443645083932853179e-01,4.347721822541966041e+00
1.194374634648879407e+01,3.897763578274760499e-01,1.277955271565495154e-01,-1.160809371671991524e-01,8.570743405275779381e+00,2.640287769784172678e+00,2.546762589928057707e+00
1.194870249264745432e+01,3.567625133120340686e-01,2.172523961661341763e-01,1.022364217252396124e-01,9.609112709832134058e+00,1.709832134292565975e+00,3.527577937649879924e+00
1.195365863880611279e+01,3.908413205537806245e-01,3.280085197018104415e-01,1.948881789137380249e-01,9.925659472422061924e+00,5.371702637889688159e-01,4.901678657074340251e+00
1.195861478496477126e+01,3.194888178913737886e-01,2.087326943556975511e-01,1.352502662406815659e-01,8.824940047961630896e+00,8.057553956834532238e-01,5.395683453237410276e+00
1.196357093112343151e+01,2.428115015974440793e-01,3.301384451544196047e-02,9.797657082002129980e-02,8.127098321342925757e+00,1.287769784172661858e+00,4.544364508393285540e+00
1.196852707728208998e+01,2.438764643237486818e-01,6.815761448349308416e-02,1.246006389776357776e-01,7.374100719424460770e+00,1.513189448441246920e+00,3.381294964028776828e+00
1.197348322344074845e+01,1.629392971246006461e-01,1.224707135250266282e-01,1.853035143769967974e-01,8.450839328537171014e+00,9.064748201438849184e-01,5.575539568345323715e+00
1.197843936959940692e+01,1.789137380191693216e-01,9.584664536741213658e-03,2.044728434504792247e-01,9.177458033573142160e+00,5.299760191846523139e-01,4.640287769784172234e+00
1.198339551575806716e+01,1.267305644302449408e-01,-2.768903088391906284e-02,1.799787007454738963e-01,8.786570743405276218e+00,5.443645083932853179e-01,4.434052757793764954e+00
1.198835166191672563e+01,1.586794462193823196e-01,4.898828541001064990e-02,1.778487752928647470e-01,8.515587529976018644e+00,9.976019184652278327e-01,4.683453237410072134e+00
1.199330780807538410e+01,1.363152289669861683e-01,1.384451544195953142e-02,2.332268370607028796e-01,8.611510791366907114e+00,6.858513189448440794e-01,5.273381294964028854e+00
1.199826395423404435e+01,1.469648562300319428e-01,-6.496272630457934627e-02,2.566560170394036056e-01,8.582733812949641106e+00,8.153477218225420320e-02,4.158273381294963933e+00
1.200322010039270282e+01,1.299254526091586925e-01,-4.259850905218317413e-02,2.076677316293929765e-01,8.724220623501199867e+00,8.633093525179856564e-02,3.920863309352518034e+00
1.200817624655136129e+01,1.150159744408945639e-01,-1.703940362087327104e-02,1.767838125665601723e-01,8.820143884892086561e+00,3.381294964028777050e-01,4.678657074340527799e+00
1.201313239271001976e+01,1.469648562300319428e-01,-3.833865814696485463e-02,1.948881789137380249e-01,8.875299760191847298e+00,3.645083932853717124e-01,3.997601918465227833e+00
1.201808853886868000e+01,1.246006389776357776e-01,-3.194888178913737886e-02,2.097976570820021258e-01,8.954436450839327932e+00,5.995203836930455832e-02,4.362110311750599934e+00
1.202304468502733847e+01,1.480298189563365174e-01,-1.703940362087327104e-02,1.948881789137380249e-01,8.812949640287769171e+00,1.678657074340527688e-01,4.304556354916067029e+00
1.202800083118599694e+01,1.214057507987220397e-01,-4.366347177848775574e-02,1.927582534611288478e-01,8.700239808153476417e+00,2.949640287769784153e-01,4.851318944844124736e+00
1.203295697734465719e+01,1.427050053248136441e-01,-8.306709265175718504e-02,2.119275825346112752e-01,8.764988009592325824e+00,2.446043165467625957e-01,4.225419664268585507e+00
1.203791312350331566e+01,1.288604898828540901e-01,-8.413205537806177359e-02,2.204472843450479280e-01,9.002398081534773056e+00,-1.223021582733812979e-01,3.990407673860911331e+00
1.204286926966197413e+01,1.256656017039403661e-01,-5.963791267305644517e-02,2.012779552715655007e-01,9.117505995203837088e+00,-2.494004796163069582e-01,4.023980815347721673e+00
1.204782541582063260e+01,1.118210862619808260e-01,-5.324813631522896940e-02,1.682641107561235472e-01,9.019184652278177339e+00,-9.112709832134292809e-02,3.985611510791366996e+00
1.205278156197929285e+01,9.052183173588924936e-02,-5.750798722044728195e-02,1.522896698615548439e-01,8.817745803357313505e+00,-4.796163069544364180e-03,4.095923261390887582e+00
1.205773770813795132e+01,9.371671991480298725e-02,-4.366347177848775574e-02,1.544195953141639932e-01,8.767386091127098879e+00,-7.434052757793764565e-02,3.589928057553956720e+00
1.206269385429660979e+01,6.070287539936101984e-02,-9.584664536741213658e-03,1.490947816826411199e-01,8.901678657074340251e+00,-3.405275779376498724e-01,4.071942446043165909e+00
1.206765000045526826e+01,5.857294994675186356e-02,8.519701810436635520e-03,1.224707135250266282e-01,8.959232613908872267e+00,-3.693045563549160470e-01,4.071942446043165909e+00
1.207260614661392850e+01,2.236421725239616520e-02,2.129925452609158880e-03,9.371671991480298725e-02,8.906474820143884585e+00,-4.268585131894484519e-01,4.527577937649880369e+00
1.207756229277258697e+01,2.023429179978700893e-02,-9.584664536741213658e-03,7.135250266240682204e-02,8.772182254196643214e+00,-4.772182254196642437e-01,4.362110311750599934e+00
1.208251843893124544e+01,-1.277955271565495154e-02,-1.384451544195953142e-02,4.472843450479233041e-02,8.676258992805754744e+00,-5.563549160671462657e-01,4.419664268585131950e+00
1.208747458508990569e+01,-4.259850905218317413e-02,-1.384451544195953142e-02,1.171458998935037341e-02,8.637889688249400066e+00,-6.258992805755395628e-01,4.887290167865707247e+00
1.209243073124856416e+01,-4.898828541001064990e-02,-3.620873269435569836e-02,-2.662406815761448470e-02,8.647482014388488736e+00,-6.426858513189448452e-01,4.949640287769784486e+00
1.209738687740722263e+01,-6.496272630457934627e-02,-8.200212992545261037e-02,-6.496272630457934627e-02,8.690647482014387748e+00,-6.546762589928057929e-01,4.752997601918464987e+00
1.210234302356588110e+01,-7.880724174653887248e-02,-1.214057507987220397e-01,-1.043663471778487756e-01,8.697841726618705138e+00,-5.347721822541966485e-01,4.107913669064748419e+00
1.210729916972454134e+01,-8.200212992545261037e-02,-9.797657082002129980e-02,-1.288604898828540901e-01,8.815347721822542226e+00,-5.299760191846523139e-01,4.278177458033573188e+00
1.211225531588319981e+01,-5.218317358892438779e-02,-6.922257720979765883e-02,-1.448349307774227934e-01,8.894484412470024637e+00,-3.597122302158273222e-01,3.961630695443644878e+00
1.211721146204185828e+01,-9.904153354632587447e-02,-9.265175718849839870e-02,-1.661341853035143701e-01,9.009592326139088669e+00,-3.213429256594724226e-01,4.223021582733813339e+00
1.212216760820051853e+01,-8.413205537806177359e-02,-9.691160809371672513e-02,-1.789137380191693216e-01,9.129496402877697037e+00,-2.494004796163069582e-01,3.657074340527577849e+00
1.212712375435917700e+01,-9.052183173588924936e-02,-6.922257720979765883e-02,-1.938232161874334503e-01,9.249400479616307180e+00,-1.438848920863309289e-01,3.395683453237410276e+00
1.213207990051783547e+01,-1.214057507987220397e-01,-5.537806176783812567e-02,-2.129925452609158776e-01,9.323741007194245256e+00,4.556354916067146404e-02,3.390887290167865498e+00
1.213703604667649394e+01,-1.299254526091586925e-01,-3.727369542066027996e-02,-2.119275825346112752e-01,9.364508393285371213e+00,1.678657074340527688e-01,3.189448441247002553e+00
1.214199219283515419e+01,-1.363152289669861683e-01,-4.259850905218317760e-03,-2.034078807241746500e-01,9.378896882494004217e+00,1.247002398081534791e-01,3.124700239808153590e+00
1.214694833899381265e+01,-1.458998935037273681e-01,2.768903088391906284e-02,-2.119275825346112752e-01,9.484412470023981356e+00,2.038369304556355011e-01,2.971223021582733992e+00
1.215190448515247112e+01,-1.767838125665601723e-01,6.070287539936101984e-02,-2.215122470713525027e-01,9.251798561151078459e+00,4.556354916067146266e-01,3.182254196642686050e+00
1.215686063131113137e+01,-1.863684771033013721e-01,8.945686900958466081e-02,-2.055378061767837994e-01,9.057553956834532016e+00,5.707434052757793808e-01,3.273381294964028854e+00
1.216181677746978984e+01,-1.980830670926517489e-01,1.203407880724174650e-01,-1.757188498402555976e-01,9.067146282973620686e+00,3.860911270983213295e-01,3.537170263788969038e+00
1.216677292362844831e+01,-1.959531416400425996e-01,1.405750798722044670e-01,-1.746538871139510229e-01,9.086330935251798024e+00,1.846522781774580235e-01,3.908872901678657197e+00
1.217172906978710678e+01,-1.959531416400425996e-01,1.320553780617678419e-01,-1.970181043663471743e-01,8.978417266187049606e+00,2.182254196642685884e-01,4.196642685851318610e+00
1.217668521594576703e+01,-1.916932907348242732e-01,1.064962726304579388e-01,-2.161874334398296016e-01,8.834532374100719565e+00,3.189448441247002553e-01,4.374100719424460770e+00
1.218164136210442550e+01,-1.810436634717784987e-01,9.158679446219382403e-02,-2.236421725239616520e-01,8.676258992805754744e+00,4.772182254196642437e-01,4.359712230215827766e+00
1.218659750826308397e+01,-1.725239616613418459e-01,8.093716719914803570e-02,-2.247071352502662545e-01,8.635491606714628787e+00,5.851318944844124958e-01,4.522781774580336034e+00
1.219155365442174244e+01,-1.565495207667731703e-01,6.922257720979765883e-02,-2.257720979765708291e-01,8.853717026378896904e+00,7.817745803357314394e-01,4.923261390887289757e+00
1.219650980058040268e+01,-1.384451544195953177e-01,2.875399361022364098e-02,-2.108626198083067005e-01,8.575539568345323715e+00,1.187050359712230163e+00,5.136690647482014427e+00
1.220146594673906115e+01,-1.246006389776357776e-01,-3.407880724174654208e-02,-1.608093716719914690e-01,8.388489208633092886e+00,1.405275779376498724e+00,4.541966426858513373e+00
1.220642209289771962e+01,-1.160809371671991524e-01,-3.301384451544196047e-02,-1.022364217252396124e-01,8.582733812949641106e+00,1.402877697841726556e+00,4.314148681055155699e+00
1.221137823905637987e+01,-9.797657082002129980e-02,-4.259850905218317760e-03,-4.153354632587859252e-02,8.657074340527577405e+00,1.374100719424460326e+00,4.395683453237410276e+00
1.221633438521503834e+01,-8.945686900958466081e-02,-7.454739084132055646e-03,2.023429179978700893e-02,8.750599520383692820e+00,1.227817745803357230e+00,4.390887290167865942e+00
1.222129053137369681e+01,-7.987220447284344715e-02,-7.454739084132055646e-03,6.709265175718849561e-02,8.844124700239808234e+00,1.059952038369304628e+00,4.201438848920862945e+00
1.222624667753235528e+01,-6.602768903088392094e-02,9.584664536741213658e-03,1.043663471778487756e-01,8.738609112709832871e+00,9.304556354916067029e-01,4.292565947242206192e+00
1.223120282369101552e+01,-5.431309904153354406e-02,1.490947816826411129e-02,1.427050053248136441e-01,8.736211031175059816e+00,7.050359712230215292e-01,4.419664268585131950e+00
1.223615896984967399e+01,-5.431309904153354406e-02,1.064962726304579440e-03,1.671991480298189447e-01,8.841726618705035179e+00,3.956834532374100544e-01,4.328537170263788703e+00
1.224111511600833246e+01,-6.389776357827475772e-02,-8.519701810436635520e-03,1.735889243876464205e-01,8.764988009592325824e+00,1.414868105515587615e-01,4.412470023980815448e+00
1.224607126216699271e+01,-5.218317358892438779e-02,-8.519701810436635520e-03,1.778487752928647470e-01,8.712230215827338142e+00,-6.474820143884892076e-02,4.525179856115108201e+00
1.225102740832565118e+01,-3.940362087326943624e-02,-1.384451544195953142e-02,1.767838125665601723e-01,8.904076738609113306e+00,-2.302158273381295084e-01,4.645083932853717457e+00
1.225598355448430965e+01,-3.727369542066027996e-02,-4.259850905218317413e-02,1.640042598509052207e-01,9.004796163069544335e+00,-2.853717026378896904e-01,4.563549160671462879e+00
1.226093970064296812e+01,-4.472843450479233041e-02,-7.241746538871139671e-02,1.469648562300319428e-01,8.827338129496402175e+00,-3.285371702637889801e-01,4.119904076738609255e+00
1.226589584680162837e+01,-5.324813631522896940e-02,-6.602768903088392094e-02,1.299254526091586925e-01,8.808153477218224836e+00,-3.980815347721822772e-01,3.832134292565947398e+00
1.227085199296028684e+01,-5.431309904153354406e-02,-3.940362087326943624e-02,1.086261980830670881e-01,9.004796163069544335e+00,-5.251798561151078681e-01,3.781774580335731439e+00
1.227580813911894531e+01,-6.496272630457934627e-02,-2.662406815761448470e-02,7.561235356762513460e-02,8.932853717026379314e+00,-4.652278177458033515e-01,3.988009592326139163e+00
1.228076428527760555e+01,-6.496272630457934627e-02,-3.088391906283280072e-02,4.898828541001064990e-02,8.884892086330935967e+00,-3.453237410071942626e-01,3.985611510791366996e+00
1.228572043143626402e+01,-5.537806176783812567e-02,-2.555910543130990309e-02,4.472843450479233041e-02,9.067146282973620686e+00,-2.517985611510791255e-01,4.055155875299759849e+00
1.229067657759492249e+01,-3.833865814696485463e-02,-2.023429179978700893e-02,5.218317358892438779e-02,8.995203836930455665e+00,-1.199040767386091166e-01,4.043165467625899012e+00
1.229563272375358096e+01,-3.727369542066027996e-02,-3.407880724174654208e-02,7.028753993610223350e-02,8.968824940047960936e+00,-1.774580335731414937e-01,3.976019184652278327e+00
1.230058886991224121e+01,-2.236421725239616520e-02,-3.620873269435569836e-02,7.135250266240682204e-02,8.947242206235012318e+00,-3.525179856115107646e-01,3.714628297362110310e+00
1.230554501607089968e+01,-1.064962726304579353e-02,-1.277955271565495154e-02,4.685835995740149362e-02,9.117505995203837088e+00,-5.755395683453237154e-01,3.616306954436451004e+00
1.231050116222955815e+01,-4.259850905218317760e-03,6.389776357827475772e-03,1.064962726304579353e-02,9.177458033573142160e+00,-5.683453237410072134e-01,3.743405275779376318e+00
1.231545730838821662e+01,6.389776357827475772e-03,1.490947816826411129e-02,-1.490947816826411129e-02,8.964028776978416602e+00,-3.741007194244604372e-01,3.707434052757793808e+00
1.232041345454687686e+01,8.519701810436635520e-03,2.662406815761448470e-02,-1.916932907348242732e-02,8.932853717026379314e+00,-4.076738609112710021e-01,3.748201438848920652e+00
1.232536960070553533e+01,1.277955271565495154e-02,4.898828541001064990e-02,-2.129925452609158706e-02,9.057553956834532016e+00,-5.275779376498801465e-01,3.836930455635491732e+00
1.233032574686419380e+01,9.584664536741213658e-03,6.496272630457934627e-02,-3.727369542066027996e-02,8.990407673860911331e+00,-6.187050359712230607e-01,4.278177458033573188e+00
1.233528189302285405e+01,1.490947816826411129e-02,5.005324813631523151e-02,-5.857294994675186356e-02,9.028776978417266008e+00,-6.954436450839328598e-01,4.426858513189448452e+00
1.234023803918151252e+01,2.342917997870074681e-02,3.088391906283280072e-02,-8.200212992545261037e-02,8.944844124700239263e+00,-7.913669064748201087e-01,4.287769784172661858e+00
1.234519418534017099e+01,1.810436634717784918e-02,1.810436634717784918e-02,-1.309904153354632672e-01,8.983213429256593940e+00,-7.122302158273381423e-01,4.071942446043165909e+00
1.235015033149882946e+01,4.259850905218317760e-03,2.236421725239616520e-02,-1.938232161874334503e-01,8.925659472422061924e+00,-4.100719424460431695e-01,4.055155875299759849e+00
1.235510647765748971e+01,-8.519701810436635520e-03,2.875399361022364098e-02,-2.289669861554845531e-01,8.736211031175059816e+00,3.836930455635491344e-02,4.206235011990407280e+00
1.236006262381614818e+01,-8.519701810436635520e-03,2.662406815761448470e-02,-2.247071352502662545e-01,8.661870503597121740e+00,3.477218225419664299e-01,4.124700239808153590e+00
1.236501876997480664e+01,-6.389776357827475772e-03,2.236421725239616520e-02,-2.044728434504792247e-01,8.558752997601917656e+00,4.676258992805755188e-01,4.405275779376498946e+00
1.236997491613346689e+01,-1.597444089456868943e-02,-3.194888178913737886e-02,-2.044728434504792247e-01,9.793764988009591832e+00,4.580335731414867939e-01,3.585131894484412385e+00
1.237493106229212536e+01,-1.128860489882854146e-01,-5.857294994675186356e-02,-2.566560170394036056e-01,9.796163069544364888e+00,8.537170263788969038e-01,3.359712230215827322e+00
1.237988720845078383e+01,-1.512247071352502692e-01,-1.597444089456868943e-02,-2.758253461128860606e-01,8.908872901678657641e+00,1.527577937649880147e+00,3.563549160671462879e+00
1.238484335460944230e+01,-1.714589989350372712e-01,2.129925452609158880e-03,-2.310969116080937302e-01,8.654676258992806126e+00,1.810551558752997670e+00,3.383693045563548996e+00
1.238979950076810255e+01,-2.236421725239616520e-01,-1.064962726304579353e-02,-1.810436634717784987e-01,8.808153477218224836e+00,1.592326139088729109e+00,3.525179856115107757e+00
1.239475564692676102e+01,-2.236421725239616520e-01,2.342917997870074681e-02,-1.618743343982960714e-01,9.280575539568344468e+00,1.541966426858513151e+00,3.170263788968824770e+00
1.239971179308541949e+01,-2.545260915867944562e-01,8.626198083067092293e-02,-1.469648562300319428e-01,9.050359712230216402e+00,1.796163069544364443e+00,4.256594724220623682e+00
1.240466793924407973e+01,-2.374866879659212060e-01,8.200212992545261037e-02,-7.987220447284344715e-02,8.573141486810552436e+00,1.968824940047961602e+00,4.611510791366906226e+00
1.240962408540273820e+01,-2.300319488817891278e-01,3.301384451544196047e-02,7.454739084132055646e-03,8.693045563549160804e+00,1.561151079136690711e+00,4.630695443645083564e+00
1.241458023156139667e+01,-2.151224707135250269e-01,5.324813631522896766e-03,5.218317358892438779e-02,8.954436450839327932e+00,1.038369304556354900e+00,4.357314148681055599e+00
1.241953637772005514e+01,-2.151224707135250269e-01,6.389776357827475772e-03,5.005324813631523151e-02,8.678657074340527799e+00,1.009592326139088669e+00,4.321342925659472201e+00
1.242449252387871539e+01,-2.129925452609158776e-01,1.064962726304579440e-03,7.028753993610223350e-02,8.501199040767385640e+00,1.019184652278177561e+00,4.563549160671462879e+00
1.242944867003737386e+01,-1.853035143769967974e-01,1.064962726304579440e-03,1.214057507987220397e-01,8.549160671462828986e+00,7.386091127098320941e-01,4.163069544364508268e+00
1.243440481619603233e+01,-1.831735889243876481e-01,1.916932907348242732e-02,1.586794462193823196e-01,8.760191846522781489e+00,1.966426858513189435e-01,4.489208633093524803e+00
1.243936096235469080e+01,-1.586794462193823196e-01,2.023429179978700893e-02,1.576144834930777450e-01,8.940047961630694928e+00,-1.678657074340527688e-01,4.414868105515587615e+00
1.244431710851335104e+01,-1.746538871139510229e-01,2.129925452609158880e-03,1.299254526091586925e-01,8.810551558752997892e+00,-3.069544364508393075e-01,4.724220623501198979e+00
1.244927325467200951e+01,-1.640042598509052207e-01,-1.064962726304579353e-02,1.033013844515442009e-01,8.609112709832134058e+00,-1.750599520383692986e-01,4.745803357314148485e+00
1.245422940083066798e+01,-1.586794462193823196e-01,-3.194888178913737886e-02,1.011714589989350377e-01,8.546762589928057707e+00,-1.438848920863309289e-01,4.930455635491607147e+00
1.245918554698932823e+01,-1.533546325878594185e-01,-7.135250266240682204e-02,1.033013844515442009e-01,8.705035971223020752e+00,-2.829736211031175230e-01,4.731414868105515481e+00
1.246414169314798670e+01,-1.597444089456868943e-01,-9.478168264110756192e-02,7.987220447284344715e-02,8.877697841726618577e+00,-3.405275779376498724e-01,4.249400479616307180e+00
1.246909783930664517e+01,-1.810436634717784987e-01,-8.945686900958466081e-02,4.898828541001064990e-02,8.906474820143884585e+00,-1.798561151079136611e-01,4.297362110311750527e+00
1.247405398546530364e+01,-1.767838125665601723e-01,-7.241746538871139671e-02,4.579339723109691201e-02,8.846522781774579514e+00,8.393285371702638442e-02,4.148681055155875264e+00
1.247901013162396389e+01,-1.778487752928647470e-01,-6.496272630457934627e-02,8.200212992545261037e-02,8.781774580335731883e+00,4.556354916067146404e-02,4.278177458033573188e+00
1.248396627778262236e+01,-1.501597444089456945e-01,-5.857294994675186356e-02,1.256656017039403661e-01,8.858513189448441238e+00,-1.630695443645084064e-01,3.925659472422062368e+00
1.248892242394128083e+01,-1.299254526091586925e-01,-3.301384451544196047e-02,1.405750798722044670e-01,8.877697841726618577e+00,-4.004796163069544446e-01,4.043165467625899012e+00
1.249387857009994107e+01,-9.478168264110756192e-02,-1.064962726304579353e-02,1.373801916932907430e-01,8.788968824940047497e+00,-4.700239808153477417e-01,4.330935251798560870e+00
1.249883471625859954e+01,-5.963791267305644517e-02,-2.236421725239616520e-02,1.331203407880724165e-01,8.949640287769783598e+00,-4.988009592326139163e-01,4.297362110311750527e+00
1.250379086241725801e+01,-5.111821086261980618e-02,-5.005324813631523151e-02,1.171458998935037271e-01,9.093525179856115415e+00,-5.035971223021582510e-01,4.007194244604316502e+00
1.250874700857591648e+01,-5.005324813631523151e-02,-4.472843450479233041e-02,1.001064962726304630e-01,8.930455635491606259e+00,-4.748201438848920763e-01,3.800959232613908778e+00
1.251370315473457673e+01,-5.111821086261980618e-02,-2.023429179978700893e-02,9.265175718849839870e-02,8.930455635491606259e+00,-5.683453237410072134e-01,3.925659472422062368e+00
1.251865930089323520e+01,-4.898828541001064990e-02,-9.584664536741213658e-03,8.093716719914803570e-02,8.923261390887290645e+00,-7.362110311750599267e-01,4.076738609112710243e+00
1.252361544705189367e+01,-4.366347177848775574e-02,-1.916932907348242732e-02,5.644302449414270728e-02,8.913669064748201976e+00,-8.968824940047961380e-01,4.095923261390887582e+00
1.252857159321055391e+01,-2.555910543130990309e-02,-2.449414270500532495e-02,1.810436634717784918e-02,8.997601918465226944e+00,-8.992805755395683054e-01,3.913669064748201532e+00
1.253352773936921238e+01,-1.703940362087327104e-02,-1.916932907348242732e-02,-1.916932907348242732e-02,8.964028776978416602e+00,-7.458033573141487071e-01,3.877697841726618577e+00
1.253848388552787085e+01,-1.490947816826411129e-02,-1.064962726304579353e-02,-3.514376996805111675e-02,8.884892086330935967e+00,-6.282973621103117301e-01,3.928057553956834536e+00
1.254344003168652932e+01,-6.389776357827475772e-03,-2.129925452609158880e-03,-3.301384451544196047e-02,8.940047961630694928e+00,-7.242206235011990900e-01,3.904076738609112862e+00
1.254839617784518957e+01,2.129925452609158880e-03,5.324813631522896766e-03,-4.259850905218317413e-02,8.966426858513189657e+00,-8.848920863309353013e-01,3.911270983213429364e+00
1.255335232400384804e+01,6.389776357827475772e-03,9.584664536741213658e-03,-7.454739084132055993e-02,8.954436450839327932e+00,-9.880095923261390523e-01,3.971223021582733992e+00
1.255830847016250651e+01,1.490947816826411129e-02,1.171458998935037341e-02,-1.160809371671991524e-01,8.959232613908872267e+00,-9.352517985611510376e-01,4.033573141486810343e+00
1.256326461632116498e+01,2.129925452609158706e-02,1.064962726304579353e-02,-1.533546325878594185e-01,8.983213429256593940e+00,-8.297362110311750083e-01,3.971223021582733992e+00
1.256822076247982523e+01,2.023429179978700893e-02,1.384451544195953142e-02,-1.853035143769967974e-01,8.973621103117505271e+00,-7.362110311750599267e-01,3.920863309352518034e+00
1.257317690863848370e+01,1.703940362087327104e-02,2.236421725239616520e-02,-2.119275825346112752e-01,8.942446043165467984e+00,-6.498800959232613472e-01,3.971223021582733992e+00
1.257813305479714217e+01,1.277955271565495154e-02,2.768903088391906284e-02,-2.310969116080937302e-01,8.942446043165467984e+00,-6.043165467625899456e-01,4.059952038369304184e+00
1.258308920095580241e+01,1.277955271565495154e-02,2.342917997870074681e-02,-2.545260915867944562e-01,8.947242206235012318e+00,-5.803357314148680501e-01,4.071942446043165909e+00
1.258804534711446088e+01,6.389776357827475772e-03,2.236421725239616520e-02,-2.790202342917997846e-01,8.985611510791366996e+00,-4.628297362110311841e-01,4.028776978417266008e+00
1.259300149327311935e+01,-5.324813631522896766e-03,2.875399361022364098e-02,-3.067092651757188371e-01,9.019184652278177339e+00,-2.637889688249400733e-01,4.038369304556354678e+00
1.259795763943177782e+01,-1.597444089456868943e-02,3.514376996805111675e-02,-3.237486687965921428e-01,9.040767386091127733e+00,-2.877697841726618855e-02,4.213429256594723782e+00
1.260291378559043807e+01,-1.171458998935037341e-02,2.555910543130990309e-02,-3.343982960596378895e-01,8.908872901678657641e+00,2.062350119904076684e-01,4.479616306954436133e+00
1.260786993174909654e+01,2.555910543130990309e-02,1.171458998935037341e-02,-3.152289669861554899e-01,8.853717026378896904e+00,4.244604316546762846e-01,4.148681055155875264e+00
1.261282607790775501e+01,3.088391906283280072e-02,4.259850905218317760e-03,-2.896698615548455868e-01,8.959232613908872267e+00,4.700239808153477417e-01,4.021582733812949506e+00
1.261778222406641525e+01,2.768903088391906284e-02,1.597444089456868943e-02,-2.949946751863684602e-01,9.062350119904076351e+00,8.752997601918465209e-01,3.306954436450839196e+00
1.262273837022507372e+01,-7.241746538871139671e-02,6.283280085197018305e-02,-2.949946751863684602e-01,8.671462829736210409e+00,1.350119904076738653e+00,4.357314148681055599e+00
1.262769451638373219e+01,-9.797657082002129980e-02,4.259850905218317413e-02,-2.598509052183173851e-01,8.882494004796162912e+00,1.093525179856115193e+00,4.803357314148681390e+00
1.263265066254239066e+01,-1.096911608093716767e-01,3.194888178913737886e-03,-2.555910543130990309e-01,9.110311750599519698e+00,1.011990407673860837e+00,3.964028776978417046e+00
1.263760680870105091e+01,-1.842385516506922227e-01,-8.519701810436635520e-03,-2.832800851970180833e-01,8.726618705035971146e+00,1.573141486810551548e+00,4.853717026378896904e+00
1.264256295485970938e+01,-1.512247071352502692e-01,-2.236421725239616520e-02,-2.470713525026624058e-01,8.388489208633092886e+00,2.199040767386091222e+00,4.064748201438848518e+00
1.264751910101836785e+01,-1.853035143769967974e-01,-2.662406815761448470e-02,-1.554845580404685956e-01,8.700239808153476417e+00,1.853717026378896904e+00,4.525179856115108201e+00
1.265247524717702809e+01,-1.490947816826411199e-01,-1.916932907348242732e-02,-1.054313099041533502e-01,8.920863309352517589e+00,1.721822541966426812e+00,3.724220623501198979e+00
1.265743139333568656e+01,-2.034078807241746500e-01,-1.490947816826411129e-02,-8.200212992545261037e-02,8.748201438848921541e+00,1.870503597122302075e+00,4.393285371702638109e+00
1.266238753949434503e+01,-1.725239616613418459e-01,-2.449414270500532495e-02,-2.875399361022364098e-02,8.681055155875299079e+00,1.942446043165467540e+00,4.100719424460431917e+00
1.266734368565300350e+01,-1.640042598509052207e-01,-2.023429179978700893e-02,3.727369542066027996e-02,8.942446043165467984e+00,1.529976019184652314e+00,3.918465227817745866e+00
1.267229983181166375e+01,-1.522896698615548439e-01,-8.519701810436635520e-03,6.709265175718849561e-02,8.942446043165467984e+00,1.249400479616306958e+00,4.247002398081535013e+00
1.267725597797032222e+01,-1.277955271565495154e-01,-1.384451544195953142e-02,7.987220447284344715e-02,8.863309352517985573e+00,1.419664268585131950e+00,3.901678657074340695e+00
1.268221212412898069e+01,-1.373801916932907430e-01,-1.597444089456868943e-02,1.224707135250266282e-01,8.779376498800958828e+00,1.393285371702637887e+00,4.455635491606714460e+00
1.268716827028764094e+01,-7.880724174653887248e-02,-1.171458998935037341e-02,1.906283280085196985e-01,8.817745803357313505e+00,1.134292565947242259e+00,3.796163069544364443e+00
1.269212441644629941e+01,-9.797657082002129980e-02,-2.129925452609158880e-03,2.332268370607028796e-01,8.949640287769783598e+00,6.402877697841726778e-01,4.342925659472421707e+00
1.269708056260495788e+01,-7.561235356762513460e-02,-9.584664536741213658e-03,2.385516506922257807e-01,8.973621103117505271e+00,4.484412470023980690e-01,3.985611510791366996e+00
1.270203670876361635e+01,-9.691160809371672513e-02,-5.324813631522896766e-03,2.300319488817891278e-01,8.304556354916067917e+00,-1.079136690647481966e-01,3.398081534772182444e+00
1.270699285492227659e+01,-6.389776357827475772e-02,9.797657082002129980e-02,2.002129925452609260e-01,8.673860911270983465e+00,2.805755395683453002e-01,2.988009592326139163e+00
1.271194900108093506e+01,-9.584664536741213658e-02,1.618743343982960714e-01,2.183173588924387509e-01,9.601918465227818444e+00,3.237410071942445899e-01,5.760191846522781489e+00
1.271690514723959353e+01,-8.945686900958466081e-02,-1.064962726304579353e-02,2.651757188498402584e-01,9.390887290167865942e+00,-3.165467625899280324e-01,6.158273381294963933e+00
1.272186129339825200e+01,-6.176783812566560145e-02,-1.469648562300319428e-01,2.534611288604898816e-01,9.151079136690647431e+00,-5.083932853717025857e-01,3.314148681055155699e+00
1.272681743955691225e+01,-1.288604898828540901e-01,-5.963791267305644517e-02,1.916932907348242732e-01,8.340527577937649539e+00,-1.990407673860911386e-01,4.165467625899280435e+00
1.273177358571557072e+01,-8.945686900958466081e-02,-1.064962726304579440e-03,1.799787007454738963e-01,8.187050359712230829e+00,4.316546762589928282e-02,4.721822541966426812e+00
1.273672973187422919e+01,-1.246006389776357776e-01,-8.093716719914803570e-02,1.948881789137380249e-01,8.822541966426857840e+00,-5.971223021582733326e-01,5.086330935251798913e+00
1.274168587803288943e+01,-9.478168264110756192e-02,-1.246006389776357776e-01,1.554845580404685956e-01,8.892086330935251581e+00,-8.009592326139088891e-01,3.916067146282973699e+00
1.274664202419154790e+01,-1.107561235356762513e-01,-8.093716719914803570e-02,9.265175718849839870e-02,9.014388489208633004e+00,-5.179856115107913661e-01,4.014388489208633004e+00
1.275159817035020637e+01,-1.214057507987220397e-01,-6.602768903088392094e-02,6.070287539936101984e-02,8.875299760191847298e+00,-4.796163069544364180e-03,4.717026378896882477e+00
1.275655431650886484e+01,-1.256656017039403661e-01,-1.182108626198083018e-01,7.987220447284344715e-02,8.606714628297362779e+00,4.556354916067146404e-02,4.381294964028777272e+00
1.276151046266752509e+01,-1.288604898828540901e-01,-1.448349307774227934e-01,1.022364217252396124e-01,8.803357314148680501e+00,-3.621103117505995450e-01,3.966426858513189657e+00
1.276646660882618356e+01,-1.043663471778487756e-01,-1.022364217252396124e-01,7.774227902023429781e-02,8.872901678657074243e+00,-2.757793764988009655e-01,3.532374100719424259e+00
1.277142275498484203e+01,-1.224707135250266282e-01,-7.454739084132055993e-02,5.218317358892438779e-02,8.791366906474820553e+00,-9.592326139088728360e-03,4.304556354916067029e+00
1.277637890114350228e+01,-8.839190628328008614e-02,-9.052183173588924936e-02,6.815761448349308416e-02,8.920863309352517589e+00,7.434052757793764565e-02,3.863309352517985573e+00
1.278133504730216075e+01,-1.022364217252396124e-01,-9.904153354632587447e-02,8.839190628328008614e-02,9.057553956834532016e+00,-2.565947242206235157e-01,3.769784172661870603e+00
1.278629119346081922e+01,-9.158679446219382403e-02,-7.561235356762513460e-02,7.348242811501597138e-02,9.199040767386090778e+00,-2.949640287769784153e-01,3.611510791366906670e+00
1.279124733961947769e+01,-1.139510117145899892e-01,-3.940362087326943624e-02,5.005324813631523151e-02,8.772182254196643214e+00,6.954436450839328321e-02,3.808153477218225280e+00
1.279620348577813793e+01,-1.640042598509052207e-01,-4.685835995740149362e-02,6.602768903088392094e-02,8.954436450839327932e+00,-1.942446043165467762e-01,4.805755395683453557e+00
1.280115963193679640e+01,-1.267305644302449408e-01,-8.519701810436634826e-02,6.815761448349308416e-02,9.203836930455635112e+00,-6.330935251798560648e-01,3.546762589928057707e+00
1.280611577809545487e+01,-1.948881789137380249e-01,-8.093716719914803570e-02,1.597444089456868943e-02,9.031175059952039064e+00,-7.074340527577938076e-01,3.918465227817745866e+00
1.281107192425411512e+01,-1.703940362087326965e-01,-5.750798722044728195e-02,-3.407880724174654208e-02,9.011990407673861725e+00,-3.309352517985611475e-01,3.683453237410072134e+00
1.281602807041277359e+01,-1.895633652822151238e-01,-3.940362087326943624e-02,-3.620873269435569836e-02,8.880095923261391633e+00,-1.055155875299760154e-01,3.937649880095923205e+00
1.282098421657143206e+01,-1.991480298189563236e-01,-5.111821086261980618e-02,-2.023429179978700893e-02,9.007194244604317390e+00,-3.429256594724220397e-01,4.019184652278177339e+00
1.282594036273009053e+01,-2.002129925452609260e-01,-4.898828541001064990e-02,-3.727369542066027996e-02,9.127098321342925757e+00,-4.052757793764987793e-01,3.237410071942445899e+00
1.283089650888875077e+01,-2.587859424920127549e-01,-1.597444089456868943e-02,-8.413205537806177359e-02,9.052757793764987682e+00,-2.757793764988009655e-01,4.088729016786571080e+00
1.283585265504740924e+01,-2.481363152289669805e-01,-5.324813631522896766e-03,-1.150159744408945639e-01,9.009592326139088669e+00,4.316546762589928282e-02,3.633093525179856176e+00
1.284080880120606771e+01,-3.109691160809371913e-01,-9.584664536741213658e-03,-1.288604898828540901e-01,8.990407673860911331e+00,6.235011990407673954e-02,4.201438848920862945e+00
1.284576494736472618e+01,-3.099041533546325611e-01,-1.277955271565495154e-02,-1.427050053248136441e-01,8.944844124700239263e+00,1.894484412470023860e-01,3.625899280575539674e+00
1.285072109352338643e+01,-3.514376996805111952e-01,6.389776357827475772e-03,-1.458998935037273681e-01,8.870503597122302963e+00,1.678657074340527688e-01,3.976019184652278327e+00
1.285567723968204490e+01,-3.546325878594249192e-01,2.555910543130990309e-02,-1.469648562300319428e-01,8.887290167865707247e+00,6.235011990407673954e-02,4.386091127098321607e+00
1.286063338584070337e+01,-3.610223642172524228e-01,7.454739084132055646e-03,-1.448349307774227934e-01,8.930455635491606259e+00,-1.055155875299760154e-01,4.412470023980815448e+00
1.286558953199936362e+01,-3.855165069222576957e-01,-3.194888178913737886e-02,-1.544195953141639932e-01,8.973621103117505271e+00,-3.525179856115107646e-01,4.551558752997602042e+00
1.287054567815802208e+01,-3.748668796592119490e-01,-4.259850905218317413e-02,-1.874334398296059745e-01,8.827338129496402175e+00,-3.501199040767385973e-01,3.940047961630695372e+00
1.287550182431668055e+01,-4.078807241746538748e-01,-3.088391906283280072e-02,-2.076677316293929765e-01,8.757793764988010210e+00,-4.196642685851318944e-01,4.443645083932853623e+00
1.288045797047533902e+01,-3.801916932907348223e-01,-3.194888178913737886e-02,-2.066027689030884018e-01,8.916067146282973255e+00,-5.443645083932853179e-01,3.983213429256594829e+00
1.288541411663399927e+01,-4.014909478168264267e-01,-4.259850905218317413e-02,-2.087326943556975511e-01,9.079136690647482411e+00,-8.441247002398081234e-01,4.014388489208633004e+00
1.289037026279265774e+01,-3.865814696485623259e-01,-4.153354632587859252e-02,-2.428115015974440793e-01,9.091127098321342359e+00,-1.112709832134292531e+00,3.659472422062350017e+00
1.289532640895131621e+01,-3.706070287539935948e-01,-2.342917997870074681e-02,-2.779552715654952100e-01,9.158273381294964821e+00,-1.273381294964028854e+00,3.127098321342925757e+00
1.290028255510997646e+01,-3.525026624068157699e-01,1.277955271565495154e-02,-3.067092651757188371e-01,9.254196642685851515e+00,-1.304556354916067251e+00,2.930455635491606703e+00
1.290523870126863493e+01,-3.162939297124600646e-01,5.537806176783812567e-02,-3.258785942492012921e-01,9.208633093525179447e+00,-1.028776978417266230e+00,2.741007194244604150e+00
1.291019484742729340e+01,-2.949946751863684602e-01,9.478168264110756192e-02,-3.365282215122470943e-01,9.254196642685851515e+00,-7.529976019184652092e-01,3.191846522781774720e+00
1.291515099358595187e+01,-2.417465388711395047e-01,1.277955271565495154e-01,-3.546325878594249192e-01,9.318944844124700921e+00,-4.892086330935251914e-01,3.127098321342925757e+00
1.292010713974461211e+01,-2.172523961661341763e-01,1.576144834930777450e-01,-3.716719914802981695e-01,9.314148681055156587e+00,-2.398081534772182263e-02,3.477218225419664410e+00
1.292506328590327058e+01,-1.661341853035143701e-01,1.757188498402555976e-01,-3.652822151224707214e-01,9.270983213429255798e+00,7.937649880095922761e-01,3.508393285371702586e+00
1.293001943206192905e+01,-1.171458998935037271e-01,1.895633652822151238e-01,-3.120340788072417659e-01,9.098321342925659749e+00,1.522781774580335812e+00,3.592326139088728887e+00
1.293497557822058930e+01,-5.005324813631523151e-02,2.076677316293929765e-01,-2.225772097976570774e-01,9.021582733812950394e+00,1.954436450839328598e+00,3.625899280575539674e+00
1.293993172437924777e+01,1.703940362087327104e-02,2.268370607028754038e-01,-1.309904153354632672e-01,8.976019184652278327e+00,2.163069544364508268e+00,3.702637889688249473e+00
1.294488787053790624e+01,7.774227902023429781e-02,2.534611288604898816e-01,-4.898828541001064990e-02,8.961630695443645322e+00,2.268585131894484519e+00,3.695443645083932971e+00
1.294984401669656471e+01,1.192758253461128903e-01,2.768903088391906353e-01,1.916932907348242732e-02,9.093525179856115415e+00,1.875299760191846632e+00,3.800959232613908778e+00
1.295480016285522495e+01,1.331203407880724165e-01,2.790202342917997846e-01,6.389776357827475772e-02,9.110311750599519698e+00,1.189448441247002330e+00,4.098321342925659749e+00
1.295975630901388342e+01,1.309904153354632672e-01,2.651757188498402584e-01,8.945686900958466081e-02,9.002398081534773056e+00,4.316546762589927866e-01,4.489208633093524803e+00
1.296471245517254189e+01,1.341853035143769912e-01,2.438764643237486818e-01,1.022364217252396124e-01,8.779376498800958828e+00,-3.453237410071942626e-01,4.589928057553956720e+00
1.296966860133120036e+01,1.309904153354632672e-01,2.279020234291799785e-01,9.371671991480298725e-02,8.645083932853717457e+00,-9.040767386091127511e-01,4.208633093525179447e+00
1.297462474748986061e+01,1.160809371671991524e-01,2.257720979765708291e-01,6.815761448349308416e-02,8.705035971223020752e+00,-1.491606714628297414e+00,4.220623501199041172e+00
1.297958089364851908e+01,1.288604898828540901e-01,2.342917997870074542e-01,1.597444089456868943e-02,8.755395683453237154e+00,-1.688249400479616247e+00,4.064748201438848518e+00
1.298453703980717755e+01,1.341853035143769912e-01,2.374866879659212060e-01,-4.259850905218317413e-02,9.153477218225420486e+00,-1.702637889688249473e+00,4.081534772182254578e+00
1.298949318596583780e+01,1.427050053248136441e-01,2.470713525026624058e-01,-1.128860489882854146e-01,8.398081534772181556e+00,-7.026378896882493619e-01,4.285371702637889690e+00
1.299444933212449627e+01,1.192758253461128903e-01,2.364217252396166036e-01,-1.160809371671991524e-01,9.146282973621103096e+00,5.995203836930455832e-02,5.357314148681055599e+00
1.299940547828315474e+01,1.214057507987220397e-01,1.863684771033013721e-01,-9.691160809371672513e-02,8.589928057553956720e+00,7.721822541966426590e-01,5.417266187050359783e+00
1.300436162444181321e+01,8.626198083067092293e-02,1.118210862619808260e-01,-7.241746538871139671e-02,8.599520383693045389e+00,9.760191846522782155e-01,5.556354916067146377e+00
1.300931777060047345e+01,7.348242811501597138e-02,4.685835995740149362e-02,-6.602768903088392094e-02,8.381294964028777272e+00,1.206235011990407724e+00,5.117505995203837088e+00
1.301427391675913192e+01,6.283280085197018305e-02,2.236421725239616520e-02,-5.857294994675186356e-02,8.270983213429255798e+00,1.376498800959232716e+00,4.932853717026379314e+00
1.301923006291779039e+01,5.537806176783812567e-02,7.454739084132055646e-03,-4.259850905218317413e-02,8.414868105515587615e+00,9.616306954436451004e-01,4.949640287769784486e+00
1.302418620907645064e+01,2.236421725239616520e-02,-2.129925452609158706e-02,-4.898828541001064990e-02,8.462829736211030962e+00,4.604316546762590168e-01,5.119904076738609255e+00
1.302914235523510911e+01,3.194888178913737886e-03,-4.259850905218317413e-02,-6.389776357827475772e-02,8.266187050359711463e+00,4.148681055155875042e-01,4.942446043165467984e+00
1.303409850139376758e+01,-2.129925452609158706e-02,-6.176783812566560145e-02,-5.111821086261980618e-02,8.419664268585131950e+00,2.374100719424460382e-01,4.750599520383692820e+00
1.303905464755242605e+01,-1.703940362087327104e-02,-8.413205537806177359e-02,-3.833865814696485463e-02,8.961630695443645322e+00,-1.462829736211031240e-01,4.019184652278177339e+00
1.304401079371108629e+01,-1.490947816826411129e-02,-6.602768903088392094e-02,-6.176783812566560145e-02,9.172661870503597825e+00,-1.918465227817745672e-02,3.798561151079136611e+00
1.304896693986974476e+01,-1.384451544195953142e-02,-2.768903088391906284e-02,-7.987220447284344715e-02,8.916067146282973255e+00,5.635491606714628787e-01,3.937649880095923205e+00
1.305392308602840323e+01,-3.194888178913737886e-02,-2.449414270500532495e-02,-5.111821086261980618e-02,9.023980815347721673e+00,4.892086330935251914e-01,4.398081534772182444e+00
1.305887923218706348e+01,-2.129925452609158706e-02,-5.218317358892438779e-02,-2.662406815761448470e-02,9.299760191846523583e+00,1.942446043165467762e-01,4.211031175059951615e+00
