t,gx,gy,gz,ax,ay,az
-1.415841093429367039e-03,-2.023429179978700754e-01,6.389776357827475772e-02,-2.960596379126730349e-01,8.959232613908872267e+00,7.314148681055155921e-01,4.342925659472421707e+00
3.542031343601054032e-03,-2.055378061767837994e-01,6.496272630457934627e-02,-2.843450479233226580e-01,8.949640287769783598e+00,8.513189448441247364e-01,3.966426858513189657e+00
8.499903780631474018e-03,-2.566560170394036056e-01,6.176783812566560145e-02,-2.747603833865814860e-01,9.309352517985612252e+00,7.961630695443645545e-01,4.755395683453237154e+00
1.345777621766189487e-02,-2.428115015974440793e-01,5.218317358892438779e-02,-2.736954206602769113e-01,8.863309352517985573e+00,1.098321342925659527e+00,4.407673860911271113e+00
1.841564865469231746e-02,-3.013844515441959637e-01,1.597444089456868943e-02,-2.438764643237486818e-01,8.318944844124700921e+00,1.031175059952038398e+00,4.872901678657074243e+00
2.337352109172273831e-02,-2.832800851970180833e-01,-1.916932907348242732e-02,-2.140575079872204523e-01,8.676258992805754744e+00,8.057553956834532238e-01,3.848920863309352569e+00
2.833139352875315917e-02,-3.162939297124600646e-01,8.519701810436635520e-03,-2.215122470713525027e-01,8.741007194244604150e+00,6.642685851318944623e-01,3.932853717026378870e+00
3.328926596578357655e-02,-3.088391906283279864e-01,4.579339723109691201e-02,-2.289669861554845531e-01,8.776978417266187549e+00,8.201438848920863389e-01,4.623501199040767062e+00
3.824713840281399740e-02,-2.843450479233226580e-01,2.342917997870074681e-02,-2.002129925452609260e-01,8.709832134292565087e+00,9.520383693045563200e-01,4.527577937649880369e+00
4.320501083984441826e-02,-2.768903088391906353e-01,-1.171458998935037341e-02,-1.544195953141639932e-01,8.748201438848921541e+00,7.961630695443645545e-01,4.714628297362110310e+00
4.816288327687483911e-02,-2.183173588924387509e-01,-3.194888178913737886e-03,-1.224707135250266282e-01,8.544364508393284652e+00,9.040767386091127511e-01,4.220623501199041172e+00
5.312075571390525996e-02,-2.076677316293929765e-01,2.129925452609158880e-03,-8.626198083067092293e-02,8.565947242206235046e+00,8.153477218225420042e-01,5.021582733812949506e+00
5.807862815093568082e-02,-1.437699680511182188e-01,-3.194888178913737886e-02,-5.963791267305644517e-02,8.889688249400480302e+00,6.498800959232613472e-01,4.256594724220623682e+00
6.303650058796610167e-02,-1.490947816826411199e-01,-4.685835995740149362e-02,-5.963791267305644517e-02,9.057553956834532016e+00,5.635491606714628787e-01,4.249400479616307180e+00
6.799437302499652946e-02,-1.160809371671991524e-01,-3.514376996805111675e-02,-6.602768903088392094e-02,8.865707434052758629e+00,9.328537170263788703e-01,4.079136690647482411e+00
7.295224546202695726e-02,-9.797657082002129980e-02,-2.875399361022364098e-02,-2.449414270500532495e-02,8.817745803357313505e+00,1.119904076738609033e+00,4.081534772182254578e+00
7.791011789905737117e-02,-7.135250266240682204e-02,-2.342917997870074681e-02,4.472843450479233041e-02,8.918465227817746310e+00,8.489208633093525691e-01,4.002398081534772167e+00
8.286799033608778509e-02,-4.153354632587859252e-02,-2.129925452609158880e-03,8.839190628328008614e-02,9.000000000000000000e+00,5.683453237410072134e-01,3.812949640287769615e+00
8.782586277311821288e-02,-3.620873269435569836e-02,8.519701810436635520e-03,9.691160809371672513e-02,8.836930455635490844e+00,4.460431654676259017e-01,4.364508393285372101e+00
9.278373521014864067e-02,1.171458998935037341e-02,4.259850905218317760e-03,1.043663471778487756e-01,8.892086330935251581e+00,4.556354916067146266e-01,3.882494004796162912e+00
9.774160764717905459e-02,-9.584664536741213658e-03,1.171458998935037341e-02,9.691160809371672513e-02,8.956834532374100988e+00,4.772182254196642437e-01,4.023980815347721673e+00
1.026994800842094685e-01,-2.555910543130990309e-02,1.703940362087327104e-02,9.158679446219382403e-02,8.884892086330935967e+00,4.916067146282973588e-01,4.254196642685851515e+00
1.076573525212398963e-01,-2.129925452609158706e-02,1.703940362087327104e-02,1.075612353567625135e-01,9.136690647482014427e+00,2.949640287769784153e-01,4.122302158273381423e+00
1.126152249582703241e-01,-2.555910543130990309e-02,2.662406815761448470e-02,1.033013844515442009e-01,9.052757793764987682e+00,1.486810551558752913e-01,4.095923261390887582e+00
1.175730973953007380e-01,-3.088391906283280072e-02,4.046858359957401785e-02,8.200212992545261037e-02,8.822541966426857840e+00,1.798561151079136611e-01,4.206235011990407280e+00
1.225309698323311519e-01,-2.875399361022364098e-02,3.940362087326943624e-02,7.667731629392970927e-02,8.721822541966426812e+00,2.134292565947242259e-01,4.287769784172661858e+00
1.274888422693615520e-01,-1.810436634717784918e-02,2.875399361022364098e-02,7.987220447284344715e-02,8.671462829736210409e+00,5.035971223021582649e-02,4.194244604316546443e+00
1.324467147063919936e-01,-1.597444089456868943e-02,2.768903088391906284e-02,7.454739084132055993e-02,8.769784172661870159e+00,-1.223021582733812979e-01,4.225419664268585507e+00
1.374045871434224075e-01,-1.703940362087327104e-02,2.023429179978700893e-02,5.963791267305644517e-02,8.935251798561150594e+00,-1.582733812949640162e-01,4.292565947242206192e+00
1.423624595804528215e-01,-2.129925452609158706e-02,2.129925452609158880e-03,4.366347177848775574e-02,8.971223021582733992e+00,-1.247002398081534791e-01,4.304556354916067029e+00
1.473203320174832631e-01,-2.449414270500532495e-02,-5.324813631522896766e-03,3.620873269435569836e-02,9.038369304556354678e+00,-1.870503597122302186e-01,4.170263788968824770e+00
1.522782044545136770e-01,-2.981895633652822258e-02,-7.454739084132055646e-03,2.875399361022364098e-02,9.189448441247002108e+00,-3.285371702637889801e-01,4.038369304556354678e+00
1.572360768915440909e-01,-2.875399361022364098e-02,-4.259850905218317760e-03,-1.064962726304579440e-03,9.278177458033573188e+00,-4.436450839328537343e-01,3.752997601918465431e+00
1.621939493285745049e-01,-3.514376996805111675e-02,2.555910543130990309e-02,-5.111821086261980618e-02,8.803357314148680501e+00,-2.925659472422062479e-01,4.026378896882493841e+00
1.671518217656049188e-01,-2.555910543130990309e-02,4.153354632587859252e-02,-6.922257720979765883e-02,8.729016786570744202e+00,-2.134292565947242259e-01,4.242206235011990678e+00
1.721096942026353604e-01,-1.703940362087327104e-02,3.407880724174654208e-02,-8.413205537806177359e-02,8.788968824940047497e+00,-2.613908872901678504e-01,4.129496402877697925e+00
1.770675666396657744e-01,-2.662406815761448470e-02,3.088391906283280072e-02,-1.150159744408945639e-01,8.786570743405276218e+00,-1.870503597122302186e-01,4.697841726618705138e+00
1.820254390766961883e-01,-1.277955271565495154e-02,-4.259850905218317760e-03,-1.352502662406815659e-01,8.791366906474820553e+00,8.872901678657074687e-02,4.515587529976019532e+00
1.869833115137266299e-01,-2.555910543130990309e-02,-3.514376996805111675e-02,-1.352502662406815659e-01,8.721822541966426812e+00,2.901678657074340251e-01,4.455635491606714460e+00
1.919411839507570439e-01,-9.584664536741213658e-03,-3.620873269435569836e-02,-1.150159744408945639e-01,8.851318944844123848e+00,3.405275779376498724e-01,4.177458033573141272e+00
1.968990563877874578e-01,-9.584664536741213658e-03,-2.662406815761448470e-02,-9.158679446219382403e-02,9.155875299760191766e+00,1.606714628297362113e-01,4.033573141486810343e+00
2.018569288248178717e-01,-4.259850905218317760e-03,-1.490947816826411129e-02,-9.584664536741213658e-02,9.244604316546762846e+00,4.556354916067146404e-02,3.954436450839328376e+00
2.068148012618482856e-01,2.129925452609158880e-03,7.454739084132055646e-03,-1.139510117145899892e-01,9.218225419664268117e+00,2.637889688249400733e-01,3.868105515587529908e+00
2.117726736988787273e-01,1.064962726304579440e-03,3.301384451544196047e-02,-1.128860489882854146e-01,9.146282973621103096e+00,4.844124700239808012e-01,4.127098321342925757e+00
2.167305461359091412e-01,1.916932907348242732e-02,5.431309904153354406e-02,-8.945686900958466081e-02,9.100719424460431028e+00,6.187050359712230607e-01,4.134292565947242259e+00
2.216884185729395551e-01,1.703940362087327104e-02,6.176783812566560145e-02,-6.709265175718849561e-02,9.227817745803356786e+00,5.443645083932853179e-01,4.546762589928057707e+00
2.266462910099699968e-01,2.449414270500532495e-02,4.259850905218317413e-02,-5.963791267305644517e-02,9.266187050359711463e+00,6.522781774580336256e-01,4.539568345323741205e+00
2.316041634470004107e-01,6.389776357827475772e-03,1.064962726304579353e-02,-4.153354632587859252e-02,9.165467625899280435e+00,8.441247002398081234e-01,4.405275779376498946e+00
2.365620358840308246e-01,8.519701810436635520e-03,3.194888178913737886e-03,-6.389776357827475772e-03,9.129496402877697037e+00,9.472422062350119853e-01,3.985611510791366996e+00
2.415199083210612385e-01,8.519701810436635520e-03,3.088391906283280072e-02,3.514376996805111675e-02,9.247002398081534125e+00,8.417266187050359560e-01,3.808153477218225280e+00
2.464777807580916524e-01,1.490947816826411129e-02,6.602768903088392094e-02,6.283280085197018305e-02,9.354916067146282543e+00,5.995203836930456109e-01,3.815347721822541782e+00
2.514356531951221219e-01,1.597444089456868943e-02,9.052183173588924936e-02,6.922257720979765883e-02,9.314148681055156587e+00,4.844124700239808012e-01,3.712230215827338142e+00
2.563935256321525080e-01,9.584664536741213658e-03,1.086261980830670881e-01,6.602768903088392094e-02,9.239808153477218511e+00,4.340527577937650094e-01,3.932853717026378870e+00
2.613513980691829497e-01,2.875399361022364098e-02,1.235356762513312029e-01,7.561235356762513460e-02,9.167865707434053490e+00,3.117505995203836977e-01,3.882494004796162912e+00
2.663092705062133914e-01,2.875399361022364098e-02,1.150159744408945639e-01,7.880724174653887248e-02,9.388489208633092886e+00,-6.235011990407673954e-02,3.609112709832134502e+00
2.712671429432437775e-01,2.236421725239616520e-02,1.448349307774227934e-01,3.727369542066027996e-02,9.251798561151078459e+00,-1.894484412470023860e-01,3.952038369304556209e+00
2.762250153802742192e-01,5.111821086261980618e-02,1.746538871139510229e-01,1.064962726304579353e-02,9.323741007194245256e+00,-1.199040767386091166e-01,4.577937649880095883e+00
2.811828878173046609e-01,8.093716719914803570e-02,1.405750798722044670e-01,8.519701810436635520e-03,9.064748201438849406e+00,-1.127098321342925591e-01,4.431654676258992787e+00
2.861407602543350470e-01,1.075612353567625135e-01,1.309904153354632672e-01,3.194888178913737886e-03,8.856115107913668183e+00,1.438848920863309427e-02,4.529976019184652536e+00
2.910986326913654887e-01,1.501597444089456945e-01,1.160809371671991524e-01,9.584664536741213658e-03,8.930455635491606259e+00,2.685851318944844079e-01,4.424460431654676285e+00
2.960565051283959304e-01,1.703940362087326965e-01,8.732694355697551147e-02,2.342917997870074681e-02,8.762589928057554545e+00,4.100719424460431695e-01,4.059952038369304184e+00
3.010143775654263165e-01,1.853035143769967974e-01,9.691160809371672513e-02,3.514376996805111675e-02,8.724220623501199867e+00,4.340527577937650094e-01,3.935251798561151038e+00
3.059722500024567582e-01,1.842385516506922227e-01,1.182108626198083018e-01,4.366347177848775574e-02,8.803357314148680501e+00,4.268585131894484519e-01,4.131894484412470092e+00
3.109301224394871443e-01,1.650692225772097954e-01,1.054313099041533502e-01,3.727369542066027996e-02,8.863309352517985573e+00,4.412470023980815115e-01,4.474820143884891799e+00
3.158879948765175860e-01,1.512247071352502692e-01,7.028753993610223350e-02,2.555910543130990309e-02,8.868105515587529908e+00,6.067146282973621130e-01,4.529976019184652536e+00
3.208458673135480277e-01,1.224707135250266282e-01,3.301384451544196047e-02,2.236421725239616520e-02,8.810551558752997892e+00,7.529976019184652092e-01,4.402877697841726778e+00
3.258037397505784138e-01,1.022364217252396124e-01,2.555910543130990309e-02,3.301384451544196047e-02,8.983213429256593940e+00,7.961630695443645545e-01,4.091127098321343247e+00
3.307616121876088555e-01,7.880724174653887248e-02,4.259850905218317413e-02,4.579339723109691201e-02,9.035971223021583398e+00,7.865707434052757741e-01,4.184652278177457774e+00
3.357194846246392417e-01,6.176783812566560145e-02,5.431309904153354406e-02,6.070287539936101984e-02,9.062350119904076351e+00,8.129496402877698369e-01,4.544364508393285540e+00
3.406773570616696833e-01,4.579339723109691201e-02,4.153354632587859252e-02,7.028753993610223350e-02,8.976019184652278327e+00,8.369304556354916214e-01,4.681055155875299967e+00
3.456352294987001250e-01,2.129925452609158706e-02,8.519701810436635520e-03,7.987220447284344715e-02,8.949640287769783598e+00,7.649880095923261569e-01,4.772182254196642326e+00
3.505931019357305112e-01,1.277955271565495154e-02,-1.916932907348242732e-02,9.265175718849839870e-02,8.928057553956834980e+00,7.553956834532373765e-01,4.582733812949640217e+00
3.555509743727609528e-01,5.324813631522896766e-03,-3.301384451544196047e-02,1.075612353567625135e-01,8.892086330935251581e+00,7.050359712230215292e-01,4.599520383693045389e+00
3.605088468097913945e-01,8.519701810436635520e-03,-3.620873269435569836e-02,1.235356762513312029e-01,9.206235011990408168e+00,5.227817745803357008e-01,4.690647482014388636e+00
3.654667192468217807e-01,8.519701810436635520e-03,-5.005324813631523151e-02,1.299254526091586925e-01,9.201438848920863833e+00,3.069544364508393075e-01,4.772182254196642326e+00
3.704245916838522223e-01,1.597444089456868943e-02,-6.602768903088392094e-02,1.192758253461128903e-01,9.158273381294964821e+00,2.278177458033573133e-01,4.844124700239808234e+00
3.753824641208826640e-01,2.129925452609158706e-02,-8.732694355697551147e-02,1.086261980830670881e-01,8.992805755395682610e+00,3.021582733812949728e-01,4.899280575539568083e+00
3.803403365579130502e-01,3.088391906283280072e-02,-1.246006389776357776e-01,1.064962726304579388e-01,8.822541966426857840e+00,2.685851318944844079e-01,4.906474820143884585e+00
3.852982089949434918e-01,4.898828541001064990e-02,-1.629392971246006461e-01,1.086261980830670881e-01,8.817745803357313505e+00,8.872901678657074687e-02,4.688249400479616469e+00
3.902560814319738780e-01,5.431309904153354406e-02,-1.970181043663471743e-01,1.001064962726304630e-01,8.978417266187049606e+00,-8.633093525179856564e-02,4.659472422062350461e+00
3.952139538690043197e-01,6.709265175718849561e-02,-2.289669861554845531e-01,7.667731629392970927e-02,9.141486810551558762e+00,-1.534772182254196538e-01,4.410071942446043280e+00
4.001718263060347613e-01,7.774227902023429781e-02,-2.513312034078807322e-01,5.537806176783812567e-02,9.254196642685851515e+00,-1.342925659472422040e-01,4.170263788968824770e+00
4.051296987430651475e-01,9.371671991480298725e-02,-2.513312034078807322e-01,4.259850905218317413e-02,9.287769784172661858e+00,-7.194244604316546443e-02,3.800959232613908778e+00
4.100875711800955892e-01,9.904153354632587447e-02,-2.247071352502662545e-01,3.088391906283280072e-02,9.376498800959232938e+00,-3.357314148681055099e-02,3.594724220623501054e+00
4.150454436171259753e-01,9.584664536741213658e-02,-1.884984025559105492e-01,1.064962726304579353e-02,9.551558752997602042e+00,1.918465227817745672e-02,3.628297362110311841e+00
4.200033160541564170e-01,8.093716719914803570e-02,-1.586794462193823196e-01,-1.597444089456868943e-02,9.520383693045562978e+00,1.055155875299760154e-01,3.764988009592326268e+00
4.249611884911868587e-01,5.963791267305644517e-02,-1.416400425985090417e-01,-3.940362087326943624e-02,9.417266187050358894e+00,2.278177458033573133e-01,4.016786570743405171e+00
4.299190609282172448e-01,3.833865814696485463e-02,-1.395101171458998923e-01,-6.070287539936101984e-02,9.203836930455635112e+00,4.652278177458033515e-01,4.184652278177457774e+00
4.348769333652476865e-01,9.584664536741213658e-03,-1.576144834930777450e-01,-7.028753993610223350e-02,9.014388489208633004e+00,6.163069544364508934e-01,4.443645083932853623e+00
4.398348058022781282e-01,-9.584664536741213658e-03,-1.874334398296059745e-01,-6.070287539936101984e-02,9.028776978417266008e+00,5.923261390887289979e-01,4.513189448441247364e+00
4.447926782393085143e-01,-2.342917997870074681e-02,-2.204472843450479280e-01,-4.685835995740149362e-02,9.076738609112709355e+00,4.484412470023980690e-01,4.362110311750599934e+00
4.497505506763389560e-01,-2.981895633652822258e-02,-2.342917997870074542e-01,-3.727369542066027996e-02,9.470023980815348352e+00,2.470023980815347631e-01,4.326139088729016535e+00
4.547084231133693977e-01,-3.407880724174654208e-02,-2.438764643237486818e-01,-3.833865814696485463e-02,9.390887290167865942e+00,1.294964028776978415e-01,3.973621103117506159e+00
4.596662955503997838e-01,-4.046858359957401785e-02,-2.279020234291799785e-01,-5.111821086261980618e-02,9.287769784172661858e+00,1.870503597122302186e-01,4.609112709832134058e+00
4.646241679874302255e-01,2.129925452609158880e-03,-2.662406815761448331e-01,-3.194888178913737886e-02,8.911270983213428920e+00,1.894484412470023860e-01,3.937649880095923205e+00
4.695820404244606117e-01,-3.301384451544196047e-02,-2.790202342917997846e-01,-2.555910543130990309e-02,9.225419664268585507e+00,-1.151079136690647542e-01,4.117505995203837088e+00
4.745399128614910533e-01,-2.768903088391906284e-02,-2.928647497337593109e-01,-4.898828541001064990e-02,9.333333333333333925e+00,-2.589928057553956831e-01,3.870503597122302075e+00
4.794977852985214950e-01,-2.768903088391906284e-02,-2.960596379126730349e-01,-7.774227902023429781e-02,9.587529976019185440e+00,-2.973621103117505826e-01,3.549160671462829875e+00
4.844556577355518812e-01,-2.981895633652822258e-02,-2.800851970181043593e-01,-9.904153354632587447e-02,9.628297362110311397e+00,-3.141486810551558650e-01,3.333333333333333481e+00
4.894135301725823228e-01,-1.277955271565495154e-02,-2.279020234291799785e-01,-1.214057507987220397e-01,9.733812949640288537e+00,-2.254196642685851182e-01,2.889688249400479414e+00
4.943714026096127090e-01,-2.129925452609158706e-02,-1.661341853035143701e-01,-1.384451544195953177e-01,9.724220623501199867e+00,-1.606714628297362113e-01,3.378896882494004661e+00
4.993292750466432062e-01,1.064962726304579440e-03,-1.224707135250266282e-01,-1.458998935037273681e-01,9.664268585131894795e+00,5.995203836930455832e-02,3.254196642685851515e+00
5.042871474836735368e-01,-1.277955271565495154e-02,-9.904153354632587447e-02,-1.522896698615548439e-01,9.517985611510791699e+00,1.582733812949640162e-01,3.630695443645084008e+00
5.092450199207039230e-01,5.324813631522896766e-03,-7.987220447284344715e-02,-1.469648562300319428e-01,9.455635491606715348e+00,3.141486810551558650e-01,3.503597122302158251e+00
5.142028923577343091e-01,-1.064962726304579440e-03,-5.857294994675186356e-02,-1.395101171458998923e-01,9.407673860911270225e+00,4.148681055155875042e-01,3.693045563549160804e+00
5.191607647947648063e-01,1.064962726304579440e-03,-4.898828541001064990e-02,-1.267305644302449408e-01,9.314148681055156587e+00,4.556354916067146266e-01,3.901678657074340695e+00
5.241186372317951925e-01,9.584664536741213658e-03,-5.005324813631523151e-02,-1.086261980830670881e-01,9.316546762589927866e+00,4.148681055155875042e-01,3.887290167865707247e+00
5.290765096688255786e-01,5.324813631522896766e-03,-6.070287539936101984e-02,-9.478168264110756192e-02,9.362110311750599934e+00,2.997601918465228055e-01,4.083932853717026745e+00
5.340343821058560758e-01,1.916932907348242732e-02,-7.028753993610223350e-02,-9.691160809371672513e-02,9.357314148681055599e+00,2.781774580335731328e-01,3.820143884892086117e+00
5.389922545428864620e-01,9.584664536741213658e-03,-7.028753993610223350e-02,-9.584664536741213658e-02,9.359712230215826878e+00,1.534772182254196538e-01,3.930455635491606703e+00
5.439501269799168481e-01,3.088391906283280072e-02,-6.389776357827475772e-02,-1.001064962726304630e-01,9.386091127098321607e+00,2.877697841726618855e-02,3.702637889688249473e+00
5.489079994169473453e-01,3.940362087326943624e-02,-5.857294994675186356e-02,-1.043663471778487756e-01,9.477218225419663966e+00,-1.007194244604316530e-01,3.767386091127098435e+00
5.538658718539777315e-01,6.602768903088392094e-02,-4.792332268370606829e-02,-1.203407880724174650e-01,9.549160671462828986e+00,-2.877697841726618855e-02,3.729016786570743314e+00
5.588237442910081176e-01,8.200212992545261037e-02,-3.514376996805111675e-02,-1.363152289669861683e-01,9.359712230215826878e+00,3.045563549160671402e-01,3.832134292565947398e+00
5.637816167280386148e-01,9.265175718849839870e-02,-3.088391906283280072e-02,-1.267305644302449408e-01,9.223021582733812451e+00,6.115107913669064477e-01,4.040767386091126845e+00
5.687394891650690010e-01,1.075612353567625135e-01,-3.620873269435569836e-02,-1.043663471778487756e-01,9.218225419664268117e+00,7.482014388489208745e-01,3.923261390887290201e+00
5.736973616020993871e-01,9.265175718849839870e-02,-3.940362087326943624e-02,-8.519701810436634826e-02,9.273381294964028854e+00,6.930455635491606925e-01,4.093525179856115415e+00
5.786552340391298843e-01,8.519701810436634826e-02,-4.579339723109691201e-02,-7.987220447284344715e-02,9.247002398081534125e+00,7.673860911270983243e-01,4.081534772182254578e+00
5.836131064761602705e-01,5.644302449414270728e-02,-6.602768903088392094e-02,-7.561235356762513460e-02,9.167865707434053490e+00,8.920863309352518034e-01,4.294964028776978360e+00
5.885709789131906566e-01,4.259850905218317413e-02,-9.052183173588924936e-02,-5.963791267305644517e-02,9.139088729016785706e+00,9.400479616306954833e-01,4.163069544364508268e+00
5.935288513502211538e-01,2.023429179978700893e-02,-1.075612353567625135e-01,-3.833865814696485463e-02,9.086330935251798024e+00,9.688249400479616025e-01,4.035971223021582510e+00
5.984867237872515400e-01,-3.194888178913737886e-03,-1.150159744408945639e-01,-1.490947816826411129e-02,9.021582733812950394e+00,1.035971223021582732e+00,3.997601918465227833e+00
6.034445962242819261e-01,-2.342917997870074681e-02,-1.214057507987220397e-01,5.324813631522896766e-03,9.117505995203837088e+00,9.688249400479616025e-01,3.858513189448441238e+00
6.084024686613123123e-01,-4.046858359957401785e-02,-1.203407880724174650e-01,2.768903088391906284e-02,9.513189448441247364e+00,7.290167865707434247e-01,3.841726618705036067e+00
6.133603410983428095e-01,-4.472843450479233041e-02,-1.214057507987220397e-01,4.153354632587859252e-02,9.529976019184651648e+00,5.827338129496403285e-01,3.371702637889688159e+00
6.183182135353731956e-01,-7.774227902023429781e-02,-9.797657082002129980e-02,3.407880724174654208e-02,9.342925659472422595e+00,6.067146282973621130e-01,3.529976019184652092e+00
6.232760859724035818e-01,-8.093716719914803570e-02,-6.389776357827475772e-02,4.046858359957401785e-02,9.280575539568344468e+00,6.930455635491606925e-01,3.752997601918465431e+00
6.282339584094340790e-01,-8.945686900958466081e-02,-6.602768903088392094e-02,6.602768903088392094e-02,9.247002398081534125e+00,5.731414868105515481e-01,3.793764988009592276e+00
6.331918308464644651e-01,-9.158679446219382403e-02,-6.922257720979765883e-02,7.880724174653887248e-02,9.254196642685851515e+00,3.357314148681055377e-01,3.676258992805755188e+00
6.381497032834948513e-01,-9.265175718849839870e-02,-6.176783812566560145e-02,7.348242811501597138e-02,9.323741007194245256e+00,2.589928057553956831e-01,3.541966426858513373e+00
6.431075757205253485e-01,-9.478168264110756192e-02,-5.111821086261980618e-02,6.709265175718849561e-02,9.256594724220622794e+00,3.597122302158273222e-01,3.752997601918465431e+00
6.480654481575557346e-01,-8.200212992545261037e-02,-4.685835995740149362e-02,7.667731629392970927e-02,9.239808153477218511e+00,4.124700239808153368e-01,3.637889688249400511e+00
6.530233205945861208e-01,-7.880724174653887248e-02,-3.620873269435569836e-02,9.158679446219382403e-02,9.354916067146282543e+00,2.613908872901678504e-01,3.741007194244604150e+00
6.579811930316166180e-01,-6.815761448349308416e-02,-1.916932907348242732e-02,9.158679446219382403e-02,9.417266187050358894e+00,2.206235011990407557e-01,3.659472422062350017e+00
6.629390654686470041e-01,-7.348242811501597138e-02,-3.194888178913737886e-03,8.306709265175718504e-02,9.273381294964028854e+00,3.693045563549160470e-01,3.911270983213429364e+00
6.678969379056773903e-01,-7.135250266240682204e-02,-3.194888178913737886e-03,8.626198083067092293e-02,9.098321342925659749e+00,5.395683453237409832e-01,4.009592326139088669e+00
6.728548103427077764e-01,-7.561235356762513460e-02,-1.171458998935037341e-02,1.001064962726304630e-01,9.021582733812950394e+00,5.083932853717025857e-01,4.033573141486810343e+00
6.778126827797382736e-01,-7.561235356762513460e-02,-1.597444089456868943e-02,1.128860489882854146e-01,9.115107913669064033e+00,3.693045563549160470e-01,4.028776978417266008e+00
6.827705552167686598e-01,-8.200212992545261037e-02,-2.449414270500532495e-02,1.064962726304579388e-01,9.141486810551558762e+00,3.285371702637889801e-01,4.031175059952038175e+00
6.877284276537990459e-01,-9.691160809371672513e-02,-4.259850905218317413e-02,1.001064962726304630e-01,9.050359712230216402e+00,3.693045563549160470e-01,4.201438848920862945e+00
6.926863000908295431e-01,-9.797657082002129980e-02,-6.283280085197018305e-02,1.011714589989350377e-01,9.083932853717026745e+00,3.357314148681055377e-01,3.997601918465227833e+00
6.976441725278599293e-01,-1.107561235356762513e-01,-7.028753993610223350e-02,1.043663471778487756e-01,9.131894484412470092e+00,1.534772182254196538e-01,3.932853717026378870e+00
7.026020449648903154e-01,-1.096911608093716767e-01,-6.815761448349308416e-02,9.797657082002129980e-02,9.263788968824940184e+00,-3.357314148681055099e-02,3.764988009592326268e+00
7.075599174019208126e-01,-1.171458998935037271e-01,-5.750798722044728195e-02,7.667731629392970927e-02,9.321342925659472201e+00,-1.606714628297362113e-01,3.800959232613908778e+00
7.125177898389511988e-01,-1.128860489882854146e-01,-5.324813631522896940e-02,4.898828541001064990e-02,9.390887290167865942e+00,-2.326139088729016757e-01,3.762589928057554101e+00
7.174756622759815849e-01,-1.054313099041533502e-01,-3.833865814696485463e-02,2.129925452609158706e-02,9.386091127098321607e+00,-2.541966426858512929e-01,3.724220623501198979e+00
7.224335347130120821e-01,-9.478168264110756192e-02,-1.703940362087327104e-02,-5.324813631522896766e-03,9.405275779376498946e+00,-2.422062350119904006e-01,3.836930455635491732e+00
7.273914071500424683e-01,-7.774227902023429781e-02,3.194888178913737886e-03,-3.301384451544196047e-02,9.287769784172661858e+00,-1.678657074340527550e-02,4.004796163069544335e+00
7.323492795870728544e-01,-7.028753993610223350e-02,7.454739084132055646e-03,-5.431309904153354406e-02,9.074340527577938076e+00,2.302158273381295084e-01,4.381294964028777272e+00
7.373071520241033516e-01,-5.857294994675186356e-02,-1.490947816826411129e-02,-5.111821086261980618e-02,9.035971223021583398e+00,3.405275779376498724e-01,4.249400479616307180e+00
7.422650244611337378e-01,-7.241746538871139671e-02,-3.833865814696485463e-02,-5.644302449414270728e-02,9.139088729016785706e+00,2.446043165467625957e-01,3.884892086330935079e+00
7.472228968981641239e-01,-7.561235356762513460e-02,-1.064962726304579353e-02,-6.709265175718849561e-02,8.973621103117505271e+00,2.949640287769784153e-01,4.381294964028777272e+00
7.521807693351946211e-01,-5.963791267305644517e-02,-1.277955271565495154e-02,-6.922257720979765883e-02,8.776978417266187549e+00,4.244604316546762846e-01,4.678657074340527799e+00
7.571386417722250073e-01,-6.070287539936101984e-02,-6.176783812566560145e-02,-6.070287539936101984e-02,8.613908872901678393e+00,4.988009592326139163e-01,5.208633093525179447e+00
7.620965142092553934e-01,-4.046858359957401785e-02,-1.384451544195953177e-01,-3.727369542066027996e-02,8.685851318944843413e+00,5.443645083932853179e-01,4.714628297362110310e+00
7.670543866462857796e-01,-4.685835995740149362e-02,-1.810436634717784987e-01,-2.236421725239616520e-02,8.697841726618705138e+00,5.035971223021582510e-01,4.474820143884891799e+00
7.720122590833162768e-01,-3.833865814696485463e-02,-1.863684771033013721e-01,-1.703940362087327104e-02,8.707434052757793808e+00,4.940047961630695261e-01,4.398081534772182444e+00
7.769701315203466629e-01,-4.259850905218317413e-02,-1.991480298189563236e-01,-7.454739084132055646e-03,8.774580335731414493e+00,4.676258992805755188e-01,4.618705035971222728e+00
7.819280039573770491e-01,-4.366347177848775574e-02,-2.428115015974440793e-01,2.129925452609158880e-03,8.894484412470024637e+00,3.165467625899280324e-01,4.517985611510791699e+00
7.868858763944075463e-01,-5.005324813631523151e-02,-2.758253461128860606e-01,-2.129925452609158880e-03,8.937649880095923649e+00,2.086330935251798635e-01,4.064748201438848518e+00
7.918437488314379324e-01,-5.963791267305644517e-02,-2.790202342917997846e-01,-1.277955271565495154e-02,8.930455635491606259e+00,2.446043165467625957e-01,3.786570743405275774e+00
7.968016212684683186e-01,-5.537806176783812567e-02,-2.619808306709265344e-01,-1.810436634717784918e-02,8.966426858513189657e+00,2.925659472422062479e-01,3.556354916067146377e+00
8.017594937054988158e-01,-6.176783812566560145e-02,-2.353567625133120289e-01,-1.384451544195953142e-02,9.000000000000000000e+00,1.990407673860911386e-01,3.717026378896882477e+00
8.067173661425292019e-01,-6.070287539936101984e-02,-2.183173588924387509e-01,-2.023429179978700893e-02,9.007194244604317390e+00,9.112709832134292809e-02,3.695443645083932971e+00
8.116752385795595881e-01,-7.667731629392970927e-02,-2.087326943556975511e-01,-4.153354632587859252e-02,8.932853717026379314e+00,1.175059952038369354e-01,3.841726618705036067e+00
8.166331110165900853e-01,-8.306709265175718504e-02,-2.108626198083067005e-01,-5.963791267305644517e-02,8.724220623501199867e+00,2.494004796163069582e-01,3.848920863309352569e+00
8.215909834536204714e-01,-8.945686900958466081e-02,-2.183173588924387509e-01,-6.176783812566560145e-02,8.527577937649880369e+00,3.836930455635491621e-01,3.764988009592326268e+00
8.265488558906508576e-01,-9.371671991480298725e-02,-2.161874334398296016e-01,-5.431309904153354406e-02,8.510791366906474309e+00,3.309352517985611475e-01,3.769784172661870603e+00
8.315067283276812438e-01,-8.945686900958466081e-02,-2.076677316293929765e-01,-5.111821086261980618e-02,8.537170263788969038e+00,2.230215827338129508e-01,3.832134292565947398e+00
8.364646007647117409e-01,-9.478168264110756192e-02,-2.097976570820021258e-01,-5.644302449414270728e-02,8.527577937649880369e+00,2.062350119904076684e-01,4.031175059952038175e+00
8.414224732017421271e-01,-9.265175718849839870e-02,-2.300319488817891278e-01,-5.644302449414270728e-02,8.484412470023981356e+00,2.446043165467625957e-01,3.872901678657074243e+00
8.463803456387725133e-01,-9.371671991480298725e-02,-2.396166134185303553e-01,-5.431309904153354406e-02,8.458033573141486627e+00,2.470023980815347631e-01,3.647482014388489180e+00
8.513382180758030104e-01,-8.732694355697551147e-02,-2.247071352502662545e-01,-5.111821086261980618e-02,8.422062350119903229e+00,2.182254196642685884e-01,3.460431654676258795e+00
8.562960905128333966e-01,-8.306709265175718504e-02,-1.948881789137380249e-01,-4.685835995740149362e-02,8.474820143884892687e+00,2.110311750599520308e-01,3.577937649880095883e+00
8.612539629498637828e-01,-7.561235356762513460e-02,-1.778487752928647470e-01,-3.833865814696485463e-02,8.537170263788969038e+00,2.062350119904076684e-01,3.676258992805755188e+00
8.662118353868942799e-01,-6.922257720979765883e-02,-1.682641107561235472e-01,-2.768903088391906284e-02,8.563549160671461991e+00,2.326139088729016757e-01,3.510791366906474753e+00
8.711697078239246661e-01,-7.454739084132055993e-02,-1.480298189563365174e-01,-2.449414270500532495e-02,8.505995203836929974e+00,3.285371702637889801e-01,3.539568345323741205e+00
8.761275802609550523e-01,-7.454739084132055993e-02,-1.192758253461128903e-01,-1.916932907348242732e-02,8.362110311750599934e+00,4.388489208633093441e-01,3.693045563549160804e+00
8.810854526979855494e-01,-7.667731629392970927e-02,-1.001064962726304630e-01,0.000000000000000000e+00,8.304556354916067917e+00,4.316546762589927866e-01,3.990407673860911331e+00
8.860433251350159356e-01,-7.241746538871139671e-02,-1.033013844515442009e-01,2.023429179978700893e-02,8.294964028776979248e+00,3.405275779376498724e-01,4.093525179856115415e+00
8.910011975720463218e-01,-7.880724174653887248e-02,-1.192758253461128903e-01,2.662406815761448470e-02,8.258992805755395850e+00,2.973621103117505826e-01,4.201438848920862945e+00
8.959590700090768189e-01,-8.306709265175718504e-02,-1.427050053248136441e-01,2.768903088391906284e-02,8.127098321342925757e+00,3.357314148681055377e-01,4.189448441247002108e+00
9.009169424461072051e-01,-8.839190628328008614e-02,-1.671991480298189447e-01,3.407880724174654208e-02,8.129496402877697037e+00,2.925659472422062479e-01,4.064748201438848518e+00
9.058748148831375913e-01,-9.265175718849839870e-02,-1.789137380191693216e-01,4.046858359957401785e-02,8.182254196642686495e+00,1.558752997601918489e-01,3.913669064748201532e+00
9.108326873201680884e-01,-1.022364217252396124e-01,-1.884984025559105492e-01,3.194888178913737886e-02,8.275779376498800133e+00,2.398081534772182090e-03,3.822541966426858728e+00
9.157905597571984746e-01,-1.150159744408945639e-01,-1.970181043663471743e-01,9.584664536741213658e-03,8.371702637889688603e+00,-1.223021582733812979e-01,3.834532374100719565e+00
9.207484321942288608e-01,-1.203407880724174650e-01,-2.055378061767837994e-01,-1.597444089456868943e-02,8.306954436450839196e+00,-1.486810551558752913e-01,3.705035971223021640e+00
9.257063046312592469e-01,-1.192758253461128903e-01,-2.151224707135250269e-01,-3.301384451544196047e-02,8.275779376498800133e+00,-1.894484412470023860e-01,3.649880095923261347e+00
9.306641770682897441e-01,-1.033013844515442009e-01,-2.151224707135250269e-01,-5.005324813631523151e-02,8.278177458033573188e+00,-2.470023980815347631e-01,3.458033573141486627e+00
9.356220495053201303e-01,-9.265175718849839870e-02,-2.108626198083067005e-01,-6.389776357827475772e-02,8.321342925659472201e+00,-2.709832134292565753e-01,3.426858513189448452e+00
9.405799219423505164e-01,-7.880724174653887248e-02,-2.097976570820021258e-01,-8.306709265175718504e-02,8.402877697841725890e+00,-2.805755395683453002e-01,3.330935251798561314e+00
9.455377943793810136e-01,-7.028753993610223350e-02,-2.044728434504792247e-01,-1.054313099041533502e-01,8.558752997601917656e+00,-2.278177458033573133e-01,3.235011990407673732e+00
9.504956668164113998e-01,-6.283280085197018305e-02,-1.853035143769967974e-01,-1.267305644302449408e-01,8.618705035971222728e+00,-1.462829736211031240e-01,3.146282973621103096e+00
9.554535392534417859e-01,-5.218317358892438779e-02,-1.608093716719914690e-01,-1.395101171458998923e-01,8.558752997601917656e+00,1.438848920863309427e-02,3.158273381294963933e+00
9.604114116904722831e-01,-3.940362087326943624e-02,-1.384451544195953177e-01,-1.405750798722044670e-01,8.520383693045562978e+00,1.151079136690647542e-01,3.242206235011990234e+00
9.653692841275026693e-01,-2.023429179978700893e-02,-1.256656017039403661e-01,-1.352502662406815659e-01,8.503597122302158695e+00,1.678657074340527688e-01,3.330935251798561314e+00
9.703271565645330554e-01,-1.064962726304579353e-02,-1.235356762513312029e-01,-1.256656017039403661e-01,8.486810551558752636e+00,2.781774580335731328e-01,3.436450839328537121e+00
9.752850290015635526e-01,3.194888178913737886e-03,-1.267305644302449408e-01,-1.150159744408945639e-01,8.474820143884892687e+00,3.812949640287769948e-01,3.354916067146282987e+00
9.802429014385939388e-01,7.454739084132055646e-03,-1.309904153354632672e-01,-9.584664536741213658e-02,8.505995203836929974e+00,4.316546762589927866e-01,3.225419664268585063e+00
9.852007738756243249e-01,7.454739084132055646e-03,-1.171458998935037271e-01,-8.093716719914803570e-02,8.609112709832134058e+00,4.580335731414867939e-01,3.050359712230215958e+00
9.901586463126547111e-01,2.129925452609158880e-03,-9.478168264110756192e-02,-7.135250266240682204e-02,8.673860911270983465e+00,4.388489208633093441e-01,3.031175059952038175e+00
9.951165187496852083e-01,-8.519701810436635520e-03,-7.028753993610223350e-02,-6.496272630457934627e-02,8.762589928057554545e+00,4.412470023980815115e-01,3.055155875299760293e+00
1.000074391186715816e+00,-2.342917997870074681e-02,-5.644302449414270728e-02,-6.176783812566560145e-02,8.683453237410072134e+00,5.131894484412470314e-01,3.100719424460431473e+00
1.005032263623746092e+00,-3.727369542066027996e-02,-4.685835995740149362e-02,-4.792332268370606829e-02,8.597122302158274110e+00,5.899280575539568305e-01,3.107913669064748419e+00
1.009990136060776589e+00,-5.005324813631523151e-02,-3.407880724174654208e-02,-2.981895633652822258e-02,8.635491606714628787e+00,6.282973621103117301e-01,3.045563549160671624e+00
1.014948008497807086e+00,-6.496272630457934627e-02,-1.810436634717784918e-02,-8.519701810436635520e-03,8.829736211031175230e+00,5.011990407673860837e-01,3.014388489208633004e+00
1.019905880934837361e+00,-7.987220447284344715e-02,5.324813631522896766e-03,3.194888178913737886e-03,9.038369304556354678e+00,3.669064748201438797e-01,2.985611510791366996e+00
1.024863753371867858e+00,-1.011714589989350377e-01,3.727369542066027996e-02,-1.064962726304579440e-03,9.011990407673861725e+00,3.860911270983213295e-01,3.071942446043165464e+00
1.029821625808898133e+00,-1.224707135250266282e-01,5.537806176783812567e-02,-1.064962726304579440e-03,8.851318944844123848e+00,4.748201438848920763e-01,3.249400479616306736e+00
1.034779498245928631e+00,-1.395101171458998923e-01,6.176783812566560145e-02,1.277955271565495154e-02,8.709832134292565087e+00,4.340527577937650094e-01,3.311750599520383531e+00
1.039737370682959128e+00,-1.544195953141639932e-01,6.389776357827475772e-02,2.023429179978700893e-02,8.748201438848921541e+00,2.374100719424460382e-01,3.378896882494004661e+00
1.044695243119989403e+00,-1.629392971246006461e-01,6.283280085197018305e-02,1.490947816826411129e-02,8.820143884892086561e+00,8.633093525179856564e-02,3.443645083932853623e+00
1.049653115557019900e+00,-1.693290734824281218e-01,5.111821086261980618e-02,0.000000000000000000e+00,8.793764988009591832e+00,6.954436450839328321e-02,3.520383693045563422e+00
1.054610987994050397e+00,-1.703940362087326965e-01,3.514376996805111675e-02,-1.171458998935037341e-02,8.741007194244604150e+00,1.151079136690647542e-01,3.532374100719424259e+00
1.059568860431080672e+00,-1.661341853035143701e-01,2.449414270500532495e-02,-1.490947816826411129e-02,8.714628297362111198e+00,7.434052757793764565e-02,3.414868105515587615e+00
1.064526732868111170e+00,-1.565495207667731703e-01,2.342917997870074681e-02,-1.384451544195953142e-02,8.851318944844123848e+00,-4.556354916067146404e-02,3.292565947242206192e+00
1.069484605305141667e+00,-1.480298189563365174e-01,3.088391906283280072e-02,-2.342917997870074681e-02,9.059952038369305072e+00,-1.942446043165467762e-01,3.199040767386091222e+00
1.074442477742171942e+00,-1.427050053248136441e-01,4.259850905218317413e-02,-4.579339723109691201e-02,9.167865707434053490e+00,-2.158273381294963933e-01,3.153477218225419598e+00
1.079400350179202439e+00,-1.331203407880724165e-01,6.176783812566560145e-02,-7.028753993610223350e-02,9.160671462829736100e+00,-1.510791366906474864e-01,3.146282973621103096e+00
1.084358222616232936e+00,-1.246006389776357776e-01,8.200212992545261037e-02,-8.626198083067092293e-02,9.115107913669064033e+00,-8.153477218225420320e-02,3.148681055155875264e+00
1.089316095053263211e+00,-1.139510117145899892e-01,1.064962726304579388e-01,-9.371671991480298725e-02,9.129496402877697037e+00,-4.796163069544364527e-02,3.220623501199040728e+00
1.094273967490293709e+00,-1.054313099041533502e-01,1.309904153354632672e-01,-9.797657082002129980e-02,9.134292565947241371e+00,-4.076738609112710160e-02,3.376498800959232494e+00
1.099231839927324206e+00,-9.691160809371672513e-02,1.373801916932907430e-01,-1.118210862619808260e-01,9.074340527577938076e+00,1.918465227817745672e-02,3.558752997601918544e+00
1.104189712364354481e+00,-9.265175718849839870e-02,1.267305644302449408e-01,-1.256656017039403661e-01,9.002398081534773056e+00,1.247002398081534791e-01,3.640287769784172678e+00
1.109147584801384978e+00,-9.158679446219382403e-02,1.160809371671991524e-01,-1.341853035143769912e-01,8.918465227817746310e+00,2.158273381294963933e-01,3.721822541966426812e+00
1.114105457238415475e+00,-8.626198083067092293e-02,1.075612353567625135e-01,-1.384451544195953177e-01,8.882494004796162912e+00,2.901678657074340251e-01,3.750599520383693264e+00
1.119063329675445750e+00,-8.839190628328008614e-02,9.265175718849839870e-02,-1.363152289669861683e-01,8.923261390887290645e+00,3.309352517985611475e-01,3.721822541966426812e+00
1.124021202112476248e+00,-9.158679446219382403e-02,7.880724174653887248e-02,-1.363152289669861683e-01,8.978417266187049606e+00,3.908872901678657197e-01,3.702637889688249473e+00
1.128979074549506745e+00,-9.904153354632587447e-02,6.709265175718849561e-02,-1.384451544195953177e-01,9.031175059952039064e+00,4.076738609112710021e-01,3.712230215827338142e+00
1.133936946986537020e+00,-1.011714589989350377e-01,5.750798722044728195e-02,-1.395101171458998923e-01,9.098321342925659749e+00,4.628297362110311841e-01,3.594724220623501054e+00
1.138894819423567517e+00,-1.054313099041533502e-01,5.431309904153354406e-02,-1.320553780617678419e-01,9.107913669064748419e+00,5.131894484412470314e-01,3.465227817745803574e+00
1.143852691860598014e+00,-1.096911608093716767e-01,6.389776357827475772e-02,-1.235356762513312029e-01,9.203836930455635112e+00,5.083932853717025857e-01,3.395683453237410276e+00
1.148810564297628289e+00,-1.203407880724174650e-01,7.880724174653887248e-02,-1.139510117145899892e-01,9.302158273381294862e+00,5.083932853717025857e-01,3.426858513189448452e+00
1.153768436734658787e+00,-1.267305644302449408e-01,9.371671991480298725e-02,-1.064962726304579388e-01,9.326139088729016535e+00,5.083932853717025857e-01,3.522781774580335590e+00
1.158726309171689284e+00,-1.405750798722044670e-01,1.075612353567625135e-01,-1.011714589989350377e-01,9.309352517985612252e+00,5.323741007194244812e-01,3.647482014388489180e+00
1.163684181608719559e+00,-1.554845580404685956e-01,1.107561235356762513e-01,-9.478168264110756192e-02,9.227817745803356786e+00,5.899280575539568305e-01,3.700239808153477306e+00
1.168642054045750056e+00,-1.661341853035143701e-01,1.118210862619808260e-01,-8.626198083067092293e-02,9.155875299760191766e+00,5.971223021582733326e-01,3.700239808153477306e+00
1.173599926482780553e+00,-1.831735889243876481e-01,1.128860489882854146e-01,-7.561235356762513460e-02,9.136690647482014427e+00,5.851318944844124958e-01,3.803357314148680945e+00
1.178557798919810828e+00,-1.959531416400425996e-01,1.064962726304579388e-01,-6.709265175718849561e-02,9.163069544364509156e+00,5.443645083932853179e-01,3.884892086330935079e+00
1.183515671356841326e+00,-2.076677316293929765e-01,9.371671991480298725e-02,-6.070287539936101984e-02,9.199040767386090778e+00,5.035971223021582510e-01,3.911270983213429364e+00
1.188473543793871823e+00,-2.076677316293929765e-01,7.774227902023429781e-02,-5.324813631522896940e-02,9.136690647482014427e+00,5.227817745803357008e-01,3.865707434052757741e+00
1.193431416230902098e+00,-2.108626198083067005e-01,6.176783812566560145e-02,-4.579339723109691201e-02,9.074340527577938076e+00,5.563549160671462657e-01,3.836930455635491732e+00
1.198389288667932595e+00,-2.097976570820021258e-01,5.431309904153354406e-02,-2.981895633652822258e-02,9.095923261390886694e+00,5.035971223021582510e-01,3.829736211031175230e+00
1.203347161104962870e+00,-2.023429179978700754e-01,4.898828541001064990e-02,-1.384451544195953142e-02,9.254196642685851515e+00,3.621103117505995450e-01,3.798561151079136611e+00
1.208305033541993367e+00,-1.959531416400425996e-01,4.046858359957401785e-02,-8.519701810436635520e-03,9.362110311750599934e+00,2.110311750599520308e-01,3.776978417266187105e+00
1.213262905979023865e+00,-1.874334398296059745e-01,3.940362087326943624e-02,-1.490947816826411129e-02,9.338129496402878260e+00,1.702637889688249362e-01,3.764988009592326268e+00
1.218220778416054140e+00,-1.810436634717784987e-01,3.727369542066027996e-02,-2.129925452609158706e-02,9.227817745803356786e+00,2.254196642685851182e-01,3.829736211031175230e+00
1.223178650853084637e+00,-1.703940362087326965e-01,2.875399361022364098e-02,-1.810436634717784918e-02,9.165467625899280435e+00,2.254196642685851182e-01,3.815347721822541782e+00
1.228136523290115134e+00,-1.586794462193823196e-01,1.810436634717784918e-02,-1.597444089456868943e-02,9.177458033573142160e+00,1.247002398081534791e-01,3.800959232613908778e+00
1.233094395727145409e+00,-1.512247071352502692e-01,5.324813631522896766e-03,-2.129925452609158706e-02,9.275779376498800133e+00,3.836930455635491344e-02,3.805755395683453113e+00
1.238052268164175906e+00,-1.533546325878594185e-01,-6.389776357827475772e-03,-3.727369542066027996e-02,9.304556354916067917e+00,7.194244604316546443e-02,3.750599520383693264e+00
1.243010140601206404e+00,-1.565495207667731703e-01,-1.810436634717784918e-02,-5.218317358892438779e-02,9.323741007194245256e+00,1.151079136690647542e-01,3.640287769784172678e+00
1.247968013038236679e+00,-1.576144834930777450e-01,-1.384451544195953142e-02,-6.176783812566560145e-02,9.321342925659472201e+00,2.038369304556355011e-01,3.539568345323741205e+00
1.252925885475267176e+00,-1.661341853035143701e-01,2.129925452609158880e-03,-6.709265175718849561e-02,9.340527577937649539e+00,2.494004796163069582e-01,3.618705035971223172e+00
1.257883757912297673e+00,-1.725239616613418459e-01,4.259850905218317760e-03,-6.922257720979765883e-02,9.309352517985612252e+00,3.213429256594724226e-01,3.745803357314148485e+00
1.262841630349327948e+00,-1.778487752928647470e-01,-8.519701810436635520e-03,-6.815761448349308416e-02,9.258992805755395850e+00,3.477218225419664299e-01,3.757793764988009766e+00
1.267799502786358445e+00,-1.831735889243876481e-01,-1.916932907348242732e-02,-6.496272630457934627e-02,9.184652278177457774e+00,3.884892086330935523e-01,3.693045563549160804e+00
1.272757375223388943e+00,-1.874334398296059745e-01,-3.088391906283280072e-02,-5.963791267305644517e-02,9.213429256594723782e+00,4.076738609112710021e-01,3.575539568345323715e+00
1.277715247660419218e+00,-1.938232161874334503e-01,-3.301384451544196047e-02,-5.218317358892438779e-02,9.302158273381294862e+00,3.525179856115107646e-01,3.573141486810551548e+00
1.282673120097449715e+00,-1.980830670926517489e-01,-3.407880724174654208e-02,-4.472843450479233041e-02,9.306954436450839196e+00,3.573141486810551548e-01,3.515587529976019088e+00
1.287630992534480212e+00,-2.044728434504792247e-01,-3.833865814696485463e-02,-3.940362087326943624e-02,9.258992805755395850e+00,3.717026378896882699e-01,3.549160671462829875e+00
1.292588864971510487e+00,-2.087326943556975511e-01,-4.579339723109691201e-02,-3.514376996805111675e-02,9.213429256594723782e+00,3.621103117505995450e-01,3.431654676258992787e+00
1.297546737408540984e+00,-2.172523961661341763e-01,-4.685835995740149362e-02,-2.555910543130990309e-02,9.203836930455635112e+00,3.333333333333333148e-01,3.342925659472422151e+00
1.302504609845571482e+00,-2.204472843450479280e-01,-4.792332268370606829e-02,-1.810436634717784918e-02,9.285371702637888802e+00,2.565947242206235157e-01,3.206235011990407724e+00
1.307462482282601757e+00,-2.279020234291799785e-01,-3.940362087326943624e-02,-1.277955271565495154e-02,9.422062350119903229e+00,9.832134292565947176e-02,3.131894484412470092e+00
1.312420354719632254e+00,-2.342917997870074542e-01,-2.236421725239616520e-02,-2.129925452609158706e-02,9.462829736211030962e+00,3.836930455635491344e-02,3.124700239808153590e+00
1.317378227156662751e+00,-2.364217252396166036e-01,-2.129925452609158880e-03,-3.088391906283280072e-02,9.400479616306954611e+00,6.954436450839328321e-02,3.110311750599520586e+00
1.322336099593693026e+00,-2.438764643237486818e-01,1.703940362087327104e-02,-3.407880724174654208e-02,9.345323741007193874e+00,7.913669064748200810e-02,3.189448441247002553e+00
1.327293972030723523e+00,-2.470713525026624058e-01,3.088391906283280072e-02,-3.620873269435569836e-02,9.287769784172661858e+00,1.462829736211031240e-01,3.143884892086330929e+00
1.332251844467754021e+00,-2.545260915867944562e-01,4.792332268370606829e-02,-3.727369542066027996e-02,9.311750599520383531e+00,1.366906474820143991e-01,3.254196642685851515e+00
1.337209716904784296e+00,-2.598509052183173851e-01,5.857294994675186356e-02,-4.259850905218317413e-02,9.326139088729016535e+00,1.486810551558752913e-01,3.290167865707434025e+00
1.342167589341814793e+00,-2.736954206602769113e-01,6.496272630457934627e-02,-4.579339723109691201e-02,9.235011990407674176e+00,1.990407673860911386e-01,3.390887290167865498e+00
1.347125461778845068e+00,-2.854100106496272882e-01,6.709265175718849561e-02,-5.111821086261980618e-02,9.110311750599519698e+00,2.901678657074340251e-01,3.498800959232613916e+00
1.352083334215875565e+00,-2.981895633652822397e-01,6.496272630457934627e-02,-5.111821086261980618e-02,9.028776978417266008e+00,3.405275779376498724e-01,3.585131894484412385e+00
1.357041206652906062e+00,-3.077742279020234117e-01,5.324813631522896940e-02,-4.579339723109691201e-02,9.074340527577938076e+00,2.637889688249400733e-01,3.659472422062350017e+00
1.361999079089936338e+00,-3.162939297124600646e-01,4.153354632587859252e-02,-4.366347177848775574e-02,9.127098321342925757e+00,1.990407673860911386e-01,3.640287769784172678e+00
1.366956951526966835e+00,-3.216187433439829380e-01,2.768903088391906284e-02,-5.111821086261980618e-02,9.127098321342925757e+00,1.894484412470023860e-01,3.729016786570743314e+00
1.371914823963997332e+00,-3.184238551650692139e-01,1.490947816826411129e-02,-5.111821086261980618e-02,9.086330935251798024e+00,1.990407673860911386e-01,3.697841726618705138e+00
1.376872696401027607e+00,-3.120340788072417659e-01,3.194888178913737886e-03,-4.579339723109691201e-02,9.093525179856115415e+00,1.870503597122302186e-01,3.642685851318944845e+00
1.381830568838058104e+00,-3.045793397231096877e-01,-4.259850905218317760e-03,-3.514376996805111675e-02,9.136690647482014427e+00,9.352517985611510931e-02,3.585131894484412385e+00
1.386788441275088601e+00,-2.917997870074547362e-01,-4.259850905218317760e-03,-3.407880724174654208e-02,9.232613908872901121e+00,4.796163069544364527e-02,3.558752997601918544e+00
1.391746313712118877e+00,-2.811501597444089340e-01,-6.389776357827475772e-03,-3.620873269435569836e-02,9.266187050359711463e+00,2.877697841726618855e-02,3.532374100719424259e+00
1.396704186149149374e+00,-2.673056443024494078e-01,-7.454739084132055646e-03,-3.727369542066027996e-02,9.242206235011989790e+00,5.755395683453237710e-02,3.455635491606714460e+00
1.401662058586179871e+00,-2.587859424920127549e-01,-3.194888178913737886e-03,-3.407880724174654208e-02,9.215827338129496837e+00,6.714628297362110199e-02,3.407673860911271113e+00
1.406619931023210146e+00,-2.492012779552715551e-01,2.129925452609158880e-03,-3.194888178913737886e-02,9.247002398081534125e+00,4.076738609112710160e-02,3.342925659472422151e+00
1.411577803460240643e+00,-2.449414270500532564e-01,9.584664536741213658e-03,-3.620873269435569836e-02,9.311750599520383531e+00,-2.158273381294964141e-02,3.350119904076738653e+00
1.416535675897271140e+00,-2.449414270500532564e-01,2.023429179978700893e-02,-4.685835995740149362e-02,9.306954436450839196e+00,-2.398081534772182090e-03,3.405275779376498946e+00
1.421493548334301416e+00,-2.481363152289669805e-01,2.555910543130990309e-02,-5.324813631522896940e-02,9.242206235011989790e+00,6.714628297362110199e-02,3.482014388489208745e+00
1.426451420771331913e+00,-2.502662406815761575e-01,2.662406815761448470e-02,-5.963791267305644517e-02,9.244604316546762846e+00,1.007194244604316530e-01,3.498800959232613916e+00
1.431409293208362410e+00,-2.577209797657081802e-01,3.088391906283280072e-02,-6.389776357827475772e-02,9.244604316546762846e+00,1.199040767386091166e-01,3.486810551558753080e+00
1.436367165645392685e+00,-2.673056443024494078e-01,3.620873269435569836e-02,-6.815761448349308416e-02,9.177458033573142160e+00,1.870503597122302186e-01,3.640287769784172678e+00
1.441325038082423182e+00,-2.779552715654952100e-01,3.301384451544196047e-02,-7.241746538871139671e-02,9.098321342925659749e+00,2.206235011990407557e-01,3.724220623501198979e+00
1.446282910519453679e+00,-2.896698615548455868e-01,1.703940362087327104e-02,-7.561235356762513460e-02,9.064748201438849406e+00,2.494004796163069582e-01,3.786570743405275774e+00
1.451240782956483955e+00,-3.003194888178913891e-01,0.000000000000000000e+00,-7.348242811501597138e-02,9.081534772182253690e+00,2.254196642685851182e-01,3.726618705035971146e+00
1.456198655393514452e+00,-3.130990415335463406e-01,-1.064962726304579353e-02,-7.454739084132055993e-02,9.155875299760191766e+00,2.134292565947242259e-01,3.630695443645084008e+00
1.461156527830544949e+00,-3.194888178913737886e-01,-1.277955271565495154e-02,-7.348242811501597138e-02,9.160671462829736100e+00,2.661870503597122406e-01,3.645083932853717013e+00
1.466114400267575224e+00,-3.226837060702875126e-01,-1.490947816826411129e-02,-6.709265175718849561e-02,9.139088729016785706e+00,2.949640287769784153e-01,3.666666666666666519e+00
1.471072272704605721e+00,-3.290734824281150162e-01,-1.810436634717784918e-02,-5.963791267305644517e-02,9.129496402877697037e+00,2.877697841726618577e-01,3.645083932853717013e+00
1.476030145141636218e+00,-3.407880724174653930e-01,-1.916932907348242732e-02,-5.111821086261980618e-02,9.189448441247002108e+00,2.853717026378896904e-01,3.606714628297361891e+00
1.480988017578666494e+00,-3.503727369542066206e-01,-1.916932907348242732e-02,-5.005324813631523151e-02,9.182254196642686495e+00,2.494004796163069582e-01,3.594724220623501054e+00
1.485945890015696991e+00,-3.631522896698615721e-01,-1.597444089456868943e-02,-5.005324813631523151e-02,9.189448441247002108e+00,2.805755395683453002e-01,3.577937649880095883e+00
1.490903762452727488e+00,-3.759318423855165237e-01,-1.384451544195953142e-02,-4.685835995740149362e-02,9.247002398081534125e+00,2.613908872901678504e-01,3.510791366906474753e+00
1.495861634889757763e+00,-3.865814696485623259e-01,-5.324813631522896766e-03,-4.685835995740149362e-02,9.258992805755395850e+00,1.798561151079136611e-01,3.474820143884892243e+00
1.500819507326788260e+00,-3.929712460063897739e-01,7.454739084132055646e-03,-5.005324813631523151e-02,9.258992805755395850e+00,1.582733812949640162e-01,3.494004796163069582e+00
1.505777379763818757e+00,-3.982960596379126472e-01,2.129925452609158706e-02,-5.431309904153354406e-02,9.227817745803356786e+00,1.798561151079136611e-01,3.573141486810551548e+00
1.510735252200849033e+00,-4.014909478168264267e-01,2.662406815761448470e-02,-5.537806176783812567e-02,9.129496402877697037e+00,1.942446043165467762e-01,3.635491606714628343e+00
1.515693124637879530e+00,-4.004259850905218521e-01,2.662406815761448470e-02,-5.218317358892438779e-02,9.069544364508393741e+00,1.342925659472422040e-01,3.719424460431654644e+00
1.520650997074909805e+00,-4.004259850905218521e-01,1.916932907348242732e-02,-5.324813631522896940e-02,9.019184652278177339e+00,1.294964028776978415e-01,3.724220623501198979e+00
1.525608869511940302e+00,-3.982960596379126472e-01,8.519701810436635520e-03,-5.324813631522896940e-02,9.026378896882494729e+00,1.103117505995203779e-01,3.736211031175059816e+00
1.530566741948970799e+00,-3.972310969116080726e-01,1.064962726304579440e-03,-5.537806176783812567e-02,9.074340527577938076e+00,1.031175059952038342e-01,3.669064748201438686e+00
1.535524614386001074e+00,-3.972310969116080726e-01,-2.129925452609158880e-03,-5.750798722044728195e-02,9.067146282973620686e+00,1.223021582733812979e-01,3.616306954436451004e+00
1.540482486823031572e+00,-3.972310969116080726e-01,-1.064962726304579440e-03,-5.857294994675186356e-02,9.026378896882494729e+00,1.318944844124700366e-01,3.541966426858513373e+00
1.545440359260062069e+00,-4.014909478168264267e-01,8.519701810436635520e-03,-6.176783812566560145e-02,9.021582733812950394e+00,1.079136690647481966e-01,3.546762589928057707e+00
1.550398231697092344e+00,-4.078807241746538748e-01,1.490947816826411129e-02,-6.922257720979765883e-02,9.105515587529975363e+00,7.913669064748200810e-02,3.529976019184652092e+00
1.555356104134122841e+00,-4.153354632587859530e-01,1.810436634717784918e-02,-7.667731629392970927e-02,9.158273381294964821e+00,4.076738609112710160e-02,3.470023980815347908e+00
1.560313976571153338e+00,-4.249201277955271805e-01,3.088391906283280072e-02,-8.732694355697551147e-02,9.182254196642686495e+00,4.076738609112710160e-02,3.544364508393285540e+00
1.565271849008183613e+00,-4.302449414270500538e-01,4.898828541001064990e-02,-9.691160809371672513e-02,9.129496402877697037e+00,1.055155875299760154e-01,3.637889688249400511e+00
1.570229721445214111e+00,-4.345047923322683525e-01,5.750798722044728195e-02,-1.011714589989350377e-01,9.074340527577938076e+00,8.393285371702638442e-02,3.748201438848920652e+00
1.575187593882244608e+00,-4.323748668796592032e-01,5.857294994675186356e-02,-1.064962726304579388e-01,9.038369304556354678e+00,5.275779376498800771e-02,3.858513189448441238e+00
1.580145466319274883e+00,-4.345047923322683525e-01,5.218317358892438779e-02,-1.182108626198083018e-01,8.968824940047960936e+00,4.316546762589928282e-02,3.952038369304556209e+00
1.585103338756305380e+00,-4.345047923322683525e-01,3.940362087326943624e-02,-1.288604898828540901e-01,8.956834532374100988e+00,3.117505995203836977e-02,3.995203836930455665e+00
1.590061211193335877e+00,-4.313099041533546285e-01,1.810436634717784918e-02,-1.384451544195953177e-01,8.942446043165467984e+00,1.678657074340527550e-02,3.940047961630695372e+00
1.595019083630366152e+00,-4.281150159744409045e-01,2.129925452609158880e-03,-1.501597444089456945e-01,8.997601918465226944e+00,-3.597122302158273222e-02,3.906474820143885029e+00
1.599976956067396650e+00,-4.206602768903088263e-01,-6.389776357827475772e-03,-1.682641107561235472e-01,9.002398081534773056e+00,-5.755395683453237710e-02,3.844124700239808234e+00
1.604934828504427147e+00,-4.078807241746538748e-01,-1.490947816826411129e-02,-1.799787007454738963e-01,9.009592326139088669e+00,-4.556354916067146404e-02,3.829736211031175230e+00
1.609892700941457422e+00,-3.929712460063897739e-01,-2.342917997870074681e-02,-1.884984025559105492e-01,9.004796163069544335e+00,-9.592326139088728360e-03,3.798561151079136611e+00
1.614850573378487919e+00,-3.759318423855165237e-01,-3.088391906283280072e-02,-1.991480298189563236e-01,9.019184652278177339e+00,1.438848920863309427e-02,3.695443645083932971e+00
1.619808445815518416e+00,-3.578274760383386432e-01,-3.088391906283280072e-02,-2.023429179978700754e-01,8.990407673860911331e+00,5.035971223021582649e-02,3.661870503597122184e+00
1.624766318252548691e+00,-3.407880724174653930e-01,-3.088391906283280072e-02,-2.023429179978700754e-01,9.011990407673861725e+00,1.342925659472422040e-01,3.693045563549160804e+00
1.629724190689579189e+00,-3.280085197018104415e-01,-2.768903088391906284e-02,-2.023429179978700754e-01,9.062350119904076351e+00,1.630695443645084064e-01,3.657074340527577849e+00
1.634682063126609686e+00,-3.205537806176783633e-01,-2.768903088391906284e-02,-2.023429179978700754e-01,9.119904076738608367e+00,1.390887290167865664e-01,3.594724220623501054e+00
1.639639935563639961e+00,-3.162939297124600646e-01,-2.555910543130990309e-02,-2.076677316293929765e-01,9.131894484412470092e+00,2.014388489208633060e-01,3.539568345323741205e+00
1.644597808000670458e+00,-3.141640042598509153e-01,-1.277955271565495154e-02,-2.076677316293929765e-01,9.158273381294964821e+00,2.829736211031175230e-01,3.532374100719424259e+00
1.649555680437700955e+00,-3.120340788072417659e-01,1.064962726304579440e-03,-2.097976570820021258e-01,9.129496402877697037e+00,3.764988009592326046e-01,3.551558752997602042e+00
1.654513552874731230e+00,-3.162939297124600646e-01,1.597444089456868943e-02,-2.044728434504792247e-01,9.100719424460431028e+00,4.340527577937650094e-01,3.635491606714628343e+00
1.659471425311761728e+00,-3.205537806176783633e-01,2.129925452609158706e-02,-1.948881789137380249e-01,9.081534772182253690e+00,4.532374100719424592e-01,3.741007194244604150e+00
1.664429297748792003e+00,-3.290734824281150162e-01,1.810436634717784918e-02,-1.906283280085196985e-01,9.019184652278177339e+00,4.772182254196642437e-01,3.784172661870503607e+00
1.669387170185822500e+00,-3.397231096911608184e-01,1.064962726304579353e-02,-1.874334398296059745e-01,8.995203836930455665e+00,4.892086330935251914e-01,3.755395683453237599e+00
1.674345042622852997e+00,-3.471778487752928410e-01,4.259850905218317760e-03,-1.810436634717784987e-01,8.952038369304556653e+00,5.419664268585131506e-01,3.726618705035971146e+00
1.679302915059883272e+00,-3.546325878594249192e-01,2.129925452609158880e-03,-1.714589989350372712e-01,8.964028776978416602e+00,5.467625899280575963e-01,3.714628297362110310e+00
1.684260787496913769e+00,-3.610223642172524228e-01,0.000000000000000000e+00,-1.597444089456868943e-01,8.980815347721822661e+00,4.796163069544364665e-01,3.688249400479616469e+00
1.689218659933944267e+00,-3.652822151224707214e-01,-1.064962726304579440e-03,-1.554845580404685956e-01,9.076738609112709355e+00,3.908872901678657197e-01,3.604316546762589724e+00
1.694176532370974542e+00,-3.727369542066027441e-01,1.064962726304579440e-03,-1.544195953141639932e-01,9.127098321342925757e+00,3.597122302158273222e-01,3.496402877697841749e+00
1.699134404808005039e+00,-3.780617678381256730e-01,9.584664536741213658e-03,-1.576144834930777450e-01,9.141486810551558762e+00,3.477218225419664299e-01,3.443645083932853623e+00
1.704092277245035536e+00,-3.812566560170393970e-01,2.555910543130990309e-02,-1.586794462193823196e-01,9.175059952038369104e+00,3.405275779376498724e-01,3.410071942446043280e+00
1.709050149682065811e+00,-3.823216187433439717e-01,4.366347177848775574e-02,-1.586794462193823196e-01,9.235011990407674176e+00,3.093525179856115304e-01,3.434052757793764954e+00
1.714008022119096308e+00,-3.823216187433439717e-01,6.389776357827475772e-02,-1.640042598509052207e-01,9.249400479616307180e+00,2.973621103117505826e-01,3.474820143884892243e+00
1.718965894556126806e+00,-3.865814696485623259e-01,8.306709265175718504e-02,-1.703940362087326965e-01,9.187050359712230829e+00,3.621103117505995450e-01,3.613908872901678837e+00
1.723923766993157081e+00,-3.908413205537806245e-01,9.584664536741213658e-02,-1.735889243876464205e-01,9.115107913669064033e+00,4.388489208633093441e-01,3.685851318944844301e+00
1.728881639430187578e+00,-3.929712460063897739e-01,9.904153354632587447e-02,-1.735889243876464205e-01,9.091127098321342359e+00,4.628297362110311841e-01,3.786570743405275774e+00
1.733839511867218075e+00,-3.929712460063897739e-01,1.001064962726304630e-01,-1.714589989350372712e-01,9.076738609112709355e+00,4.580335731414867939e-01,3.844124700239808234e+00
1.738797384304248350e+00,-3.972310969116080726e-01,9.691160809371672513e-02,-1.703940362087326965e-01,9.079136690647482411e+00,4.724220623501199090e-01,3.836930455635491732e+00
1.743755256741278847e+00,-4.036208732694355761e-01,9.371671991480298725e-02,-1.693290734824281218e-01,9.028776978417266008e+00,5.179856115107913661e-01,3.882494004796162912e+00
1.748713129178309345e+00,-4.068157614483493001e-01,9.158679446219382403e-02,-1.650692225772097954e-01,9.009592326139088669e+00,5.563549160671462657e-01,3.906474820143885029e+00
1.753671001615339620e+00,-4.078807241746538748e-01,8.945686900958466081e-02,-1.554845580404685956e-01,9.002398081534773056e+00,5.563549160671462657e-01,3.906474820143885029e+00
1.758628874052370117e+00,-4.057507987220447254e-01,8.732694355697551147e-02,-1.512247071352502692e-01,9.043165467625899012e+00,5.035971223021582510e-01,3.916067146282973699e+00
1.763586746489400614e+00,-4.036208732694355761e-01,8.732694355697551147e-02,-1.469648562300319428e-01,9.045563549160672068e+00,5.011990407673860837e-01,3.899280575539568527e+00
1.768544618926430889e+00,-3.940362087326943485e-01,8.839190628328008614e-02,-1.395101171458998923e-01,9.007194244604317390e+00,4.772182254196642437e-01,3.911270983213429364e+00
1.773502491363461386e+00,-3.855165069222576957e-01,8.945686900958466081e-02,-1.309904153354632672e-01,9.011990407673861725e+00,4.508393285371702364e-01,3.932853717026378870e+00
1.778460363800491884e+00,-3.716719914802981695e-01,8.945686900958466081e-02,-1.214057507987220397e-01,9.011990407673861725e+00,3.908872901678657197e-01,3.875299760191846410e+00
1.783418236237522159e+00,-3.588924387646432179e-01,9.158679446219382403e-02,-1.139510117145899892e-01,9.067146282973620686e+00,3.141486810551558650e-01,3.863309352517985573e+00
1.788376108674552656e+00,-3.439829605963791170e-01,9.584664536741213658e-02,-1.128860489882854146e-01,9.026378896882494729e+00,3.069544364508393075e-01,3.892086330935251581e+00
1.793333981111583153e+00,-3.301384451544195908e-01,1.011714589989350377e-01,-1.139510117145899892e-01,8.997601918465226944e+00,3.285371702637889801e-01,3.937649880095923205e+00
1.798291853548613428e+00,-3.184238551650692139e-01,1.033013844515442009e-01,-1.118210862619808260e-01,8.971223021582733992e+00,3.884892086330935523e-01,3.992805755395683498e+00
1.803249725985643925e+00,-3.099041533546325611e-01,1.022364217252396124e-01,-1.043663471778487756e-01,8.942446043165467984e+00,4.172661870503597270e-01,4.055155875299759849e+00
1.808207598422674423e+00,-3.035143769968051131e-01,9.584664536741213658e-02,-9.691160809371672513e-02,8.940047961630694928e+00,4.628297362110311841e-01,4.131894484412470092e+00
1.813165470859704698e+00,-3.024494142705005384e-01,8.519701810436634826e-02,-9.052183173588924936e-02,8.928057553956834980e+00,5.035971223021582510e-01,4.103117505995204084e+00
1.818123343296735195e+00,-3.077742279020234117e-01,7.348242811501597138e-02,-8.306709265175718504e-02,8.872901678657074243e+00,5.323741007194244812e-01,4.153477218225419598e+00
1.823081215733765692e+00,-3.162939297124600646e-01,5.963791267305644517e-02,-7.561235356762513460e-02,8.870503597122302963e+00,5.563549160671462657e-01,4.177458033573141272e+00
1.828039088170795967e+00,-3.258785942492012921e-01,4.472843450479233041e-02,-6.496272630457934627e-02,8.913669064748201976e+00,5.515587529976019310e-01,4.177458033573141272e+00
1.832996960607826464e+00,-3.365282215122470943e-01,3.194888178913737886e-02,-5.750798722044728195e-02,8.896882494004795916e+00,5.491606714628297636e-01,4.117505995203837088e+00
1.837954833044856739e+00,-3.493077742279020459e-01,1.810436634717784918e-02,-5.218317358892438779e-02,8.832134292565946510e+00,5.227817745803357008e-01,4.081534772182254578e+00
1.842912705481887237e+00,-3.620873269435569974e-01,7.454739084132055646e-03,-4.153354632587859252e-02,8.846522781774579514e+00,5.347721822541966485e-01,4.059952038369304184e+00
1.847870577918917734e+00,-3.695420660276890201e-01,-6.389776357827475772e-03,-2.768903088391906284e-02,8.913669064748201976e+00,4.388489208633093441e-01,3.990407673860911331e+00
1.852828450355948009e+00,-3.801916932907348223e-01,-1.703940362087327104e-02,-1.810436634717784918e-02,8.973621103117505271e+00,3.333333333333333148e-01,3.875299760191846410e+00
1.857786322792978506e+00,-3.876464323748669005e-01,-2.129925452609158706e-02,-1.703940362087327104e-02,9.016786570743406060e+00,2.326139088729016757e-01,3.729016786570743314e+00
1.862744195230009003e+00,-3.919062832800851992e-01,-1.810436634717784918e-02,-1.810436634717784918e-02,9.035971223021583398e+00,1.798561151079136611e-01,3.652278177458033515e+00
1.867702067667039278e+00,-3.919062832800851992e-01,-8.519701810436635520e-03,-1.597444089456868943e-02,9.081534772182253690e+00,8.633093525179856564e-02,3.561151079136690711e+00
1.872659940104069776e+00,-3.897763578274760499e-01,4.259850905218317760e-03,-1.703940362087327104e-02,9.117505995203837088e+00,-3.836930455635491344e-02,3.513189448441246920e+00
1.877617812541100273e+00,-3.823216187433439717e-01,2.023429179978700893e-02,-2.555910543130990309e-02,9.146282973621103096e+00,-1.414868105515587615e-01,3.498800959232613916e+00
1.882575684978130548e+00,-3.759318423855165237e-01,3.194888178913737886e-02,-3.620873269435569836e-02,9.112709832134292753e+00,-1.630695443645084064e-01,3.505995203836930418e+00
1.887533557415161045e+00,-3.652822151224707214e-01,3.940362087326943624e-02,-4.792332268370606829e-02,9.052757793764987682e+00,-1.247002398081534791e-01,3.532374100719424259e+00
1.892491429852191542e+00,-3.578274760383386432e-01,4.792332268370606829e-02,-5.857294994675186356e-02,9.026378896882494729e+00,-1.558752997601918489e-01,3.573141486810551548e+00
1.897449302289221817e+00,-3.471778487752928410e-01,5.963791267305644517e-02,-6.922257720979765883e-02,9.057553956834532016e+00,-1.942446043165467762e-01,3.666666666666666519e+00
1.902407174726252315e+00,-3.375931842385516690e-01,6.283280085197018305e-02,-8.626198083067092293e-02,9.045563549160672068e+00,-1.462829736211031240e-01,3.724220623501198979e+00
1.907365047163282812e+00,-3.343982960596378895e-01,5.750798722044728195e-02,-1.011714589989350377e-01,8.959232613908872267e+00,-1.247002398081534791e-01,3.844124700239808234e+00
1.912322919600313087e+00,-3.258785942492012921e-01,5.537806176783812567e-02,-1.160809371671991524e-01,8.887290167865707247e+00,-9.832134292565947176e-02,3.844124700239808234e+00
1.917280792037343584e+00,-3.216187433439829380e-01,5.218317358892438779e-02,-1.299254526091586925e-01,8.911270983213428920e+00,-7.673860911270982688e-02,3.904076738609112862e+00
1.922238664474374081e+00,-3.130990415335463406e-01,4.472843450479233041e-02,-1.427050053248136441e-01,8.894484412470024637e+00,-3.836930455635491344e-02,3.956834532374100544e+00
1.927196536911404356e+00,-3.077742279020234117e-01,3.088391906283280072e-02,-1.565495207667731703e-01,8.832134292565946510e+00,1.678657074340527550e-02,3.985611510791366996e+00
1.932154409348434854e+00,-3.045793397231096877e-01,1.810436634717784918e-02,-1.671991480298189447e-01,8.856115107913668183e+00,3.836930455635491344e-02,3.980815347721822661e+00
1.937112281785465351e+00,-3.003194888178913891e-01,9.584664536741213658e-03,-1.757188498402555976e-01,8.889688249400480302e+00,5.275779376498800771e-02,3.848920863309352569e+00
1.942070154222495626e+00,-2.981895633652822397e-01,4.259850905218317760e-03,-1.821086261980830734e-01,8.932853717026379314e+00,3.117505995203836977e-02,3.800959232613908778e+00
1.947028026659526123e+00,-2.886048988285410122e-01,1.064962726304579353e-02,-1.874334398296059745e-01,8.961630695443645322e+00,6.714628297362110199e-02,3.736211031175059816e+00
1.951985899096556620e+00,-2.811501597444089340e-01,1.490947816826411129e-02,-1.938232161874334503e-01,8.997601918465226944e+00,8.153477218225420320e-02,3.779376498800959272e+00
1.956943771533586895e+00,-2.715654952076677064e-01,1.916932907348242732e-02,-2.002129925452609260e-01,9.007194244604317390e+00,1.390887290167865664e-01,3.736211031175059816e+00
1.961901643970617393e+00,-2.662406815761448331e-01,2.449414270500532495e-02,-2.066027689030884018e-01,8.932853717026379314e+00,2.014388489208633060e-01,3.776978417266187105e+00
1.966859516407647890e+00,-2.555910543130990309e-01,2.875399361022364098e-02,-2.076677316293929765e-01,8.865707434052758629e+00,2.925659472422062479e-01,3.829736211031175230e+00
1.971817388844678165e+00,-2.502662406815761575e-01,2.875399361022364098e-02,-2.002129925452609260e-01,8.884892086330935967e+00,3.429256594724220397e-01,3.841726618705036067e+00
1.976775261281708662e+00,-2.470713525026624058e-01,2.449414270500532495e-02,-1.959531416400425996e-01,8.877697841726618577e+00,3.764988009592326046e-01,3.863309352517985573e+00
1.981733133718738937e+00,-2.492012779552715551e-01,2.555910543130990309e-02,-1.938232161874334503e-01,8.860911270983214294e+00,4.268585131894484519e-01,3.827338129496403063e+00
1.986691006155769434e+00,-2.577209797657081802e-01,2.342917997870074681e-02,-1.938232161874334503e-01,8.805755395683453557e+00,4.772182254196642437e-01,3.856115107913669071e+00
1.991648878592799932e+00,-2.662406815761448331e-01,1.916932907348242732e-02,-1.938232161874334503e-01,8.820143884892086561e+00,5.107913669064748641e-01,3.793764988009592276e+00
1.996606751029830207e+00,-2.758253461128860606e-01,1.703940362087327104e-02,-1.884984025559105492e-01,8.875299760191847298e+00,5.443645083932853179e-01,3.781774580335731439e+00
2.001564623466860926e+00,-2.822151224707135087e-01,2.129925452609158706e-02,-1.842385516506922227e-01,8.875299760191847298e+00,5.851318944844124958e-01,3.779376498800959272e+00
2.006522495903891201e+00,-2.896698615548455868e-01,2.662406815761448470e-02,-1.746538871139510229e-01,8.940047961630694928e+00,6.450839328537170125e-01,3.793764988009592276e+00
2.011480368340921476e+00,-2.960596379126730349e-01,2.981895633652822258e-02,-1.565495207667731703e-01,9.011990407673861725e+00,6.330935251798560648e-01,3.776978417266187105e+00
2.016438240777952196e+00,-3.024494142705005384e-01,3.940362087326943624e-02,-1.416400425985090417e-01,9.069544364508393741e+00,6.163069544364508934e-01,3.729016786570743314e+00
2.021396113214982471e+00,-3.130990415335463406e-01,5.324813631522896940e-02,-1.363152289669861683e-01,9.146282973621103096e+00,5.803357314148680501e-01,3.750599520383693264e+00
2.026353985652012746e+00,-3.205537806176783633e-01,6.815761448349308416e-02,-1.299254526091586925e-01,9.155875299760191766e+00,6.402877697841726778e-01,3.810551558752997447e+00
2.031311858089043465e+00,-3.301384451544195908e-01,7.454739084132055993e-02,-1.182108626198083018e-01,9.062350119904076351e+00,6.906474820143885252e-01,3.932853717026378870e+00
2.036269730526073740e+00,-3.301384451544195908e-01,7.348242811501597138e-02,-1.001064962726304630e-01,9.009592326139088669e+00,6.474820143884891799e-01,3.983213429256594829e+00
2.041227602963104015e+00,-3.280085197018104415e-01,7.028753993610223350e-02,-8.839190628328008614e-02,9.028776978417266008e+00,5.995203836930456109e-01,4.059952038369304184e+00
2.046185475400134735e+00,-3.258785942492012921e-01,6.283280085197018305e-02,-8.200212992545261037e-02,8.995203836930455665e+00,6.402877697841726778e-01,4.160671462829736100e+00
2.051143347837165010e+00,-3.205537806176783633e-01,4.792332268370606829e-02,-6.709265175718849561e-02,9.019184652278177339e+00,6.498800959232613472e-01,4.103117505995204084e+00
2.056101220274195285e+00,-3.184238551650692139e-01,3.727369542066027996e-02,-5.218317358892438779e-02,9.004796163069544335e+00,5.947242206235011652e-01,4.004796163069544335e+00
2.061059092711225560e+00,-3.099041533546325611e-01,3.833865814696485463e-02,-4.259850905218317413e-02,9.009592326139088669e+00,5.035971223021582510e-01,3.920863309352518034e+00
2.066016965148256279e+00,-3.003194888178913891e-01,4.259850905218317413e-02,-3.514376996805111675e-02,9.055155875299760737e+00,3.812949640287769948e-01,3.892086330935251581e+00
2.070974837585286554e+00,-2.875399361022364375e-01,4.366347177848775574e-02,-3.514376996805111675e-02,9.059952038369305072e+00,3.141486810551558650e-01,3.858513189448441238e+00
2.075932710022316829e+00,-2.705005324813631318e-01,4.153354632587859252e-02,-3.727369542066027996e-02,9.031175059952039064e+00,2.541966426858512929e-01,3.755395683453237599e+00
2.080890582459347549e+00,-2.481363152289669805e-01,4.579339723109691201e-02,-4.046858359957401785e-02,9.033573141486810343e+00,2.206235011990407557e-01,3.652278177458033515e+00
2.085848454896377824e+00,-2.225772097976570774e-01,6.176783812566560145e-02,-3.940362087326943624e-02,9.040767386091127733e+00,1.702637889688249362e-01,3.544364508393285540e+00
2.090806327333408099e+00,-1.970181043663471743e-01,7.667731629392970927e-02,-3.940362087326943624e-02,9.088729016786571080e+00,9.832134292565947176e-02,3.517985611510791255e+00
2.095764199770438818e+00,-1.778487752928647470e-01,9.371671991480298725e-02,-4.792332268370606829e-02,9.153477218225420486e+00,4.076738609112710160e-02,3.520383693045563422e+00
2.100722072207469093e+00,-1.597444089456868943e-01,1.086261980830670881e-01,-6.496272630457934627e-02,9.191846522781775164e+00,7.673860911270982688e-02,3.522781774580335590e+00
2.105679944644499368e+00,-1.469648562300319428e-01,1.267305644302449408e-01,-7.774227902023429781e-02,9.139088729016785706e+00,2.302158273381295084e-01,3.628297362110311841e+00
2.110637817081530088e+00,-1.320553780617678419e-01,1.458998935037273681e-01,-7.880724174653887248e-02,9.074340527577938076e+00,3.573141486810551548e-01,3.736211031175059816e+00
2.115595689518560363e+00,-1.235356762513312029e-01,1.586794462193823196e-01,-7.667731629392970927e-02,9.011990407673861725e+00,4.004796163069544446e-01,3.820143884892086117e+00
2.120553561955590638e+00,-1.192758253461128903e-01,1.640042598509052207e-01,-7.348242811501597138e-02,9.040767386091127733e+00,4.460431654676259017e-01,3.959232613908872711e+00
2.125511434392621357e+00,-1.203407880724174650e-01,1.650692225772097954e-01,-7.667731629392970927e-02,8.964028776978416602e+00,5.371702637889688159e-01,4.105515587529976251e+00
2.130469306829651632e+00,-1.256656017039403661e-01,1.522896698615548439e-01,-7.454739084132055993e-02,8.858513189448441238e+00,6.043165467625899456e-01,4.242206235011990678e+00
2.135427179266681907e+00,-1.299254526091586925e-01,1.352502662406815659e-01,-6.602768903088392094e-02,8.815347721822542226e+00,6.450839328537170125e-01,4.290167865707434025e+00
2.140385051703712627e+00,-1.320553780617678419e-01,1.192758253461128903e-01,-5.537806176783812567e-02,8.812949640287769171e+00,6.498800959232613472e-01,4.285371702637889690e+00
2.145342924140742902e+00,-1.352502662406815659e-01,1.033013844515442009e-01,-4.792332268370606829e-02,8.877697841726618577e+00,6.019184652278177783e-01,4.333333333333333037e+00
2.150300796577773177e+00,-1.384451544195953177e-01,8.626198083067092293e-02,-4.792332268370606829e-02,8.848920863309352569e+00,5.683453237410072134e-01,4.345323741007193874e+00
2.155258669014803896e+00,-1.416400425985090417e-01,6.602768903088392094e-02,-4.259850905218317413e-02,8.848920863309352569e+00,5.563549160671462657e-01,4.354916067146282543e+00
2.160216541451834171e+00,-1.373801916932907430e-01,4.898828541001064990e-02,-3.301384451544196047e-02,8.851318944844123848e+00,5.683453237410072134e-01,4.199040767386090778e+00
2.165174413888864446e+00,-1.384451544195953177e-01,4.046858359957401785e-02,-2.342917997870074681e-02,8.872901678657074243e+00,5.227817745803357008e-01,4.105515587529976251e+00
2.170132286325895166e+00,-1.331203407880724165e-01,3.407880724174654208e-02,-1.703940362087327104e-02,8.853717026378896904e+00,4.820143884892086339e-01,4.055155875299759849e+00
2.175090158762925441e+00,-1.320553780617678419e-01,2.662406815761448470e-02,-6.389776357827475772e-03,8.901678657074340251e+00,4.652278177458033515e-01,4.004796163069544335e+00
2.180048031199955716e+00,-1.331203407880724165e-01,2.129925452609158706e-02,3.194888178913737886e-03,8.968824940047960936e+00,4.196642685851318944e-01,3.889688249400479414e+00
2.185005903636986435e+00,-1.331203407880724165e-01,2.449414270500532495e-02,4.259850905218317760e-03,9.033573141486810343e+00,3.741007194244604372e-01,3.745803357314148485e+00
2.189963776074016710e+00,-1.384451544195953177e-01,3.727369542066027996e-02,2.129925452609158880e-03,9.095923261390886694e+00,3.788968824940047719e-01,3.681055155875299967e+00
2.194921648511046985e+00,-1.373801916932907430e-01,5.431309904153354406e-02,4.259850905218317760e-03,9.091127098321342359e+00,4.004796163069544446e-01,3.726618705035971146e+00
2.199879520948077705e+00,-1.395101171458998923e-01,6.815761448349308416e-02,1.064962726304579353e-02,9.050359712230216402e+00,4.196642685851318944e-01,3.884892086330935079e+00
2.204837393385107980e+00,-1.373801916932907430e-01,7.348242811501597138e-02,1.703940362087327104e-02,9.021582733812950394e+00,4.220623501199040617e-01,3.937649880095923205e+00
2.209795265822138255e+00,-1.384451544195953177e-01,7.028753993610223350e-02,2.449414270500532495e-02,8.988009592326138275e+00,4.028776978417266119e-01,3.966426858513189657e+00
2.214753138259168974e+00,-1.416400425985090417e-01,6.496272630457934627e-02,2.555910543130990309e-02,8.961630695443645322e+00,4.076738609112710021e-01,3.949640287769784042e+00
2.219711010696199249e+00,-1.469648562300319428e-01,6.283280085197018305e-02,2.981895633652822258e-02,8.968824940047960936e+00,3.908872901678657197e-01,3.923261390887290201e+00
2.224668883133229524e+00,-1.448349307774227934e-01,6.389776357827475772e-02,3.940362087326943624e-02,9.033573141486810343e+00,3.237410071942445899e-01,3.954436450839328376e+00
2.229626755570260244e+00,-1.437699680511182188e-01,6.496272630457934627e-02,4.259850905218317413e-02,9.016786570743406060e+00,3.261390887290168128e-01,3.973621103117506159e+00
2.234584628007290519e+00,-1.490947816826411199e-01,6.070287539936101984e-02,4.579339723109691201e-02,8.949640287769783598e+00,2.805755395683453002e-01,3.968824940047961825e+00
2.239542500444320794e+00,-1.490947816826411199e-01,5.537806176783812567e-02,4.685835995740149362e-02,8.899280575539568972e+00,2.829736211031175230e-01,3.961630695443644878e+00
2.244500372881351513e+00,-1.490947816826411199e-01,5.324813631522896940e-02,5.324813631522896940e-02,8.928057553956834980e+00,2.254196642685851182e-01,3.899280575539568527e+00
2.249458245318381788e+00,-1.480298189563365174e-01,5.218317358892438779e-02,5.537806176783812567e-02,8.947242206235012318e+00,1.534772182254196538e-01,3.841726618705036067e+00
2.254416117755412063e+00,-1.490947816826411199e-01,5.431309904153354406e-02,5.324813631522896940e-02,8.966426858513189657e+00,9.352517985611510931e-02,3.791366906474820109e+00
2.259373990192442783e+00,-1.501597444089456945e-01,6.176783812566560145e-02,5.005324813631523151e-02,9.014388489208633004e+00,9.592326139088729053e-02,3.762589928057554101e+00
2.264331862629473058e+00,-1.469648562300319428e-01,7.241746538871139671e-02,4.792332268370606829e-02,9.035971223021583398e+00,8.633093525179856564e-02,3.750599520383693264e+00
2.269289735066503333e+00,-1.437699680511182188e-01,8.732694355697551147e-02,4.685835995740149362e-02,8.985611510791366996e+00,5.035971223021582649e-02,3.832134292565947398e+00
2.274247607503534052e+00,-1.373801916932907430e-01,9.371671991480298725e-02,4.366347177848775574e-02,8.935251798561150594e+00,2.398081534772182263e-02,3.863309352517985573e+00
2.279205479940564327e+00,-1.288604898828540901e-01,9.158679446219382403e-02,4.259850905218317413e-02,8.923261390887290645e+00,-1.918465227817745672e-02,3.913669064748201532e+00
2.284163352377594602e+00,-1.203407880724174650e-01,8.626198083067092293e-02,4.153354632587859252e-02,8.904076738609113306e+00,-4.796163069544364527e-02,3.906474820143885029e+00
2.289121224814625322e+00,-1.139510117145899892e-01,8.306709265175718504e-02,3.833865814696485463e-02,8.908872901678657641e+00,-5.755395683453237710e-02,3.865707434052757741e+00
2.294079097251655597e+00,-1.054313099041533502e-01,8.306709265175718504e-02,3.407880724174654208e-02,8.937649880095923649e+00,-8.393285371702638442e-02,3.846522781774580402e+00
2.299036969688685872e+00,-9.584664536741213658e-02,8.413205537806177359e-02,2.662406815761448470e-02,8.952038369304556653e+00,-7.913669064748200810e-02,3.817745803357313950e+00
2.303994842125716591e+00,-9.052183173588924936e-02,8.732694355697551147e-02,2.129925452609158706e-02,8.961630695443645322e+00,-9.832134292565947176e-02,3.844124700239808234e+00
2.308952714562746866e+00,-8.732694355697551147e-02,9.052183173588924936e-02,1.916932907348242732e-02,8.947242206235012318e+00,-1.199040767386091166e-01,3.800959232613908778e+00
2.313910586999777141e+00,-8.413205537806177359e-02,9.371671991480298725e-02,1.597444089456868943e-02,8.935251798561150594e+00,-1.294964028776978415e-01,3.822541966426858728e+00
2.318868459436807861e+00,-7.987220447284344715e-02,9.797657082002129980e-02,6.389776357827475772e-03,8.956834532374100988e+00,-9.592326139088729053e-02,3.798561151079136611e+00
2.323826331873838136e+00,-8.306709265175718504e-02,1.054313099041533502e-01,-3.194888178913737886e-03,8.932853717026379314e+00,-1.438848920863309427e-02,3.865707434052757741e+00
2.328784204310868411e+00,-8.306709265175718504e-02,1.075612353567625135e-01,-3.194888178913737886e-03,8.836930455635490844e+00,4.076738609112710160e-02,3.848920863309352569e+00
2.333742076747899130e+00,-8.519701810436634826e-02,1.075612353567625135e-01,-1.064962726304579440e-03,8.815347721822542226e+00,2.158273381294964141e-02,3.858513189448441238e+00
2.338699949184929405e+00,-9.052183173588924936e-02,1.139510117145899892e-01,-5.324813631522896766e-03,8.812949640287769171e+00,-4.076738609112710160e-02,3.920863309352518034e+00
2.343657821621959680e+00,-9.371671991480298725e-02,1.160809371671991524e-01,-1.171458998935037341e-02,8.827338129496402175e+00,-7.194244604316546443e-02,4.038369304556354678e+00
2.348615694058990400e+00,-9.371671991480298725e-02,1.096911608093716767e-01,-1.703940362087327104e-02,8.760191846522781489e+00,-4.076738609112710160e-02,4.124700239808153590e+00
2.353573566496020675e+00,-9.265175718849839870e-02,9.797657082002129980e-02,-2.023429179978700893e-02,8.669064748201439130e+00,1.918465227817745672e-02,4.119904076738609255e+00
2.358531438933050950e+00,-8.945686900958466081e-02,8.626198083067092293e-02,-1.810436634717784918e-02,8.664268585131894795e+00,-1.678657074340527550e-02,4.076738609112710243e+00
2.363489311370081669e+00,-7.987220447284344715e-02,7.667731629392970927e-02,-1.810436634717784918e-02,8.729016786570744202e+00,-8.153477218225420320e-02,3.992805755395683498e+00
2.368447183807111944e+00,-7.774227902023429781e-02,7.561235356762513460e-02,-2.023429179978700893e-02,8.827338129496402175e+00,-1.870503597122302186e-01,3.899280575539568527e+00
2.373405056244142219e+00,-7.241746538871139671e-02,7.667731629392970927e-02,-3.088391906283280072e-02,8.942446043165467984e+00,-2.949640287769784153e-01,3.772182254196642770e+00
2.378362928681172939e+00,-6.602768903088392094e-02,8.945686900958466081e-02,-5.218317358892438779e-02,8.961630695443645322e+00,-3.405275779376498724e-01,3.752997601918465431e+00
2.383320801118203214e+00,-5.537806176783812567e-02,9.904153354632587447e-02,-7.454739084132055993e-02,8.812949640287769171e+00,-3.261390887290168128e-01,3.760191846522781933e+00
2.388278673555233489e+00,-3.727369542066027996e-02,1.022364217252396124e-01,-9.052183173588924936e-02,8.798561151079136167e+00,-2.829736211031175230e-01,3.546762589928057707e+00
2.393236545992263764e+00,-2.342917997870074681e-02,1.256656017039403661e-01,-9.797657082002129980e-02,9.119904076738608367e+00,-2.781774580335731328e-01,3.640287769784172678e+00
2.398194418429294483e+00,1.064962726304579440e-03,1.522896698615548439e-01,-9.691160809371672513e-02,9.119904076738608367e+00,-2.733812949640287981e-01,3.477218225419664410e+00
2.403152290866324758e+00,2.342917997870074681e-02,1.980830670926517489e-01,-1.033013844515442009e-01,9.076738609112709355e+00,-2.446043165467625957e-01,3.625899280575539674e+00
2.408110163303355034e+00,3.940362087326943624e-02,2.342917997870074542e-01,-1.118210862619808260e-01,8.949640287769783598e+00,-3.117505995203836977e-02,4.019184652278177339e+00
2.413068035740385753e+00,4.792332268370606829e-02,2.364217252396166036e-01,-1.075612353567625135e-01,8.748201438848921541e+00,1.438848920863309289e-01,4.350119904076738209e+00
2.418025908177416028e+00,5.111821086261980618e-02,2.140575079872204523e-01,-9.371671991480298725e-02,8.637889688249400066e+00,1.990407673860911386e-01,4.357314148681055599e+00
2.422983780614446303e+00,4.579339723109691201e-02,1.938232161874334503e-01,-8.839190628328008614e-02,8.640287769784173122e+00,1.750599520383692986e-01,4.321342925659472201e+00
2.427941653051477022e+00,3.727369542066027996e-02,1.842385516506922227e-01,-8.945686900958466081e-02,8.618705035971222728e+00,2.565947242206235157e-01,4.438848920863309289e+00
2.432899525488507297e+00,2.555910543130990309e-02,1.597444089456868943e-01,-8.519701810436634826e-02,8.616306954436451448e+00,3.453237410071942626e-01,4.582733812949640217e+00
2.437857397925537573e+00,1.171458998935037341e-02,1.309904153354632672e-01,-7.454739084132055993e-02,8.585131894484412385e+00,3.645083932853717124e-01,4.565947242206235046e+00
2.442815270362568292e+00,-7.454739084132055646e-03,1.086261980830670881e-01,-6.922257720979765883e-02,8.640287769784173122e+00,2.781774580335731328e-01,4.438848920863309289e+00
2.447773142799598567e+00,-2.768903088391906284e-02,8.945686900958466081e-02,-7.241746538871139671e-02,8.633093525179855732e+00,2.302158273381295084e-01,4.366906474820144268e+00
2.452731015236628842e+00,-4.685835995740149362e-02,7.348242811501597138e-02,-7.667731629392970927e-02,8.623501199040767062e+00,2.206235011990407557e-01,4.323741007194244368e+00
2.457688887673659561e+00,-6.176783812566560145e-02,6.176783812566560145e-02,-7.135250266240682204e-02,8.683453237410072134e+00,1.726618705035971313e-01,4.258992805755395850e+00
2.462646760110689836e+00,-6.815761448349308416e-02,5.324813631522896940e-02,-7.135250266240682204e-02,8.803357314148680501e+00,7.913669064748200810e-02,4.119904076738609255e+00
2.467604632547720112e+00,-7.561235356762513460e-02,5.644302449414270728e-02,-7.135250266240682204e-02,8.865707434052758629e+00,3.597122302158273222e-02,4.043165467625899012e+00
2.472562504984750831e+00,-7.880724174653887248e-02,6.709265175718849561e-02,-7.241746538871139671e-02,8.872901678657074243e+00,1.918465227817745672e-02,3.988009592326139163e+00
2.477520377421781106e+00,-8.306709265175718504e-02,7.348242811501597138e-02,-7.028753993610223350e-02,8.834532374100719565e+00,5.995203836930455832e-02,3.968824940047961825e+00
2.482478249858811381e+00,-8.945686900958466081e-02,8.093716719914803570e-02,-6.389776357827475772e-02,8.863309352517985573e+00,4.796163069544364180e-03,3.887290167865707247e+00
2.487436122295842100e+00,-9.691160809371672513e-02,9.052183173588924936e-02,-6.496272630457934627e-02,8.899280575539568972e+00,-1.678657074340527550e-02,3.839328537170263900e+00
2.492393994732872375e+00,-1.096911608093716767e-01,1.011714589989350377e-01,-7.454739084132055993e-02,8.913669064748201976e+00,-2.398081534772182263e-02,3.901678657074340695e+00
2.497351867169902651e+00,-1.192758253461128903e-01,1.107561235356762513e-01,-8.519701810436634826e-02,8.894484412470024637e+00,-1.678657074340527550e-02,3.961630695443644878e+00
2.502309739606933370e+00,-1.299254526091586925e-01,1.150159744408945639e-01,-9.265175718849839870e-02,8.848920863309352569e+00,3.836930455635491344e-02,4.033573141486810343e+00
2.507267612043963645e+00,-1.341853035143769912e-01,1.160809371671991524e-01,-9.478168264110756192e-02,8.824940047961630896e+00,7.194244604316546443e-02,4.103117505995204084e+00
2.512225484480993920e+00,-1.395101171458998923e-01,1.160809371671991524e-01,-9.584664536741213658e-02,8.822541966426857840e+00,6.954436450839328321e-02,4.151079136690647431e+00
2.517183356918024639e+00,-1.416400425985090417e-01,1.086261980830670881e-01,-1.001064962726304630e-01,8.817745803357313505e+00,8.393285371702638442e-02,4.119904076738609255e+00
2.522141229355054914e+00,-1.469648562300319428e-01,1.064962726304579388e-01,-1.022364217252396124e-01,8.856115107913668183e+00,4.556354916067146404e-02,4.093525179856115415e+00
2.527099101792085190e+00,-1.480298189563365174e-01,1.075612353567625135e-01,-1.054313099041533502e-01,8.923261390887290645e+00,2.637889688249400386e-02,4.124700239808153590e+00
2.532056974229115909e+00,-1.448349307774227934e-01,1.128860489882854146e-01,-1.054313099041533502e-01,8.913669064748201976e+00,2.877697841726618855e-02,4.175059952038369104e+00
2.537014846666146184e+00,-1.384451544195953177e-01,1.107561235356762513e-01,-1.086261980830670881e-01,8.928057553956834980e+00,4.796163069544364180e-03,4.213429256594723782e+00
2.541972719103176459e+00,-1.309904153354632672e-01,1.096911608093716767e-01,-1.118210862619808260e-01,8.906474820143884585e+00,2.637889688249400386e-02,4.230215827338129841e+00
2.546930591540207178e+00,-1.246006389776357776e-01,1.043663471778487756e-01,-1.139510117145899892e-01,8.863309352517985573e+00,1.199040767386091132e-02,4.223021582733813339e+00
2.551888463977237453e+00,-1.150159744408945639e-01,9.691160809371672513e-02,-1.160809371671991524e-01,8.887290167865707247e+00,0.000000000000000000e+00,4.177458033573141272e+00
2.556846336414267729e+00,-1.054313099041533502e-01,9.371671991480298725e-02,-1.214057507987220397e-01,8.944844124700239263e+00,-5.755395683453237710e-02,4.139088729016786594e+00
2.561804208851298448e+00,-9.158679446219382403e-02,9.052183173588924936e-02,-1.320553780617678419e-01,9.019184652278177339e+00,-1.175059952038369354e-01,4.055155875299759849e+00
2.566762081288328723e+00,-7.987220447284344715e-02,9.691160809371672513e-02,-1.448349307774227934e-01,9.007194244604317390e+00,-1.103117505995203779e-01,4.038369304556354678e+00
2.571719953725358998e+00,-6.922257720979765883e-02,1.033013844515442009e-01,-1.565495207667731703e-01,8.959232613908872267e+00,-2.877697841726618855e-02,4.076738609112710243e+00
2.576677826162389717e+00,-5.537806176783812567e-02,1.022364217252396124e-01,-1.640042598509052207e-01,8.918465227817746310e+00,2.877697841726618855e-02,4.110311750599520586e+00
2.581635698599419992e+00,-4.792332268370606829e-02,9.904153354632587447e-02,-1.746538871139510229e-01,8.913669064748201976e+00,8.153477218225420320e-02,4.134292565947242259e+00
2.586593571036450268e+00,-4.579339723109691201e-02,9.584664536741213658e-02,-1.831735889243876481e-01,8.940047961630694928e+00,1.918465227817745811e-01,4.117505995203837088e+00
2.591551443473480987e+00,-4.579339723109691201e-02,9.158679446219382403e-02,-1.906283280085196985e-01,8.889688249400480302e+00,3.261390887290168128e-01,4.143884892086330929e+00
2.596509315910511262e+00,-4.685835995740149362e-02,8.732694355697551147e-02,-1.948881789137380249e-01,8.918465227817746310e+00,4.052757793764987793e-01,4.158273381294963933e+00
2.601467188347541537e+00,-5.005324813631523151e-02,8.626198083067092293e-02,-1.948881789137380249e-01,8.947242206235012318e+00,4.796163069544364665e-01,4.129496402877697925e+00
2.606425060784572256e+00,-5.324813631522896940e-02,8.732694355697551147e-02,-1.916932907348242732e-01,8.944844124700239263e+00,5.419664268585131506e-01,4.117505995203837088e+00
2.611382933221602531e+00,-5.750798722044728195e-02,8.945686900958466081e-02,-1.821086261980830734e-01,8.937649880095923649e+00,5.995203836930456109e-01,4.155875299760191766e+00
2.616340805658632807e+00,-6.283280085197018305e-02,8.732694355697551147e-02,-1.671991480298189447e-01,8.966426858513189657e+00,6.330935251798560648e-01,4.153477218225419598e+00
2.621298678095663526e+00,-6.709265175718849561e-02,8.945686900958466081e-02,-1.512247071352502692e-01,9.007194244604317390e+00,6.402877697841726778e-01,4.124700239808153590e+00
2.626256550532693801e+00,-7.135250266240682204e-02,9.265175718849839870e-02,-1.331203407880724165e-01,9.011990407673861725e+00,6.306954436450838974e-01,4.057553956834532016e+00
2.631214422969724076e+00,-7.454739084132055993e-02,1.001064962726304630e-01,-1.171458998935037271e-01,9.004796163069544335e+00,5.923261390887289979e-01,4.009592326139088669e+00
2.636172295406754795e+00,-7.561235356762513460e-02,1.054313099041533502e-01,-1.022364217252396124e-01,8.988009592326138275e+00,5.467625899280575963e-01,3.988009592326139163e+00
2.641130167843785070e+00,-7.561235356762513460e-02,1.086261980830670881e-01,-8.945686900958466081e-02,9.000000000000000000e+00,5.107913669064748641e-01,3.988009592326139163e+00
2.646088040280815346e+00,-7.348242811501597138e-02,1.160809371671991524e-01,-8.306709265175718504e-02,8.961630695443645322e+00,4.892086330935251914e-01,3.983213429256594829e+00
2.651045912717846065e+00,-6.815761448349308416e-02,1.267305644302449408e-01,-7.561235356762513460e-02,8.961630695443645322e+00,5.035971223021582510e-01,3.976019184652278327e+00
2.656003785154876340e+00,-6.176783812566560145e-02,1.384451544195953177e-01,-6.496272630457934627e-02,8.935251798561150594e+00,5.203836930455635335e-01,4.035971223021582510e+00
2.660961657591906615e+00,-5.750798722044728195e-02,1.458998935037273681e-01,-5.431309904153354406e-02,8.889688249400480302e+00,5.227817745803357008e-01,4.117505995203837088e+00
2.665919530028937334e+00,-5.431309904153354406e-02,1.480298189563365174e-01,-4.579339723109691201e-02,8.875299760191847298e+00,5.155875299760191988e-01,4.148681055155875264e+00
2.670877402465967609e+00,-5.431309904153354406e-02,1.480298189563365174e-01,-4.153354632587859252e-02,8.853717026378896904e+00,5.299760191846523139e-01,4.172661870503596937e+00
2.675835274902997885e+00,-5.111821086261980618e-02,1.490947816826411199e-01,-3.833865814696485463e-02,8.805755395683453557e+00,5.923261390887289979e-01,4.242206235011990678e+00
2.680793147340028604e+00,-5.005324813631523151e-02,1.458998935037273681e-01,-3.088391906283280072e-02,8.776978417266187549e+00,6.498800959232613472e-01,4.314148681055155699e+00
2.685751019777058879e+00,-5.111821086261980618e-02,1.416400425985090417e-01,-1.916932907348242732e-02,8.788968824940047497e+00,6.426858513189448452e-01,4.378896882494005105e+00
2.690708892214089154e+00,-5.111821086261980618e-02,1.299254526091586925e-01,-7.454739084132055646e-03,8.820143884892086561e+00,5.875299760191846632e-01,4.402877697841726778e+00
2.695666764651119429e+00,-5.537806176783812567e-02,1.192758253461128903e-01,-3.194888178913737886e-03,8.848920863309352569e+00,5.491606714628297636e-01,4.371702637889688603e+00
2.700624637088150148e+00,-5.857294994675186356e-02,1.086261980830670881e-01,-1.064962726304579440e-03,8.827338129496402175e+00,5.827338129496403285e-01,4.338129496402877372e+00
2.705582509525180424e+00,-6.389776357827475772e-02,9.584664536741213658e-02,2.129925452609158880e-03,8.822541966426857840e+00,5.539568345323740983e-01,4.285371702637889690e+00
2.710540381962210699e+00,-7.241746538871139671e-02,8.839190628328008614e-02,6.389776357827475772e-03,8.904076738609113306e+00,4.460431654676259017e-01,4.254196642685851515e+00
2.715498254399241418e+00,-7.454739084132055993e-02,8.626198083067092293e-02,4.259850905218317760e-03,8.968824940047960936e+00,3.860911270983213295e-01,4.239808153477218511e+00
2.720456126836271693e+00,-7.561235356762513460e-02,7.880724174653887248e-02,-1.064962726304579440e-03,9.035971223021583398e+00,3.165467625899280324e-01,4.175059952038369104e+00
2.725413999273301968e+00,-7.774227902023429781e-02,7.987220447284344715e-02,-9.584664536741213658e-03,9.009592326139088669e+00,3.309352517985611475e-01,4.076738609112710243e+00
2.730371871710332687e+00,-7.667731629392970927e-02,8.945686900958466081e-02,-1.384451544195953142e-02,8.976019184652278327e+00,3.621103117505995450e-01,4.057553956834532016e+00
2.735329744147362963e+00,-6.815761448349308416e-02,9.904153354632587447e-02,-8.519701810436635520e-03,8.971223021582733992e+00,3.525179856115107646e-01,4.033573141486810343e+00
2.740287616584393238e+00,-6.070287539936101984e-02,1.043663471778487756e-01,-4.259850905218317760e-03,9.028776978417266008e+00,3.021582733812949728e-01,4.040767386091126845e+00
2.745245489021423957e+00,-5.431309904153354406e-02,1.171458998935037271e-01,-7.454739084132055646e-03,9.026378896882494729e+00,2.781774580335731328e-01,4.122302158273381423e+00
2.750203361458454232e+00,-4.898828541001064990e-02,1.288604898828540901e-01,-1.384451544195953142e-02,8.983213429256593940e+00,3.381294964028777050e-01,4.211031175059951615e+00
2.755161233895484507e+00,-3.940362087326943624e-02,1.309904153354632672e-01,-1.277955271565495154e-02,8.942446043165467984e+00,4.076738609112710021e-01,4.328537170263788703e+00
2.760119106332515226e+00,-2.662406815761448470e-02,1.341853035143769912e-01,-4.259850905218317760e-03,8.947242206235012318e+00,4.028776978417266119e-01,4.347721822541966041e+00
2.765076978769545502e+00,-1.597444089456868943e-02,1.341853035143769912e-01,0.000000000000000000e+00,8.966426858513189657e+00,3.932853717026378870e-01,4.453237410071942293e+00
2.770034851206575777e+00,-7.454739084132055646e-03,1.309904153354632672e-01,4.259850905218317760e-03,8.892086330935251581e+00,4.748201438848920763e-01,4.582733812949640217e+00
2.774992723643606496e+00,-5.324813631522896766e-03,1.203407880724174650e-01,1.064962726304579353e-02,8.820143884892086561e+00,5.491606714628297636e-01,4.637889688249400066e+00
2.779950596080636771e+00,-2.129925452609158880e-03,1.043663471778487756e-01,2.023429179978700893e-02,8.812949640287769171e+00,5.299760191846523139e-01,4.625899280575539230e+00
2.784908468517667046e+00,-3.194888178913737886e-03,8.945686900958466081e-02,2.875399361022364098e-02,8.822541966426857840e+00,4.868105515587530241e-01,4.642685851318944401e+00
2.789866340954697765e+00,-7.454739084132055646e-03,7.454739084132055993e-02,3.194888178913737886e-02,8.791366906474820553e+00,4.364508393285371768e-01,4.697841726618705138e+00
2.794824213391728041e+00,-5.324813631522896766e-03,5.537806176783812567e-02,3.514376996805111675e-02,8.784172661870503163e+00,4.508393285371702364e-01,4.659472422062350461e+00
2.799782085828758316e+00,-1.064962726304579353e-02,3.301384451544196047e-02,4.153354632587859252e-02,8.733812949640288537e+00,4.172661870503597270e-01,4.563549160671462879e+00
2.804739958265789035e+00,-1.384451544195953142e-02,2.129925452609158706e-02,4.366347177848775574e-02,8.769784172661870159e+00,4.052757793764987793e-01,4.496402877697841305e+00
2.809697830702819310e+00,-1.810436634717784918e-02,1.384451544195953142e-02,4.792332268370606829e-02,8.832134292565946510e+00,3.453237410071942626e-01,4.472422062350119631e+00
2.814655703139849585e+00,-2.129925452609158706e-02,6.389776357827475772e-03,5.005324813631523151e-02,8.918465227817746310e+00,2.613908872901678504e-01,4.374100719424460770e+00
2.819613575576880304e+00,-2.555910543130990309e-02,-2.129925452609158880e-03,5.005324813631523151e-02,9.004796163069544335e+00,2.541966426858512929e-01,4.177458033573141272e+00
2.824571448013910580e+00,-3.407880724174654208e-02,8.519701810436635520e-03,4.685835995740149362e-02,9.026378896882494729e+00,2.470023980815347631e-01,4.146282973621103096e+00
2.829529320450940855e+00,-3.620873269435569836e-02,2.449414270500532495e-02,4.153354632587859252e-02,9.014388489208633004e+00,2.517985611510791255e-01,4.158273381294963933e+00
2.834487192887971574e+00,-4.046858359957401785e-02,4.046858359957401785e-02,4.579339723109691201e-02,8.997601918465226944e+00,2.182254196642685884e-01,4.235011990407674176e+00
2.839445065325001849e+00,-4.472843450479233041e-02,4.792332268370606829e-02,4.259850905218317413e-02,9.026378896882494729e+00,1.270983213429256464e-01,4.273381294964028854e+00
2.844402937762032124e+00,-4.685835995740149362e-02,5.218317358892438779e-02,3.727369542066027996e-02,9.047961630695443347e+00,1.270983213429256464e-01,4.340527577937649539e+00
2.849360810199062843e+00,-4.579339723109691201e-02,5.218317358892438779e-02,2.662406815761448470e-02,8.952038369304556653e+00,2.302158273381295084e-01,4.453237410071942293e+00
2.854318682636093119e+00,-4.579339723109691201e-02,4.685835995740149362e-02,3.088391906283280072e-02,8.805755395683453557e+00,3.261390887290168128e-01,4.482014388489208301e+00
2.859276555073123394e+00,-5.218317358892438779e-02,3.727369542066027996e-02,4.259850905218317413e-02,8.791366906474820553e+00,2.973621103117505826e-01,4.494004796163069138e+00
2.864234427510154113e+00,-5.644302449414270728e-02,2.555910543130990309e-02,4.685835995740149362e-02,8.865707434052758629e+00,2.278177458033573133e-01,4.419664268585131950e+00
2.869192299947184388e+00,-6.709265175718849561e-02,1.703940362087327104e-02,4.472843450479233041e-02,8.913669064748201976e+00,1.654676258992805737e-01,4.448441247002397958e+00
2.874150172384214663e+00,-7.135250266240682204e-02,7.454739084132055646e-03,4.046858359957401785e-02,8.870503597122302963e+00,1.510791366906474864e-01,4.395683453237410276e+00
2.879108044821245382e+00,-7.454739084132055993e-02,1.064962726304579440e-03,4.153354632587859252e-02,8.868105515587529908e+00,1.103117505995203779e-01,4.316546762589927866e+00
2.884065917258275658e+00,-7.348242811501597138e-02,1.064962726304579440e-03,4.366347177848775574e-02,8.904076738609113306e+00,-9.592326139088728360e-03,4.177458033573141272e+00
2.889023789695305933e+00,-7.348242811501597138e-02,1.171458998935037341e-02,3.833865814696485463e-02,9.004796163069544335e+00,-8.872901678657074687e-02,4.091127098321343247e+00
2.893981662132336652e+00,-7.135250266240682204e-02,2.875399361022364098e-02,2.875399361022364098e-02,9.033573141486810343e+00,-1.079136690647481966e-01,4.141486810551558762e+00
2.898939534569366927e+00,-7.135250266240682204e-02,4.259850905218317413e-02,1.703940362087327104e-02,8.990407673860911331e+00,-9.352517985611510931e-02,4.249400479616307180e+00
2.903897407006397202e+00,-7.561235356762513460e-02,5.324813631522896940e-02,1.064962726304579353e-02,8.932853717026379314e+00,-2.158273381294964141e-02,4.323741007194244368e+00
2.908855279443427921e+00,-7.561235356762513460e-02,6.283280085197018305e-02,2.129925452609158880e-03,8.925659472422061924e+00,-2.398081534772182090e-03,4.359712230215827766e+00
2.913813151880458197e+00,-7.880724174653887248e-02,6.496272630457934627e-02,-7.454739084132055646e-03,8.892086330935251581e+00,4.796163069544364180e-03,4.520383693045563867e+00
2.918771024317488472e+00,-8.519701810436634826e-02,6.283280085197018305e-02,-1.597444089456868943e-02,8.892086330935251581e+00,5.275779376498800771e-02,4.575539568345323715e+00
2.923728896754519191e+00,-9.478168264110756192e-02,5.644302449414270728e-02,-2.236421725239616520e-02,8.906474820143884585e+00,4.316546762589928282e-02,4.676258992805755632e+00
2.928686769191549466e+00,-1.001064962726304630e-01,4.685835995740149362e-02,-2.981895633652822258e-02,8.846522781774579514e+00,5.755395683453237710e-02,4.769784172661870159e+00
2.933644641628579741e+00,-1.054313099041533502e-01,3.088391906283280072e-02,-3.727369542066027996e-02,8.829736211031175230e+00,7.434052757793764565e-02,4.800959232613909222e+00
2.938602514065610460e+00,-1.118210862619808260e-01,1.597444089456868943e-02,-4.259850905218317413e-02,8.793764988009591832e+00,9.112709832134292809e-02,4.841726618705036067e+00
2.943560386502640736e+00,-1.107561235356762513e-01,-5.324813631522896766e-03,-4.685835995740149362e-02,8.743405275779377206e+00,4.796163069544364527e-02,4.774580335731414493e+00
2.948518258939671011e+00,-1.160809371671991524e-01,-2.449414270500532495e-02,-5.218317358892438779e-02,8.736211031175059816e+00,-1.918465227817745672e-02,4.741007194244604150e+00
2.953476131376701730e+00,-1.139510117145899892e-01,-3.407880724174654208e-02,-5.963791267305644517e-02,8.764988009592325824e+00,-9.352517985611510931e-02,4.673860911270983465e+00
2.958434003813732005e+00,-1.086261980830670881e-01,-4.685835995740149362e-02,-6.815761448349308416e-02,8.779376498800958828e+00,-1.726618705035971313e-01,4.604316546762589724e+00
2.963391876250762280e+00,-9.691160809371672513e-02,-5.537806176783812567e-02,-7.774227902023429781e-02,8.779376498800958828e+00,-2.230215827338129508e-01,4.400479616306954611e+00
2.968349748687792999e+00,-8.626198083067092293e-02,-5.324813631522896940e-02,-8.839190628328008614e-02,8.829736211031175230e+00,-2.278177458033573133e-01,4.230215827338129841e+00
2.973307621124823275e+00,-6.709265175718849561e-02,-3.833865814696485463e-02,-9.904153354632587447e-02,8.880095923261391633e+00,-1.918465227817745811e-01,4.213429256594723782e+00
2.978265493561853550e+00,-5.324813631522896940e-02,-1.916932907348242732e-02,-1.075612353567625135e-01,8.875299760191847298e+00,-7.913669064748200810e-02,4.235011990407674176e+00
2.983223365998884269e+00,-3.940362087326943624e-02,-3.194888178913737886e-03,-1.128860489882854146e-01,8.815347721822542226e+00,-6.235011990407673954e-02,4.335731414868105205e+00
2.988181238435914544e+00,-2.662406815761448470e-02,5.324813631522896766e-03,-1.171458998935037271e-01,8.810551558752997892e+00,-4.076738609112710160e-02,4.335731414868105205e+00
2.993139110872944819e+00,-2.023429179978700893e-02,1.277955271565495154e-02,-1.203407880724174650e-01,8.786570743405276218e+00,5.515587529976018893e-02,4.419664268585131950e+00
2.998096983309975538e+00,-1.384451544195953142e-02,1.703940362087327104e-02,-1.235356762513312029e-01,8.719424460431655532e+00,1.678657074340527688e-01,4.446043165467625791e+00
3.003054855747005814e+00,-1.277955271565495154e-02,2.342917997870074681e-02,-1.203407880724174650e-01,8.745803357314148485e+00,2.517985611510791255e-01,4.561151079136690711e+00
3.008012728184036089e+00,-1.171458998935037341e-02,2.555910543130990309e-02,-1.139510117145899892e-01,8.750599520383692820e+00,2.901678657074340251e-01,4.633093525179855732e+00
3.012970600621066808e+00,-2.023429179978700893e-02,2.236421725239616520e-02,-1.086261980830670881e-01,8.738609112709832871e+00,3.405275779376498724e-01,4.705035971223021640e+00
3.017928473058097083e+00,-3.301384451544196047e-02,1.490947816826411129e-02,-1.033013844515442009e-01,8.621103117505995783e+00,4.388489208633093441e-01,4.834532374100719565e+00
3.022886345495127358e+00,-4.579339723109691201e-02,2.129925452609158880e-03,-9.584664536741213658e-02,8.549160671462828986e+00,5.323741007194244812e-01,4.875299760191846410e+00
3.027844217932157633e+00,-6.389776357827475772e-02,-1.490947816826411129e-02,-8.093716719914803570e-02,8.544364508393284652e+00,5.803357314148680501e-01,4.906474820143884585e+00
3.032802090369188353e+00,-8.093716719914803570e-02,-3.407880724174654208e-02,-6.602768903088392094e-02,8.553956834532373321e+00,5.227817745803357008e-01,4.836930455635491732e+00
3.037759962806218628e+00,-1.043663471778487756e-01,-4.898828541001064990e-02,-5.537806176783812567e-02,8.587529976019185440e+00,4.628297362110311841e-01,4.776978417266186661e+00
3.042717835243248903e+00,-1.246006389776357776e-01,-6.176783812566560145e-02,-4.792332268370606829e-02,8.637889688249400066e+00,4.412470023980815115e-01,4.707434052757793808e+00
3.047675707680279622e+00,-1.437699680511182188e-01,-6.815761448349308416e-02,-3.727369542066027996e-02,8.659472422062350461e+00,3.573141486810551548e-01,4.597122302158273222e+00
3.052633580117309897e+00,-1.554845580404685956e-01,-6.922257720979765883e-02,-2.768903088391906284e-02,8.705035971223020752e+00,2.997601918465228055e-01,4.458033573141486627e+00
3.057591452554340172e+00,-1.640042598509052207e-01,-5.963791267305644517e-02,-2.342917997870074681e-02,8.752997601918465875e+00,2.541966426858512929e-01,4.342925659472421707e+00
3.062549324991370892e+00,-1.746538871139510229e-01,-4.792332268370606829e-02,-1.810436634717784918e-02,8.741007194244604150e+00,2.350119904076738708e-01,4.338129496402877372e+00
3.067507197428401167e+00,-1.789137380191693216e-01,-3.620873269435569836e-02,-1.171458998935037341e-02,8.781774580335731883e+00,1.486810551558752913e-01,4.263788968824940184e+00
3.072465069865431442e+00,-1.831735889243876481e-01,-2.342917997870074681e-02,-1.384451544195953142e-02,8.848920863309352569e+00,6.474820143884892076e-02,4.290167865707434025e+00
3.077422942302462161e+00,-1.831735889243876481e-01,-7.454739084132055646e-03,-2.023429179978700893e-02,8.767386091127098879e+00,2.398081534772182263e-02,4.381294964028777272e+00
3.082380814739492436e+00,-1.789137380191693216e-01,1.064962726304579440e-03,-2.555910543130990309e-02,8.685851318944843413e+00,1.438848920863309427e-02,4.479616306954436133e+00
3.087338687176522711e+00,-1.725239616613418459e-01,0.000000000000000000e+00,-3.194888178913737886e-02,8.647482014388488736e+00,7.194244604316547137e-03,4.549160671462829875e+00
3.092296559613553431e+00,-1.618743343982960714e-01,0.000000000000000000e+00,-3.514376996805111675e-02,8.654676258992806126e+00,-1.438848920863309427e-02,4.618705035971222728e+00
3.097254432050583706e+00,-1.512247071352502692e-01,-2.129925452609158880e-03,-4.046858359957401785e-02,8.623501199040767062e+00,-9.592326139088728360e-03,4.717026378896882477e+00
3.102212304487613981e+00,-1.405750798722044670e-01,-7.454739084132055646e-03,-4.685835995740149362e-02,8.577937649880096771e+00,4.796163069544364527e-02,4.800959232613909222e+00
3.107170176924644700e+00,-1.299254526091586925e-01,-2.023429179978700893e-02,-4.685835995740149362e-02,8.486810551558752636e+00,1.103117505995203779e-01,4.896882494004795916e+00
3.112128049361674975e+00,-1.214057507987220397e-01,-3.514376996805111675e-02,-4.259850905218317413e-02,8.436450839328538009e+00,1.438848920863309289e-01,4.815347721822542226e+00
3.117085921798705250e+00,-1.160809371671991524e-01,-4.792332268370606829e-02,-4.046858359957401785e-02,8.441247002398082344e+00,1.750599520383692986e-01,4.836930455635491732e+00
3.122043794235735970e+00,-1.128860489882854146e-01,-6.283280085197018305e-02,-4.046858359957401785e-02,8.479616306954437022e+00,1.798561151079136611e-01,4.810551558752997892e+00
3.127001666672766245e+00,-1.118210862619808260e-01,-8.413205537806177359e-02,-3.514376996805111675e-02,8.498800959232614360e+00,1.726618705035971313e-01,4.676258992805755632e+00
3.131959539109796520e+00,-1.160809371671991524e-01,-9.478168264110756192e-02,-3.514376996805111675e-02,8.549160671462828986e+00,1.918465227817745811e-01,4.570743405275779381e+00
3.136917411546827239e+00,-1.171458998935037271e-01,-9.691160809371672513e-02,-3.407880724174654208e-02,8.657074340527577405e+00,1.702637889688249362e-01,4.333333333333333037e+00
3.141875283983857514e+00,-1.214057507987220397e-01,-8.413205537806177359e-02,-3.301384451544196047e-02,8.760191846522781489e+00,1.079136690647481966e-01,4.220623501199041172e+00
3.146833156420887789e+00,-1.277955271565495154e-01,-6.389776357827475772e-02,-3.407880724174654208e-02,8.908872901678657641e+00,1.438848920863309427e-02,4.148681055155875264e+00
3.151791028857918509e+00,-1.373801916932907430e-01,-4.366347177848775574e-02,-4.579339723109691201e-02,9.489208633093525691e+00,7.673860911270982688e-02,3.496402877697841749e+00
3.156748901294948784e+00,-2.002129925452609260e-01,-1.064962726304579353e-02,-7.028753993610223350e-02,8.064748201438849406e+00,7.937649880095922761e-01,2.752997601918465431e+00
3.161706773731979059e+00,-2.279020234291799785e-01,1.011714589989350377e-01,-4.259850905218317760e-03,7.513189448441247364e+00,7.314148681055155921e-01,3.522781774580335590e+00
3.166664646169009778e+00,-1.863684771033013721e-01,1.874334398296059745e-01,7.774227902023429781e-02,8.788968824940047497e+00,-2.374100719424460382e-01,4.988009592326139163e+00
3.171622518606040053e+00,-1.799787007454738963e-01,1.331203407880724165e-01,5.537806176783812567e-02,9.443645083932853623e+00,-9.424460431654676507e-01,6.374100719424460770e+00
3.176580391043070328e+00,-1.277955271565495154e-01,3.301384451544196047e-02,-2.768903088391906284e-02,9.021582733812950394e+00,-5.731414868105515481e-01,5.884892086330935079e+00
3.181538263480101048e+00,-1.650692225772097954e-01,-8.200212992545261037e-02,-9.797657082002129980e-02,8.028776978417266008e+00,3.045563549160671402e-01,4.256594724220623682e+00
3.186496135917131323e+00,-2.108626198083067005e-01,-8.306709265175718504e-02,-9.052183173588924936e-02,7.779376498800958828e+00,6.714628297362110754e-01,4.141486810551558762e+00
3.191454008354161598e+00,-1.501597444089456945e-01,1.916932907348242732e-02,-2.555910543130990309e-02,8.196642685851319499e+00,6.522781774580336256e-01,3.920863309352518034e+00
3.196411880791192317e+00,-1.746538871139510229e-01,5.857294994675186356e-02,3.407880724174654208e-02,9.213429256594723782e+00,-3.381294964028777050e-01,5.366906474820144268e+00
3.201369753228222592e+00,-1.533546325878594185e-01,-2.129925452609158880e-03,-1.384451544195953142e-02,9.218225419664268117e+00,-6.906474820143885252e-01,5.107913669064748419e+00
3.206327625665252867e+00,-1.661341853035143701e-01,-4.685835995740149362e-02,-9.052183173588924936e-02,8.736211031175059816e+00,-2.997601918465228055e-01,5.321342925659472201e+00
3.211285498102283587e+00,-1.214057507987220397e-01,-7.135250266240682204e-02,-1.171458998935037271e-01,8.076738609112709355e+00,4.964028776978417490e-01,4.172661870503596937e+00
3.216243370539313862e+00,-1.554845580404685956e-01,-7.241746538871139671e-02,-6.602768903088392094e-02,8.282973621103117523e+00,3.549160671462829875e-01,4.438848920863309289e+00
3.221201242976344137e+00,-1.139510117145899892e-01,-4.685835995740149362e-02,-2.981895633652822258e-02,8.541966426858513373e+00,-1.079136690647481966e-01,4.148681055155875264e+00
3.226159115413374856e+00,-9.797657082002129980e-02,0.000000000000000000e+00,-2.981895633652822258e-02,9.223021582733812451e+00,-5.635491606714628787e-01,4.846522781774580402e+00
3.231116987850405131e+00,-9.052183173588924936e-02,-3.620873269435569836e-02,-8.200212992545261037e-02,9.131894484412470092e+00,-4.820143884892086339e-01,5.000000000000000000e+00
3.236074860287435406e+00,-8.945686900958466081e-02,-8.839190628328008614e-02,-1.352502662406815659e-01,8.546762589928057707e+00,3.836930455635491344e-02,4.244604316546762846e+00
3.241032732724466126e+00,-1.054313099041533502e-01,-7.561235356762513460e-02,-1.373801916932907430e-01,8.323741007194245256e+00,3.333333333333333148e-01,4.105515587529976251e+00
3.245990605161496401e+00,-7.348242811501597138e-02,-1.597444089456868943e-02,-1.054313099041533502e-01,8.472422062350119631e+00,3.189448441247002553e-01,3.796163069544364443e+00
3.250948477598526676e+00,-9.265175718849839870e-02,2.129925452609158706e-02,-8.093716719914803570e-02,8.860911270983214294e+00,-1.366906474820143991e-01,4.630695443645083564e+00
3.255906350035557395e+00,-8.200212992545261037e-02,9.584664536741213658e-03,-1.075612353567625135e-01,9.026378896882494729e+00,-2.206235011990407557e-01,4.776978417266186661e+00
3.260864222472587670e+00,-1.107561235356762513e-01,-2.342917997870074681e-02,-1.480298189563365174e-01,8.752997601918465875e+00,1.223021582733812979e-01,4.824940047961630896e+00
3.265822094909617945e+00,-1.150159744408945639e-01,-4.259850905218317413e-02,-1.608093716719914690e-01,8.354916067146282543e+00,5.755395683453237154e-01,4.429256594724220619e+00
3.270779967346648665e+00,-1.235356762513312029e-01,-2.236421725239616520e-02,-1.299254526091586925e-01,8.436450839328538009e+00,6.642685851318944623e-01,4.134292565947242259e+00
3.275737839783678940e+00,-1.544195953141639932e-01,0.000000000000000000e+00,-9.797657082002129980e-02,8.625899280575540118e+00,4.460431654676259017e-01,4.474820143884891799e+00
3.280695712220709215e+00,-1.682641107561235472e-01,6.389776357827475772e-03,-9.478168264110756192e-02,8.769784172661870159e+00,3.357314148681055377e-01,4.664268585131894795e+00
3.285653584657739934e+00,-1.874334398296059745e-01,-2.342917997870074681e-02,-9.052183173588924936e-02,8.441247002398082344e+00,2.350119904076738708e-01,5.522781774580336034e+00
3.290611457094770209e+00,-6.176783812566560145e-02,-6.815761448349308416e-02,-6.176783812566560145e-02,8.508393285371703030e+00,1.127098321342925591e-01,4.836930455635491732e+00
3.295569329531800484e+00,-1.384451544195953142e-02,-7.880724174653887248e-02,-7.774227902023429781e-02,9.153477218225420486e+00,1.055155875299760154e-01,4.007194244604316502e+00
3.300527201968831204e+00,-5.431309904153354406e-02,-6.389776357827475772e-02,-1.405750798722044670e-01,8.805755395683453557e+00,6.139088729016786150e-01,4.978417266187050494e+00
3.305485074405861479e+00,-8.519701810436635520e-03,-5.963791267305644517e-02,-1.267305644302449408e-01,8.201438848920863833e+00,1.119904076738609033e+00,3.757793764988009766e+00
3.310442946842891754e+00,-9.904153354632587447e-02,-5.537806176783812567e-02,-5.963791267305644517e-02,8.738609112709832871e+00,4.244604316546762846e-01,4.458033573141486627e+00
3.315400819279922473e+00,-7.454739084132055993e-02,-3.940362087326943624e-02,-5.857294994675186356e-02,8.947242206235012318e+00,9.112709832134292809e-02,3.971223021582733992e+00
3.320358691716952748e+00,-1.118210862619808260e-01,-2.555910543130990309e-02,-9.904153354632587447e-02,8.851318944844123848e+00,2.925659472422062479e-01,4.347721822541966041e+00
3.325316564153983023e+00,-1.267305644302449408e-01,-3.194888178913737886e-02,-1.128860489882854146e-01,8.645083932853717457e+00,6.235011990407673954e-01,4.645083932853717457e+00
3.330274436591013298e+00,-1.246006389776357776e-01,-4.259850905218317413e-02,-8.519701810436634826e-02,8.546762589928057707e+00,6.187050359712230607e-01,4.009592326139088669e+00
3.335232309028044018e+00,-1.522896698615548439e-01,-2.449414270500532495e-02,-7.135250266240682204e-02,8.860911270983214294e+00,2.302158273381295084e-01,4.153477218225419598e+00
3.340190181465074293e+00,-1.554845580404685956e-01,-3.194888178913737886e-03,-1.054313099041533502e-01,8.841726618705035179e+00,3.117505995203836977e-01,3.995203836930455665e+00
3.345148053902104568e+00,-1.831735889243876481e-01,1.490947816826411129e-02,-1.214057507987220397e-01,8.642685851318944401e+00,5.083932853717025857e-01,4.911270983213428920e+00
3.350105926339135287e+00,-1.448349307774227934e-01,-2.129925452609158880e-03,-1.033013844515442009e-01,8.621103117505995783e+00,5.827338129496403285e-01,4.522781774580336034e+00
3.355063798776165562e+00,-1.757188498402555976e-01,-3.407880724174654208e-02,-8.945686900958466081e-02,8.822541966426857840e+00,3.573141486810551548e-01,4.568345323741007213e+00
3.360021671213195837e+00,-1.693290734824281218e-01,-4.685835995740149362e-02,-1.064962726304579388e-01,8.664268585131894795e+00,4.532374100719424592e-01,4.103117505995204084e+00
3.364979543650226557e+00,-1.671991480298189447e-01,-1.810436634717784918e-02,-1.086261980830670881e-01,8.671462829736210409e+00,5.827338129496403285e-01,4.354916067146282543e+00
3.369937416087256832e+00,-1.490947816826411199e-01,-2.129925452609158880e-03,-8.519701810436634826e-02,8.741007194244604150e+00,5.827338129496403285e-01,4.434052757793764954e+00
3.374895288524287107e+00,-1.544195953141639932e-01,-7.454739084132055646e-03,-6.709265175718849561e-02,8.836930455635490844e+00,4.004796163069544446e-01,4.482014388489208301e+00
3.379853160961317826e+00,-1.735889243876464205e-01,-2.129925452609158706e-02,-7.028753993610223350e-02,8.865707434052758629e+00,2.661870503597122406e-01,4.520383693045563867e+00
3.384811033398348101e+00,-1.757188498402555976e-01,-2.449414270500532495e-02,-7.880724174653887248e-02,8.798561151079136167e+00,4.220623501199040617e-01,4.215827338129496837e+00
3.389768905835378376e+00,-2.066027689030884018e-01,-2.449414270500532495e-02,-7.667731629392970927e-02,8.705035971223020752e+00,4.676258992805755188e-01,4.323741007194244368e+00
3.394726778272409096e+00,-2.012779552715655007e-01,-1.810436634717784918e-02,-5.963791267305644517e-02,8.762589928057554545e+00,3.836930455635491621e-01,4.275779376498801021e+00
3.399684650709439371e+00,-2.023429179978700754e-01,-9.584664536741213658e-03,-5.005324813631523151e-02,8.856115107913668183e+00,2.302158273381295084e-01,4.223021582733813339e+00
3.404642523146469646e+00,-1.991480298189563236e-01,0.000000000000000000e+00,-5.537806176783812567e-02,9.050359712230216402e+00,3.836930455635491344e-02,4.522781774580336034e+00
3.409600395583500365e+00,-1.970181043663471743e-01,-8.519701810436635520e-03,-8.519701810436634826e-02,8.983213429256593940e+00,8.393285371702638442e-02,4.220623501199041172e+00
3.414558268020530640e+00,-2.215122470713525027e-01,-1.277955271565495154e-02,-1.096911608093716767e-01,8.908872901678657641e+00,8.872901678657074687e-02,4.700239808153477306e+00
3.419516140457560915e+00,-1.938232161874334503e-01,-1.703940362087327104e-02,-1.299254526091586925e-01,8.901678657074340251e+00,2.494004796163069582e-01,3.913669064748201532e+00
3.424474012894591635e+00,-2.460063897763578311e-01,-1.064962726304579353e-02,-1.458998935037273681e-01,8.705035971223020752e+00,1.750599520383692986e-01,4.757793764988009322e+00
3.429431885331621910e+00,-1.938232161874334503e-01,3.194888178913737886e-03,-1.469648562300319428e-01,8.868105515587529908e+00,2.326139088729016757e-01,4.407673860911271113e+00
3.434389757768652185e+00,-2.268370607028754038e-01,-1.703940362087327104e-02,-1.565495207667731703e-01,8.856115107913668183e+00,1.798561151079136611e-01,4.755395683453237154e+00
3.439347630205682904e+00,-2.225772097976570774e-01,-4.685835995740149362e-02,-1.725239616613418459e-01,8.738609112709832871e+00,1.678657074340527688e-01,4.916067146282973255e+00
3.444305502642713179e+00,-1.810436634717784987e-01,-5.750798722044728195e-02,-1.767838125665601723e-01,8.822541966426857840e+00,2.494004796163069582e-01,4.254196642685851515e+00
3.449263375079743454e+00,-1.874334398296059745e-01,-5.431309904153354406e-02,-1.810436634717784987e-01,8.786570743405276218e+00,2.565947242206235157e-01,4.702637889688249473e+00
3.454221247516774174e+00,-1.331203407880724165e-01,-4.792332268370606829e-02,-1.789137380191693216e-01,8.731414868105515481e+00,3.645083932853717124e-01,4.194244604316546443e+00
3.459179119953804449e+00,-1.448349307774227934e-01,-4.685835995740149362e-02,-1.725239616613418459e-01,8.841726618705035179e+00,2.517985611510791255e-01,4.664268585131894795e+00
3.464136992390834724e+00,-1.192758253461128903e-01,-5.644302449414270728e-02,-1.799787007454738963e-01,8.882494004796162912e+00,2.613908872901678504e-01,4.402877697841726778e+00
3.469094864827865443e+00,-1.299254526091586925e-01,-6.283280085197018305e-02,-1.863684771033013721e-01,8.865707434052758629e+00,3.189448441247002553e-01,4.532374100719424703e+00
3.474052737264895718e+00,-1.235356762513312029e-01,-6.283280085197018305e-02,-1.863684771033013721e-01,8.755395683453237154e+00,4.292565947242206192e-01,4.604316546762589724e+00
3.479010609701925993e+00,-9.265175718849839870e-02,-5.644302449414270728e-02,-1.618743343982960714e-01,8.776978417266187549e+00,4.580335731414867939e-01,4.681055155875299967e+00
3.483968482138956713e+00,-6.496272630457934627e-02,-5.857294994675186356e-02,-1.458998935037273681e-01,8.920863309352517589e+00,4.724220623501199090e-01,4.237410071942446343e+00
3.488926354575986988e+00,-1.150159744408945639e-01,-6.815761448349308416e-02,-1.533546325878594185e-01,8.877697841726618577e+00,5.131894484412470314e-01,4.659472422062350461e+00
3.493884227013017263e+00,-1.022364217252396124e-01,-7.987220447284344715e-02,-1.512247071352502692e-01,8.738609112709832871e+00,6.570743405275779603e-01,4.618705035971222728e+00
3.498842099450047982e+00,-9.052183173588924936e-02,-8.200212992545261037e-02,-1.288604898828540901e-01,8.880095923261391633e+00,6.738609112709832427e-01,4.182254196642685606e+00
3.503799971887078257e+00,-1.086261980830670881e-01,-8.093716719914803570e-02,-1.203407880724174650e-01,8.860911270983214294e+00,6.282973621103117301e-01,4.333333333333333037e+00
3.508757844324108532e+00,-8.519701810436634826e-02,-6.389776357827475772e-02,-1.171458998935037271e-01,8.856115107913668183e+00,7.410071942446042614e-01,4.031175059952038175e+00
3.513715716761139252e+00,-9.797657082002129980e-02,-4.685835995740149362e-02,-1.022364217252396124e-01,8.858513189448441238e+00,7.194244604316546443e-01,4.489208633093524803e+00
3.518673589198169527e+00,-8.413205537806177359e-02,-4.579339723109691201e-02,-8.306709265175718504e-02,8.817745803357313505e+00,6.402877697841726778e-01,4.376498800959232938e+00
3.523631461635199802e+00,-9.052183173588924936e-02,-4.685835995740149362e-02,-6.389776357827475772e-02,8.940047961630694928e+00,4.244604316546762846e-01,4.669064748201439130e+00
3.528589334072230521e+00,-8.413205537806177359e-02,-5.644302449414270728e-02,-7.348242811501597138e-02,8.990407673860911331e+00,4.316546762589927866e-01,4.247002398081535013e+00
3.533547206509260796e+00,-1.309904153354632672e-01,-7.135250266240682204e-02,-8.093716719914803570e-02,8.755395683453237154e+00,5.491606714628297636e-01,4.659472422062350461e+00
3.538505078946291071e+00,-9.797657082002129980e-02,-6.922257720979765883e-02,-5.644302449414270728e-02,8.712230215827338142e+00,6.330935251798560648e-01,4.354916067146282543e+00
3.543462951383321791e+00,-9.797657082002129980e-02,-6.283280085197018305e-02,-2.342917997870074681e-02,8.860911270983214294e+00,4.772182254196642437e-01,4.067146282973620686e+00
3.548420823820352066e+00,-1.086261980830670881e-01,-5.537806176783812567e-02,-1.490947816826411129e-02,8.853717026378896904e+00,2.853717026378896904e-01,4.633093525179855732e+00
3.553378696257382341e+00,-5.857294994675186356e-02,-5.218317358892438779e-02,-1.703940362087327104e-02,8.899280575539568972e+00,3.932853717026378870e-01,4.153477218225419598e+00
3.558336568694413060e+00,-7.667731629392970927e-02,-5.644302449414270728e-02,-1.810436634717784918e-02,8.750599520383692820e+00,4.820143884892086339e-01,4.539568345323741205e+00
3.563294441131443335e+00,-4.792332268370606829e-02,-5.111821086261980618e-02,-7.454739084132055646e-03,8.748201438848921541e+00,5.731414868105515481e-01,4.069544364508392853e+00
3.568252313568473610e+00,-6.709265175718849561e-02,-3.194888178913737886e-02,9.584664536741213658e-03,8.841726618705035179e+00,4.652278177458033515e-01,4.407673860911271113e+00
3.573210186005504330e+00,-4.792332268370606829e-02,-1.597444089456868943e-02,2.342917997870074681e-02,8.949640287769783598e+00,3.717026378896882699e-01,4.609112709832134058e+00
3.578168058442534605e+00,-4.685835995740149362e-02,-2.555910543130990309e-02,2.023429179978700893e-02,8.856115107913668183e+00,4.460431654676259017e-01,4.299760191846522694e+00
3.583125930879564880e+00,-7.987220447284344715e-02,-1.597444089456868943e-02,2.768903088391906284e-02,9.004796163069544335e+00,3.285371702637889801e-01,5.405275779376498946e+00
3.588083803316595599e+00,-5.324813631522896766e-03,1.064962726304579440e-03,3.833865814696485463e-02,8.767386091127098879e+00,8.153477218225420042e-01,4.139088729016786594e+00
3.593041675753625874e+00,-1.022364217252396124e-01,-4.898828541001064990e-02,6.070287539936101984e-02,7.856115107913669071e+00,8.201438848920863389e-01,4.556354916067146377e+00
3.597999548190656149e+00,-6.602768903088392094e-02,-5.324813631522896940e-02,9.797657082002129980e-02,8.505995203836929974e+00,4.364508393285371768e-01,4.508393285371703030e+00
3.602957420627686869e+00,-6.602768903088392094e-02,-5.324813631522896940e-02,9.265175718849839870e-02,9.107913669064748419e+00,3.381294964028777050e-01,5.103117505995204084e+00
3.607915293064717144e+00,-7.880724174653887248e-02,-1.182108626198083018e-01,7.774227902023429781e-02,9.093525179856115415e+00,3.645083932853717124e-01,5.247002398081535013e+00
3.612873165501747419e+00,-7.028753993610223350e-02,-1.586794462193823196e-01,7.241746538871139671e-02,8.760191846522781489e+00,4.100719424460431695e-01,3.844124700239808234e+00
3.617831037938778138e+00,-1.150159744408945639e-01,-1.128860489882854146e-01,6.496272630457934627e-02,8.625899280575540118e+00,4.316546762589927866e-01,4.098321342925659749e+00
3.622788910375808413e+00,-1.043663471778487756e-01,-6.070287539936101984e-02,7.454739084132055993e-02,8.616306954436451448e+00,5.059952038369304184e-01,4.129496402877697925e+00
3.627746782812838688e+00,-1.395101171458998923e-01,-6.815761448349308416e-02,9.691160809371672513e-02,8.729016786570744202e+00,1.870503597122302186e-01,4.988009592326139163e+00
3.632704655249869408e+00,-1.096911608093716767e-01,-1.064962726304579388e-01,9.478168264110756192e-02,8.865707434052758629e+00,-1.079136690647481966e-01,4.314148681055155699e+00
3.637662527686899683e+00,-1.288604898828540901e-01,-1.160809371671991524e-01,5.963791267305644517e-02,8.808153477218224836e+00,-1.390887290167865664e-01,4.194244604316546443e+00
3.642620400123929958e+00,-1.171458998935037271e-01,-1.001064962726304630e-01,3.407880724174654208e-02,8.630695443645084453e+00,1.366906474820143991e-01,4.004796163069544335e+00
3.647578272560960677e+00,-1.139510117145899892e-01,-7.028753993610223350e-02,4.472843450479233041e-02,8.729016786570744202e+00,1.223021582733812979e-01,3.875299760191846410e+00
3.652536144997990952e+00,-1.171458998935037271e-01,-4.259850905218317413e-02,5.431309904153354406e-02,9.028776978417266008e+00,-2.661870503597122406e-01,4.247002398081535013e+00
3.657494017435021227e+00,-9.478168264110756192e-02,-2.023429179978700893e-02,3.088391906283280072e-02,9.201438848920863833e+00,-4.148681055155875042e-01,4.095923261390887582e+00
3.662451889872051503e+00,-1.096911608093716767e-01,-1.490947816826411129e-02,-1.171458998935037341e-02,9.035971223021583398e+00,-2.877697841726618577e-01,4.599520383693045389e+00
3.667409762309082222e+00,-7.454739084132055993e-02,-1.916932907348242732e-02,-2.875399361022364098e-02,8.726618705035971146e+00,1.127098321342925591e-01,4.275779376498801021e+00
3.672367634746112497e+00,-7.348242811501597138e-02,-1.171458998935037341e-02,-1.171458998935037341e-02,8.628297362110311397e+00,1.726618705035971313e-01,4.414868105515587615e+00
3.677325507183142772e+00,-4.792332268370606829e-02,8.519701810436635520e-03,4.259850905218317760e-03,8.822541966426857840e+00,5.275779376498800771e-02,4.388489208633093774e+00
3.682283379620173491e+00,-5.750798722044728195e-02,1.703940362087327104e-02,-2.129925452609158880e-03,8.959232613908872267e+00,-5.515587529976018893e-02,4.767386091127097991e+00
3.687241252057203766e+00,-6.283280085197018305e-02,-4.259850905218317760e-03,-2.555910543130990309e-02,8.882494004796162912e+00,6.954436450839328321e-02,5.069544364508392853e+00
3.692199124494234042e+00,-5.644302449414270728e-02,-3.514376996805111675e-02,-3.514376996805111675e-02,8.625899280575540118e+00,3.213429256594724226e-01,4.760191846522781489e+00
3.697156996931264761e+00,-6.389776357827475772e-02,-5.005324813631523151e-02,-2.555910543130990309e-02,8.505995203836929974e+00,3.573141486810551548e-01,4.719424460431654644e+00
3.702114869368295036e+00,-4.792332268370606829e-02,-4.153354632587859252e-02,-1.810436634717784918e-02,8.575539568345323715e+00,3.357314148681055377e-01,4.472422062350119631e+00
3.707072741805325311e+00,-5.857294994675186356e-02,-3.301384451544196047e-02,-1.277955271565495154e-02,8.693045563549160804e+00,1.942446043165467762e-01,4.868105515587529908e+00
3.712030614242356030e+00,-4.898828541001064990e-02,-4.472843450479233041e-02,-1.916932907348242732e-02,8.748201438848921541e+00,1.774580335731414937e-01,4.798561151079137055e+00
3.716988486679386305e+00,-7.135250266240682204e-02,-5.963791267305644517e-02,-2.875399361022364098e-02,8.724220623501199867e+00,2.038369304556355011e-01,4.702637889688249473e+00
3.721946359116416581e+00,-8.200212992545261037e-02,-5.857294994675186356e-02,-3.727369542066027996e-02,8.654676258992806126e+00,2.589928057553956831e-01,4.577937649880095883e+00
3.726904231553447300e+00,-8.945686900958466081e-02,-4.259850905218317413e-02,-3.940362087326943624e-02,8.465227817745804018e+00,3.908872901678657197e-01,4.625899280575539230e+00
3.731862103990477575e+00,-9.478168264110756192e-02,-3.620873269435569836e-02,-3.088391906283280072e-02,8.465227817745804018e+00,3.788968824940047719e-01,4.956834532374100988e+00
3.736819976427507850e+00,-8.732694355697551147e-02,-4.685835995740149362e-02,-2.023429179978700893e-02,8.477218225419663966e+00,3.285371702637889801e-01,4.952038369304556653e+00
3.741777848864538569e+00,-9.691160809371672513e-02,-7.241746538871139671e-02,-1.916932907348242732e-02,8.529976019184651648e+00,2.014388489208633060e-01,5.203836930455635112e+00
3.746735721301568844e+00,-7.241746538871139671e-02,-9.904153354632587447e-02,-2.981895633652822258e-02,8.474820143884892687e+00,3.213429256594724226e-01,4.822541966426858728e+00
3.751693593738599120e+00,-8.093716719914803570e-02,-1.128860489882854146e-01,-3.194888178913737886e-02,8.386091127098321607e+00,3.812949640287769948e-01,4.846522781774580402e+00
3.756651466175629839e+00,-7.561235356762513460e-02,-1.150159744408945639e-01,-2.768903088391906284e-02,8.448441247002397958e+00,3.381294964028777050e-01,4.733812949640287648e+00
3.761609338612660114e+00,-8.306709265175718504e-02,-1.192758253461128903e-01,-2.449414270500532495e-02,8.621103117505995783e+00,1.798561151079136611e-01,4.822541966426858728e+00
3.766567211049690389e+00,-7.880724174653887248e-02,-1.331203407880724165e-01,-3.514376996805111675e-02,8.702637889688249473e+00,5.035971223021582649e-02,4.702637889688249473e+00
3.771525083486721108e+00,-8.306709265175718504e-02,-1.331203407880724165e-01,-5.324813631522896940e-02,8.695443645083932083e+00,6.235011990407673954e-02,4.443645083932853623e+00
3.776482955923751383e+00,-9.478168264110756192e-02,-1.203407880724174650e-01,-6.389776357827475772e-02,8.664268585131894795e+00,8.153477218225420320e-02,4.520383693045563867e+00
3.781440828360781659e+00,-7.241746538871139671e-02,-9.691160809371672513e-02,-6.389776357827475772e-02,8.664268585131894795e+00,1.318944844124700366e-01,4.230215827338129841e+00
3.786398700797812378e+00,-7.561235356762513460e-02,-6.922257720979765883e-02,-6.176783812566560145e-02,8.733812949640288537e+00,0.000000000000000000e+00,4.517985611510791699e+00
3.791356573234842653e+00,-6.070287539936101984e-02,-4.579339723109691201e-02,-6.709265175718849561e-02,8.812949640287769171e+00,-1.918465227817745672e-02,4.527577937649880369e+00
3.796314445671872928e+00,-5.750798722044728195e-02,-3.194888178913737886e-02,-7.561235356762513460e-02,8.805755395683453557e+00,-4.796163069544364180e-03,4.613908872901678393e+00
3.801272318108903647e+00,-4.366347177848775574e-02,-1.597444089456868943e-02,-8.413205537806177359e-02,8.681055155875299079e+00,8.393285371702638442e-02,4.611510791366906226e+00
3.806230190545933922e+00,-3.301384451544196047e-02,2.129925452609158880e-03,-8.306709265175718504e-02,8.589928057553956720e+00,1.942446043165467762e-01,4.611510791366906226e+00
3.811188062982964198e+00,-2.875399361022364098e-02,2.129925452609158706e-02,-7.667731629392970927e-02,8.604316546762589724e+00,1.990407673860911386e-01,4.786570743405276218e+00
3.816145935419994917e+00,-2.023429179978700893e-02,3.514376996805111675e-02,-7.667731629392970927e-02,8.659472422062350461e+00,1.918465227817745811e-01,4.817745803357314394e+00
3.821103807857025192e+00,-3.088391906283280072e-02,3.940362087326943624e-02,-8.200212992545261037e-02,8.647482014388488736e+00,2.374100719424460382e-01,5.103117505995204084e+00
3.826061680294055467e+00,-2.875399361022364098e-02,3.727369542066027996e-02,-8.839190628328008614e-02,8.580335731414868050e+00,4.268585131894484519e-01,5.045563549160671180e+00
3.831019552731086186e+00,-4.046858359957401785e-02,3.301384451544196047e-02,-8.519701810436634826e-02,8.505995203836929974e+00,5.275779376498801465e-01,5.129496402877697925e+00
3.835977425168116461e+00,-4.259850905218317413e-02,3.620873269435569836e-02,-7.135250266240682204e-02,8.462829736211030962e+00,5.827338129496403285e-01,5.107913669064748419e+00
3.840935297605146737e+00,-5.005324813631523151e-02,4.046858359957401785e-02,-5.324813631522896940e-02,8.539568345323740317e+00,5.395683453237409832e-01,5.220623501199041172e+00
3.845893170042177456e+00,-5.857294994675186356e-02,4.046858359957401785e-02,-4.046858359957401785e-02,8.587529976019185440e+00,4.580335731414867939e-01,5.352517985611510376e+00
3.850851042479207731e+00,-6.283280085197018305e-02,2.768903088391906284e-02,-3.833865814696485463e-02,8.587529976019185440e+00,4.484412470023980690e-01,5.282973621103117523e+00
3.855808914916238006e+00,-7.028753993610223350e-02,1.810436634717784918e-02,-3.514376996805111675e-02,8.532374100719424703e+00,4.532374100719424592e-01,5.326139088729016535e+00
3.860766787353268725e+00,-6.602768903088392094e-02,1.490947816826411129e-02,-2.662406815761448470e-02,8.486810551558752636e+00,4.868105515587530241e-01,5.218225419664269005e+00
3.865724659790299000e+00,-6.496272630457934627e-02,1.490947816826411129e-02,-1.384451544195953142e-02,8.470023980815348352e+00,4.076738609112710021e-01,5.386091127098321607e+00
3.870682532227329276e+00,-4.579339723109691201e-02,1.064962726304579353e-02,-1.064962726304579440e-03,8.522781774580336034e+00,3.021582733812949728e-01,5.371702637889688603e+00
3.875640404664359995e+00,-3.194888178913737886e-02,1.064962726304579440e-03,5.324813631522896766e-03,8.553956834532373321e+00,2.565947242206235157e-01,5.424460431654676285e+00
3.880598277101390270e+00,-1.703940362087327104e-02,-8.519701810436635520e-03,7.454739084132055646e-03,8.489208633093525691e+00,3.141486810551558650e-01,5.438848920863309289e+00
3.885556149538420545e+00,-1.064962726304579440e-03,-1.597444089456868943e-02,1.597444089456868943e-02,8.453237410071942293e+00,3.669064748201438797e-01,5.338129496402877372e+00
3.890514021975451264e+00,8.519701810436635520e-03,-2.236421725239616520e-02,2.981895633652822258e-02,8.455635491606715348e+00,3.741007194244604372e-01,5.297362110311750527e+00
3.895471894412481539e+00,1.810436634717784918e-02,-2.662406815761448470e-02,4.153354632587859252e-02,8.458033573141486627e+00,3.525179856115107646e-01,5.175059952038369104e+00
3.900429766849511815e+00,2.023429179978700893e-02,-3.301384451544196047e-02,5.111821086261980618e-02,8.537170263788969038e+00,2.517985611510791255e-01,5.249400479616307180e+00
3.905387639286542534e+00,2.342917997870074681e-02,-4.153354632587859252e-02,5.005324813631523151e-02,8.592326139088729775e+00,2.517985611510791255e-01,5.153477218225419598e+00
3.910345511723572809e+00,1.916932907348242732e-02,-5.005324813631523151e-02,4.898828541001064990e-02,8.573141486810552436e+00,2.350119904076738708e-01,5.083932853717026745e+00
3.915303384160603084e+00,1.810436634717784918e-02,-5.431309904153354406e-02,4.472843450479233041e-02,8.573141486810552436e+00,2.278177458033573133e-01,4.988009592326139163e+00
3.920261256597633803e+00,1.064962726304579353e-02,-5.963791267305644517e-02,4.259850905218317413e-02,8.589928057553956720e+00,1.846522781774580235e-01,4.875299760191846410e+00
3.925219129034664078e+00,5.324813631522896766e-03,-6.176783812566560145e-02,3.727369542066027996e-02,8.628297362110311397e+00,1.247002398081534791e-01,4.894484412470023749e+00
3.930177001471694354e+00,3.194888178913737886e-03,-6.283280085197018305e-02,3.194888178913737886e-02,8.640287769784173122e+00,9.832134292565947176e-02,4.860911270983213406e+00
3.935134873908725073e+00,0.000000000000000000e+00,-6.389776357827475772e-02,2.023429179978700893e-02,8.642685851318944401e+00,8.153477218225420320e-02,4.882494004796162912e+00
3.940092746345755348e+00,1.064962726304579440e-03,-6.815761448349308416e-02,9.584664536741213658e-03,8.616306954436451448e+00,1.007194244604316530e-01,4.793764988009592720e+00
3.945050618782785623e+00,1.064962726304579440e-03,-6.602768903088392094e-02,7.454739084132055646e-03,8.551558752997602042e+00,1.366906474820143991e-01,4.788968824940048385e+00
3.950008491219816342e+00,7.454739084132055646e-03,-6.283280085197018305e-02,4.259850905218317760e-03,8.534772182254195982e+00,1.390887290167865664e-01,4.762589928057553657e+00
3.954966363656846617e+00,1.384451544195953142e-02,-6.176783812566560145e-02,2.129925452609158880e-03,8.549160671462828986e+00,1.366906474820143991e-01,4.856115107913669071e+00
3.959924236093876893e+00,2.129925452609158706e-02,-6.283280085197018305e-02,5.324813631522896766e-03,8.582733812949641106e+00,1.151079136690647542e-01,4.853717026378896904e+00
3.964882108530907168e+00,3.088391906283280072e-02,-7.028753993610223350e-02,1.064962726304579440e-03,8.640287769784173122e+00,9.832134292565947176e-02,4.796163069544364888e+00
3.969839980967937887e+00,4.046858359957401785e-02,-7.348242811501597138e-02,-1.064962726304579440e-03,8.657074340527577405e+00,1.390887290167865664e-01,4.736211031175059816e+00
3.974797853404968162e+00,5.218317358892438779e-02,-7.241746538871139671e-02,1.064962726304579440e-03,8.589928057553956720e+00,1.750599520383692986e-01,4.652278177458033959e+00
3.979755725841998437e+00,6.176783812566560145e-02,-6.602768903088392094e-02,5.324813631522896766e-03,8.645083932853717457e+00,1.294964028776978415e-01,4.657074340527578293e+00
3.984713598279029156e+00,7.561235356762513460e-02,-6.389776357827475772e-02,5.324813631522896766e-03,8.733812949640288537e+00,5.995203836930455832e-02,4.640287769784172234e+00
3.989671470716059432e+00,7.987220447284344715e-02,-6.496272630457934627e-02,-5.324813631522896766e-03,8.781774580335731883e+00,3.836930455635491344e-02,4.669064748201439130e+00
3.994629343153089707e+00,8.732694355697551147e-02,-7.028753993610223350e-02,-1.810436634717784918e-02,8.748201438848921541e+00,1.175059952038369354e-01,4.654676258992806126e+00
3.999587215590119982e+00,9.478168264110756192e-02,-7.454739084132055993e-02,-2.236421725239616520e-02,8.671462829736210409e+00,2.733812949640287981e-01,4.618705035971222728e+00
4.004545088027151145e+00,1.001064962726304630e-01,-7.667731629392970927e-02,-1.703940362087327104e-02,8.601918465227818444e+00,3.597122302158273222e-01,4.546762589928057707e+00
4.009502960464181420e+00,1.064962726304579388e-01,-7.667731629392970927e-02,-9.584664536741213658e-03,8.616306954436451448e+00,3.141486810551558650e-01,4.479616306954436133e+00
4.014460832901211695e+00,1.096911608093716767e-01,-7.348242811501597138e-02,-8.519701810436635520e-03,8.683453237410072134e+00,2.422062350119904006e-01,4.479616306954436133e+00
4.019418705338241971e+00,1.150159744408945639e-01,-7.135250266240682204e-02,-7.454739084132055646e-03,8.702637889688249473e+00,2.374100719424460382e-01,4.448441247002397958e+00
4.024376577775272246e+00,1.171458998935037271e-01,-7.348242811501597138e-02,-1.171458998935037341e-02,8.693045563549160804e+00,3.213429256594724226e-01,4.414868105515587615e+00
4.029334450212302521e+00,1.182108626198083018e-01,-7.135250266240682204e-02,-8.519701810436635520e-03,8.594724220623501054e+00,4.340527577937650094e-01,4.342925659472421707e+00
4.034292322649333684e+00,1.182108626198083018e-01,-6.709265175718849561e-02,4.259850905218317760e-03,8.561151079136690711e+00,4.868105515587530241e-01,4.306954436450839196e+00
4.039250195086363959e+00,1.160809371671991524e-01,-6.283280085197018305e-02,2.129925452609158706e-02,8.647482014388488736e+00,4.724220623501199090e-01,4.247002398081535013e+00
4.044208067523394234e+00,1.086261980830670881e-01,-6.070287539936101984e-02,3.301384451544196047e-02,8.717026378896882477e+00,4.484412470023980690e-01,4.146282973621103096e+00
4.049165939960424510e+00,9.691160809371672513e-02,-5.857294994675186356e-02,3.833865814696485463e-02,8.652278177458033070e+00,5.035971223021582510e-01,4.163069544364508268e+00
4.054123812397454785e+00,8.306709265175718504e-02,-5.644302449414270728e-02,4.792332268370606829e-02,8.606714628297362779e+00,5.779376498800958828e-01,4.131894484412470092e+00
4.059081684834485060e+00,6.602768903088392094e-02,-5.644302449414270728e-02,6.283280085197018305e-02,8.633093525179855732e+00,5.731414868105515481e-01,4.076738609112710243e+00
4.064039557271516223e+00,4.898828541001064990e-02,-5.324813631522896940e-02,7.667731629392970927e-02,8.702637889688249473e+00,5.011990407673860837e-01,4.014388489208633004e+00
4.068997429708546498e+00,2.768903088391906284e-02,-4.792332268370606829e-02,7.880724174653887248e-02,8.774580335731414493e+00,4.532374100719424592e-01,4.035971223021582510e+00
4.073955302145576773e+00,1.064962726304579353e-02,-4.366347177848775574e-02,7.880724174653887248e-02,8.731414868105515481e+00,4.196642685851318944e-01,4.098321342925659749e+00
4.078913174582607049e+00,-1.064962726304579440e-03,-4.898828541001064990e-02,8.200212992545261037e-02,8.671462829736210409e+00,4.076738609112710021e-01,4.112709832134292753e+00
4.083871047019637324e+00,-6.389776357827475772e-03,-5.644302449414270728e-02,8.732694355697551147e-02,8.652278177458033070e+00,3.764988009592326046e-01,3.992805755395683498e+00
4.088828919456667599e+00,-7.454739084132055646e-03,-5.537806176783812567e-02,8.839190628328008614e-02,8.714628297362111198e+00,2.422062350119904006e-01,3.892086330935251581e+00
4.093786791893698762e+00,-2.129925452609158880e-03,-4.792332268370606829e-02,8.839190628328008614e-02,8.791366906474820553e+00,1.175059952038369354e-01,3.944844124700239707e+00
4.098744664330729037e+00,1.064962726304579353e-02,-4.685835995740149362e-02,7.774227902023429781e-02,8.729016786570744202e+00,5.515587529976018893e-02,3.978417266187050494e+00
4.103702536767759312e+00,2.555910543130990309e-02,-4.579339723109691201e-02,6.709265175718849561e-02,8.673860911270983465e+00,5.515587529976018893e-02,4.007194244604316502e+00
4.108660409204789588e+00,4.153354632587859252e-02,-5.218317358892438779e-02,5.963791267305644517e-02,8.654676258992806126e+00,4.316546762589928282e-02,3.983213429256594829e+00
4.113618281641819863e+00,5.644302449414270728e-02,-5.537806176783812567e-02,5.644302449414270728e-02,8.707434052757793808e+00,2.158273381294964141e-02,3.904076738609112862e+00
4.118576154078850138e+00,7.028753993610223350e-02,-5.324813631522896940e-02,4.792332268370606829e-02,8.752997601918465875e+00,1.199040767386091132e-02,3.755395683453237599e+00
4.123534026515880413e+00,7.987220447284344715e-02,-4.898828541001064990e-02,3.301384451544196047e-02,8.764988009592325824e+00,5.995203836930455832e-02,3.774580335731414937e+00
4.128491898952911576e+00,8.200212992545261037e-02,-4.579339723109691201e-02,2.023429179978700893e-02,8.752997601918465875e+00,1.558752997601918489e-01,3.875299760191846410e+00
4.133449771389941851e+00,8.093716719914803570e-02,-5.218317358892438779e-02,9.584664536741213658e-03,8.664268585131894795e+00,1.798561151079136611e-01,3.767386091127098435e+00
4.138407643826972127e+00,7.241746538871139671e-02,-5.111821086261980618e-02,-4.259850905218317760e-03,8.810551558752997892e+00,1.846522781774580235e-01,3.760191846522781933e+00
4.143365516264002402e+00,6.602768903088392094e-02,-5.431309904153354406e-02,-1.277955271565495154e-02,8.841726618705035179e+00,2.062350119904076684e-01,3.534772182254196426e+00
4.148323388701032677e+00,5.857294994675186356e-02,-4.685835995740149362e-02,-2.555910543130990309e-02,8.856115107913668183e+00,2.230215827338129508e-01,3.393285371702638109e+00
4.153281261138062952e+00,5.324813631522896940e-02,-3.194888178913737886e-02,-4.046858359957401785e-02,8.853717026378896904e+00,2.733812949640287981e-01,3.443645083932853623e+00
4.158239133575094115e+00,5.005324813631523151e-02,-2.768903088391906284e-02,-4.153354632587859252e-02,8.901678657074340251e+00,2.853717026378896904e-01,3.558752997601918544e+00
4.163197006012124390e+00,4.898828541001064990e-02,-2.875399361022364098e-02,-4.259850905218317413e-02,8.815347721822542226e+00,2.661870503597122406e-01,3.369304556354915992e+00
4.168154878449154666e+00,5.218317358892438779e-02,-3.194888178913737886e-03,-5.005324813631523151e-02,9.203836930455635112e+00,2.446043165467625957e-01,3.494004796163069582e+00
4.173112750886184941e+00,6.602768903088392094e-02,7.454739084132055646e-03,-4.685835995740149362e-02,9.091127098321342359e+00,2.398081534772182333e-01,3.127098321342925757e+00
4.178070623323215216e+00,7.454739084132055993e-02,4.366347177848775574e-02,-5.218317358892438779e-02,9.105515587529975363e+00,2.398081534772182333e-01,3.330935251798561314e+00
4.183028495760245491e+00,9.797657082002129980e-02,6.922257720979765883e-02,-5.111821086261980618e-02,9.038369304556354678e+00,3.333333333333333148e-01,3.354916067146282987e+00
4.187986368197276654e+00,1.064962726304579388e-01,8.413205537806177359e-02,-4.259850905218317413e-02,9.045563549160672068e+00,3.021582733812949728e-01,3.630695443645084008e+00
4.192944240634306929e+00,1.299254526091586925e-01,8.732694355697551147e-02,-3.940362087326943624e-02,9.067146282973620686e+00,2.589928057553956831e-01,3.541966426858513373e+00
4.197902113071337205e+00,1.320553780617678419e-01,9.584664536741213658e-02,-5.431309904153354406e-02,9.141486810551558762e+00,2.709832134292565753e-01,3.724220623501198979e+00
4.202859985508367480e+00,1.331203407880724165e-01,1.022364217252396124e-01,-6.815761448349308416e-02,9.019184652278177339e+00,4.820143884892086339e-01,3.832134292565947398e+00
4.207817857945397755e+00,1.267305644302449408e-01,9.584664536741213658e-02,-6.709265175718849561e-02,8.899280575539568972e+00,6.570743405275779603e-01,4.000000000000000000e+00
4.212775730382428030e+00,1.299254526091586925e-01,8.200212992545261037e-02,-5.431309904153354406e-02,8.788968824940047497e+00,7.050359712230215292e-01,4.026378896882493841e+00
4.217733602819459193e+00,1.288604898828540901e-01,7.028753993610223350e-02,-4.366347177848775574e-02,8.812949640287769171e+00,7.122302158273381423e-01,3.925659472422062368e+00
4.222691475256489468e+00,1.139510117145899892e-01,5.218317358892438779e-02,-3.833865814696485463e-02,8.877697841726618577e+00,7.122302158273381423e-01,4.038369304556354678e+00
4.227649347693519744e+00,1.075612353567625135e-01,3.407880724174654208e-02,-3.727369542066027996e-02,8.911270983213428920e+00,8.033573141486810565e-01,3.916067146282973699e+00
4.232607220130550019e+00,9.478168264110756192e-02,1.916932907348242732e-02,-3.407880724174654208e-02,8.880095923261391633e+00,8.273381294964028410e-01,3.772182254196642770e+00
4.237565092567580294e+00,8.839190628328008614e-02,1.916932907348242732e-02,-2.662406815761448470e-02,8.916067146282973255e+00,7.817745803357314394e-01,3.527577937649879924e+00
4.242522965004610569e+00,7.987220447284344715e-02,3.620873269435569836e-02,-1.490947816826411129e-02,9.016786570743406060e+00,6.978417266187050272e-01,3.494004796163069582e+00
4.247480837441641732e+00,7.880724174653887248e-02,5.324813631522896940e-02,-5.324813631522896766e-03,9.103117505995204084e+00,5.947242206235011652e-01,3.443645083932853623e+00
4.252438709878672007e+00,6.176783812566560145e-02,7.135250266240682204e-02,0.000000000000000000e+00,9.165467625899280435e+00,4.652278177458033515e-01,3.613908872901678837e+00
4.257396582315702283e+00,4.153354632587859252e-02,7.987220447284344715e-02,0.000000000000000000e+00,9.223021582733812451e+00,4.388489208633093441e-01,3.685851318944844301e+00
4.262354454752732558e+00,3.514376996805111675e-02,7.348242811501597138e-02,-3.194888178913737886e-03,9.134292565947241371e+00,5.419664268585131506e-01,3.712230215827338142e+00
4.267312327189762833e+00,6.070287539936101984e-02,8.519701810436634826e-02,9.584664536741213658e-03,8.966426858513189657e+00,7.458033573141487071e-01,3.438848920863309289e+00
4.272270199626793108e+00,6.922257720979765883e-02,1.096911608093716767e-01,4.046858359957401785e-02,8.952038369304556653e+00,7.793764988009592720e-01,3.637889688249400511e+00
4.277228072063824271e+00,7.774227902023429781e-02,1.214057507987220397e-01,6.602768903088392094e-02,9.115107913669064033e+00,6.211031175059952281e-01,3.875299760191846410e+00
4.282185944500854546e+00,8.200212992545261037e-02,1.075612353567625135e-01,7.561235356762513460e-02,9.167865707434053490e+00,4.868105515587530241e-01,4.079136690647482411e+00
4.287143816937884822e+00,8.413205537806177359e-02,8.413205537806177359e-02,7.135250266240682204e-02,9.095923261390886694e+00,5.755395683453237154e-01,4.031175059952038175e+00
4.292101689374915097e+00,8.626198083067092293e-02,6.922257720979765883e-02,7.561235356762513460e-02,8.942446043165467984e+00,7.050359712230215292e-01,3.781774580335731439e+00
4.297059561811945372e+00,8.093716719914803570e-02,7.667731629392970927e-02,1.001064962726304630e-01,8.954436450839327932e+00,6.954436450839328598e-01,3.760191846522781933e+00
4.302017434248975647e+00,8.306709265175718504e-02,9.265175718849839870e-02,1.192758253461128903e-01,9.083932853717026745e+00,5.611510791366906004e-01,3.834532374100719565e+00
4.306975306686006810e+00,7.987220447284344715e-02,9.478168264110756192e-02,1.224707135250266282e-01,9.220623501199041172e+00,4.220623501199040617e-01,4.007194244604316502e+00
4.311933179123037085e+00,7.987220447284344715e-02,8.413205537806177359e-02,1.192758253461128903e-01,9.218225419664268117e+00,4.580335731414867939e-01,3.784172661870503607e+00
4.316891051560067361e+00,6.496272630457934627e-02,8.093716719914803570e-02,1.118210862619808260e-01,9.081534772182253690e+00,5.875299760191846632e-01,3.683453237410072134e+00
4.321848923997097636e+00,6.922257720979765883e-02,9.691160809371672513e-02,1.182108626198083018e-01,9.028776978417266008e+00,6.546762589928057929e-01,3.594724220623501054e+00
4.326806796434127911e+00,5.963791267305644517e-02,1.160809371671991524e-01,1.373801916932907430e-01,9.067146282973620686e+00,6.330935251798560648e-01,3.863309352517985573e+00
4.331764668871158186e+00,6.176783812566560145e-02,1.171458998935037271e-01,1.501597444089456945e-01,9.098321342925659749e+00,5.323741007194244812e-01,4.151079136690647431e+00
4.336722541308189349e+00,6.070287539936101984e-02,9.584664536741213658e-02,1.565495207667731703e-01,9.158273381294964821e+00,5.035971223021582510e-01,4.021582733812949506e+00
4.341680413745219624e+00,3.620873269435569836e-02,7.987220447284344715e-02,1.565495207667731703e-01,9.160671462829736100e+00,5.059952038369304184e-01,4.043165467625899012e+00
4.346638286182249900e+00,3.833865814696485463e-02,8.413205537806177359e-02,1.544195953141639932e-01,9.146282973621103096e+00,5.827338129496403285e-01,3.743405275779376318e+00
4.351596158619280175e+00,2.662406815761448470e-02,1.033013844515442009e-01,1.693290734824281218e-01,9.148681055155876152e+00,5.899280575539568305e-01,3.774580335731414937e+00
4.356554031056310450e+00,2.236421725239616520e-02,1.171458998935037271e-01,1.874334398296059745e-01,9.203836930455635112e+00,4.484412470023980690e-01,4.011990407673860837e+00
4.361511903493340725e+00,2.129925452609158706e-02,1.107561235356762513e-01,1.959531416400425996e-01,9.201438848920863833e+00,3.141486810551558650e-01,4.100719424460431917e+00
4.366469775930371888e+00,1.384451544195953142e-02,9.584664536741213658e-02,1.938232161874334503e-01,9.191846522781775164e+00,2.709832134292565753e-01,4.100719424460431917e+00
4.371427648367402163e+00,1.171458998935037341e-02,8.839190628328008614e-02,1.906283280085196985e-01,9.100719424460431028e+00,3.788968824940047719e-01,3.822541966426858728e+00
4.376385520804432439e+00,1.064962726304579440e-03,9.691160809371672513e-02,1.927582534611288478e-01,9.141486810551558762e+00,3.597122302158273222e-01,3.776978417266187105e+00
4.381343393241462714e+00,-6.389776357827475772e-03,1.224707135250266282e-01,1.980830670926517489e-01,9.143884892086331817e+00,2.997601918465228055e-01,3.769784172661870603e+00
4.386301265678492989e+00,-1.597444089456868943e-02,1.416400425985090417e-01,1.980830670926517489e-01,9.261390887290167129e+00,1.870503597122302186e-01,4.105515587529976251e+00
4.391259138115523264e+00,-2.129925452609158706e-02,1.363152289669861683e-01,1.842385516506922227e-01,9.213429256594723782e+00,1.726618705035971313e-01,4.184652278177457774e+00
4.396217010552554427e+00,-2.875399361022364098e-02,1.246006389776357776e-01,1.714589989350372712e-01,9.007194244604317390e+00,2.781774580335731328e-01,4.225419664268585507e+00
4.401174882989584702e+00,-2.449414270500532495e-02,1.224707135250266282e-01,1.714589989350372712e-01,8.920863309352517589e+00,3.453237410071942626e-01,4.062350119904076351e+00
4.406132755426614978e+00,-3.727369542066027996e-02,1.267305644302449408e-01,1.778487752928647470e-01,8.889688249400480302e+00,2.757793764988009655e-01,4.498800959232613472e+00
4.411090627863645253e+00,-1.277955271565495154e-02,1.160809371671991524e-01,1.810436634717784987e-01,8.882494004796162912e+00,2.733812949640287981e-01,4.517985611510791699e+00
4.416048500300675528e+00,-1.597444089456868943e-02,9.052183173588924936e-02,1.810436634717784987e-01,8.812949640287769171e+00,2.877697841726618577e-01,4.671462829736211297e+00
4.421006372737705803e+00,-1.703940362087327104e-02,5.750798722044728195e-02,1.789137380191693216e-01,8.714628297362111198e+00,3.117505995203836977e-01,4.901678657074340251e+00
4.425964245174736966e+00,2.129925452609158880e-03,2.342917997870074681e-02,1.821086261980830734e-01,8.707434052757793808e+00,2.613908872901678504e-01,4.649880095923261791e+00
4.430922117611767241e+00,5.324813631522896766e-03,-4.259850905218317760e-03,1.842385516506922227e-01,8.817745803357313505e+00,1.031175059952038342e-01,4.628297362110311397e+00
4.435879990048797517e+00,2.129925452609158706e-02,-1.703940362087327104e-02,1.725239616613418459e-01,9.038369304556354678e+00,4.316546762589928282e-02,4.474820143884891799e+00
4.440837862485827792e+00,1.597444089456868943e-02,-3.940362087326943624e-02,1.661341853035143701e-01,8.786570743405276218e+00,1.175059952038369354e-01,4.681055155875299967e+00
4.445795734922858067e+00,3.727369542066027996e-02,-5.963791267305644517e-02,1.714589989350372712e-01,8.767386091127098879e+00,2.446043165467625957e-01,4.426858513189448452e+00
4.450753607359888342e+00,3.194888178913737886e-02,-8.093716719914803570e-02,1.831735889243876481e-01,8.918465227817746310e+00,7.673860911270982688e-02,4.294964028776978360e+00
4.455711479796918617e+00,3.727369542066027996e-02,-7.880724174653887248e-02,1.842385516506922227e-01,9.155875299760191766e+00,-1.366906474820143991e-01,3.983213429256594829e+00
4.460669352233949780e+00,3.194888178913737886e-02,-5.750798722044728195e-02,1.576144834930777450e-01,9.266187050359711463e+00,-1.798561151079136611e-01,3.997601918465227833e+00
4.465627224670980056e+00,2.662406815761448470e-02,-4.259850905218317413e-02,1.235356762513312029e-01,9.175059952038369104e+00,-3.597122302158273222e-02,4.095923261390887582e+00
4.470585097108010331e+00,2.555910543130990309e-02,-3.727369542066027996e-02,1.118210862619808260e-01,8.918465227817746310e+00,8.872901678657074687e-02,4.081534772182254578e+00
4.475542969545040606e+00,3.514376996805111675e-02,-2.768903088391906284e-02,1.182108626198083018e-01,8.961630695443645322e+00,-4.316546762589928282e-02,3.930455635491606703e+00
4.480500841982070881e+00,3.194888178913737886e-02,-8.519701810436635520e-03,1.033013844515442009e-01,9.057553956834532016e+00,-1.750599520383692986e-01,4.110311750599520586e+00
4.485458714419101156e+00,2.981895633652822258e-02,-9.584664536741213658e-03,7.348242811501597138e-02,8.964028776978416602e+00,-9.352517985611510931e-02,4.568345323741007213e+00
4.490416586856132319e+00,3.940362087326943624e-02,-3.514376996805111675e-02,5.750798722044728195e-02,8.769784172661870159e+00,5.755395683453237710e-02,4.611510791366906226e+00
4.495374459293162595e+00,5.324813631522896940e-02,-6.176783812566560145e-02,5.431309904153354406e-02,8.613908872901678393e+00,8.872901678657074687e-02,4.551558752997602042e+00
4.500332331730192870e+00,7.774227902023429781e-02,-7.348242811501597138e-02,5.644302449414270728e-02,8.551558752997602042e+00,8.153477218225420320e-02,4.486810551558752636e+00
4.505290204167223145e+00,9.797657082002129980e-02,-8.200212992545261037e-02,6.389776357827475772e-02,8.695443645083932083e+00,-2.637889688249400386e-02,4.580335731414868050e+00
4.510248076604253420e+00,1.096911608093716767e-01,-9.904153354632587447e-02,6.070287539936101984e-02,8.712230215827338142e+00,-1.079136690647481966e-01,4.657074340527578293e+00
4.515205949041283695e+00,1.203407880724174650e-01,-1.309904153354632672e-01,4.366347177848775574e-02,8.604316546762589724e+00,-7.913669064748200810e-02,4.774580335731414493e+00
4.520163821478314858e+00,1.416400425985090417e-01,-1.597444089456868943e-01,3.301384451544196047e-02,8.465227817745804018e+00,5.755395683453237710e-02,4.407673860911271113e+00
4.525121693915345134e+00,1.309904153354632672e-01,-1.767838125665601723e-01,3.514376996805111675e-02,8.484412470023981356e+00,5.515587529976018893e-02,4.585131894484412385e+00
4.530079566352375409e+00,1.554845580404685956e-01,-1.906283280085196985e-01,3.301384451544196047e-02,8.587529976019185440e+00,-9.592326139088728360e-03,4.261390887290168017e+00
4.535037438789405684e+00,1.512247071352502692e-01,-2.002129925452609260e-01,2.342917997870074681e-02,8.609112709832134058e+00,-8.153477218225420320e-02,4.268585131894484519e+00
4.539995311226435959e+00,1.512247071352502692e-01,-2.034078807241746500e-01,5.324813631522896766e-03,8.714628297362111198e+00,-7.673860911270982688e-02,3.980815347721822661e+00
4.544953183663466234e+00,1.288604898828540901e-01,-1.991480298189563236e-01,-1.064962726304579353e-02,8.764988009592325824e+00,-6.714628297362110199e-02,3.908872901678657197e+00
4.549911056100497397e+00,1.214057507987220397e-01,-1.831735889243876481e-01,-2.875399361022364098e-02,8.786570743405276218e+00,-3.117505995203836977e-02,3.745803357314148485e+00
4.554868928537527673e+00,1.160809371671991524e-01,-1.618743343982960714e-01,-4.153354632587859252e-02,8.750599520383692820e+00,2.158273381294964141e-02,3.582733812949640217e+00
4.559826800974557948e+00,9.691160809371672513e-02,-1.363152289669861683e-01,-5.005324813631523151e-02,8.736211031175059816e+00,6.474820143884892076e-02,3.678657074340527799e+00
4.564784673411588223e+00,8.413205537806177359e-02,-1.224707135250266282e-01,-5.644302449414270728e-02,8.724220623501199867e+00,3.597122302158273222e-02,3.729016786570743314e+00
4.569742545848618498e+00,7.135250266240682204e-02,-1.107561235356762513e-01,-6.602768903088392094e-02,8.836930455635490844e+00,4.076738609112710160e-02,3.467625899280575741e+00
4.574700418285648773e+00,3.727369542066027996e-02,-9.052183173588924936e-02,-8.519701810436634826e-02,8.697841726618705138e+00,1.798561151079136611e-01,3.683453237410072134e+00
4.579658290722679936e+00,2.768903088391906284e-02,-7.348242811501597138e-02,-9.158679446219382403e-02,8.664268585131894795e+00,3.549160671462829875e-01,3.407673860911271113e+00
4.584616163159710212e+00,-1.064962726304579353e-02,-6.070287539936101984e-02,-8.626198083067092293e-02,8.640287769784173122e+00,2.565947242206235157e-01,3.657074340527577849e+00
4.589574035596740487e+00,-8.519701810436635520e-03,-4.579339723109691201e-02,-8.200212992545261037e-02,8.697841726618705138e+00,9.352517985611510931e-02,3.472422062350120076e+00
4.594531908033770762e+00,-2.023429179978700893e-02,-2.236421725239616520e-02,-9.478168264110756192e-02,8.844124700239808234e+00,3.357314148681055099e-02,3.726618705035971146e+00
4.599489780470801037e+00,-1.064962726304579440e-03,-1.703940362087327104e-02,-1.043663471778487756e-01,8.577937649880096771e+00,3.189448441247002553e-01,3.887290167865707247e+00
4.604447652907831312e+00,6.389776357827475772e-03,-1.277955271565495154e-02,-7.987220447284344715e-02,8.685851318944843413e+00,3.141486810551558650e-01,3.700239808153477306e+00
4.609405525344862475e+00,-2.129925452609158880e-03,-6.389776357827475772e-03,-6.602768903088392094e-02,8.764988009592325824e+00,1.774580335731414937e-01,4.184652278177457774e+00
4.614363397781892751e+00,6.070287539936101984e-02,1.171458998935037341e-02,-5.750798722044728195e-02,8.688249400479616469e+00,2.517985611510791255e-01,3.745803357314148485e+00
4.619321270218923026e+00,6.922257720979765883e-02,3.194888178913737886e-02,-3.620873269435569836e-02,8.700239808153476417e+00,2.853717026378896904e-01,3.892086330935251581e+00
4.624279142655953301e+00,8.839190628328008614e-02,4.046858359957401785e-02,-1.064962726304579353e-02,8.654676258992806126e+00,2.086330935251798635e-01,4.000000000000000000e+00
4.629237015092983576e+00,1.107561235356762513e-01,5.431309904153354406e-02,6.389776357827475772e-03,8.810551558752997892e+00,8.153477218225420320e-02,3.745803357314148485e+00
4.634194887530013851e+00,1.064962726304579388e-01,9.052183173588924936e-02,-1.064962726304579440e-03,8.930455635491606259e+00,1.510791366906474864e-01,3.050359712230215958e+00
4.639152759967045014e+00,-2.981895633652822258e-02,1.703940362087326965e-01,-1.810436634717784918e-02,8.877697841726618577e+00,2.829736211031175230e-01,3.906474820143885029e+00
4.644110632404075290e+00,-1.277955271565495154e-01,1.437699680511182188e-01,-4.259850905218317760e-03,8.856115107913668183e+00,-1.678657074340527550e-02,5.184652278177457774e+00
4.649068504841105565e+00,-7.561235356762513460e-02,7.135250266240682204e-02,9.584664536741213658e-03,8.908872901678657641e+00,-2.709832134292565753e-01,3.100719424460431473e+00
4.654026377278135840e+00,-1.299254526091586925e-01,1.096911608093716767e-01,-3.301384451544196047e-02,8.932853717026379314e+00,-1.894484412470023860e-01,3.143884892086330929e+00
4.658984249715166115e+00,-1.054313099041533502e-01,2.161874334398296016e-01,-6.389776357827475772e-02,8.628297362110311397e+00,3.189448441247002553e-01,3.565947242206235046e+00
4.663942122152196390e+00,-1.011714589989350377e-01,2.705005324813631318e-01,-3.514376996805111675e-02,8.923261390887290645e+00,2.110311750599520308e-01,4.417266187050359783e+00
4.668899994589227553e+00,-1.448349307774227934e-01,2.438764643237486818e-01,-2.449414270500532495e-02,9.290167865707434913e+00,-3.189448441247002553e-01,4.570743405275779381e+00
4.673857867026257829e+00,-2.257720979765708291e-01,2.002129925452609260e-01,-8.413205537806177359e-02,9.131894484412470092e+00,-4.388489208633093441e-01,4.561151079136690711e+00
4.678815739463288104e+00,-2.694355697550585571e-01,1.810436634717784987e-01,-1.405750798722044670e-01,8.513189448441247364e+00,7.673860911270982688e-02,4.764988009592325824e+00
4.683773611900318379e+00,-2.513312034078807322e-01,1.650692225772097954e-01,-1.182108626198083018e-01,8.163069544364509156e+00,4.724220623501199090e-01,4.558752997601918544e+00
4.688731484337348654e+00,-2.268370607028754038e-01,1.693290734824281218e-01,-4.898828541001064990e-02,8.482014388489208301e+00,3.836930455635491344e-02,4.522781774580336034e+00
4.693689356774378929e+00,-1.959531416400425996e-01,1.916932907348242732e-01,-3.088391906283280072e-02,8.882494004796162912e+00,-4.340527577937650094e-01,5.115107913669064921e+00
4.698647229211410092e+00,-1.650692225772097954e-01,1.640042598509052207e-01,-6.815761448349308416e-02,8.750599520383692820e+00,-3.525179856115107646e-01,5.321342925659472201e+00
4.703605101648440368e+00,-1.416400425985090417e-01,9.158679446219382403e-02,-9.478168264110756192e-02,8.294964028776979248e+00,-1.151079136690647542e-01,5.347721822541966041e+00
4.708562974085470643e+00,-7.348242811501597138e-02,5.431309904153354406e-02,-8.839190628328008614e-02,8.184652278177457774e+00,1.510791366906474864e-01,4.395683453237410276e+00
4.713520846522500918e+00,-4.579339723109691201e-02,7.561235356762513460e-02,-6.922257720979765883e-02,8.359712230215826878e+00,3.357314148681055099e-02,4.489208633093524803e+00
4.718478718959531193e+00,2.129925452609158880e-03,1.277955271565495154e-01,-6.176783812566560145e-02,8.812949640287769171e+00,-8.872901678657074687e-02,4.330935251798560870e+00
4.723436591396561468e+00,-4.792332268370606829e-02,1.363152289669861683e-01,-8.200212992545261037e-02,9.050359712230216402e+00,-1.966426858513189435e-01,5.263788968824940184e+00
4.728394463833592631e+00,-5.005324813631523151e-02,7.880724174653887248e-02,-1.150159744408945639e-01,8.832134292565946510e+00,-2.158273381294964141e-02,4.992805755395683498e+00
4.733352336270622907e+00,-5.644302449414270728e-02,4.898828541001064990e-02,-1.299254526091586925e-01,8.520383693045562978e+00,3.549160671462829875e-01,4.007194244604316502e+00
4.738310208707653182e+00,-7.880724174653887248e-02,9.584664536741213658e-02,-1.256656017039403661e-01,8.371702637889688603e+00,6.594724220623501276e-01,4.131894484412470092e+00
4.743268081144683457e+00,-7.561235356762513460e-02,1.608093716719914690e-01,-9.265175718849839870e-02,8.669064748201439130e+00,7.410071942446042614e-01,4.194244604316546443e+00
4.748225953581713732e+00,-1.533546325878594185e-01,1.458998935037273681e-01,-5.324813631522896940e-02,9.100719424460431028e+00,2.158273381294963933e-01,5.844124700239808234e+00
4.753183826018744007e+00,-6.389776357827475772e-03,1.086261980830670881e-01,-5.218317358892438779e-02,8.556354916067146377e+00,3.549160671462829875e-01,5.889688249400479414e+00
4.758141698455775170e+00,1.331203407880724165e-01,1.597444089456868943e-01,-5.218317358892438779e-02,8.244604316546762846e+00,1.278177458033573188e+00,4.354916067146282543e+00
4.763099570892805446e+00,-5.218317358892438779e-02,1.011714589989350377e-01,2.129925452609158880e-03,8.496402877697841305e+00,1.095923261390887360e+00,7.258992805755395850e+00
4.768057443329835721e+00,3.088391906283280072e-02,-2.875399361022364098e-02,5.324813631522896940e-02,8.844124700239808234e+00,7.793764988009592720e-01,4.930455635491607147e+00
4.773015315766865996e+00,-5.218317358892438779e-02,-6.283280085197018305e-02,5.644302449414270728e-02,9.175059952038369104e+00,5.155875299760191988e-01,4.515587529976019532e+00
4.777973188203896271e+00,-6.496272630457934627e-02,-3.194888178913737886e-02,2.449414270500532495e-02,8.779376498800958828e+00,1.124700239808153368e+00,4.194244604316546443e+00
4.782931060640926546e+00,-6.496272630457934627e-02,1.490947816826411129e-02,6.922257720979765883e-02,8.381294964028777272e+00,1.338129496402877594e+00,4.585131894484412385e+00
4.787888933077956821e+00,-4.898828541001064990e-02,4.472843450479233041e-02,1.544195953141639932e-01,8.952038369304556653e+00,6.930455635491606925e-01,4.956834532374100988e+00
4.792846805514987985e+00,-6.709265175718849561e-02,2.875399361022364098e-02,1.586794462193823196e-01,9.390887290167865942e+00,1.199040767386091166e-01,5.386091127098321607e+00
4.797804677952018260e+00,-9.371671991480298725e-02,-3.194888178913737886e-02,1.096911608093716767e-01,9.189448441247002108e+00,2.565947242206235157e-01,5.218225419664269005e+00
4.802762550389048535e+00,-1.150159744408945639e-01,-8.093716719914803570e-02,8.519701810436634826e-02,8.681055155875299079e+00,7.553956834532373765e-01,4.258992805755395850e+00
4.807720422826078810e+00,-1.235356762513312029e-01,-5.218317358892438779e-02,1.224707135250266282e-01,8.517985611510791699e+00,8.273381294964028410e-01,4.028776978417266008e+00
4.812678295263109085e+00,-8.839190628328008614e-02,2.875399361022364098e-02,1.735889243876464205e-01,9.016786570743406060e+00,3.621103117505995450e-01,3.968824940047961825e+00
4.817636167700139360e+00,-1.043663471778487756e-01,7.135250266240682204e-02,1.757188498402555976e-01,9.458033573141486627e+00,-2.661870503597122406e-01,4.858513189448441238e+00
4.822594040137170524e+00,-1.043663471778487756e-01,4.898828541001064990e-02,1.224707135250266282e-01,9.342925659472422595e+00,-2.254196642685851182e-01,5.021582733812949506e+00
4.827551912574200799e+00,-1.192758253461128903e-01,-4.259850905218317760e-03,7.774227902023429781e-02,8.894484412470024637e+00,1.390887290167865664e-01,4.767386091127097991e+00
4.832509785011231074e+00,-1.182108626198083018e-01,-1.171458998935037341e-02,8.200212992545261037e-02,8.685851318944843413e+00,2.805755395683453002e-01,4.342925659472421707e+00
4.837467657448261349e+00,-1.011714589989350377e-01,2.023429179978700893e-02,1.054313099041533502e-01,8.839328537170263900e+00,2.398081534772182263e-02,4.364508393285372101e+00
4.842425529885291624e+00,-7.348242811501597138e-02,4.898828541001064990e-02,1.086261980830670881e-01,9.093525179856115415e+00,-1.870503597122302186e-01,4.544364508393285540e+00
4.847383402322321899e+00,-7.348242811501597138e-02,4.898828541001064990e-02,8.732694355697551147e-02,8.896882494004795916e+00,-2.182254196642685884e-01,4.925659472422061924e+00
4.852341274759353063e+00,-6.389776357827475772e-02,2.342917997870074681e-02,7.135250266240682204e-02,8.700239808153476417e+00,-7.194244604316547137e-03,5.057553956834532016e+00
4.857299147196383338e+00,-4.366347177848775574e-02,3.194888178913737886e-03,7.135250266240682204e-02,8.601918465227818444e+00,1.486810551558752913e-01,4.904076738609112418e+00
4.862257019633413613e+00,-3.727369542066027996e-02,-1.064962726304579440e-03,8.413205537806177359e-02,8.517985611510791699e+00,8.153477218225420320e-02,4.508393285371703030e+00
4.867214892070443888e+00,-5.750798722044728195e-02,-5.324813631522896766e-03,8.945686900958466081e-02,8.585131894484412385e+00,-1.199040767386091166e-01,4.613908872901678393e+00
4.872172764507474163e+00,-3.620873269435569836e-02,-2.129925452609158880e-03,8.200212992545261037e-02,8.494004796163070026e+00,-3.117505995203836977e-02,4.697841726618705138e+00
4.877130636944504438e+00,-9.584664536741213658e-03,-1.597444089456868943e-02,9.052183173588924936e-02,8.316546762589927866e+00,3.597122302158273222e-02,4.335731414868105205e+00
4.882088509381535602e+00,-1.703940362087327104e-02,-1.490947816826411129e-02,9.904153354632587447e-02,8.565947242206235046e+00,-1.342925659472422040e-01,4.438848920863309289e+00
4.887046381818565877e+00,-6.389776357827475772e-03,-1.490947816826411129e-02,9.265175718849839870e-02,8.537170263788969038e+00,-1.798561151079136611e-01,4.350119904076738209e+00
4.892004254255596152e+00,7.454739084132055646e-03,-3.194888178913737886e-03,7.774227902023429781e-02,8.220623501199041172e+00,7.194244604316547137e-03,4.340527577937649539e+00
4.896962126692626427e+00,0.000000000000000000e+00,2.129925452609158880e-03,7.987220447284344715e-02,8.366906474820144268e+00,-6.235011990407673954e-02,4.724220623501198979e+00
4.901919999129656702e+00,-7.454739084132055646e-03,-3.620873269435569836e-02,7.241746538871139671e-02,8.762589928057554545e+00,-3.069544364508393075e-01,4.729016786570743314e+00
4.906877871566686977e+00,-1.490947816826411129e-02,-6.602768903088392094e-02,4.046858359957401785e-02,8.630695443645084453e+00,-2.805755395683453002e-01,4.134292565947242259e+00
4.911835744003718141e+00,-3.194888178913737886e-02,-5.644302449414270728e-02,3.194888178913737886e-03,8.829736211031175230e+00,-1.798561151079136611e-01,4.517985611510791699e+00
4.916793616440748416e+00,-5.324813631522896766e-03,-5.218317358892438779e-02,-3.194888178913737886e-03,8.810551558752997892e+00,9.592326139088728360e-03,3.609112709832134502e+00
4.921751488877778691e+00,-7.028753993610223350e-02,-2.662406815761448470e-02,-1.277955271565495154e-02,8.832134292565946510e+00,-2.230215827338129508e-01,4.496402877697841305e+00
4.926709361314808966e+00,-1.703940362087327104e-02,2.129925452609158880e-03,-2.129925452609158706e-02,8.877697841726618577e+00,-1.175059952038369354e-01,4.719424460431654644e+00
4.931667233751839241e+00,-1.490947816826411129e-02,-2.449414270500532495e-02,-2.342917997870074681e-02,8.731414868105515481e+00,-9.592326139088729053e-02,4.731414868105515481e+00
4.936625106188869516e+00,-2.449414270500532495e-02,-5.218317358892438779e-02,-2.129925452609158706e-02,8.894484412470024637e+00,-2.757793764988009655e-01,4.652278177458033959e+00
4.941582978625900680e+00,-2.449414270500532495e-02,-7.241746538871139671e-02,-4.792332268370606829e-02,9.059952038369305072e+00,-2.997601918465228055e-01,4.225419664268585507e+00
4.946540851062930955e+00,-2.449414270500532495e-02,-7.348242811501597138e-02,-6.815761448349308416e-02,8.817745803357313505e+00,1.438848920863309427e-02,4.098321342925659749e+00
4.951498723499961230e+00,2.129925452609158880e-03,-5.005324813631523151e-02,-6.176783812566560145e-02,8.470023980815348352e+00,3.093525179856115304e-01,3.810551558752997447e+00
4.956456595936991505e+00,1.597444089456868943e-02,0.000000000000000000e+00,-1.916932907348242732e-02,8.549160671462828986e+00,2.446043165467625957e-01,4.014388489208633004e+00
4.961414468374021780e+00,2.768903088391906284e-02,2.981895633652822258e-02,-1.064962726304579440e-03,8.937649880095923649e+00,5.035971223021582649e-02,4.534772182254196871e+00
4.966372340811052055e+00,3.727369542066027996e-02,2.342917997870074681e-02,-1.064962726304579440e-03,8.824940047961630896e+00,1.247002398081534791e-01,4.690647482014388636e+00
4.971330213248083219e+00,2.555910543130990309e-02,-1.277955271565495154e-02,-1.064962726304579353e-02,8.805755395683453557e+00,1.918465227817745811e-01,4.901678657074340251e+00
4.976288085685113494e+00,3.194888178913737886e-02,-3.727369542066027996e-02,-8.519701810436635520e-03,8.580335731414868050e+00,4.172661870503597270e-01,4.443645083932853623e+00
4.981245958122143769e+00,1.703940362087327104e-02,-3.833865814696485463e-02,6.389776357827475772e-03,8.587529976019185440e+00,3.261390887290168128e-01,4.477218225419663966e+00
4.986203830559174044e+00,3.301384451544196047e-02,-2.342917997870074681e-02,4.259850905218317413e-02,8.695443645083932083e+00,1.990407673860911386e-01,3.901678657074340695e+00
4.991161702996204319e+00,4.259850905218317760e-03,-9.584664536741213658e-03,3.727369542066027996e-02,9.040767386091127733e+00,-1.199040767386091132e-02,4.362110311750599934e+00
4.996119575433234594e+00,5.644302449414270728e-02,2.875399361022364098e-02,1.064962726304579353e-02,8.546762589928057707e+00,2.613908872901678504e-01,4.798561151079137055e+00
5.001077447870265758e+00,9.904153354632587447e-02,5.005324813631523151e-02,3.940362087326943624e-02,8.853717026378896904e+00,3.549160671462829875e-01,4.491606714628296970e+00
5.006035320307296033e+00,2.342917997870074681e-02,-7.454739084132055646e-03,4.898828541001064990e-02,8.925659472422061924e+00,-4.724220623501199090e-01,5.297362110311750527e+00
5.010993192744326308e+00,7.880724174653887248e-02,-3.301384451544196047e-02,2.342917997870074681e-02,9.119904076738608367e+00,-4.916067146282973588e-01,4.131894484412470092e+00
5.015951065181356583e+00,9.584664536741213658e-03,-5.111821086261980618e-02,-5.111821086261980618e-02,8.532374100719424703e+00,-4.028776978417266119e-01,4.705035971223021640e+00
5.020908937618386858e+00,1.001064962726304630e-01,4.259850905218317760e-03,-6.815761448349308416e-02,8.453237410071942293e+00,-2.230215827338129508e-01,4.731414868105515481e+00
5.025866810055417133e+00,1.118210862619808260e-01,1.064962726304579440e-03,-5.218317358892438779e-02,8.652278177458033070e+00,-3.764988009592326046e-01,4.736211031175059816e+00
5.030824682492448297e+00,7.774227902023429781e-02,-8.839190628328008614e-02,-8.200212992545261037e-02,8.434052757793764954e+00,-9.760191846522782155e-01,5.764988009592325824e+00
5.035782554929478572e+00,2.044728434504792247e-01,-1.107561235356762513e-01,-1.182108626198083018e-01,8.992805755395682610e+00,-4.868105515587530241e-01,3.398081534772182444e+00
5.040740427366508847e+00,4.046858359957401785e-02,-1.341853035143769912e-01,-2.002129925452609260e-01,8.115107913669064033e+00,-2.158273381294963933e-01,5.179856115107913439e+00
5.045698299803539122e+00,1.874334398296059745e-01,-8.200212992545261037e-02,-1.980830670926517489e-01,8.191846522781775164e+00,4.916067146282973588e-01,4.450839328537170125e+00
5.050656172240569397e+00,1.661341853035143701e-01,-9.478168264110756192e-02,-1.224707135250266282e-01,8.884892086330935967e+00,2.254196642685851182e-01,4.717026378896882477e+00
5.055614044677599672e+00,1.384451544195953177e-01,-1.533546325878594185e-01,-1.352502662406815659e-01,8.836930455635490844e+00,-2.182254196642685884e-01,4.959232613908873155e+00
5.060571917114630835e+00,2.087326943556975511e-01,-1.235356762513312029e-01,-1.618743343982960714e-01,8.836930455635490844e+00,3.333333333333333148e-01,3.930455635491606703e+00
5.065529789551661111e+00,7.987220447284344715e-02,-1.437699680511182188e-01,-1.682641107561235472e-01,8.880095923261391633e+00,4.652278177458033515e-01,4.009592326139088669e+00
5.070487661988691386e+00,1.597444089456868943e-02,-1.661341853035143701e-01,-1.789137380191693216e-01,8.776978417266187549e+00,2.877697841726618577e-01,5.098321342925659749e+00
5.075445534425721661e+00,1.682641107561235472e-01,-1.277955271565495154e-01,-1.309904153354632672e-01,8.666666666666666075e+00,5.011990407673860837e-01,3.832134292565947398e+00
5.080403406862751936e+00,8.945686900958466081e-02,-9.691160809371672513e-02,-7.774227902023429781e-02,9.232613908872901121e+00,-2.350119904076738708e-01,4.573141486810551548e+00
5.085361279299782211e+00,7.880724174653887248e-02,-9.265175718849839870e-02,-1.427050053248136441e-01,9.285371702637888802e+00,-3.741007194244604372e-01,5.844124700239808234e+00
5.090319151736812486e+00,1.171458998935037271e-01,-1.916932907348242732e-01,-1.863684771033013721e-01,8.791366906474820553e+00,2.709832134292565753e-01,4.609112709832134058e+00
5.095277024173843650e+00,-1.064962726304579440e-03,-3.173588924387646393e-01,-1.703940362087326965e-01,8.829736211031175230e+00,-2.877697841726618855e-02,3.769784172661870603e+00
5.100234896610873925e+00,1.703940362087327104e-02,-2.683706070287539824e-01,-1.906283280085196985e-01,8.896882494004795916e+00,-3.573141486810551548e-01,2.966426858513189657e+00
5.105192769047904200e+00,1.086261980830670881e-01,-9.584664536741213658e-02,-1.959531416400425996e-01,9.230215827338129841e+00,-1.294964028776978415e-01,3.050359712230215958e+00
5.110150641484934475e+00,7.135250266240682204e-02,-1.916932907348242732e-02,-1.895633652822151238e-01,9.215827338129496837e+00,-3.884892086330935523e-01,5.458033573141486627e+00
5.115108513921964750e+00,1.480298189563365174e-01,-8.413205537806177359e-02,-2.225772097976570774e-01,9.227817745803356786e+00,-1.055155875299760154e-01,4.980815347721822661e+00
5.120066386358995025e+00,3.514376996805111675e-02,-2.108626198083067005e-01,-2.843450479233226580e-01,9.203836930455635112e+00,1.390887290167865664e-01,4.544364508393285540e+00
5.125024258796026189e+00,-6.389776357827475772e-03,-2.342917997870074542e-01,-3.290734824281150162e-01,9.134292565947241371e+00,4.124700239808153368e-01,4.436450839328537121e+00
5.129982131233056464e+00,4.366347177848775574e-02,-1.916932907348242732e-01,-3.194888178913737886e-01,8.841726618705035179e+00,8.345323741007194540e-01,3.184652278177458218e+00
5.134940003670086739e+00,-1.064962726304579440e-03,-1.831735889243876481e-01,-2.832800851970180833e-01,9.069544364508393741e+00,6.570743405275779603e-01,4.033573141486810343e+00
5.139897876107117014e+00,6.496272630457934627e-02,-2.289669861554845531e-01,-3.045793397231096877e-01,9.148681055155876152e+00,4.772182254196642437e-01,3.431654676258992787e+00
5.144855748544147289e+00,1.597444089456868943e-01,-1.895633652822151238e-01,-2.683706070287539824e-01,8.570743405275779381e+00,1.846522781774580235e-01,2.652278177458033515e+00
5.149813620981177564e+00,1.416400425985090417e-01,8.200212992545261037e-02,-2.353567625133120289e-01,9.393285371702637221e+00,1.199040767386091166e-01,4.472422062350119631e+00
5.154771493418208728e+00,7.135250266240682204e-02,6.389776357827475772e-02,-2.513312034078807322e-01,9.760191846522781489e+00,8.393285371702638442e-02,9.774580335731414493e+00
5.159729365855239003e+00,2.758253461128860606e-01,-2.406815761448349300e-01,-2.481363152289669805e-01,9.364508393285371213e+00,1.179856115107913661e+00,5.131894484412470092e+00
5.164687238292269278e+00,3.301384451544196047e-02,-4.728434504792332072e-01,-2.460063897763578311e-01,9.352517985611511264e+00,8.225419664268585063e-01,5.889688249400479414e+00
5.169645110729299553e+00,2.438764643237486818e-01,-5.069222577209797631e-01,-2.161874334398296016e-01,9.064748201438849406e+00,1.172661870503597159e+00,1.434052757793764954e+00
5.174602983166329828e+00,2.364217252396166036e-01,-2.502662406815761575e-01,-1.341853035143769912e-01,8.920863309352517589e+00,9.520383693045563200e-01,4.412470023980815115e-01
5.179560855603360103e+00,1.277955271565495154e-01,2.342917997870074681e-02,-1.128860489882854146e-01,9.362110311750599934e+00,3.069544364508393075e-01,4.110311750599520586e+00
5.184518728040391267e+00,1.778487752928647470e-01,-2.662406815761448470e-02,-1.544195953141639932e-01,9.575539568345323715e+00,7.170263788968824770e-01,4.258992805755395850e+00
5.189476600477421542e+00,6.070287539936101984e-02,-1.554845580404685956e-01,-1.863684771033013721e-01,9.153477218225420486e+00,1.167865707434052824e+00,4.491606714628296970e+00
5.194434472914451817e+00,2.129925452609158706e-02,-2.023429179978700754e-01,-1.821086261980830734e-01,8.928057553956834980e+00,1.239808153477218289e+00,4.007194244604316502e+00
5.199392345351482092e+00,3.833865814696485463e-02,-1.799787007454738963e-01,-1.480298189563365174e-01,8.954436450839327932e+00,9.088729016786570858e-01,3.299760191846522694e+00
5.204350217788512367e+00,1.810436634717784918e-02,-1.395101171458998923e-01,-1.299254526091586925e-01,8.700239808153476417e+00,5.563549160671462657e-01,3.510791366906474753e+00
5.209308090225542642e+00,2.236421725239616520e-02,-1.182108626198083018e-01,-1.267305644302449408e-01,8.570743405275779381e+00,4.580335731414867939e-01,3.582733812949640217e+00
5.214265962662573806e+00,3.620873269435569836e-02,-1.022364217252396124e-01,-1.384451544195953177e-01,8.745803357314148485e+00,6.091127098321342803e-01,3.450839328537170125e+00
5.219223835099604081e+00,3.940362087326943624e-02,-6.922257720979765883e-02,-1.469648562300319428e-01,8.645083932853717457e+00,1.033573141486810565e+00,3.467625899280575741e+00
5.224181707536634356e+00,3.088391906283280072e-02,-4.579339723109691201e-02,-1.171458998935037271e-01,8.779376498800958828e+00,1.199040767386091222e+00,3.738609112709831983e+00
5.229139579973664631e+00,2.662406815761448470e-02,-2.555910543130990309e-02,-8.945686900958466081e-02,8.964028776978416602e+00,1.227817745803357230e+00,3.462829736211030962e+00
5.234097452410694906e+00,-2.236421725239616520e-02,-6.389776357827475772e-03,-8.732694355697551147e-02,8.988009592326138275e+00,1.309352517985611586e+00,3.882494004796162912e+00
5.239055324847725181e+00,-4.898828541001064990e-02,-1.384451544195953142e-02,-7.774227902023429781e-02,8.973621103117505271e+00,1.501199040767386084e+00,3.820143884892086117e+00
5.244013197284756345e+00,-8.626198083067092293e-02,-1.597444089456868943e-02,-5.111821086261980618e-02,9.055155875299760737e+00,1.589928057553956942e+00,3.736211031175059816e+00
5.248971069721786620e+00,-1.107561235356762513e-01,5.324813631522896766e-03,-2.023429179978700893e-02,9.148681055155876152e+00,1.587529976019184552e+00,3.772182254196642770e+00
5.253928942158816895e+00,-1.299254526091586925e-01,3.194888178913737886e-02,1.490947816826411129e-02,9.095923261390886694e+00,1.539568345323740983e+00,4.155875299760191766e+00
5.258886814595847170e+00,-1.384451544195953177e-01,2.768903088391906284e-02,5.431309904153354406e-02,8.947242206235012318e+00,1.390887290167865720e+00,4.426858513189448452e+00
5.263844687032877445e+00,-1.416400425985090417e-01,-6.389776357827475772e-03,8.732694355697551147e-02,8.923261390887290645e+00,1.071942446043165464e+00,4.347721822541966041e+00
5.268802559469907720e+00,-1.352502662406815659e-01,-2.662406815761448470e-02,1.011714589989350377e-01,9.000000000000000000e+00,7.649880095923261569e-01,4.052757793764987682e+00
5.273760431906938884e+00,-1.182108626198083018e-01,-1.916932907348242732e-02,1.043663471778487756e-01,8.925659472422061924e+00,6.714628297362110754e-01,3.920863309352518034e+00
5.278718304343969159e+00,-9.478168264110756192e-02,-5.324813631522896766e-03,1.182108626198083018e-01,8.832134292565946510e+00,5.587529976019184330e-01,3.942446043165467540e+00
5.283676176780999434e+00,-6.283280085197018305e-02,4.259850905218317760e-03,1.341853035143769912e-01,8.894484412470024637e+00,3.477218225419664299e-01,3.846522781774580402e+00
5.288634049218029709e+00,-3.940362087326943624e-02,1.810436634717784918e-02,1.277955271565495154e-01,8.750599520383692820e+00,1.606714628297362113e-01,3.925659472422062368e+00
5.293591921655059984e+00,-1.384451544195953142e-02,2.449414270500532495e-02,1.107561235356762513e-01,8.551558752997602042e+00,9.592326139088729053e-02,4.220623501199041172e+00
5.298549794092090259e+00,1.703940362087327104e-02,5.324813631522896766e-03,9.691160809371672513e-02,8.779376498800958828e+00,-1.678657074340527550e-02,3.995203836930455665e+00
5.303507666529121423e+00,2.236421725239616520e-02,4.259850905218317760e-03,6.283280085197018305e-02,8.839328537170263900e+00,-8.633093525179856564e-02,4.083932853717026745e+00
5.308465538966151698e+00,4.792332268370606829e-02,1.703940362087327104e-02,2.236421725239616520e-02,8.666666666666666075e+00,1.486810551558752913e-01,4.362110311750599934e+00
5.313423411403181973e+00,6.602768903088392094e-02,0.000000000000000000e+00,7.454739084132055646e-03,8.604316546762589724e+00,3.069544364508393075e-01,4.388489208633093774e+00
5.318381283840212248e+00,7.028753993610223350e-02,-2.129925452609158706e-02,-7.454739084132055646e-03,8.863309352517985573e+00,2.302158273381295084e-01,4.071942446043165909e+00
5.323339156277242523e+00,6.815761448349308416e-02,2.129925452609158880e-03,-4.046858359957401785e-02,8.896882494004795916e+00,4.124700239808153368e-01,4.107913669064748419e+00
5.328297028714272798e+00,5.963791267305644517e-02,1.171458998935037341e-02,-6.176783812566560145e-02,8.767386091127098879e+00,6.954436450839328598e-01,4.412470023980815448e+00
5.333254901151303962e+00,4.792332268370606829e-02,-1.384451544195953142e-02,-6.070287539936101984e-02,8.800959232613909222e+00,7.649880095923261569e-01,4.206235011990407280e+00
5.338212773588334237e+00,2.449414270500532495e-02,-2.449414270500532495e-02,-6.389776357827475772e-02,8.971223021582733992e+00,6.690647482014387970e-01,4.064748201438848518e+00
5.343170646025364512e+00,1.171458998935037341e-02,-9.584664536741213658e-03,-7.454739084132055993e-02,8.908872901678657641e+00,6.834532374100719121e-01,4.014388489208633004e+00
5.348128518462394787e+00,-5.324813631522896766e-03,4.259850905218317760e-03,-7.667731629392970927e-02,8.681055155875299079e+00,7.793764988009592720e-01,4.263788968824940184e+00
5.353086390899425062e+00,-2.023429179978700893e-02,-1.384451544195953142e-02,-6.815761448349308416e-02,8.709832134292565087e+00,7.338129496402877594e-01,4.299760191846522694e+00
5.358044263336455337e+00,-3.620873269435569836e-02,-3.833865814696485463e-02,-6.709265175718849561e-02,8.858513189448441238e+00,6.139088729016786150e-01,3.973621103117506159e+00
5.363002135773486501e+00,-4.685835995740149362e-02,-2.129925452609158706e-02,-7.987220447284344715e-02,8.906474820143884585e+00,6.498800959232613472e-01,3.968824940047961825e+00
5.367960008210516776e+00,-4.153354632587859252e-02,5.324813631522896766e-03,-7.774227902023429781e-02,8.601918465227818444e+00,8.465227817745802907e-01,4.496402877697841305e+00
5.372917880647547051e+00,-2.129925452609158706e-02,-1.064962726304579353e-02,-4.366347177848775574e-02,8.563549160671461991e+00,7.290167865707434247e-01,4.611510791366906226e+00
5.377875753084577326e+00,-9.584664536741213658e-03,-3.833865814696485463e-02,-1.810436634717784918e-02,8.745803357314148485e+00,4.220623501199040617e-01,4.390887290167865942e+00
5.382833625521607601e+00,9.584664536741213658e-03,-4.366347177848775574e-02,-2.662406815761448470e-02,8.587529976019185440e+00,4.268585131894484519e-01,4.350119904076738209e+00
5.387791497958637876e+00,4.046858359957401785e-02,-5.324813631522896940e-02,-2.555910543130990309e-02,8.496402877697841305e+00,5.995203836930456109e-01,4.187050359712229941e+00
5.392749370395668151e+00,5.644302449414270728e-02,-6.815761448349308416e-02,-2.129925452609158880e-03,8.568345323741006325e+00,5.371702637889688159e-01,3.681055155875299967e+00
5.397707242832699315e+00,6.176783812566560145e-02,-4.685835995740149362e-02,5.324813631522896766e-03,8.877697841726618577e+00,3.477218225419664299e-01,3.438848920863309289e+00
5.402665115269729590e+00,6.602768903088392094e-02,-1.064962726304579353e-02,-1.384451544195953142e-02,9.074340527577938076e+00,2.925659472422062479e-01,3.443645083932853623e+00
5.407622987706759865e+00,6.070287539936101984e-02,3.301384451544196047e-02,-4.259850905218317413e-02,9.129496402877697037e+00,4.340527577937650094e-01,3.844124700239808234e+00
5.412580860143790140e+00,4.153354632587859252e-02,5.324813631522896940e-02,-5.963791267305644517e-02,9.059952038369305072e+00,6.282973621103117301e-01,4.551558752997602042e+00
5.417538732580820415e+00,2.875399361022364098e-02,2.662406815761448470e-02,-5.750798722044728195e-02,9.117505995203837088e+00,6.522781774580336256e-01,4.880095923261390745e+00
5.422496605017850690e+00,1.171458998935037341e-02,-2.129925452609158706e-02,-6.602768903088392094e-02,9.280575539568344468e+00,5.995203836930456109e-01,4.618705035971222728e+00
5.427454477454881854e+00,-2.129925452609158706e-02,-5.431309904153354406e-02,-8.945686900958466081e-02,9.235011990407674176e+00,7.434052757793765398e-01,4.292565947242206192e+00
5.432412349891912129e+00,-4.046858359957401785e-02,-5.644302449414270728e-02,-9.797657082002129980e-02,9.112709832134292753e+00,9.664268585131894351e-01,3.894484412470024193e+00
5.437370222328942404e+00,-5.005324813631523151e-02,-2.875399361022364098e-02,-7.774227902023429781e-02,8.964028776978416602e+00,1.035971223021582732e+00,3.779376498800959272e+00
5.442328094765972679e+00,-4.898828541001064990e-02,-1.064962726304579440e-03,-5.111821086261980618e-02,8.894484412470024637e+00,9.064748201438849184e-01,3.959232613908872711e+00
5.447285967203002954e+00,-4.472843450479233041e-02,0.000000000000000000e+00,-3.088391906283280072e-02,8.940047961630694928e+00,7.290167865707434247e-01,3.899280575539568527e+00
5.452243839640033229e+00,-4.259850905218317413e-02,-3.194888178913737886e-03,-2.555910543130990309e-02,8.868105515587529908e+00,6.930455635491606925e-01,3.899280575539568527e+00
5.457201712077064393e+00,-2.342917997870074681e-02,3.194888178913737886e-03,-1.384451544195953142e-02,8.815347721822542226e+00,7.386091127098320941e-01,3.928057553956834536e+00
5.462159584514094668e+00,3.194888178913737886e-03,9.584664536741213658e-03,9.584664536741213658e-03,8.851318944844123848e+00,6.282973621103117301e-01,3.935251798561151038e+00
5.467117456951124943e+00,2.768903088391906284e-02,1.810436634717784918e-02,2.875399361022364098e-02,9.040767386091127733e+00,4.172661870503597270e-01,4.002398081534772167e+00
5.472075329388155218e+00,4.792332268370606829e-02,2.342917997870074681e-02,2.129925452609158706e-02,9.160671462829736100e+00,2.613908872901678504e-01,4.011990407673860837e+00
5.477033201825185493e+00,6.070287539936101984e-02,2.236421725239616520e-02,-3.194888178913737886e-03,9.103117505995204084e+00,3.309352517985611475e-01,4.122302158273381423e+00
5.481991074262215768e+00,7.987220447284344715e-02,1.810436634717784918e-02,-1.597444089456868943e-02,9.016786570743406060e+00,4.484412470023980690e-01,4.007194244604316502e+00
5.486948946699246932e+00,9.158679446219382403e-02,2.236421725239616520e-02,-2.023429179978700893e-02,8.966426858513189657e+00,4.844124700239808012e-01,4.026378896882493841e+00
5.491906819136277207e+00,9.904153354632587447e-02,2.555910543130990309e-02,-2.236421725239616520e-02,8.983213429256593940e+00,4.916067146282973588e-01,4.079136690647482411e+00
5.496864691573307482e+00,1.064962726304579388e-01,2.236421725239616520e-02,-3.301384451544196047e-02,8.954436450839327932e+00,5.587529976019184330e-01,4.100719424460431917e+00
5.501822564010337757e+00,1.001064962726304630e-01,2.129925452609158706e-02,-4.685835995740149362e-02,8.990407673860911331e+00,6.522781774580336256e-01,4.227817745803357674e+00
5.506780436447368032e+00,8.839190628328008614e-02,1.384451544195953142e-02,-5.857294994675186356e-02,9.014388489208633004e+00,7.817745803357314394e-01,4.342925659472421707e+00
5.511738308884398307e+00,7.348242811501597138e-02,-4.259850905218317760e-03,-5.963791267305644517e-02,9.023980815347721673e+00,8.824940047961630230e-01,4.342925659472421707e+00
5.516696181321429471e+00,6.070287539936101984e-02,-1.703940362087327104e-02,-6.176783812566560145e-02,9.079136690647482411e+00,9.592326139088729331e-01,4.227817745803357674e+00
5.521654053758459746e+00,4.153354632587859252e-02,-1.490947816826411129e-02,-5.963791267305644517e-02,9.170263788968824770e+00,1.011990407673860837e+00,4.218225419664269005e+00
5.526611926195490021e+00,3.194888178913737886e-02,-6.389776357827475772e-03,-5.324813631522896940e-02,9.011990407673861725e+00,1.052757793764987904e+00,4.484412470023980468e+00
5.531569798632520296e+00,3.407880724174654208e-02,-1.597444089456868943e-02,-3.514376996805111675e-02,8.916067146282973255e+00,9.736211031175060482e-01,4.901678657074340251e+00
5.536527671069550571e+00,4.046858359957401785e-02,-5.537806176783812567e-02,-1.916932907348242732e-02,8.956834532374100988e+00,8.105515587529975585e-01,4.944844124700240151e+00
5.541485543506580846e+00,4.153354632587859252e-02,-9.584664536741213658e-02,-2.023429179978700893e-02,9.076738609112709355e+00,6.954436450839328598e-01,4.916067146282973255e+00
5.546443415943612010e+00,5.644302449414270728e-02,-1.277955271565495154e-01,-2.023429179978700893e-02,9.071942446043165020e+00,7.146282973621103096e-01,4.827338129496403063e+00
5.551401288380642285e+00,7.241746538871139671e-02,-1.512247071352502692e-01,-6.389776357827475772e-03,9.071942446043165020e+00,7.386091127098320941e-01,4.659472422062350461e+00
5.556359160817672560e+00,8.626198083067092293e-02,-1.714589989350372712e-01,6.389776357827475772e-03,9.141486810551558762e+00,5.659472422062350461e-01,4.412470023980815448e+00
5.561317033254702835e+00,9.797657082002129980e-02,-1.906283280085196985e-01,9.584664536741213658e-03,9.285371702637888802e+00,3.597122302158273222e-01,4.172661870503596937e+00
5.566274905691733110e+00,1.075612353567625135e-01,-2.055378061767837994e-01,-9.584664536741213658e-03,9.275779376498800133e+00,3.213429256594724226e-01,3.827338129496403063e+00
5.571232778128763385e+00,1.022364217252396124e-01,-2.076677316293929765e-01,-2.555910543130990309e-02,9.306954436450839196e+00,4.148681055155875042e-01,3.532374100719424259e+00
5.576190650565794549e+00,9.371671991480298725e-02,-1.927582534611288478e-01,-3.301384451544196047e-02,9.477218225419663966e+00,4.652278177458033515e-01,3.206235011990407724e+00
5.581148523002824824e+00,7.987220447284344715e-02,-1.629392971246006461e-01,-4.259850905218317413e-02,9.585131894484412385e+00,4.604316546762590168e-01,2.976019184652278327e+00
5.586106395439855099e+00,5.750798722044728195e-02,-1.214057507987220397e-01,-6.176783812566560145e-02,9.654676258992806126e+00,4.964028776978417490e-01,2.935251798561151038e+00
5.591064267876885374e+00,2.875399361022364098e-02,-7.454739084132055993e-02,-7.880724174653887248e-02,9.630695443645084453e+00,6.139088729016786150e-01,3.083932853717026301e+00
5.596022140313915649e+00,3.194888178913737886e-03,-3.194888178913737886e-02,-9.371671991480298725e-02,9.386091127098321607e+00,7.362110311750599267e-01,3.479616306954436578e+00
5.600980012750945924e+00,-7.454739084132055646e-03,-1.171458998935037341e-02,-9.158679446219382403e-02,9.189448441247002108e+00,8.321342925659472867e-01,3.836930455635491732e+00
5.605937885187977088e+00,-1.810436634717784918e-02,-1.810436634717784918e-02,-7.454739084132055993e-02,9.091127098321342359e+00,8.824940047961630230e-01,3.973621103117506159e+00
5.610895757625007363e+00,-2.981895633652822258e-02,-2.875399361022364098e-02,-6.389776357827475772e-02,9.040767386091127733e+00,8.896882494004796360e-01,4.117505995203837088e+00
5.615853630062037638e+00,-2.449414270500532495e-02,-3.940362087326943624e-02,-4.792332268370606829e-02,8.971223021582733992e+00,1.014388489208633004e+00,4.225419664268585507e+00
5.620811502499067913e+00,-2.023429179978700893e-02,-4.472843450479233041e-02,-2.662406815761448470e-02,8.884892086330935967e+00,1.105515587529976029e+00,4.395683453237410276e+00
5.625769374936098188e+00,-1.490947816826411129e-02,-5.963791267305644517e-02,1.064962726304579440e-03,8.894484412470024637e+00,1.050359712230215736e+00,4.729016786570743314e+00
5.630727247373128463e+00,-2.129925452609158880e-03,-9.904153354632587447e-02,2.981895633652822258e-02,8.964028776978416602e+00,8.657074340527577405e-01,4.685851318944844301e+00
5.635685119810159627e+00,3.194888178913737886e-03,-1.384451544195953177e-01,4.046858359957401785e-02,9.004796163069544335e+00,7.194244604316546443e-01,4.419664268585131950e+00
5.640642992247189902e+00,7.454739084132055646e-03,-1.618743343982960714e-01,3.940362087326943624e-02,9.103117505995204084e+00,6.690647482014387970e-01,4.136690647482014427e+00
5.645600864684220177e+00,1.490947816826411129e-02,-1.671991480298189447e-01,4.259850905218317413e-02,9.187050359712230829e+00,6.235011990407673954e-01,3.868105515587529908e+00
5.650558737121250452e+00,2.129925452609158706e-02,-1.522896698615548439e-01,4.579339723109691201e-02,9.191846522781775164e+00,5.203836930455635335e-01,3.810551558752997447e+00
5.655516609558280727e+00,2.555910543130990309e-02,-1.458998935037273681e-01,4.259850905218317413e-02,9.172661870503597825e+00,3.764988009592326046e-01,3.824940047961630896e+00
5.660474481995311002e+00,2.875399361022364098e-02,-1.533546325878594185e-01,2.875399361022364098e-02,9.371702637889688603e+00,2.230215827338129508e-01,3.597122302158273222e+00
5.665432354432342166e+00,2.129925452609158706e-02,-1.469648562300319428e-01,-1.064962726304579440e-03,9.369304556354915547e+00,2.110311750599520308e-01,3.570743405275779381e+00
5.670390226869372441e+00,2.875399361022364098e-02,-1.331203407880724165e-01,-2.342917997870074681e-02,9.206235011990408168e+00,3.357314148681055377e-01,3.736211031175059816e+00
5.675348099306402716e+00,3.940362087326943624e-02,-1.352502662406815659e-01,-2.768903088391906284e-02,9.218225419664268117e+00,3.621103117505995450e-01,3.659472422062350017e+00
5.680305971743432991e+00,3.514376996805111675e-02,-1.309904153354632672e-01,-4.046858359957401785e-02,9.290167865707434913e+00,3.165467625899280324e-01,3.697841726618705138e+00
5.685263844180463266e+00,3.407880724174654208e-02,-1.256656017039403661e-01,-6.070287539936101984e-02,9.247002398081534125e+00,4.580335731414867939e-01,3.865707434052757741e+00
5.690221716617493541e+00,3.194888178913737886e-02,-1.405750798722044670e-01,-7.561235356762513460e-02,9.136690647482014427e+00,6.258992805755395628e-01,3.923261390887290201e+00
5.695179589054524705e+00,2.129925452609158706e-02,-1.640042598509052207e-01,-7.774227902023429781e-02,9.182254196642686495e+00,7.266187050359712574e-01,3.695443645083932971e+00
5.700137461491554980e+00,4.259850905218317760e-03,-1.682641107561235472e-01,-7.987220447284344715e-02,9.242206235011989790e+00,7.529976019184652092e-01,3.551558752997602042e+00
5.705095333928585255e+00,-8.519701810436635520e-03,-1.533546325878594185e-01,-8.306709265175718504e-02,9.211031175059952503e+00,8.729016786570743536e-01,3.467625899280575741e+00
5.710053206365615530e+00,-2.768903088391906284e-02,-1.437699680511182188e-01,-7.561235356762513460e-02,9.127098321342925757e+00,9.544364508393284874e-01,3.520383693045563422e+00
5.715011078802645805e+00,-4.472843450479233041e-02,-1.437699680511182188e-01,-6.176783812566560145e-02,9.064748201438849406e+00,8.848920863309353013e-01,3.513189448441246920e+00
5.719968951239676080e+00,-6.070287539936101984e-02,-1.437699680511182188e-01,-5.537806176783812567e-02,9.254196642685851515e+00,7.314148681055155921e-01,3.407673860911271113e+00
5.724926823676706356e+00,-6.815761448349308416e-02,-1.299254526091586925e-01,-6.070287539936101984e-02,9.345323741007193874e+00,6.762589928057554101e-01,3.381294964028776828e+00
5.729884696113737519e+00,-6.709265175718849561e-02,-1.064962726304579388e-01,-6.070287539936101984e-02,9.184652278177457774e+00,7.649880095923261569e-01,3.688249400479616469e+00
5.734842568550767794e+00,-4.792332268370606829e-02,-1.001064962726304630e-01,-4.259850905218317413e-02,9.153477218225420486e+00,7.625899280575539896e-01,3.880095923261390745e+00
5.739800440987798069e+00,-2.555910543130990309e-02,-1.118210862619808260e-01,-1.703940362087327104e-02,9.223021582733812451e+00,6.378896882494005105e-01,3.853717026378896904e+00
5.744758313424828344e+00,-2.129925452609158880e-03,-1.150159744408945639e-01,-6.389776357827475772e-03,9.381294964028777272e+00,5.467625899280575963e-01,3.810551558752997447e+00
5.749716185861858619e+00,2.875399361022364098e-02,-1.064962726304579388e-01,-6.389776357827475772e-03,9.335731414868105205e+00,6.834532374100719121e-01,3.815347721822541782e+00
5.754674058298888895e+00,5.111821086261980618e-02,-9.052183173588924936e-02,4.259850905218317760e-03,9.187050359712230829e+00,8.705035971223021862e-01,4.023980815347721673e+00
5.759631930735920058e+00,6.602768903088392094e-02,-1.022364217252396124e-01,2.875399361022364098e-02,9.275779376498800133e+00,8.992805755395683054e-01,4.091127098321343247e+00
5.764589803172950333e+00,6.602768903088392094e-02,-1.224707135250266282e-01,3.833865814696485463e-02,9.378896882494004217e+00,8.057553956834532238e-01,4.055155875299759849e+00
5.769547675609980608e+00,6.176783812566560145e-02,-1.309904153354632672e-01,2.662406815761448470e-02,9.352517985611511264e+00,8.920863309352518034e-01,4.091127098321343247e+00
5.774505548047010883e+00,5.431309904153354406e-02,-1.458998935037273681e-01,2.768903088391906284e-02,9.232613908872901121e+00,1.052757793764987904e+00,4.163069544364508268e+00
5.779463420484041158e+00,4.579339723109691201e-02,-1.682641107561235472e-01,4.259850905218317413e-02,9.196642685851319499e+00,1.059952038369304628e+00,4.107913669064748419e+00
5.784421292921071434e+00,3.088391906283280072e-02,-1.821086261980830734e-01,5.537806176783812567e-02,9.326139088729016535e+00,9.760191846522782155e-01,4.074340527577938076e+00
5.789379165358102597e+00,1.490947816826411129e-02,-1.991480298189563236e-01,5.857294994675186356e-02,9.405275779376498946e+00,9.352517985611510376e-01,3.959232613908872711e+00
5.794337037795132872e+00,-7.454739084132055646e-03,-2.193823216187433534e-01,5.644302449414270728e-02,9.333333333333333925e+00,9.304556354916067029e-01,3.848920863309352569e+00
5.799294910232163147e+00,-3.301384451544196047e-02,-2.374866879659212060e-01,5.963791267305644517e-02,9.311750599520383531e+00,9.040767386091127511e-01,3.695443645083932971e+00
5.804252782669193422e+00,-4.898828541001064990e-02,-2.470713525026624058e-01,6.709265175718849561e-02,9.448441247002397958e+00,7.625899280575539896e-01,3.362110311750599489e+00
5.809210655106223697e+00,-6.496272630457934627e-02,-2.321618743343983049e-01,7.028753993610223350e-02,9.582733812949641106e+00,5.587529976019184330e-01,3.249400479616306736e+00
5.814168527543253973e+00,-7.135250266240682204e-02,-2.076677316293929765e-01,6.176783812566560145e-02,9.534772182254195982e+00,4.940047961630695261e-01,3.417266187050359783e+00
5.819126399980285136e+00,-7.135250266240682204e-02,-2.002129925452609260e-01,5.750798722044728195e-02,9.522781774580336034e+00,4.340527577937650094e-01,3.505995203836930418e+00
5.824084272417315411e+00,-7.241746538871139671e-02,-2.034078807241746500e-01,5.431309904153354406e-02,9.556354916067146377e+00,3.045563549160671402e-01,3.522781774580335590e+00
5.829042144854345686e+00,-6.815761448349308416e-02,-2.012779552715655007e-01,4.153354632587859252e-02,9.494004796163070026e+00,2.805755395683453002e-01,3.537170263788969038e+00
5.834000017291375961e+00,-5.644302449414270728e-02,-2.012779552715655007e-01,3.088391906283280072e-02,9.366906474820144268e+00,3.357314148681055377e-01,3.465227817745803574e+00
5.838957889728406236e+00,-4.259850905218317413e-02,-2.023429179978700754e-01,2.662406815761448470e-02,9.338129496402878260e+00,3.836930455635491621e-01,3.489208633093525247e+00
5.843915762165436512e+00,-2.768903088391906284e-02,-1.948881789137380249e-01,2.662406815761448470e-02,9.510791366906474309e+00,3.597122302158273222e-01,3.419664268585131950e+00
5.848873634602467675e+00,-1.916932907348242732e-02,-1.821086261980830734e-01,1.916932907348242732e-02,9.458033573141486627e+00,3.860911270983213295e-01,3.604316546762589724e+00
5.853831507039497950e+00,-7.454739084132055646e-03,-1.831735889243876481e-01,1.384451544195953142e-02,9.311750599520383531e+00,4.508393285371702364e-01,3.791366906474820109e+00
5.858789379476528225e+00,-2.129925452609158880e-03,-2.044728434504792247e-01,1.277955271565495154e-02,9.347721822541966930e+00,4.532374100719424592e-01,3.657074340527577849e+00
5.863747251913558500e+00,-7.454739084132055646e-03,-2.172523961661341763e-01,5.324813631522896766e-03,9.388489208633092886e+00,5.155875299760191988e-01,3.513189448441246920e+00
5.868705124350588775e+00,-6.389776357827475772e-03,-2.108626198083067005e-01,-3.194888178913737886e-03,9.273381294964028854e+00,6.378896882494005105e-01,3.556354916067146377e+00
5.873662996787619051e+00,0.000000000000000000e+00,-2.066027689030884018e-01,5.324813631522896766e-03,9.187050359712230829e+00,7.673860911270983243e-01,3.669064748201438686e+00
5.878620869224650214e+00,-1.064962726304579440e-03,-2.204472843450479280e-01,2.023429179978700893e-02,9.215827338129496837e+00,7.458033573141487071e-01,3.709832134292565975e+00
5.883578741661680489e+00,-1.171458998935037341e-02,-2.374866879659212060e-01,2.662406815761448470e-02,9.357314148681055599e+00,7.026378896882493619e-01,3.649880095923261347e+00
5.888536614098710764e+00,-2.023429179978700893e-02,-2.428115015974440793e-01,2.023429179978700893e-02,9.340527577937649539e+00,7.745803357314148263e-01,3.553956834532374209e+00
5.893494486535741039e+00,-3.514376996805111675e-02,-2.438764643237486818e-01,2.023429179978700893e-02,9.179856115107913439e+00,9.544364508393284874e-01,3.628297362110311841e+00
5.898452358972771314e+00,-4.792332268370606829e-02,-2.598509052183173851e-01,3.620873269435569836e-02,9.103117505995204084e+00,9.352517985611510376e-01,3.565947242206235046e+00
5.903410231409801590e+00,-6.709265175718849561e-02,-2.747603833865814860e-01,5.324813631522896940e-02,9.184652278177457774e+00,7.242206235011990900e-01,3.251798561151079348e+00
5.908368103846832753e+00,-8.413205537806177359e-02,-2.683706070287539824e-01,4.366347177848775574e-02,9.294964028776979248e+00,6.378896882494005105e-01,3.117505995203837088e+00
5.913325976283863028e+00,-1.011714589989350377e-01,-2.555910543130990309e-01,2.875399361022364098e-02,9.201438848920863833e+00,6.906474820143885252e-01,3.256594724220623682e+00
5.918283848720893303e+00,-1.107561235356762513e-01,-2.566560170394036056e-01,3.301384451544196047e-02,9.165467625899280435e+00,6.666666666666666297e-01,3.251798561151079348e+00
5.923241721157923578e+00,-1.192758253461128903e-01,-2.577209797657081802e-01,4.046858359957401785e-02,9.323741007194245256e+00,4.652278177458033515e-01,3.062350119904076795e+00
5.928199593594953853e+00,-1.277955271565495154e-01,-2.417465388711395047e-01,2.875399361022364098e-02,9.429256594724220619e+00,3.285371702637889801e-01,3.031175059952038175e+00
5.933157466031984129e+00,-1.267305644302449408e-01,-2.204472843450479280e-01,6.389776357827475772e-03,9.383693045563548552e+00,4.076738609112710021e-01,3.143884892086330929e+00
5.938115338469015292e+00,-1.203407880724174650e-01,-2.002129925452609260e-01,-2.129925452609158880e-03,9.112709832134292753e+00,5.275779376498801465e-01,3.484412470023980912e+00
5.943073210906045567e+00,-9.904153354632587447e-02,-2.044728434504792247e-01,5.324813631522896766e-03,9.055155875299760737e+00,4.724220623501199090e-01,3.659472422062350017e+00
5.948031083343075842e+00,-8.413205537806177359e-02,-2.236421725239616520e-01,8.519701810436635520e-03,9.107913669064748419e+00,3.621103117505995450e-01,3.597122302158273222e+00
5.952988955780106117e+00,-6.922257720979765883e-02,-2.289669861554845531e-01,-8.519701810436635520e-03,9.122302158273381423e+00,4.196642685851318944e-01,3.657074340527577849e+00
5.957946828217136392e+00,-5.750798722044728195e-02,-2.257720979765708291e-01,-2.449414270500532495e-02,9.093525179856115415e+00,6.091127098321342803e-01,3.836930455635491732e+00
5.962904700654166668e+00,-4.472843450479233041e-02,-2.406815761448349300e-01,-1.916932907348242732e-02,9.091127098321342359e+00,6.810551558752997447e-01,3.944844124700239707e+00
5.967862573091197831e+00,-3.088391906283280072e-02,-2.598509052183173851e-01,-1.171458998935037341e-02,9.179856115107913439e+00,5.827338129496403285e-01,3.856115107913669071e+00
5.972820445528228106e+00,-2.449414270500532495e-02,-2.768903088391906353e-01,-2.023429179978700893e-02,9.136690647482014427e+00,5.779376498800958828e-01,3.729016786570743314e+00
5.977778317965258381e+00,-2.555910543130990309e-02,-2.949946751863684602e-01,-3.088391906283280072e-02,8.983213429256593940e+00,7.002398081534771945e-01,3.604316546762589724e+00
5.982736190402288656e+00,-3.194888178913737886e-02,-3.109691160809371913e-01,-3.301384451544196047e-02,9.117505995203837088e+00,6.930455635491606925e-01,3.287769784172661858e+00
5.987694062839318931e+00,-3.940362087326943624e-02,-3.077742279020234117e-01,-3.514376996805111675e-02,9.268585131894484519e+00,6.139088729016786150e-01,3.000000000000000000e+00
5.992651935276349207e+00,-5.005324813631523151e-02,-2.832800851970180833e-01,-4.259850905218317413e-02,9.354916067146282543e+00,5.755395683453237154e-01,3.023980815347721673e+00
5.997609807713380370e+00,-6.070287539936101984e-02,-2.747603833865814860e-01,-5.431309904153354406e-02,9.366906474820144268e+00,5.707434052757793808e-01,2.997601918465227833e+00
6.002567680150410645e+00,-7.774227902023429781e-02,-2.736954206602769113e-01,-6.815761448349308416e-02,9.345323741007193874e+00,5.227817745803357008e-01,2.841726618705036067e+00
6.007525552587440920e+00,-9.265175718849839870e-02,-2.566560170394036056e-01,-8.306709265175718504e-02,9.326139088729016535e+00,5.035971223021582510e-01,2.774580335731414937e+00
6.012483425024471195e+00,-9.797657082002129980e-02,-2.321618743343983049e-01,-9.584664536741213658e-02,9.285371702637888802e+00,5.683453237410072134e-01,2.877697841726618577e+00
6.017441297461501470e+00,-1.001064962726304630e-01,-2.129925452609158776e-01,-1.001064962726304630e-01,9.249400479616307180e+00,5.827338129496403285e-01,3.019184652278177339e+00
6.022399169898531746e+00,-9.691160809371672513e-02,-1.948881789137380249e-01,-1.043663471778487756e-01,9.275779376498800133e+00,5.803357314148680501e-01,3.256594724220623682e+00
6.027357042335562909e+00,-8.413205537806177359e-02,-1.906283280085196985e-01,-1.043663471778487756e-01,9.309352517985612252e+00,6.618705035971222950e-01,3.455635491606714460e+00
6.032314914772593184e+00,-6.922257720979765883e-02,-1.948881789137380249e-01,-1.033013844515442009e-01,9.249400479616307180e+00,7.889688249400479414e-01,3.599520383693045389e+00
6.037272787209623459e+00,-5.644302449414270728e-02,-2.097976570820021258e-01,-9.158679446219382403e-02,9.127098321342925757e+00,9.448441247002398180e-01,3.676258992805755188e+00
6.042230659646653734e+00,-4.366347177848775574e-02,-2.236421725239616520e-01,-7.135250266240682204e-02,9.141486810551558762e+00,1.026378896882494063e+00,3.633093525179856176e+00
6.047188532083684009e+00,-3.514376996805111675e-02,-2.353567625133120289e-01,-5.431309904153354406e-02,9.237410071942445455e+00,1.047961630695443569e+00,3.520383693045563422e+00
6.052146404520714285e+00,-2.768903088391906284e-02,-2.396166134185303553e-01,-3.833865814696485463e-02,9.167865707434053490e+00,1.124700239808153368e+00,3.621103117505995339e+00
6.057104276957744560e+00,-2.236421725239616520e-02,-2.545260915867944562e-01,-1.810436634717784918e-02,9.127098321342925757e+00,1.146282973621103096e+00,3.827338129496403063e+00
6.062062149394775723e+00,-1.597444089456868943e-02,-2.981895633652822397e-01,7.454739084132055646e-03,9.290167865707434913e+00,9.688249400479616025e-01,3.539568345323741205e+00
6.067020021831805998e+00,-2.342917997870074681e-02,-3.226837060702875126e-01,1.703940362087327104e-02,9.472422062350119631e+00,8.057553956834532238e-01,3.141486810551558762e+00
6.071977894268836273e+00,-2.662406815761448470e-02,-3.173588924387646393e-01,1.171458998935037341e-02,9.472422062350119631e+00,8.201438848920863389e-01,3.047961630695443791e+00
6.076935766705866548e+00,-2.449414270500532495e-02,-3.130990415335463406e-01,2.023429179978700893e-02,9.412470023980814560e+00,8.297362110311750083e-01,2.937649880095923205e+00
6.081893639142896824e+00,-3.301384451544196047e-02,-3.130990415335463406e-01,3.407880724174654208e-02,9.529976019184651648e+00,6.522781774580336256e-01,2.729016786570743314e+00
6.086851511579927099e+00,-4.259850905218317413e-02,-3.088391906283279864e-01,3.088391906283280072e-02,9.652278177458033070e+00,4.868105515587530241e-01,2.525179856115107757e+00
6.091809384016958262e+00,-5.537806176783812567e-02,-2.960596379126730349e-01,1.384451544195953142e-02,9.587529976019185440e+00,4.940047961630695261e-01,2.419664268585131950e+00
6.096767256453988537e+00,-7.135250266240682204e-02,-2.832800851970180833e-01,-6.389776357827475772e-03,9.477218225419663966e+00,6.067146282973621130e-01,2.285371702637889690e+00
6.101725128891018812e+00,-8.945686900958466081e-02,-2.662406815761448331e-01,-9.584664536741213658e-03,9.623501199040767062e+00,5.947242206235011652e-01,2.083932853717026301e+00
6.106683001328049087e+00,-1.086261980830670881e-01,-2.364217252396166036e-01,-1.703940362087327104e-02,9.920863309352517589e+00,4.772182254196642437e-01,1.928057553956834536e+00
6.111640873765079363e+00,-1.288604898828540901e-01,-1.810436634717784987e-01,-3.940362087326943624e-02,9.858513189448441238e+00,5.371702637889688159e-01,2.235011990407673732e+00
6.116598746202109638e+00,-1.341853035143769912e-01,-1.427050053248136441e-01,-5.750798722044728195e-02,9.443645083932853623e+00,7.553956834532373765e-01,2.904076738609112862e+00
6.121556618639140801e+00,-1.384451544195953177e-01,-1.586794462193823196e-01,-4.472843450479233041e-02,9.177458033573142160e+00,7.745803357314148263e-01,3.254196642685851515e+00
6.126514491076171076e+00,-1.437699680511182188e-01,-2.055378061767837994e-01,-3.727369542066027996e-02,9.230215827338129841e+00,6.282973621103117301e-01,3.155875299760191766e+00
6.131472363513201351e+00,-1.458998935037273681e-01,-2.332268370607028796e-01,-5.431309904153354406e-02,9.244604316546762846e+00,7.002398081534771945e-01,3.009592326139088669e+00
6.136430235950231626e+00,-1.448349307774227934e-01,-2.428115015974440793e-01,-6.283280085197018305e-02,9.208633093525179447e+00,8.872901678657074687e-01,3.055155875299760293e+00
6.141388108387261902e+00,-1.395101171458998923e-01,-2.555910543130990309e-01,-4.472843450479233041e-02,9.208633093525179447e+00,8.729016786570743536e-01,3.088729016786570636e+00
6.146345980824292177e+00,-1.395101171458998923e-01,-2.705005324813631318e-01,-2.875399361022364098e-02,9.412470023980814560e+00,6.354916067146283432e-01,3.083932853717026301e+00
6.151303853261323340e+00,-1.405750798722044670e-01,-2.907348242811501615e-01,-3.940362087326943624e-02,9.539568345323740317e+00,4.700239808153477417e-01,3.002398081534772167e+00
6.156261725698353615e+00,-1.448349307774227934e-01,-3.109691160809371913e-01,-6.815761448349308416e-02,9.501199040767385640e+00,4.700239808153477417e-01,2.892086330935251581e+00
6.161219598135383890e+00,-1.416400425985090417e-01,-3.194888178913737886e-01,-8.626198083067092293e-02,9.496402877697841305e+00,5.251798561151078681e-01,2.666666666666666519e+00
6.166177470572414165e+00,-1.309904153354632672e-01,-3.056443024494142624e-01,-9.052183173588924936e-02,9.508393285371703030e+00,4.556354916067146266e-01,2.503597122302158251e+00
6.171135343009444441e+00,-1.160809371671991524e-01,-2.779552715654952100e-01,-9.265175718849839870e-02,9.613908872901678393e+00,3.669064748201438797e-01,2.575539568345323715e+00
6.176093215446474716e+00,-1.064962726304579388e-01,-2.598509052183173851e-01,-1.107561235356762513e-01,9.654676258992806126e+00,3.884892086330935523e-01,2.793764988009592276e+00
6.181051087883505879e+00,-1.001064962726304630e-01,-2.577209797657081802e-01,-1.341853035143769912e-01,9.546762589928057707e+00,5.683453237410072134e-01,2.992805755395683498e+00
6.186008960320536154e+00,-9.265175718849839870e-02,-2.683706070287539824e-01,-1.437699680511182188e-01,9.465227817745804018e+00,7.961630695443645545e-01,3.033573141486810343e+00
6.190966832757566429e+00,-8.306709265175718504e-02,-2.736954206602769113e-01,-1.352502662406815659e-01,9.441247002398082344e+00,9.544364508393284874e-01,2.884892086330935079e+00
6.195924705194596704e+00,-7.774227902023429781e-02,-2.662406815761448331e-01,-1.192758253461128903e-01,9.419664268585131950e+00,1.074340527577937632e+00,2.784172661870503607e+00
6.200882577631626980e+00,-7.454739084132055993e-02,-2.545260915867944562e-01,-1.022364217252396124e-01,9.345323741007193874e+00,1.189448441247002330e+00,2.846522781774580402e+00
6.205840450068657255e+00,-7.667731629392970927e-02,-2.428115015974440793e-01,-8.519701810436634826e-02,9.256594724220622794e+00,1.292565947242206192e+00,3.047961630695443791e+00
6.210798322505688418e+00,-8.519701810436634826e-02,-2.449414270500532564e-01,-6.070287539936101984e-02,9.235011990407674176e+00,1.386091127098321385e+00,3.194244604316546887e+00
6.215756194942718693e+00,-9.478168264110756192e-02,-2.683706070287539824e-01,-3.301384451544196047e-02,9.230215827338129841e+00,1.323741007194244590e+00,3.079136690647481966e+00
6.220714067379748968e+00,-1.096911608093716767e-01,-2.811501597444089340e-01,-1.277955271565495154e-02,9.201438848920863833e+00,1.227817745803357230e+00,2.932853717026378870e+00
6.225671939816779243e+00,-1.203407880724174650e-01,-2.811501597444089340e-01,5.324813631522896766e-03,9.146282973621103096e+00,1.153477218225419598e+00,2.784172661870503607e+00
6.230629812253809519e+00,-1.246006389776357776e-01,-2.726304579339723366e-01,2.236421725239616520e-02,9.079136690647482411e+00,1.052757793764987904e+00,2.683453237410072134e+00
6.235587684690839794e+00,-1.288604898828540901e-01,-2.609158679446219598e-01,4.046858359957401785e-02,9.105515587529975363e+00,8.824940047961630230e-01,2.633093525179856176e+00
6.240545557127870957e+00,-1.277955271565495154e-01,-2.438764643237486818e-01,5.218317358892438779e-02,9.201438848920863833e+00,6.786570743405275774e-01,2.654676258992805682e+00
6.245503429564901232e+00,-1.224707135250266282e-01,-2.257720979765708291e-01,4.898828541001064990e-02,9.184652278177457774e+00,5.563549160671462657e-01,2.887290167865707247e+00
6.250461302001931507e+00,-1.150159744408945639e-01,-2.310969116080937302e-01,4.579339723109691201e-02,9.129496402877697037e+00,4.916067146282973588e-01,2.911270983213429364e+00
6.255419174438961782e+00,-1.075612353567625135e-01,-2.364217252396166036e-01,3.940362087326943624e-02,9.131894484412470092e+00,3.741007194244604372e-01,2.726618705035971146e+00
6.260377046875992058e+00,-9.584664536741213658e-02,-2.247071352502662545e-01,2.768903088391906284e-02,9.115107913669064033e+00,3.285371702637889801e-01,2.683453237410072134e+00
6.265334919313022333e+00,-7.561235356762513460e-02,-2.023429179978700754e-01,1.810436634717784918e-02,9.100719424460431028e+00,3.597122302158273222e-01,2.844124700239808234e+00
6.270292791750053496e+00,-5.644302449414270728e-02,-1.884984025559105492e-01,1.064962726304579353e-02,9.052757793764987682e+00,3.429256594724220397e-01,3.105515587529975807e+00
6.275250664187083771e+00,-3.940362087326943624e-02,-1.991480298189563236e-01,0.000000000000000000e+00,9.110311750599519698e+00,2.709832134292565753e-01,3.220623501199040728e+00
6.280208536624114046e+00,-2.449414270500532495e-02,-2.140575079872204523e-01,-1.490947816826411129e-02,9.103117505995204084e+00,2.949640287769784153e-01,3.194244604316546887e+00
6.285166409061144321e+00,-1.490947816826411129e-02,-2.257720979765708291e-01,-3.301384451544196047e-02,9.019184652278177339e+00,4.244604316546762846e-01,3.160671462829736100e+00
6.290124281498174597e+00,-7.454739084132055646e-03,-2.342917997870074542e-01,-4.153354632587859252e-02,8.908872901678657641e+00,5.491606714628297636e-01,3.043165467625899456e+00
6.295082153935204872e+00,-6.389776357827475772e-03,-2.385516506922257807e-01,-4.366347177848775574e-02,8.930455635491606259e+00,5.659472422062350461e-01,2.820143884892086117e+00
6.300040026372236035e+00,-7.454739084132055646e-03,-2.332268370607028796e-01,-5.111821086261980618e-02,8.976019184652278327e+00,5.419664268585131506e-01,2.721822541966426812e+00
6.304997898809266310e+00,-9.584664536741213658e-03,-2.215122470713525027e-01,-6.070287539936101984e-02,8.906474820143884585e+00,6.235011990407673954e-01,2.868105515587529908e+00
6.309955771246296585e+00,-1.384451544195953142e-02,-2.204472843450479280e-01,-6.070287539936101984e-02,8.877697841726618577e+00,6.546762589928057929e-01,2.913669064748201532e+00
6.314913643683326860e+00,-2.449414270500532495e-02,-2.300319488817891278e-01,-5.963791267305644517e-02,8.911270983213428920e+00,6.378896882494005105e-01,2.738609112709831983e+00
6.319871516120357136e+00,-3.514376996805111675e-02,-2.300319488817891278e-01,-6.496272630457934627e-02,8.961630695443645322e+00,6.546762589928057929e-01,2.546762589928057707e+00
6.324829388557387411e+00,-4.579339723109691201e-02,-2.183173588924387509e-01,-7.241746538871139671e-02,8.937649880095923649e+00,6.714628297362110754e-01,2.350119904076738653e+00
6.329787260994418574e+00,-5.857294994675186356e-02,-1.948881789137380249e-01,-7.667731629392970927e-02,8.892086330935251581e+00,7.266187050359712574e-01,2.326139088729016979e+00
6.334745133431448849e+00,-6.815761448349308416e-02,-1.640042598509052207e-01,-7.561235356762513460e-02,8.937649880095923649e+00,7.937649880095922761e-01,2.508393285371702586e+00
6.339703005868479124e+00,-6.709265175718849561e-02,-1.469648562300319428e-01,-6.602768903088392094e-02,9.026378896882494729e+00,7.314148681055155921e-01,2.676258992805755188e+00
6.344660878305509399e+00,-6.602768903088392094e-02,-1.427050053248136441e-01,-6.070287539936101984e-02,9.023980815347721673e+00,7.482014388489208745e-01,2.779376498800959272e+00
6.349618750742539675e+00,-6.176783812566560145e-02,-1.427050053248136441e-01,-5.005324813631523151e-02,8.997601918465226944e+00,8.345323741007194540e-01,2.805755395683453113e+00
6.354576623179569950e+00,-5.537806176783812567e-02,-1.395101171458998923e-01,-3.727369542066027996e-02,8.992805755395682610e+00,9.304556354916067029e-01,2.709832134292565975e+00
6.359534495616600225e+00,-5.324813631522896940e-02,-1.235356762513312029e-01,-1.916932907348242732e-02,8.954436450839327932e+00,9.952038369304556653e-01,2.700239808153477306e+00
6.364492368053631388e+00,-4.579339723109691201e-02,-1.139510117145899892e-01,2.129925452609158880e-03,8.978417266187049606e+00,9.448441247002398180e-01,2.767386091127098435e+00
6.369450240490661663e+00,-4.366347177848775574e-02,-1.054313099041533502e-01,2.023429179978700893e-02,9.007194244604317390e+00,8.585131894484412385e-01,2.851318944844124736e+00
6.374408112927691938e+00,-4.153354632587859252e-02,-1.043663471778487756e-01,3.088391906283280072e-02,8.997601918465226944e+00,7.841726618705036067e-01,2.889688249400479414e+00
6.379365985364722214e+00,-4.366347177848775574e-02,-1.150159744408945639e-01,3.940362087326943624e-02,8.925659472422061924e+00,7.625899280575539896e-01,2.913669064748201532e+00
6.384323857801752489e+00,-4.366347177848775574e-02,-1.235356762513312029e-01,4.472843450479233041e-02,8.875299760191847298e+00,7.290167865707434247e-01,2.755395683453237599e+00
6.389281730238782764e+00,-4.792332268370606829e-02,-1.277955271565495154e-01,4.792332268370606829e-02,8.954436450839327932e+00,6.426858513189448452e-01,2.585131894484412385e+00
6.394239602675813927e+00,-5.111821086261980618e-02,-1.224707135250266282e-01,4.685835995740149362e-02,9.014388489208633004e+00,5.371702637889688159e-01,2.436450839328537121e+00
6.399197475112844202e+00,-5.324813631522896940e-02,-1.096911608093716767e-01,4.472843450479233041e-02,9.067146282973620686e+00,4.748201438848920763e-01,2.374100719424460326e+00
6.404155347549874477e+00,-5.218317358892438779e-02,-9.265175718849839870e-02,4.153354632587859252e-02,9.175059952038369104e+00,3.525179856115107646e-01,2.381294964028776828e+00
6.409113219986904753e+00,-4.792332268370606829e-02,-8.093716719914803570e-02,3.514376996805111675e-02,9.211031175059952503e+00,2.877697841726618577e-01,2.340527577937649983e+00
6.414071092423935028e+00,-4.153354632587859252e-02,-6.709265175718849561e-02,2.449414270500532495e-02,9.278177458033573188e+00,2.781774580335731328e-01,2.352517985611510820e+00
6.419028964860965303e+00,-3.514376996805111675e-02,-4.898828541001064990e-02,1.171458998935037341e-02,9.282973621103117523e+00,3.717026378896882699e-01,2.282973621103117523e+00
6.423986837297996466e+00,-3.407880724174654208e-02,-3.088391906283280072e-02,7.454739084132055646e-03,9.187050359712230829e+00,4.604316546762590168e-01,2.333333333333333481e+00
6.428944709735026741e+00,-3.088391906283280072e-02,-1.916932907348242732e-02,1.064962726304579353e-02,9.115107913669064033e+00,5.539568345323740983e-01,2.366906474820143824e+00
6.433902582172057016e+00,-2.981895633652822258e-02,-9.584664536741213658e-03,1.597444089456868943e-02,9.167865707434053490e+00,5.515587529976019310e-01,2.330935251798561314e+00
6.438860454609087292e+00,-3.727369542066027996e-02,5.324813631522896766e-03,1.703940362087327104e-02,9.187050359712230829e+00,5.995203836930456109e-01,2.405275779376498946e+00
6.443818327046117567e+00,-3.620873269435569836e-02,2.129925452609158706e-02,1.810436634717784918e-02,9.196642685851319499e+00,6.546762589928057929e-01,2.565947242206235046e+00
6.448776199483147842e+00,-3.620873269435569836e-02,2.555910543130990309e-02,2.449414270500532495e-02,9.187050359712230829e+00,6.378896882494005105e-01,2.743405275779376318e+00
6.453734071920179005e+00,-4.366347177848775574e-02,2.129925452609158706e-02,3.088391906283280072e-02,9.251798561151078459e+00,5.875299760191846632e-01,2.791366906474820109e+00
6.458691944357209280e+00,-5.005324813631523151e-02,1.810436634717784918e-02,2.981895633652822258e-02,9.263788968824940184e+00,5.539568345323740983e-01,2.815347721822541782e+00
6.463649816794239555e+00,-5.324813631522896940e-02,1.810436634717784918e-02,2.342917997870074681e-02,9.131894484412470092e+00,6.282973621103117301e-01,2.865707434052757741e+00
6.468607689231269831e+00,-5.431309904153354406e-02,8.519701810436635520e-03,2.555910543130990309e-02,9.047961630695443347e+00,6.666666666666666297e-01,2.904076738609112862e+00
6.473565561668300106e+00,-5.644302449414270728e-02,-3.194888178913737886e-03,3.407880724174654208e-02,9.103117505995204084e+00,6.282973621103117301e-01,2.865707434052757741e+00
6.478523434105330381e+00,-6.070287539936101984e-02,-7.454739084132055646e-03,3.088391906283280072e-02,9.155875299760191766e+00,5.971223021582733326e-01,2.920863309352518034e+00
6.483481306542361544e+00,-5.963791267305644517e-02,-1.384451544195953142e-02,2.555910543130990309e-02,9.122302158273381423e+00,6.067146282973621130e-01,3.091127098321342803e+00
6.488439178979391819e+00,-6.070287539936101984e-02,-4.046858359957401785e-02,2.662406815761448470e-02,9.127098321342925757e+00,5.731414868105515481e-01,3.107913669064748419e+00
6.493397051416422094e+00,-5.750798722044728195e-02,-7.241746538871139671e-02,3.194888178913737886e-02,9.172661870503597825e+00,4.556354916067146266e-01,2.848920863309352569e+00
6.498354923853452370e+00,-5.005324813631523151e-02,-8.306709265175718504e-02,2.981895633652822258e-02,9.196642685851319499e+00,3.812949640287769948e-01,2.601918465227817556e+00
6.503312796290482645e+00,-3.727369542066027996e-02,-7.774227902023429781e-02,2.023429179978700893e-02,9.218225419664268117e+00,3.980815347721822772e-01,2.505995203836930418e+00
6.508270668727512920e+00,-2.342917997870074681e-02,-6.922257720979765883e-02,2.236421725239616520e-02,9.326139088729016535e+00,3.669064748201438797e-01,2.494004796163069582e+00
6.513228541164544083e+00,-1.490947816826411129e-02,-6.176783812566560145e-02,2.023429179978700893e-02,9.398081534772181556e+00,2.949640287769784153e-01,2.470023980815347908e+00
6.518186413601574358e+00,-1.064962726304579353e-02,-5.324813631522896940e-02,8.519701810436635520e-03,9.446043165467626679e+00,2.829736211031175230e-01,2.419664268585131950e+00
6.523144286038604633e+00,-1.490947816826411129e-02,-5.963791267305644517e-02,-5.324813631522896766e-03,9.429256594724220619e+00,3.429256594724220397e-01,2.206235011990407724e+00
6.528102158475634909e+00,-2.236421725239616520e-02,-5.324813631522896940e-02,-1.597444089456868943e-02,9.362110311750599934e+00,4.508393285371702364e-01,1.954436450839328598e+00
6.533060030912665184e+00,-3.514376996805111675e-02,-2.768903088391906284e-02,-2.129925452609158706e-02,9.398081534772181556e+00,5.443645083932853179e-01,1.812949640287769837e+00
6.538017903349695459e+00,-5.111821086261980618e-02,7.454739084132055646e-03,-2.555910543130990309e-02,9.486810551558752636e+00,5.827338129496403285e-01,1.844124700239808234e+00
6.542975775786726622e+00,-7.028753993610223350e-02,3.833865814696485463e-02,-2.662406815761448470e-02,9.470023980815348352e+00,5.947242206235011652e-01,2.064748201438848962e+00
6.547933648223756897e+00,-9.158679446219382403e-02,5.111821086261980618e-02,-2.981895633652822258e-02,9.426858513189447564e+00,6.378896882494005105e-01,2.268585131894484519e+00
6.552891520660787172e+00,-1.139510117145899892e-01,4.792332268370606829e-02,-2.981895633652822258e-02,9.376498800959232938e+00,6.762589928057554101e-01,2.369304556354915992e+00
6.557849393097817448e+00,-1.341853035143769912e-01,4.685835995740149362e-02,-2.768903088391906284e-02,9.278177458033573188e+00,7.290167865707434247e-01,2.323741007194244812e+00
6.562807265534847723e+00,-1.522896698615548439e-01,4.898828541001064990e-02,-1.916932907348242732e-02,9.247002398081534125e+00,7.218225419664268117e-01,2.323741007194244812e+00
6.567765137971877998e+00,-1.640042598509052207e-01,5.431309904153354406e-02,-7.454739084132055646e-03,9.299760191846523583e+00,6.666666666666666297e-01,2.333333333333333481e+00
6.572723010408909161e+00,-1.757188498402555976e-01,6.496272630457934627e-02,1.064962726304579440e-03,9.347721822541966930e+00,5.947242206235011652e-01,2.474820143884892243e+00
6.577680882845939436e+00,-1.757188498402555976e-01,7.454739084132055993e-02,4.259850905218317760e-03,9.333333333333333925e+00,5.491606714628297636e-01,2.745803357314148485e+00
6.582638755282969711e+00,-1.682641107561235472e-01,6.496272630457934627e-02,8.519701810436635520e-03,9.268585131894484519e+00,4.628297362110311841e-01,3.000000000000000000e+00
6.587596627719999987e+00,-1.576144834930777450e-01,3.514376996805111675e-02,1.597444089456868943e-02,9.256594724220622794e+00,3.285371702637889801e-01,2.973621103117506159e+00
6.592554500157030262e+00,-1.405750798722044670e-01,1.064962726304579353e-02,1.810436634717784918e-02,9.290167865707434913e+00,1.942446043165467762e-01,2.721822541966426812e+00
6.597512372594060537e+00,-1.214057507987220397e-01,4.259850905218317760e-03,1.384451544195953142e-02,9.304556354916067917e+00,2.158273381294963933e-01,2.585131894484412385e+00
6.602470245031091700e+00,-9.691160809371672513e-02,9.584664536741213658e-03,1.384451544195953142e-02,9.321342925659472201e+00,2.374100719424460382e-01,2.474820143884892243e+00
6.607428117468121975e+00,-7.987220447284344715e-02,1.490947816826411129e-02,1.810436634717784918e-02,9.434052757793764954e+00,1.990407673860911386e-01,2.513189448441246920e+00
6.612385989905152250e+00,-7.028753993610223350e-02,1.703940362087327104e-02,1.064962726304579353e-02,9.549160671462828986e+00,1.702637889688249362e-01,2.525179856115107757e+00
6.617343862342182526e+00,-7.028753993610223350e-02,1.064962726304579353e-02,-7.454739084132055646e-03,9.625899280575540118e+00,1.942446043165467762e-01,2.575539568345323715e+00
6.622301734779212801e+00,-7.667731629392970927e-02,-3.194888178913737886e-03,-2.555910543130990309e-02,9.642685851318944401e+00,2.853717026378896904e-01,2.359712230215827322e+00
6.627259607216243076e+00,-8.839190628328008614e-02,4.259850905218317760e-03,-4.366347177848775574e-02,9.594724220623501054e+00,4.316546762589927866e-01,2.175059952038369104e+00
6.632217479653274239e+00,-1.022364217252396124e-01,2.555910543130990309e-02,-5.218317358892438779e-02,9.568345323741006325e+00,5.107913669064748641e-01,2.294964028776978360e+00
6.637175352090304514e+00,-1.118210862619808260e-01,3.833865814696485463e-02,-4.792332268370606829e-02,9.551558752997602042e+00,5.035971223021582510e-01,2.388489208633093330e+00
6.642133224527334789e+00,-1.277955271565495154e-01,3.407880724174654208e-02,-4.792332268370606829e-02,9.597122302158274110e+00,4.652278177458033515e-01,2.505995203836930418e+00
6.647091096964365065e+00,-1.427050053248136441e-01,2.981895633652822258e-02,-5.644302449414270728e-02,9.633093525179855732e+00,5.107913669064748641e-01,2.580335731414868050e+00
6.652048969401395340e+00,-1.544195953141639932e-01,2.023429179978700893e-02,-5.963791267305644517e-02,9.546762589928057707e+00,6.115107913669064477e-01,2.630695443645084008e+00
6.657006841838425615e+00,-1.629392971246006461e-01,9.584664536741213658e-03,-5.218317358892438779e-02,9.505995203836929974e+00,6.235011990407673954e-01,2.527577937649879924e+00
6.661964714275455890e+00,-1.693290734824281218e-01,3.194888178913737886e-03,-3.620873269435569836e-02,9.482014388489208301e+00,5.755395683453237154e-01,2.390887290167865498e+00
6.666922586712487053e+00,-1.789137380191693216e-01,4.259850905218317760e-03,-2.981895633652822258e-02,9.491606714628296970e+00,5.443645083932853179e-01,2.273381294964028854e+00
6.671880459149517328e+00,-1.842385516506922227e-01,1.277955271565495154e-02,-2.342917997870074681e-02,9.477218225419663966e+00,5.659472422062350461e-01,2.247002398081534569e+00
6.676838331586547604e+00,-1.916932907348242732e-01,1.810436634717784918e-02,-1.490947816826411129e-02,9.395683453237410276e+00,5.227817745803357008e-01,2.362110311750599489e+00
6.681796204023577879e+00,-1.938232161874334503e-01,2.023429179978700893e-02,-2.129925452609158880e-03,9.458033573141486627e+00,4.412470023980815115e-01,2.489208633093525247e+00
6.686754076460608154e+00,-1.884984025559105492e-01,1.277955271565495154e-02,2.129925452609158880e-03,9.472422062350119631e+00,3.117505995203836977e-01,2.465227817745803574e+00
6.691711948897638429e+00,-1.863684771033013721e-01,9.584664536741213658e-03,-4.259850905218317760e-03,9.393285371702637221e+00,2.853717026378896904e-01,2.479616306954436578e+00
6.696669821334669592e+00,-1.799787007454738963e-01,7.454739084132055646e-03,-7.454739084132055646e-03,9.410071942446043280e+00,3.429256594724220397e-01,2.422062350119904117e+00
6.701627693771699867e+00,-1.703940362087326965e-01,6.389776357827475772e-03,-3.194888178913737886e-03,9.419664268585131950e+00,3.045563549160671402e-01,2.314148681055155699e+00
6.706585566208730143e+00,-1.618743343982960714e-01,2.023429179978700893e-02,-1.064962726304579440e-03,9.482014388489208301e+00,2.853717026378896904e-01,2.369304556354915992e+00
6.711543438645760418e+00,-1.522896698615548439e-01,2.662406815761448470e-02,-4.259850905218317760e-03,9.611510791366907114e+00,2.733812949640287981e-01,2.410071942446043280e+00
6.716501311082790693e+00,-1.576144834930777450e-01,2.768903088391906284e-02,-1.490947816826411129e-02,9.652278177458033070e+00,3.453237410071942626e-01,2.417266187050359783e+00
6.721459183519820968e+00,-1.650692225772097954e-01,3.727369542066027996e-02,-2.555910543130990309e-02,9.501199040767385640e+00,5.059952038369304184e-01,2.592326139088728887e+00
6.726417055956852131e+00,-1.725239616613418459e-01,2.768903088391906284e-02,-2.555910543130990309e-02,9.529976019184651648e+00,5.803357314148680501e-01,2.642685851318944845e+00
6.731374928393882406e+00,-1.842385516506922227e-01,1.277955271565495154e-02,-1.810436634717784918e-02,9.654676258992806126e+00,5.035971223021582510e-01,2.378896882494004661e+00
6.736332800830912682e+00,-2.002129925452609260e-01,2.236421725239616520e-02,-2.555910543130990309e-02,9.705035971223020752e+00,4.748201438848920763e-01,2.393285371702638109e+00
6.741290673267942957e+00,-2.108626198083067005e-01,4.046858359957401785e-02,-3.301384451544196047e-02,9.628297362110311397e+00,6.091127098321342803e-01,2.693045563549160804e+00
6.746248545704973232e+00,-2.193823216187433534e-01,3.301384451544196047e-02,-2.236421725239616520e-02,9.539568345323740317e+00,6.258992805755395628e-01,2.882494004796162912e+00
6.751206418142003507e+00,-2.289669861554845531e-01,9.584664536741213658e-03,-1.064962726304579353e-02,9.613908872901678393e+00,4.892086330935251914e-01,2.913669064748201532e+00
6.756164290579034670e+00,-2.385516506922257807e-01,-1.277955271565495154e-02,-1.384451544195953142e-02,9.606714628297362779e+00,3.812949640287769948e-01,2.817745803357313950e+00
6.761122163016064945e+00,-2.417465388711395047e-01,-2.662406815761448470e-02,-2.023429179978700893e-02,9.460431654676259683e+00,4.076738609112710021e-01,2.709832134292565975e+00
6.766080035453095221e+00,-2.406815761448349300e-01,-3.940362087326943624e-02,-1.916932907348242732e-02,9.340527577937649539e+00,4.508393285371702364e-01,2.625899280575539674e+00
6.771037907890125496e+00,-2.406815761448349300e-01,-5.111821086261980618e-02,-6.389776357827475772e-03,9.400479616306954611e+00,3.429256594724220397e-01,2.486810551558753080e+00
6.775995780327155771e+00,-2.374866879659212060e-01,-5.644302449414270728e-02,-3.194888178913737886e-03,9.628297362110311397e+00,1.247002398081534791e-01,2.261390887290168017e+00
6.780953652764186046e+00,-2.332268370607028796e-01,-4.472843450479233041e-02,-2.023429179978700893e-02,9.750599520383692820e+00,7.673860911270982688e-02,2.187050359712230385e+00
6.785911525201217209e+00,-2.310969116080937302e-01,-2.768903088391906284e-02,-3.620873269435569836e-02,9.681055155875299079e+00,1.846522781774580235e-01,2.366906474820143824e+00
6.790869397638247484e+00,-2.257720979765708291e-01,-2.555910543130990309e-02,-3.833865814696485463e-02,9.630695443645084453e+00,2.350119904076738708e-01,2.357314148681055155e+00
6.795827270075277760e+00,-2.268370607028754038e-01,-3.194888178913737886e-02,-3.833865814696485463e-02,9.649880095923261791e+00,1.870503597122302186e-01,2.129496402877697925e+00
6.800785142512308035e+00,-2.279020234291799785e-01,-2.023429179978700893e-02,-5.218317358892438779e-02,9.645083932853717457e+00,1.654676258992805737e-01,1.990407673860911331e+00
6.805743014949338310e+00,-2.268370607028754038e-01,6.389776357827475772e-03,-6.389776357827475772e-02,9.546762589928057707e+00,3.165467625899280324e-01,2.115107913669064921e+00
6.810700887386368585e+00,-2.289669861554845531e-01,1.916932907348242732e-02,-6.602768903088392094e-02,9.453237410071942293e+00,4.388489208633093441e-01,2.311750599520383531e+00
6.815658759823399748e+00,-2.310969116080937302e-01,2.449414270500532495e-02,-6.283280085197018305e-02,9.455635491606715348e+00,4.292565947242206192e-01,2.467625899280575741e+00
6.820616632260430023e+00,-2.385516506922257807e-01,1.916932907348242732e-02,-6.709265175718849561e-02,9.541966426858513373e+00,4.100719424460431695e-01,2.549160671462829875e+00
6.825574504697460299e+00,-2.513312034078807322e-01,5.324813631522896766e-03,-8.200212992545261037e-02,9.494004796163070026e+00,4.556354916067146266e-01,2.549160671462829875e+00
6.830532377134490574e+00,-2.609158679446219598e-01,-3.194888178913737886e-03,-8.945686900958466081e-02,9.378896882494004217e+00,5.779376498800958828e-01,2.525179856115107757e+00
6.835490249571520849e+00,-2.662406815761448331e-01,-5.324813631522896766e-03,-8.306709265175718504e-02,9.335731414868105205e+00,6.235011990407673954e-01,2.470023980815347908e+00
6.840448122008551124e+00,-2.694355697550585571e-01,-3.194888178913737886e-03,-7.135250266240682204e-02,9.354916067146282543e+00,5.755395683453237154e-01,2.450839328537170125e+00
6.845405994445582287e+00,-2.715654952076677064e-01,-1.064962726304579440e-03,-6.496272630457934627e-02,9.446043165467626679e+00,5.107913669064748641e-01,2.517985611510791255e+00
6.850363866882612562e+00,-2.726304579339723366e-01,-4.259850905218317760e-03,-6.815761448349308416e-02,9.434052757793764954e+00,5.299760191846523139e-01,2.601918465227817556e+00
6.855321739319642838e+00,-2.726304579339723366e-01,-1.277955271565495154e-02,-6.815761448349308416e-02,9.342925659472422595e+00,5.323741007194244812e-01,2.597122302158273222e+00
6.860279611756673113e+00,-2.715654952076677064e-01,-2.342917997870074681e-02,-5.644302449414270728e-02,9.386091127098321607e+00,5.083932853717025857e-01,2.505995203836930418e+00
6.865237484193703388e+00,-2.673056443024494078e-01,-2.768903088391906284e-02,-5.218317358892438779e-02,9.443645083932853623e+00,4.220623501199040617e-01,2.338129496402877816e+00
6.870195356630733663e+00,-2.609158679446219598e-01,-2.129925452609158706e-02,-5.324813631522896940e-02,9.484412470023981356e+00,4.268585131894484519e-01,2.323741007194244812e+00
6.875153229067764826e+00,-2.545260915867944562e-01,-8.519701810436635520e-03,-5.644302449414270728e-02,9.410071942446043280e+00,4.916067146282973588e-01,2.393285371702638109e+00
6.880111101504795101e+00,-2.513312034078807322e-01,-2.129925452609158880e-03,-5.750798722044728195e-02,9.446043165467626679e+00,5.131894484412470314e-01,2.482014388489208745e+00
6.885068973941825377e+00,-2.502662406815761575e-01,-8.519701810436635520e-03,-5.431309904153354406e-02,9.479616306954437022e+00,4.868105515587530241e-01,2.443645083932853623e+00
6.890026846378855652e+00,-2.545260915867944562e-01,-7.454739084132055646e-03,-6.496272630457934627e-02,9.606714628297362779e+00,4.964028776978417490e-01,2.342925659472422151e+00
6.894984718815885927e+00,-2.577209797657081802e-01,8.519701810436635520e-03,-7.987220447284344715e-02,9.606714628297362779e+00,6.258992805755395628e-01,2.350119904076738653e+00
6.899942591252916202e+00,-2.651757188498402584e-01,2.342917997870074681e-02,-8.306709265175718504e-02,9.486810551558752636e+00,7.817745803357314394e-01,2.515587529976019088e+00
6.904900463689947365e+00,-2.705005324813631318e-01,2.023429179978700893e-02,-7.241746538871139671e-02,9.503597122302158695e+00,8.369304556354916214e-01,2.537170263788969038e+00
6.909858336126977640e+00,-2.864749733759318628e-01,1.703940362087327104e-02,-6.602768903088392094e-02,9.529976019184651648e+00,8.273381294964028410e-01,2.522781774580335590e+00
6.914816208564007916e+00,-2.960596379126730349e-01,2.555910543130990309e-02,-6.709265175718849561e-02,9.369304556354915547e+00,9.088729016786570858e-01,2.731414868105515481e+00
6.919774081001038191e+00,-3.003194888178913891e-01,1.916932907348242732e-02,-5.324813631522896940e-02,9.304556354916067917e+00,9.472422062350119853e-01,2.887290167865707247e+00
6.924731953438068466e+00,-3.045793397231096877e-01,-2.129925452609158880e-03,-3.301384451544196047e-02,9.407673860911270225e+00,7.817745803357314394e-01,2.824940047961630896e+00
6.929689825875098741e+00,-3.056443024494142624e-01,-8.519701810436635520e-03,-2.768903088391906284e-02,9.544364508393284652e+00,6.546762589928057929e-01,2.798561151079136611e+00
6.934647698312129904e+00,-3.013844515441959637e-01,-7.454739084132055646e-03,-3.088391906283280072e-02,9.503597122302158695e+00,6.786570743405275774e-01,2.940047961630695372e+00
6.939605570749160179e+00,-2.949946751863684602e-01,-2.236421725239616520e-02,-2.768903088391906284e-02,9.450839328537171014e+00,7.218225419664268117e-01,2.954436450839328376e+00
6.944563443186190455e+00,-2.949946751863684602e-01,-3.620873269435569836e-02,-2.129925452609158706e-02,9.474820143884892687e+00,6.858513189448440794e-01,2.810551558752997447e+00
6.949521315623220730e+00,-2.917997870074547362e-01,-3.940362087326943624e-02,-2.236421725239616520e-02,9.496402877697841305e+00,6.714628297362110754e-01,2.707434052757793808e+00
6.954479188060251005e+00,-2.886048988285410122e-01,-4.153354632587859252e-02,-2.875399361022364098e-02,9.484412470023981356e+00,7.218225419664268117e-01,2.647482014388489180e+00
6.959437060497281280e+00,-2.917997870074547362e-01,-4.259850905218317413e-02,-2.875399361022364098e-02,9.431654676258993675e+00,7.458033573141487071e-01,2.534772182254196426e+00
6.964394932934312443e+00,-2.949946751863684602e-01,-3.194888178913737886e-02,-2.662406815761448470e-02,9.390887290167865942e+00,7.817745803357314394e-01,2.549160671462829875e+00
6.969352805371342718e+00,-2.928647497337593109e-01,-3.088391906283280072e-02,-2.449414270500532495e-02,9.405275779376498946e+00,7.458033573141487071e-01,2.609112709832134502e+00
6.974310677808372994e+00,-2.949946751863684602e-01,-3.940362087326943624e-02,-2.662406815761448470e-02,9.419664268585131950e+00,6.786570743405275774e-01,2.467625899280575741e+00
6.979268550245403269e+00,-3.056443024494142624e-01,-3.940362087326943624e-02,-3.407880724174654208e-02,9.429256594724220619e+00,6.810551558752997447e-01,2.352517985611510820e+00
6.984226422682433544e+00,-3.056443024494142624e-01,-2.875399361022364098e-02,-4.046858359957401785e-02,9.383693045563548552e+00,7.338129496402877594e-01,2.304556354916067029e+00
6.989184295119463819e+00,-3.035143769968051131e-01,-1.384451544195953142e-02,-3.727369542066027996e-02,9.434052757793764954e+00,7.146282973621103096e-01,2.244604316546762401e+00
6.994142167556494094e+00,-3.035143769968051131e-01,6.389776357827475772e-03,-3.620873269435569836e-02,9.606714628297362779e+00,6.091127098321342803e-01,2.273381294964028854e+00
6.999100039993525257e+00,-3.013844515441959637e-01,2.662406815761448470e-02,-4.685835995740149362e-02,9.558752997601917656e+00,6.067146282973621130e-01,2.458033573141486627e+00
7.004057912430555533e+00,-2.917997870074547362e-01,4.046858359957401785e-02,-5.537806176783812567e-02,9.393285371702637221e+00,7.146282973621103096e-01,2.690647482014388636e+00
7.009015784867585808e+00,-2.811501597444089340e-01,3.194888178913737886e-02,-4.898828541001064990e-02,9.359712230215826878e+00,7.218225419664268117e-01,2.714628297362110310e+00
7.013973657304616083e+00,-2.736954206602769113e-01,1.916932907348242732e-02,-4.259850905218317413e-02,9.417266187050358894e+00,6.594724220623501276e-01,2.587529976019184552e+00
7.018931529741646358e+00,-2.641107561235356838e-01,2.662406815761448470e-02,-5.005324813631523151e-02,9.494004796163070026e+00,6.834532374100719121e-01,2.621103117505995339e+00
7.023889402178676633e+00,-2.502662406815761575e-01,4.366347177848775574e-02,-5.750798722044728195e-02,9.388489208633092886e+00,8.057553956834532238e-01,2.844124700239808234e+00
7.028847274615707796e+00,-2.449414270500532564e-01,3.620873269435569836e-02,-4.685835995740149362e-02,9.362110311750599934e+00,8.417266187050359560e-01,2.949640287769784042e+00
7.033805147052738072e+00,-2.470713525026624058e-01,7.454739084132055646e-03,-3.833865814696485463e-02,9.517985611510791699e+00,7.050359712230215292e-01,2.798561151079136611e+00
7.038763019489768347e+00,-2.523961661341853069e-01,-1.064962726304579440e-03,-5.431309904153354406e-02,9.525179856115107313e+00,6.426858513189448452e-01,2.539568345323741205e+00
7.043720891926798622e+00,-2.577209797657081802e-01,9.584664536741213658e-03,-7.028753993610223350e-02,9.369304556354915547e+00,8.177458033573141716e-01,2.599520383693045389e+00
7.048678764363828897e+00,-2.577209797657081802e-01,1.277955271565495154e-02,-6.496272630457934627e-02,9.268585131894484519e+00,8.609112709832134058e-01,2.731414868105515481e+00
7.053636636800859172e+00,-2.587859424920127549e-01,6.389776357827475772e-03,-5.431309904153354406e-02,9.388489208633092886e+00,6.666666666666666297e-01,2.731414868105515481e+00
7.058594509237890335e+00,-2.566560170394036056e-01,3.194888178913737886e-03,-6.283280085197018305e-02,9.496402877697841305e+00,5.035971223021582510e-01,2.772182254196642770e+00
7.063552381674920611e+00,-2.513312034078807322e-01,-1.064962726304579440e-03,-8.306709265175718504e-02,9.414868105515587615e+00,5.275779376498801465e-01,2.889688249400479414e+00
7.068510254111950886e+00,-2.449414270500532564e-01,-2.023429179978700893e-02,-8.945686900958466081e-02,9.285371702637888802e+00,6.115107913669064477e-01,2.906474820143885029e+00
7.073468126548981161e+00,-2.353567625133120289e-01,-3.727369542066027996e-02,-8.732694355697551147e-02,9.333333333333333925e+00,5.947242206235011652e-01,2.707434052757793808e+00
7.078425998986011436e+00,-2.215122470713525027e-01,-3.620873269435569836e-02,-8.839190628328008614e-02,9.386091127098321607e+00,5.443645083932853179e-01,2.637889688249400511e+00
7.083383871423041711e+00,-2.087326943556975511e-01,-3.194888178913737886e-02,-9.797657082002129980e-02,9.422062350119903229e+00,5.539568345323740983e-01,2.649880095923261347e+00
7.088341743860072874e+00,-1.959531416400425996e-01,-3.194888178913737886e-02,-1.043663471778487756e-01,9.424460431654676285e+00,6.282973621103117301e-01,2.599520383693045389e+00
7.093299616297103150e+00,-1.884984025559105492e-01,-3.088391906283280072e-02,-1.022364217252396124e-01,9.417266187050358894e+00,7.242206235011990900e-01,2.633093525179856176e+00
7.098257488734133425e+00,-1.767838125665601723e-01,-2.768903088391906284e-02,-9.691160809371672513e-02,9.407673860911270225e+00,7.577937649880095439e-01,2.613908872901678837e+00
7.103215361171163700e+00,-1.693290734824281218e-01,-3.088391906283280072e-02,-9.584664536741213658e-02,9.441247002398082344e+00,7.601918465227818222e-01,2.529976019184652092e+00
7.108173233608193975e+00,-1.682641107561235472e-01,-3.088391906283280072e-02,-9.904153354632587447e-02,9.477218225419663966e+00,8.009592326139088891e-01,2.326139088729016979e+00
7.113131106045224250e+00,-1.746538871139510229e-01,-1.703940362087327104e-02,-1.022364217252396124e-01,9.402877697841725890e+00,9.136690647482014205e-01,2.338129496402877816e+00
7.118088978482255413e+00,-1.757188498402555976e-01,-3.194888178913737886e-03,-9.797657082002129980e-02,9.429256594724220619e+00,1.014388489208633004e+00,2.342925659472422151e+00
7.123046850919285689e+00,-1.853035143769967974e-01,8.519701810436635520e-03,-8.945686900958466081e-02,9.510791366906474309e+00,1.019184652278177561e+00,2.323741007194244812e+00
7.128004723356315964e+00,-2.023429179978700754e-01,2.236421725239616520e-02,-9.052183173588924936e-02,9.431654676258993675e+00,1.059952038369304628e+00,2.455635491606714460e+00
7.132962595793346239e+00,-2.140575079872204523e-01,2.449414270500532495e-02,-8.626198083067092293e-02,9.333333333333333925e+00,1.141486810551558762e+00,2.570743405275779381e+00
7.137920468230376514e+00,-2.257720979765708291e-01,1.171458998935037341e-02,-8.093716719914803570e-02,9.366906474820144268e+00,1.165467625899280657e+00,2.494004796163069582e+00
7.142878340667406789e+00,-2.460063897763578311e-01,1.384451544195953142e-02,-7.028753993610223350e-02,9.410071942446043280e+00,1.208633093525179891e+00,2.470023980815347908e+00
7.147836213104437952e+00,-2.523961661341853069e-01,2.449414270500532495e-02,-5.857294994675186356e-02,9.376498800959232938e+00,1.249400479616306958e+00,2.618705035971223172e+00
7.152794085541468228e+00,-2.513312034078807322e-01,2.449414270500532495e-02,-3.514376996805111675e-02,9.357314148681055599e+00,1.223021582733812895e+00,2.652278177458033515e+00
7.157751957978498503e+00,-2.523961661341853069e-01,1.916932907348242732e-02,-7.454739084132055646e-03,9.381294964028777272e+00,1.129496402877697925e+00,2.729016786570743314e+00
7.162709830415528778e+00,-2.460063897763578311e-01,1.384451544195953142e-02,1.171458998935037341e-02,9.407673860911270225e+00,1.000000000000000000e+00,2.786570743405275774e+00
7.167667702852559053e+00,-2.321618743343983049e-01,6.389776357827475772e-03,2.236421725239616520e-02,9.374100719424459882e+00,9.088729016786570858e-01,2.702637889688249473e+00
7.172625575289589328e+00,-2.247071352502662545e-01,0.000000000000000000e+00,3.514376996805111675e-02,9.294964028776979248e+00,8.681055155875300189e-01,2.659472422062350017e+00
7.177583447726620491e+00,-2.119275825346112752e-01,-6.389776357827475772e-03,4.366347177848775574e-02,9.350119904076738209e+00,7.410071942446042614e-01,2.577937649880095883e+00
7.182541320163650767e+00,-1.938232161874334503e-01,-3.194888178913737886e-03,4.898828541001064990e-02,9.422062350119903229e+00,5.827338129496403285e-01,2.438848920863309289e+00
7.187499192600681042e+00,-1.810436634717784987e-01,3.194888178913737886e-03,4.153354632587859252e-02,9.383693045563548552e+00,5.083932853717025857e-01,2.458033573141486627e+00
7.192457065037711317e+00,-1.682641107561235472e-01,2.129925452609158880e-03,2.768903088391906284e-02,9.354916067146282543e+00,4.748201438848920763e-01,2.438848920863309289e+00
7.197414937474741592e+00,-1.597444089456868943e-01,3.194888178913737886e-03,1.277955271565495154e-02,9.328537170263789591e+00,4.748201438848920763e-01,2.299760191846522694e+00
7.202372809911771867e+00,-1.522896698615548439e-01,5.324813631522896766e-03,-1.064962726304579440e-03,9.345323741007193874e+00,4.364508393285371768e-01,2.215827338129496393e+00
7.207330682348803030e+00,-1.480298189563365174e-01,1.490947816826411129e-02,-2.129925452609158706e-02,9.390887290167865942e+00,4.820143884892086339e-01,2.091127098321342803e+00
7.212288554785833306e+00,-1.480298189563365174e-01,2.875399361022364098e-02,-3.940362087326943624e-02,9.347721822541966930e+00,5.827338129496403285e-01,2.038369304556355122e+00
7.217246427222863581e+00,-1.501597444089456945e-01,4.472843450479233041e-02,-5.324813631522896940e-02,9.318944844124700921e+00,7.122302158273381423e-01,2.062350119904076795e+00
7.222204299659893856e+00,-1.544195953141639932e-01,6.070287539936101984e-02,-6.070287539936101984e-02,9.287769784172661858e+00,7.721822541966426590e-01,2.136690647482014427e+00
7.227162172096924131e+00,-1.608093716719914690e-01,7.241746538871139671e-02,-6.283280085197018305e-02,9.297362110311750527e+00,8.417266187050359560e-01,2.184652278177458218e+00
7.232120044533954406e+00,-1.714589989350372712e-01,7.880724174653887248e-02,-6.815761448349308416e-02,9.362110311750599934e+00,9.088729016786570858e-01,2.191846522781774720e+00
7.237077916970985569e+00,-1.863684771033013721e-01,9.052183173588924936e-02,-7.135250266240682204e-02,9.362110311750599934e+00,9.952038369304556653e-01,2.194244604316546887e+00
7.242035789408015845e+00,-1.980830670926517489e-01,1.086261980830670881e-01,-6.922257720979765883e-02,9.254196642685851515e+00,1.081534772182254134e+00,2.383693045563548996e+00
7.246993661845046120e+00,-2.002129925452609260e-01,1.139510117145899892e-01,-5.857294994675186356e-02,9.211031175059952503e+00,1.071942446043165464e+00,2.642685851318944845e+00
7.251951534282076395e+00,-2.044728434504792247e-01,1.054313099041533502e-01,-4.259850905218317413e-02,9.261390887290167129e+00,9.736211031175060482e-01,2.726618705035971146e+00
7.256909406719106670e+00,-2.044728434504792247e-01,1.001064962726304630e-01,-3.514376996805111675e-02,9.227817745803356786e+00,9.112709832134292531e-01,2.908872901678657197e+00
7.261867279156136945e+00,-1.895633652822151238e-01,9.052183173588924936e-02,-3.088391906283280072e-02,9.136690647482014427e+00,9.376498800959233160e-01,3.093525179856114971e+00
7.266825151593168108e+00,-1.714589989350372712e-01,7.135250266240682204e-02,-1.703940362087327104e-02,9.079136690647482411e+00,8.896882494004796360e-01,3.163069544364508268e+00
7.271783024030198384e+00,-1.544195953141639932e-01,4.366347177848775574e-02,-4.259850905218317760e-03,9.160671462829736100e+00,7.314148681055155921e-01,3.057553956834532460e+00
7.276740896467228659e+00,-1.320553780617678419e-01,2.342917997870074681e-02,-4.259850905218317760e-03,9.287769784172661858e+00,6.115107913669064477e-01,2.935251798561151038e+00
7.281698768904258934e+00,-1.107561235356762513e-01,1.277955271565495154e-02,-1.490947816826411129e-02,9.304556354916067917e+00,6.258992805755395628e-01,2.851318944844124736e+00
7.286656641341289209e+00,-9.052183173588924936e-02,2.129925452609158880e-03,-2.236421725239616520e-02,9.254196642685851515e+00,6.594724220623501276e-01,2.800959232613908778e+00
7.291614513778319484e+00,-7.135250266240682204e-02,-7.454739084132055646e-03,-2.449414270500532495e-02,9.218225419664268117e+00,6.858513189448440794e-01,2.702637889688249473e+00
7.296572386215350647e+00,-5.750798722044728195e-02,-1.597444089456868943e-02,-2.875399361022364098e-02,9.330935251798560870e+00,6.450839328537170125e-01,2.505995203836930418e+00
7.301530258652380923e+00,-5.111821086261980618e-02,-1.597444089456868943e-02,-3.940362087326943624e-02,9.441247002398082344e+00,6.091127098321342803e-01,2.297362110311750527e+00
7.306488131089411198e+00,-5.005324813631523151e-02,-4.259850905218317760e-03,-5.644302449414270728e-02,9.494004796163070026e+00,7.074340527577938076e-01,2.167865707434052602e+00
7.311446003526441473e+00,-5.111821086261980618e-02,1.703940362087327104e-02,-6.709265175718849561e-02,9.460431654676259683e+00,8.345323741007194540e-01,2.143884892086330929e+00
7.316403875963471748e+00,-5.324813631522896940e-02,3.620873269435569836e-02,-6.815761448349308416e-02,9.482014388489208301e+00,8.657074340527577405e-01,2.122302158273381423e+00
7.321361748400502023e+00,-6.176783812566560145e-02,5.324813631522896940e-02,-6.922257720979765883e-02,9.544364508393284652e+00,8.297362110311750083e-01,2.069544364508393297e+00
7.326319620837532298e+00,-7.667731629392970927e-02,7.454739084132055993e-02,-7.987220447284344715e-02,9.472422062350119631e+00,9.016786570743404727e-01,2.079136690647481966e+00
7.331277493274563462e+00,-8.626198083067092293e-02,9.478168264110756192e-02,-8.413205537806177359e-02,9.354916067146282543e+00,1.057553956834532460e+00,2.153477218225419598e+00
7.336235365711593737e+00,-9.478168264110756192e-02,1.107561235356762513e-01,-7.454739084132055993e-02,9.335731414868105205e+00,1.115107913669064699e+00,2.266187050359712352e+00
7.341193238148624012e+00,-9.904153354632587447e-02,1.256656017039403661e-01,-6.283280085197018305e-02,9.398081534772181556e+00,1.069544364508393297e+00,2.378896882494004661e+00
7.346151110585654287e+00,-1.033013844515442009e-01,1.405750798722044670e-01,-5.431309904153354406e-02,9.364508393285371213e+00,1.050359712230215736e+00,2.556354916067146377e+00
7.351108983022684562e+00,-1.054313099041533502e-01,1.405750798722044670e-01,-5.005324813631523151e-02,9.278177458033573188e+00,1.069544364508393297e+00,2.676258992805755188e+00
7.356066855459714837e+00,-1.096911608093716767e-01,1.331203407880724165e-01,-4.366347177848775574e-02,9.189448441247002108e+00,1.067146282973621130e+00,2.719424460431654644e+00
7.361024727896746001e+00,-1.064962726304579388e-01,1.299254526091586925e-01,-3.301384451544196047e-02,9.175059952038369104e+00,1.021582733812949728e+00,2.724220623501198979e+00
7.365982600333776276e+00,-9.691160809371672513e-02,1.320553780617678419e-01,-2.342917997870074681e-02,9.268585131894484519e+00,8.800959232613908556e-01,2.714628297362110310e+00
7.370940472770806551e+00,-8.839190628328008614e-02,1.331203407880724165e-01,-2.342917997870074681e-02,9.292565947242206192e+00,8.369304556354916214e-01,2.800959232613908778e+00
7.375898345207836826e+00,-7.454739084132055993e-02,1.341853035143769912e-01,-2.662406815761448470e-02,9.203836930455635112e+00,8.273381294964028410e-01,3.052757793764988126e+00
7.380856217644867101e+00,-5.750798722044728195e-02,1.150159744408945639e-01,-2.342917997870074681e-02,9.184652278177457774e+00,7.937649880095922761e-01,3.095923261390887138e+00
7.385814090081897376e+00,-4.259850905218317413e-02,9.052183173588924936e-02,-2.342917997870074681e-02,9.220623501199041172e+00,7.482014388489208745e-01,2.925659472422062368e+00
7.390771962518928540e+00,-2.662406815761448470e-02,8.093716719914803570e-02,-2.981895633652822258e-02,9.230215827338129841e+00,7.553956834532373765e-01,2.791366906474820109e+00
7.395729834955958815e+00,-5.324813631522896766e-03,8.200212992545261037e-02,-3.301384451544196047e-02,9.270983213429255798e+00,8.225419664268585063e-01,2.760191846522781933e+00
7.400687707392989090e+00,5.324813631522896766e-03,7.774227902023429781e-02,-2.875399361022364098e-02,9.362110311750599934e+00,8.513189448441247364e-01,2.657074340527577849e+00
7.405645579830019365e+00,1.064962726304579353e-02,7.667731629392970927e-02,-2.662406815761448470e-02,9.510791366906474309e+00,8.177458033573141716e-01,2.532374100719424259e+00
7.410603452267049640e+00,1.171458998935037341e-02,8.306709265175718504e-02,-3.514376996805111675e-02,9.611510791366907114e+00,8.441247002398081234e-01,2.422062350119904117e+00
7.415561324704079915e+00,5.324813631522896766e-03,9.584664536741213658e-02,-3.833865814696485463e-02,9.525179856115107313e+00,9.616306954436451004e-01,2.383693045563548996e+00
7.420519197141111079e+00,-1.064962726304579440e-03,1.064962726304579388e-01,-2.981895633652822258e-02,9.465227817745804018e+00,1.064748201438848962e+00,2.405275779376498946e+00
7.425477069578141354e+00,-8.519701810436635520e-03,1.160809371671991524e-01,-1.703940362087327104e-02,9.472422062350119631e+00,1.031175059952038398e+00,2.398081534772182444e+00
7.430434942015171629e+00,-1.703940362087327104e-02,1.235356762513312029e-01,-1.171458998935037341e-02,9.422062350119903229e+00,9.448441247002398180e-01,2.484412470023980912e+00
7.435392814452201904e+00,-2.662406815761448470e-02,1.246006389776357776e-01,-1.064962726304579353e-02,9.357314148681055599e+00,9.640287769784172678e-01,2.604316546762589724e+00
7.440350686889232179e+00,-3.301384451544196047e-02,1.160809371671991524e-01,-4.259850905218317760e-03,9.340527577937649539e+00,9.616306954436451004e-01,2.642685851318944845e+00
7.445308559326262454e+00,-3.514376996805111675e-02,1.128860489882854146e-01,1.064962726304579440e-03,9.352517985611511264e+00,8.729016786570743536e-01,2.582733812949640217e+00
7.450266431763293618e+00,-3.194888178913737886e-02,1.107561235356762513e-01,7.454739084132055646e-03,9.333333333333333925e+00,7.937649880095922761e-01,2.556354916067146377e+00
7.455224304200323893e+00,-2.981895633652822258e-02,1.033013844515442009e-01,9.584664536741213658e-03,9.333333333333333925e+00,7.002398081534771945e-01,2.546762589928057707e+00
7.460182176637354168e+00,-2.555910543130990309e-02,9.584664536741213658e-02,1.064962726304579353e-02,9.417266187050358894e+00,6.378896882494005105e-01,2.395683453237410276e+00
7.465140049074384443e+00,-1.810436634717784918e-02,9.904153354632587447e-02,5.324813631522896766e-03,9.510791366906474309e+00,5.779376498800958828e-01,2.242206235011990234e+00
7.470097921511414718e+00,-9.584664536741213658e-03,1.171458998935037271e-01,-2.129925452609158880e-03,9.597122302158274110e+00,5.923261390887289979e-01,2.326139088729016979e+00
7.475055793948444993e+00,2.129925452609158880e-03,1.341853035143769912e-01,-4.259850905218317760e-03,9.556354916067146377e+00,6.618705035971222950e-01,2.505995203836930418e+00
7.480013666385476157e+00,9.584664536741213658e-03,1.299254526091586925e-01,-1.064962726304579440e-03,9.465227817745804018e+00,7.098321342925659749e-01,2.568345323741007213e+00
7.484971538822506432e+00,2.023429179978700893e-02,1.171458998935037271e-01,5.324813631522896766e-03,9.402877697841725890e+00,7.529976019184652092e-01,2.477218225419664410e+00
7.489929411259536707e+00,2.555910543130990309e-02,1.096911608093716767e-01,8.519701810436635520e-03,9.405275779376498946e+00,7.482014388489208745e-01,2.328537170263789147e+00
7.494887283696566982e+00,2.875399361022364098e-02,1.150159744408945639e-01,1.384451544195953142e-02,9.402877697841725890e+00,8.201438848920863389e-01,2.287769784172661858e+00
7.499845156133597257e+00,3.514376996805111675e-02,1.256656017039403661e-01,2.342917997870074681e-02,9.378896882494004217e+00,8.345323741007194540e-01,2.419664268585131950e+00
7.504803028570627532e+00,3.833865814696485463e-02,1.224707135250266282e-01,3.833865814696485463e-02,9.402877697841725890e+00,7.170263788968824770e-01,2.508393285371702586e+00
7.509760901007658696e+00,3.514376996805111675e-02,1.096911608093716767e-01,3.620873269435569836e-02,9.553956834532373321e+00,5.491606714628297636e-01,2.419664268585131950e+00
7.514718773444688971e+00,2.555910543130990309e-02,9.904153354632587447e-02,1.597444089456868943e-02,9.577937649880096771e+00,5.251798561151078681e-01,2.297362110311750527e+00
7.519676645881719246e+00,2.129925452609158706e-02,1.022364217252396124e-01,-5.324813631522896766e-03,9.472422062350119631e+00,6.163069544364508934e-01,2.213429256594724226e+00
7.524634518318749521e+00,1.810436634717784918e-02,1.086261980830670881e-01,-1.064962726304579353e-02,9.446043165467626679e+00,6.282973621103117301e-01,2.107913669064748419e+00
7.529592390755779796e+00,1.597444089456868943e-02,1.203407880724174650e-01,-1.064962726304579353e-02,9.551558752997602042e+00,5.203836930455635335e-01,2.062350119904076795e+00
7.534550263192810071e+00,9.584664536741213658e-03,1.384451544195953177e-01,-1.703940362087327104e-02,9.594724220623501054e+00,4.820143884892086339e-01,2.201438848920863389e+00
7.539508135629841235e+00,4.259850905218317760e-03,1.480298189563365174e-01,-3.514376996805111675e-02,9.551558752997602042e+00,5.107913669064748641e-01,2.314148681055155699e+00
7.544466008066871510e+00,0.000000000000000000e+00,1.448349307774227934e-01,-4.898828541001064990e-02,9.503597122302158695e+00,5.923261390887289979e-01,2.395683453237410276e+00
7.549423880503901785e+00,1.064962726304579440e-03,1.448349307774227934e-01,-4.792332268370606829e-02,9.503597122302158695e+00,6.714628297362110754e-01,2.354916067146282987e+00
7.554381752940932060e+00,4.259850905218317760e-03,1.490947816826411199e-01,-4.366347177848775574e-02,9.470023980815348352e+00,6.546762589928057929e-01,2.362110311750599489e+00
7.559339625377962335e+00,1.064962726304579353e-02,1.565495207667731703e-01,-3.620873269435569836e-02,9.474820143884892687e+00,6.354916067146283432e-01,2.472422062350120076e+00
7.564297497814992610e+00,2.236421725239616520e-02,1.576144834930777450e-01,-3.194888178913737886e-02,9.470023980815348352e+00,6.330935251798560648e-01,2.628297362110311841e+00
7.569255370252023774e+00,2.981895633652822258e-02,1.576144834930777450e-01,-2.768903088391906284e-02,9.429256594724220619e+00,6.666666666666666297e-01,2.769784172661870603e+00
7.574213242689054049e+00,4.685835995740149362e-02,1.480298189563365174e-01,-1.597444089456868943e-02,9.383693045563548552e+00,6.786570743405275774e-01,2.911270983213429364e+00
7.579171115126084324e+00,6.283280085197018305e-02,1.320553780617678419e-01,-3.194888178913737886e-03,9.450839328537171014e+00,6.618705035971222950e-01,2.832134292565947398e+00
7.584128987563114599e+00,7.135250266240682204e-02,1.235356762513312029e-01,4.259850905218317760e-03,9.462829736211030962e+00,6.594724220623501276e-01,2.738609112709831983e+00
7.589086860000144874e+00,7.667731629392970927e-02,1.235356762513312029e-01,7.454739084132055646e-03,9.383693045563548552e+00,6.858513189448440794e-01,2.769784172661870603e+00
7.594044732437175149e+00,7.987220447284344715e-02,1.203407880724174650e-01,1.384451544195953142e-02,9.366906474820144268e+00,6.906474820143885252e-01,2.767386091127098435e+00
7.599002604874206313e+00,7.774227902023429781e-02,1.128860489882854146e-01,2.129925452609158706e-02,9.410071942446043280e+00,6.978417266187050272e-01,2.705035971223021640e+00
7.603960477311236588e+00,6.922257720979765883e-02,1.118210862619808260e-01,2.023429179978700893e-02,9.455635491606715348e+00,6.642685851318944623e-01,2.661870503597122184e+00
7.608918349748266863e+00,6.070287539936101984e-02,1.160809371671991524e-01,1.490947816826411129e-02,9.443645083932853623e+00,6.330935251798560648e-01,2.709832134292565975e+00
7.613876222185297138e+00,5.324813631522896940e-02,1.160809371671991524e-01,8.519701810436635520e-03,9.350119904076738209e+00,6.546762589928057929e-01,2.748201438848920652e+00
7.618834094622327413e+00,3.407880724174654208e-02,1.064962726304579388e-01,3.194888178913737886e-03,9.282973621103117523e+00,5.995203836930456109e-01,2.769784172661870603e+00
7.623791967059357688e+00,2.342917997870074681e-02,9.904153354632587447e-02,-7.454739084132055646e-03,9.316546762589927866e+00,5.275779376498801465e-01,2.683453237410072134e+00
7.628749839496387963e+00,1.597444089456868943e-02,1.001064962726304630e-01,-1.810436634717784918e-02,9.345323741007193874e+00,4.940047961630695261e-01,2.618705035971223172e+00
7.633707711933419127e+00,9.584664536741213658e-03,1.086261980830670881e-01,-2.875399361022364098e-02,9.294964028776979248e+00,5.323741007194244812e-01,2.700239808153477306e+00
7.638665584370449402e+00,8.519701810436635520e-03,1.096911608093716767e-01,-3.514376996805111675e-02,9.266187050359711463e+00,5.323741007194244812e-01,2.781774580335731439e+00
7.643623456807479677e+00,1.277955271565495154e-02,1.001064962726304630e-01,-3.833865814696485463e-02,9.326139088729016535e+00,4.388489208633093441e-01,2.738609112709831983e+00
7.648581329244509952e+00,1.703940362087327104e-02,1.001064962726304630e-01,-4.792332268370606829e-02,9.362110311750599934e+00,3.884892086330935523e-01,2.683453237410072134e+00
7.653539201681540227e+00,2.236421725239616520e-02,1.011714589989350377e-01,-5.750798722044728195e-02,9.402877697841725890e+00,4.580335731414867939e-01,2.678657074340527799e+00
7.658497074118570502e+00,3.088391906283280072e-02,1.054313099041533502e-01,-6.176783812566560145e-02,9.366906474820144268e+00,4.988009592326139163e-01,2.676258992805755188e+00
7.663454946555601666e+00,4.153354632587859252e-02,1.128860489882854146e-01,-5.644302449414270728e-02,9.417266187050358894e+00,5.131894484412470314e-01,2.700239808153477306e+00
7.668412818992631941e+00,4.898828541001064990e-02,1.182108626198083018e-01,-5.537806176783812567e-02,9.594724220623501054e+00,4.196642685851318944e-01,2.688249400479616469e+00
7.673370691429662216e+00,5.005324813631523151e-02,1.256656017039403661e-01,-6.283280085197018305e-02,9.695443645083932083e+00,3.932853717026378870e-01,2.616306954436451004e+00
7.678328563866692491e+00,4.792332268370606829e-02,1.416400425985090417e-01,-7.880724174653887248e-02,9.637889688249400066e+00,5.275779376498801465e-01,2.733812949640287648e+00
7.683286436303722766e+00,4.046858359957401785e-02,1.533546325878594185e-01,-8.306709265175718504e-02,9.501199040767385640e+00,6.450839328537170125e-01,2.853717026378896904e+00
7.688244308740753041e+00,2.981895633652822258e-02,1.522896698615548439e-01,-8.093716719914803570e-02,9.414868105515587615e+00,6.618705035971222950e-01,2.904076738609112862e+00
7.693202181177784205e+00,1.277955271565495154e-02,1.458998935037273681e-01,-8.732694355697551147e-02,9.398081534772181556e+00,6.378896882494005105e-01,2.971223021582733992e+00
7.698160053614814480e+00,-7.454739084132055646e-03,1.416400425985090417e-01,-1.054313099041533502e-01,9.362110311750599934e+00,7.410071942446042614e-01,3.095923261390887138e+00
7.703117926051844755e+00,-2.342917997870074681e-02,1.331203407880724165e-01,-1.139510117145899892e-01,9.242206235011989790e+00,8.393285371702637887e-01,3.244604316546762401e+00
7.708075798488875030e+00,-3.620873269435569836e-02,1.182108626198083018e-01,-1.086261980830670881e-01,9.136690647482014427e+00,8.489208633093525691e-01,3.429256594724220619e+00
7.713033670925905305e+00,-4.685835995740149362e-02,9.478168264110756192e-02,-1.043663471778487756e-01,9.148681055155876152e+00,7.410071942446042614e-01,3.472422062350120076e+00
7.717991543362935580e+00,-5.218317358892438779e-02,6.496272630457934627e-02,-1.064962726304579388e-01,9.215827338129496837e+00,6.067146282973621130e-01,3.374100719424460326e+00
7.722949415799966744e+00,-5.431309904153354406e-02,4.366347177848775574e-02,-1.150159744408945639e-01,9.227817745803356786e+00,5.683453237410072134e-01,3.249400479616306736e+00
7.727907288236997019e+00,-4.898828541001064990e-02,3.301384451544196047e-02,-1.235356762513312029e-01,9.261390887290167129e+00,5.683453237410072134e-01,3.115107913669064921e+00
7.732865160674027294e+00,-3.727369542066027996e-02,3.301384451544196047e-02,-1.235356762513312029e-01,9.321342925659472201e+00,5.587529976019184330e-01,3.016786570743405171e+00
7.737823033111057569e+00,-2.342917997870074681e-02,4.259850905218317413e-02,-1.267305644302449408e-01,9.402877697841725890e+00,4.796163069544364665e-01,3.071942446043165464e+00
7.742780905548087844e+00,-1.064962726304579353e-02,4.153354632587859252e-02,-1.309904153354632672e-01,9.436450839328538009e+00,4.220623501199040617e-01,3.059952038369304628e+00
7.747738777985118119e+00,1.064962726304579440e-03,3.194888178913737886e-02,-1.437699680511182188e-01,9.462829736211030962e+00,3.980815347721822772e-01,2.911270983213429364e+00
7.752696650422149283e+00,1.277955271565495154e-02,4.046858359957401785e-02,-1.608093716719914690e-01,9.436450839328538009e+00,5.347721822541966485e-01,2.865707434052757741e+00
7.757654522859179558e+00,2.662406815761448470e-02,5.644302449414270728e-02,-1.661341853035143701e-01,9.338129496402878260e+00,6.690647482014387970e-01,3.007194244604316502e+00
7.762612395296209833e+00,3.940362087326943624e-02,6.176783812566560145e-02,-1.618743343982960714e-01,9.302158273381294862e+00,7.050359712230215292e-01,3.086330935251798468e+00
7.767570267733240108e+00,4.472843450479233041e-02,5.537806176783812567e-02,-1.608093716719914690e-01,9.333333333333333925e+00,6.786570743405275774e-01,3.103117505995203640e+00
7.772528140170270383e+00,4.472843450479233041e-02,5.005324813631523151e-02,-1.693290734824281218e-01,9.398081534772181556e+00,7.242206235011990900e-01,3.117505995203837088e+00
7.777486012607300658e+00,4.259850905218317413e-02,4.153354632587859252e-02,-1.778487752928647470e-01,9.374100719424459882e+00,9.112709832134292531e-01,3.124700239808153590e+00
7.782443885044331822e+00,3.940362087326943624e-02,4.046858359957401785e-02,-1.789137380191693216e-01,9.306954436450839196e+00,1.064748201438848962e+00,3.158273381294963933e+00
7.787401757481362097e+00,3.620873269435569836e-02,3.833865814696485463e-02,-1.682641107561235472e-01,9.357314148681055599e+00,1.095923261390887360e+00,3.218225419664268561e+00
7.792359629918392372e+00,2.449414270500532495e-02,3.194888178913737886e-02,-1.554845580404685956e-01,9.326139088729016535e+00,1.136690647482014427e+00,3.258992805755395850e+00
7.797317502355422647e+00,1.703940362087327104e-02,2.449414270500532495e-02,-1.469648562300319428e-01,9.311750599520383531e+00,1.187050359712230163e+00,3.211031175059952059e+00
7.802275374792452922e+00,1.064962726304579440e-03,1.597444089456868943e-02,-1.384451544195953177e-01,9.333333333333333925e+00,1.237410071942446121e+00,3.131894484412470092e+00
7.807233247229483197e+00,-1.490947816826411129e-02,1.171458998935037341e-02,-1.246006389776357776e-01,9.374100719424459882e+00,1.244604316546762623e+00,3.103117505995203640e+00
7.812191119666514361e+00,-2.236421725239616520e-02,1.597444089456868943e-02,-1.064962726304579388e-01,9.407673860911270225e+00,1.232613908872901787e+00,3.002398081534772167e+00
7.817148992103544636e+00,-3.833865814696485463e-02,2.023429179978700893e-02,-9.052183173588924936e-02,9.479616306954437022e+00,1.129496402877697925e+00,2.892086330935251581e+00
7.822106864540574911e+00,-5.324813631522896940e-02,2.662406815761448470e-02,-8.093716719914803570e-02,9.532374100719424703e+00,1.110311750599520364e+00,2.834532374100719565e+00
7.827064736977605186e+00,-6.815761448349308416e-02,3.940362087326943624e-02,-7.987220447284344715e-02,9.520383693045562978e+00,1.098321342925659527e+00,2.808153477218225280e+00
7.832022609414635461e+00,-7.774227902023429781e-02,5.218317358892438779e-02,-7.667731629392970927e-02,9.508393285371703030e+00,1.064748201438848962e+00,2.858513189448441238e+00
7.836980481851665736e+00,-8.519701810436634826e-02,6.496272630457934627e-02,-7.135250266240682204e-02,9.407673860911270225e+00,1.076738609112709799e+00,3.047961630695443791e+00
7.841938354288696900e+00,-8.519701810436634826e-02,6.922257720979765883e-02,-6.389776357827475772e-02,9.263788968824940184e+00,1.136690647482014427e+00,3.278177458033573188e+00
7.846896226725727175e+00,-9.052183173588924936e-02,5.644302449414270728e-02,-5.005324813631523151e-02,9.199040767386090778e+00,1.131894484412470092e+00,3.354916067146282987e+00
7.851854099162757450e+00,-8.839190628328008614e-02,3.833865814696485463e-02,-3.407880724174654208e-02,9.131894484412470092e+00,1.086330935251798468e+00,3.390887290167865498e+00
7.856811971599787725e+00,-7.348242811501597138e-02,2.449414270500532495e-02,-1.703940362087327104e-02,9.189448441247002108e+00,9.808153477218225502e-01,3.352517985611510820e+00
7.861769844036818000e+00,-6.389776357827475772e-02,1.597444089456868943e-02,-4.259850905218317760e-03,9.242206235011989790e+00,9.088729016786570858e-01,3.282973621103117523e+00
7.866727716473848275e+00,-5.324813631522896940e-02,5.324813631522896766e-03,1.064962726304579440e-03,9.287769784172661858e+00,8.393285371702637887e-01,3.297362110311750527e+00
7.871685588910879439e+00,-3.514376996805111675e-02,-5.324813631522896766e-03,9.584664536741213658e-03,9.390887290167865942e+00,7.410071942446042614e-01,3.237410071942445899e+00
7.876643461347909714e+00,-2.236421725239616520e-02,-7.454739084132055646e-03,1.171458998935037341e-02,9.486810551558752636e+00,6.354916067146283432e-01,3.134292565947242259e+00
7.881601333784939989e+00,-1.277955271565495154e-02,-5.324813631522896766e-03,5.324813631522896766e-03,9.472422062350119631e+00,6.115107913669064477e-01,3.079136690647481966e+00
7.886559206221970264e+00,1.064962726304579440e-03,-3.194888178913737886e-03,-3.194888178913737886e-03,9.479616306954437022e+00,6.211031175059952281e-01,3.007194244604316502e+00
7.891517078659000539e+00,6.389776357827475772e-03,1.064962726304579440e-03,-1.064962726304579353e-02,9.429256594724220619e+00,6.930455635491606925e-01,3.004796163069544335e+00
7.896474951096030814e+00,1.277955271565495154e-02,6.389776357827475772e-03,-1.916932907348242732e-02,9.330935251798560870e+00,7.769784172661871047e-01,3.040767386091127289e+00
7.901432823533061978e+00,1.597444089456868943e-02,8.519701810436635520e-03,-2.023429179978700893e-02,9.242206235011989790e+00,8.848920863309353013e-01,3.131894484412470092e+00
7.906390695970092253e+00,1.597444089456868943e-02,-2.129925452609158880e-03,-1.810436634717784918e-02,9.148681055155876152e+00,1.004796163069544335e+00,3.292565947242206192e+00
7.911348568407122528e+00,1.490947816826411129e-02,-1.916932907348242732e-02,-1.277955271565495154e-02,9.021582733812950394e+00,1.115107913669064699e+00,3.345323741007194318e+00
7.916306440844152803e+00,1.064962726304579353e-02,-3.940362087326943624e-02,0.000000000000000000e+00,8.954436450839327932e+00,1.247002398081534791e+00,3.369304556354915992e+00
7.921264313281183078e+00,4.259850905218317760e-03,-6.496272630457934627e-02,1.916932907348242732e-02,8.935251798561150594e+00,1.275779376498801021e+00,3.251798561151079348e+00
7.926222185718213353e+00,3.194888178913737886e-03,-8.413205537806177359e-02,3.620873269435569836e-02,8.968824940047960936e+00,1.258992805755395628e+00,3.165467625899280435e+00
7.931180058155243628e+00,1.064962726304579440e-03,-8.839190628328008614e-02,6.176783812566560145e-02,9.000000000000000000e+00,1.220623501199040728e+00,3.141486810551558762e+00
7.936137930592274792e+00,3.194888178913737886e-03,-9.371671991480298725e-02,8.732694355697551147e-02,9.040767386091127733e+00,1.148681055155875264e+00,3.112709832134292753e+00
7.941095803029305067e+00,4.259850905218317760e-03,-1.001064962726304630e-01,1.086261980830670881e-01,9.151079136690647431e+00,1.047961630695443569e+00,3.016786570743405171e+00
7.946053675466335342e+00,4.259850905218317760e-03,-1.086261980830670881e-01,1.277955271565495154e-01,9.208633093525179447e+00,9.208633093525180335e-01,2.851318944844124736e+00
7.951011547903365617e+00,2.129925452609158880e-03,-1.043663471778487756e-01,1.373801916932907430e-01,9.208633093525179447e+00,8.345323741007194540e-01,2.712230215827338142e+00
7.955969420340395892e+00,5.324813631522896766e-03,-9.265175718849839870e-02,1.448349307774227934e-01,9.184652278177457774e+00,7.865707434052757741e-01,2.556354916067146377e+00
7.960927292777426167e+00,9.584664536741213658e-03,-7.454739084132055993e-02,1.490947816826411199e-01,9.215827338129496837e+00,6.930455635491606925e-01,2.474820143884892243e+00
7.965885165214457331e+00,9.584664536741213658e-03,-5.005324813631523151e-02,1.512247071352502692e-01,9.220623501199041172e+00,5.995203836930456109e-01,2.558752997601918544e+00
7.970843037651487606e+00,9.584664536741213658e-03,-3.194888178913737886e-02,1.437699680511182188e-01,9.280575539568344468e+00,5.731414868105515481e-01,2.733812949640287648e+00
7.975800910088517881e+00,4.259850905218317760e-03,-2.768903088391906284e-02,1.320553780617678419e-01,9.242206235011989790e+00,6.258992805755395628e-01,2.853717026378896904e+00
7.980758782525548156e+00,-1.064962726304579440e-03,-2.768903088391906284e-02,1.203407880724174650e-01,9.177458033573142160e+00,6.354916067146283432e-01,2.901678657074340695e+00
7.985716654962578431e+00,-4.259850905218317760e-03,-2.342917997870074681e-02,1.107561235356762513e-01,9.177458033573142160e+00,6.642685851318944623e-01,2.887290167865707247e+00
7.990674527399608706e+00,-4.259850905218317760e-03,-1.916932907348242732e-02,1.043663471778487756e-01,9.187050359712230829e+00,6.642685851318944623e-01,2.877697841726618577e+00
7.995632399836639870e+00,-3.194888178913737886e-03,-7.454739084132055646e-03,9.904153354632587447e-02,9.151079136690647431e+00,6.426858513189448452e-01,3.016786570743405171e+00
8.000590272273669257e+00,-1.064962726304579440e-03,-1.064962726304579440e-03,8.839190628328008614e-02,9.251798561151078459e+00,6.282973621103117301e-01,3.170263788968824770e+00
8.005548144710699532e+00,3.194888178913737886e-03,-4.259850905218317760e-03,7.667731629392970927e-02,9.292565947242206192e+00,6.067146282973621130e-01,3.350119904076738653e+00
8.010506017147731583e+00,8.519701810436635520e-03,-1.490947816826411129e-02,6.176783812566560145e-02,9.297362110311750527e+00,6.450839328537170125e-01,3.599520383693045389e+00
8.015463889584761858e+00,2.129925452609158706e-02,-3.088391906283280072e-02,5.111821086261980618e-02,9.160671462829736100e+00,7.649880095923261569e-01,3.784172661870503607e+00
8.020421762021792134e+00,3.833865814696485463e-02,-6.389776357827475772e-02,5.324813631522896940e-02,9.158273381294964821e+00,8.297362110311750083e-01,3.769784172661870603e+00
8.025379634458822409e+00,5.431309904153354406e-02,-9.371671991480298725e-02,6.176783812566560145e-02,9.273381294964028854e+00,8.105515587529975585e-01,3.532374100719424259e+00
8.030337506895852684e+00,6.815761448349308416e-02,-1.001064962726304630e-01,6.709265175718849561e-02,9.362110311750599934e+00,7.865707434052757741e-01,3.422062350119904117e+00
8.035295379332882959e+00,8.413205537806177359e-02,-1.011714589989350377e-01,6.815761448349308416e-02,9.460431654676259683e+00,8.009592326139088891e-01,3.446043165467625791e+00
8.040253251769913234e+00,9.265175718849839870e-02,-1.075612353567625135e-01,6.709265175718849561e-02,9.472422062350119631e+00,8.489208633093525691e-01,3.484412470023980912e+00
8.045211124206943509e+00,9.584664536741213658e-02,-1.192758253461128903e-01,6.602768903088392094e-02,9.434052757793764954e+00,8.225419664268585063e-01,3.424460431654676285e+00
8.050168996643973784e+00,9.797657082002129980e-02,-1.341853035143769912e-01,5.750798722044728195e-02,9.460431654676259683e+00,7.721822541966426590e-01,3.218225419664268561e+00
8.055126869081004060e+00,9.584664536741213658e-02,-1.373801916932907430e-01,5.111821086261980618e-02,9.419664268585131950e+00,7.937649880095922761e-01,2.928057553956834536e+00
8.060084741518034335e+00,8.945686900958466081e-02,-1.203407880724174650e-01,4.898828541001064990e-02,9.491606714628296970e+00,8.297362110311750083e-01,2.676258992805755188e+00
8.065042613955064610e+00,8.306709265175718504e-02,-9.052183173588924936e-02,4.579339723109691201e-02,9.623501199040767062e+00,8.537170263788969038e-01,2.561151079136690711e+00
8.070000486392096661e+00,6.922257720979765883e-02,-5.431309904153354406e-02,3.620873269435569836e-02,9.606714628297362779e+00,8.896882494004796360e-01,2.645083932853717013e+00
8.074958358829126936e+00,5.537806176783812567e-02,-2.449414270500532495e-02,2.662406815761448470e-02,9.491606714628296970e+00,1.023980815347721895e+00,2.870503597122302075e+00
8.079916231266157212e+00,3.940362087326943624e-02,-1.064962726304579353e-02,2.875399361022364098e-02,9.386091127098321607e+00,1.091127098321343025e+00,2.928057553956834536e+00
8.084874103703187487e+00,2.768903088391906284e-02,1.064962726304579440e-03,3.940362087326943624e-02,9.359712230215826878e+00,1.055155875299760293e+00,2.877697841726618577e+00
8.089831976140217762e+00,2.129925452609158706e-02,2.981895633652822258e-02,4.366347177848775574e-02,9.270983213429255798e+00,1.045563549160671402e+00,3.026378896882493841e+00
8.094789848577248037e+00,2.662406815761448470e-02,5.644302449414270728e-02,5.218317358892438779e-02,9.002398081534773056e+00,1.107913669064748197e+00,3.462829736211030962e+00
8.099747721014278312e+00,3.727369542066027996e-02,4.898828541001064990e-02,7.135250266240682204e-02,8.808153477218224836e+00,1.098321342925659527e+00,3.820143884892086117e+00
8.104705593451308587e+00,4.792332268370606829e-02,1.490947816826411129e-02,9.158679446219382403e-02,8.815347721822542226e+00,9.928057553956834980e-01,3.851318944844124736e+00
8.109663465888338862e+00,6.070287539936101984e-02,-1.703940362087327104e-02,1.001064962726304630e-01,8.887290167865707247e+00,9.568345323741007658e-01,3.717026378896882477e+00
8.114621338325369138e+00,7.667731629392970927e-02,-2.875399361022364098e-02,1.064962726304579388e-01,8.872901678657074243e+00,1.014388489208633004e+00,3.585131894484412385e+00
8.119579210762399413e+00,9.265175718849839870e-02,-2.768903088391906284e-02,1.214057507987220397e-01,8.908872901678657641e+00,9.784172661870503829e-01,3.556354916067146377e+00
8.124537083199429688e+00,1.086261980830670881e-01,-2.875399361022364098e-02,1.341853035143769912e-01,9.023980815347721673e+00,8.081534772182253912e-01,3.520383693045563422e+00
8.129494955636461739e+00,1.128860489882854146e-01,-3.727369542066027996e-02,1.288604898828540901e-01,9.187050359712230829e+00,6.235011990407673954e-01,3.374100719424460326e+00
8.134452828073492014e+00,1.118210862619808260e-01,-4.579339723109691201e-02,1.033013844515442009e-01,9.333333333333333925e+00,6.378896882494005105e-01,3.105515587529975807e+00
8.139410700510522290e+00,1.064962726304579388e-01,-3.088391906283280072e-02,7.774227902023429781e-02,9.383693045563548552e+00,8.273381294964028410e-01,2.793764988009592276e+00
8.144368572947552565e+00,1.001064962726304630e-01,8.519701810436635520e-03,7.348242811501597138e-02,9.333333333333333925e+00,1.050359712230215736e+00,2.733812949640287648e+00
8.149326445384582840e+00,9.371671991480298725e-02,4.792332268370606829e-02,8.413205537806177359e-02,9.347721822541966930e+00,1.095923261390887360e+00,2.798561151079136611e+00
8.154284317821613115e+00,7.880724174653887248e-02,7.454739084132055993e-02,9.052183173588924936e-02,9.618705035971222728e+00,9.832134292565947176e-01,2.760191846522781933e+00
8.159242190258643390e+00,5.537806176783812567e-02,1.054313099041533502e-01,7.561235356762513460e-02,9.745803357314148485e+00,1.028776978417266230e+00,2.748201438848920652e+00
8.164200062695673665e+00,3.514376996805111675e-02,1.448349307774227934e-01,6.070287539936101984e-02,9.462829736211030962e+00,1.318944844124700255e+00,3.091127098321342803e+00
8.169157935132703940e+00,2.662406815761448470e-02,1.682641107561235472e-01,8.306709265175718504e-02,9.170263788968824770e+00,1.539568345323740983e+00,3.424460431654676285e+00
8.174115807569734216e+00,1.490947816826411129e-02,1.693290734824281218e-01,1.267305644302449408e-01,9.165467625899280435e+00,1.436450839328537121e+00,3.438848920863309289e+00
8.179073680006764491e+00,4.259850905218317760e-03,1.757188498402555976e-01,1.512247071352502692e-01,9.244604316546762846e+00,1.294964028776978360e+00,3.501199040767386084e+00
8.184031552443794766e+00,-6.389776357827475772e-03,1.884984025559105492e-01,1.597444089456868943e-01,9.247002398081534125e+00,1.347721822541966485e+00,3.681055155875299967e+00
8.188989424880826817e+00,-1.490947816826411129e-02,1.948881789137380249e-01,1.714589989350372712e-01,9.172661870503597825e+00,1.436450839328537121e+00,3.978417266187050494e+00
8.193947297317857092e+00,-1.916932907348242732e-02,1.959531416400425996e-01,2.034078807241746500e-01,9.079136690647482411e+00,1.357314148681055155e+00,4.333333333333333037e+00
8.198905169754887368e+00,-1.171458998935037341e-02,1.778487752928647470e-01,2.374866879659212060e-01,9.141486810551558762e+00,1.124700239808153368e+00,4.390887290167865942e+00
8.203863042191917643e+00,-6.389776357827475772e-03,1.522896698615548439e-01,2.492012779552715551e-01,9.095923261390886694e+00,8.968824940047961380e-01,4.393285371702638109e+00
8.208820914628947918e+00,-1.064962726304579440e-03,1.267305644302449408e-01,2.460063897763578311e-01,8.832134292565946510e+00,9.208633093525180335e-01,4.455635491606714460e+00
8.213778787065978193e+00,1.597444089456868943e-02,9.797657082002129980e-02,2.545260915867944562e-01,8.717026378896882477e+00,9.064748201438849184e-01,4.338129496402877372e+00
8.218736659503008468e+00,2.768903088391906284e-02,7.135250266240682204e-02,2.715654952076677064e-01,8.860911270983214294e+00,6.570743405275779603e-01,4.187050359712229941e+00
8.223694531940038743e+00,3.407880724174654208e-02,5.111821086261980618e-02,2.715654952076677064e-01,8.976019184652278327e+00,4.340527577937650094e-01,4.151079136690647431e+00
8.228652404377069018e+00,4.472843450479233041e-02,2.768903088391906284e-02,2.481363152289669805e-01,9.043165467625899012e+00,3.381294964028777050e-01,4.014388489208633004e+00
8.233610276814099294e+00,4.579339723109691201e-02,-3.194888178913737886e-03,2.257720979765708291e-01,9.110311750599519698e+00,2.350119904076738708e-01,3.661870503597122184e+00
8.238568149251129569e+00,4.046858359957401785e-02,-1.064962726304579353e-02,2.002129925452609260e-01,9.235011990407674176e+00,1.414868105515587615e-01,3.275779376498801021e+00
8.243526021688159844e+00,4.153354632587859252e-02,7.454739084132055646e-03,1.682641107561235472e-01,9.362110311750599934e+00,6.474820143884892076e-02,3.043165467625899456e+00
8.248483894125190119e+00,4.153354632587859252e-02,3.194888178913737886e-02,1.309904153354632672e-01,9.422062350119903229e+00,3.117505995203836977e-02,3.011990407673860837e+00
8.253441766562222170e+00,3.088391906283280072e-02,5.857294994675186356e-02,9.371671991480298725e-02,9.316546762589927866e+00,1.103117505995203779e-01,3.153477218225419598e+00
8.258399638999252446e+00,2.768903088391906284e-02,7.028753993610223350e-02,6.389776357827475772e-02,9.256594724220622794e+00,2.086330935251798635e-01,3.297362110311750527e+00
8.263357511436282721e+00,2.236421725239616520e-02,6.815761448349308416e-02,4.472843450479233041e-02,9.237410071942445455e+00,3.237410071942445899e-01,3.330935251798561314e+00
8.268315383873312996e+00,1.703940362087327104e-02,6.815761448349308416e-02,2.555910543130990309e-02,9.235011990407674176e+00,3.836930455635491621e-01,3.326139088729016979e+00
8.273273256310343271e+00,1.277955271565495154e-02,7.241746538871139671e-02,1.277955271565495154e-02,9.268585131894484519e+00,4.652278177458033515e-01,3.270983213429256686e+00
8.278231128747373546e+00,1.171458998935037341e-02,8.093716719914803570e-02,8.519701810436635520e-03,9.213429256594723782e+00,5.299760191846523139e-01,3.328537170263789147e+00
8.283189001184403821e+00,1.171458998935037341e-02,8.839190628328008614e-02,6.389776357827475772e-03,9.143884892086331817e+00,5.083932853717025857e-01,3.453237410071942293e+00
8.288146873621434096e+00,1.384451544195953142e-02,8.306709265175718504e-02,7.454739084132055646e-03,9.136690647482014427e+00,4.436450839328537343e-01,3.470023980815347908e+00
8.293104746058464372e+00,1.490947816826411129e-02,7.135250266240682204e-02,-1.064962726304579440e-03,9.134292565947241371e+00,4.052757793764987793e-01,3.410071942446043280e+00
8.298062618495494647e+00,1.597444089456868943e-02,6.389776357827475772e-02,-1.277955271565495154e-02,9.021582733812950394e+00,5.323741007194244812e-01,3.448441247002397958e+00
8.303020490932524922e+00,1.597444089456868943e-02,5.324813631522896940e-02,-1.064962726304579353e-02,8.971223021582733992e+00,6.282973621103117301e-01,3.390887290167865498e+00
8.307978363369555197e+00,1.277955271565495154e-02,4.366347177848775574e-02,-2.129925452609158880e-03,9.112709832134292753e+00,5.731414868105515481e-01,3.201438848920863389e+00
8.312936235806587248e+00,9.584664536741213658e-03,5.005324813631523151e-02,-3.194888178913737886e-03,9.225419664268585507e+00,4.700239808153477417e-01,3.076738609112709799e+00
8.317894108243617524e+00,4.259850905218317760e-03,6.176783812566560145e-02,-9.584664536741213658e-03,9.371702637889688603e+00,4.364508393285371768e-01,3.026378896882493841e+00
8.322851980680647799e+00,-1.064962726304579440e-03,7.454739084132055993e-02,-1.703940362087327104e-02,9.371702637889688603e+00,4.532374100719424592e-01,3.074340527577937632e+00
8.327809853117678074e+00,-4.259850905218317760e-03,8.945686900958466081e-02,-2.555910543130990309e-02,9.374100719424459882e+00,4.796163069544364665e-01,3.103117505995203640e+00
8.332767725554708349e+00,-6.389776357827475772e-03,1.033013844515442009e-01,-2.768903088391906284e-02,9.386091127098321607e+00,4.748201438848920763e-01,3.187050359712230385e+00
8.337725597991738624e+00,-5.324813631522896766e-03,1.086261980830670881e-01,-2.555910543130990309e-02,9.422062350119903229e+00,4.532374100719424592e-01,3.158273381294963933e+00
8.342683470428768899e+00,-4.259850905218317760e-03,1.192758253461128903e-01,-2.768903088391906284e-02,9.429256594724220619e+00,4.508393285371702364e-01,3.211031175059952059e+00
8.347641342865799174e+00,-1.064962726304579440e-03,1.309904153354632672e-01,-3.301384451544196047e-02,9.362110311750599934e+00,4.940047961630695261e-01,3.306954436450839196e+00
8.352599215302829450e+00,1.064962726304579440e-03,1.352502662406815659e-01,-3.407880724174654208e-02,9.244604316546762846e+00,5.635491606714628787e-01,3.539568345323741205e+00
8.357557087739859725e+00,5.324813631522896766e-03,1.203407880724174650e-01,-2.768903088391906284e-02,9.158273381294964821e+00,5.731414868105515481e-01,3.649880095923261347e+00
8.362514960176890000e+00,6.389776357827475772e-03,1.011714589989350377e-01,-2.768903088391906284e-02,9.218225419664268117e+00,5.035971223021582510e-01,3.664268585131894351e+00
8.367472832613920275e+00,9.584664536741213658e-03,8.093716719914803570e-02,-2.981895633652822258e-02,9.251798561151078459e+00,4.412470023980815115e-01,3.604316546762589724e+00
8.372430705050952326e+00,1.277955271565495154e-02,6.602768903088392094e-02,-3.301384451544196047e-02,9.211031175059952503e+00,4.652278177458033515e-01,3.549160671462829875e+00
8.377388577487982602e+00,1.703940362087327104e-02,5.750798722044728195e-02,-3.407880724174654208e-02,9.237410071942445455e+00,4.700239808153477417e-01,3.494004796163069582e+00
8.382346449925012877e+00,2.129925452609158706e-02,4.579339723109691201e-02,-3.301384451544196047e-02,9.321342925659472201e+00,3.980815347721822772e-01,3.342925659472422151e+00
8.387304322362043152e+00,2.023429179978700893e-02,4.366347177848775574e-02,-3.620873269435569836e-02,9.364508393285371213e+00,3.597122302158273222e-01,3.213429256594724226e+00
8.392262194799073427e+00,2.023429179978700893e-02,5.005324813631523151e-02,-4.579339723109691201e-02,9.402877697841725890e+00,3.956834532374100544e-01,3.139088729016786594e+00
8.397220067236103702e+00,1.916932907348242732e-02,6.070287539936101984e-02,-5.005324813631523151e-02,9.520383693045562978e+00,3.932853717026378870e-01,3.067146282973621130e+00
8.402177939673133977e+00,1.916932907348242732e-02,7.987220447284344715e-02,-5.218317358892438779e-02,9.666666666666666075e+00,3.741007194244604372e-01,3.011990407673860837e+00
8.407135812110164252e+00,1.810436634717784918e-02,1.054313099041533502e-01,-5.963791267305644517e-02,9.546762589928057707e+00,4.988009592326139163e-01,3.201438848920863389e+00
8.412093684547194528e+00,1.810436634717784918e-02,1.182108626198083018e-01,-5.963791267305644517e-02,9.381294964028777272e+00,6.810551558752997447e-01,3.467625899280575741e+00
8.417051556984224803e+00,1.384451544195953142e-02,1.107561235356762513e-01,-4.472843450479233041e-02,9.268585131894484519e+00,7.505995203836930418e-01,3.489208633093525247e+00
8.422009429421255078e+00,7.454739084132055646e-03,1.001064962726304630e-01,-2.981895633652822258e-02,9.256594724220622794e+00,7.721822541966426590e-01,3.515587529976019088e+00
8.426967301858285353e+00,5.324813631522896766e-03,9.584664536741213658e-02,-1.916932907348242732e-02,9.290167865707434913e+00,7.553956834532373765e-01,3.561151079136690711e+00
8.431925174295317404e+00,1.064962726304579440e-03,8.626198083067092293e-02,-1.597444089456868943e-02,9.306954436450839196e+00,7.625899280575539896e-01,3.645083932853717013e+00
8.436883046732347680e+00,-2.129925452609158880e-03,7.135250266240682204e-02,-4.259850905218317760e-03,9.304556354916067917e+00,7.601918465227818222e-01,3.717026378896882477e+00
8.441840919169377955e+00,-2.129925452609158880e-03,5.324813631522896940e-02,9.584664536741213658e-03,9.235011990407674176e+00,6.546762589928057929e-01,3.755395683453237599e+00
8.446798791606408230e+00,1.064962726304579440e-03,2.449414270500532495e-02,2.023429179978700893e-02,9.278177458033573188e+00,5.419664268585131506e-01,3.647482014388489180e+00
8.451756664043438505e+00,-1.064962726304579440e-03,0.000000000000000000e+00,2.555910543130990309e-02,9.395683453237410276e+00,4.556354916067146266e-01,3.405275779376498946e+00
8.456714536480468780e+00,0.000000000000000000e+00,-1.064962726304579440e-03,1.916932907348242732e-02,9.376498800959232938e+00,3.836930455635491621e-01,3.270983213429256686e+00
8.461672408917499055e+00,3.194888178913737886e-03,4.259850905218317760e-03,1.810436634717784918e-02,9.354916067146282543e+00,3.645083932853717124e-01,3.285371702637889690e+00
8.466630281354529330e+00,8.519701810436635520e-03,2.129925452609158880e-03,2.236421725239616520e-02,9.407673860911270225e+00,2.709832134292565753e-01,3.203836930455635557e+00
8.471588153791559606e+00,8.519701810436635520e-03,-4.259850905218317760e-03,1.597444089456868943e-02,9.501199040767385640e+00,1.318944844124700366e-01,3.057553956834532460e+00
8.476546026228589881e+00,9.584664536741213658e-03,4.259850905218317760e-03,-3.194888178913737886e-03,9.640287769784173122e+00,1.127098321342925591e-01,2.892086330935251581e+00
8.481503898665620156e+00,9.584664536741213658e-03,2.768903088391906284e-02,-2.342917997870074681e-02,9.762589928057554545e+00,1.678657074340527688e-01,2.908872901678657197e+00
8.486461771102650431e+00,8.519701810436635520e-03,5.431309904153354406e-02,-3.833865814696485463e-02,9.673860911270983465e+00,2.997601918465228055e-01,3.129496402877697925e+00
8.491419643539682482e+00,1.171458998935037341e-02,6.922257720979765883e-02,-4.366347177848775574e-02,9.582733812949641106e+00,3.956834532374100544e-01,3.482014388489208745e+00
8.496377515976712758e+00,1.490947816826411129e-02,5.537806176783812567e-02,-3.940362087326943624e-02,9.529976019184651648e+00,4.220623501199040617e-01,3.635491606714628343e+00
8.501335388413743033e+00,9.584664536741213658e-03,3.194888178913737886e-02,-4.579339723109691201e-02,9.458033573141486627e+00,4.748201438848920763e-01,3.640287769784172678e+00
8.506293260850773308e+00,4.259850905218317760e-03,1.171458998935037341e-02,-5.324813631522896940e-02,9.376498800959232938e+00,5.659472422062350461e-01,3.645083932853717013e+00
8.511251133287803583e+00,1.064962726304579440e-03,-1.064962726304579440e-03,-5.111821086261980618e-02,9.309352517985612252e+00,6.282973621103117301e-01,3.635491606714628343e+00
8.516209005724833858e+00,-5.324813631522896766e-03,-1.597444089456868943e-02,-4.259850905218317413e-02,9.422062350119903229e+00,5.083932853717025857e-01,3.664268585131894351e+00
8.521166878161864133e+00,-1.064962726304579353e-02,-3.620873269435569836e-02,-4.046858359957401785e-02,9.558752997601917656e+00,2.877697841726618577e-01,3.539568345323741205e+00
8.526124750598894408e+00,-2.342917997870074681e-02,-5.431309904153354406e-02,-5.750798722044728195e-02,9.594724220623501054e+00,1.702637889688249362e-01,3.378896882494004661e+00
8.531082623035924684e+00,-3.407880724174654208e-02,-6.709265175718849561e-02,-8.306709265175718504e-02,9.515587529976018644e+00,1.774580335731414937e-01,3.247002398081534569e+00
8.536040495472954959e+00,-4.472843450479233041e-02,-7.028753993610223350e-02,-1.011714589989350377e-01,9.462829736211030962e+00,2.398081534772182333e-01,3.014388489208633004e+00
8.540998367909985234e+00,-5.111821086261980618e-02,-6.283280085197018305e-02,-1.107561235356762513e-01,9.395683453237410276e+00,2.326139088729016757e-01,2.824940047961630896e+00
8.545956240347015509e+00,-5.644302449414270728e-02,-4.472843450479233041e-02,-1.214057507987220397e-01,9.491606714628296970e+00,1.366906474820143991e-01,2.803357314148680945e+00
8.550914112784047560e+00,-6.070287539936101984e-02,-2.875399361022364098e-02,-1.352502662406815659e-01,9.582733812949641106e+00,3.357314148681055099e-02,2.887290167865707247e+00
8.555871985221077836e+00,-5.431309904153354406e-02,-1.171458998935037341e-02,-1.512247071352502692e-01,9.573141486810552436e+00,7.434052757793764565e-02,2.976019184652278327e+00
8.560829857658108111e+00,-4.792332268370606829e-02,1.064962726304579440e-03,-1.650692225772097954e-01,9.450839328537171014e+00,2.062350119904076684e-01,3.153477218225419598e+00
8.565787730095138386e+00,-3.407880724174654208e-02,5.324813631522896766e-03,-1.650692225772097954e-01,9.402877697841725890e+00,3.237410071942445899e-01,3.223021582733812895e+00
8.570745602532168661e+00,-2.129925452609158706e-02,8.519701810436635520e-03,-1.640042598509052207e-01,9.398081534772181556e+00,4.724220623501199090e-01,3.215827338129496393e+00
8.575703474969198936e+00,-1.597444089456868943e-02,2.023429179978700893e-02,-1.650692225772097954e-01,9.323741007194245256e+00,6.666666666666666297e-01,3.388489208633093330e+00
8.580661347406229211e+00,-1.064962726304579353e-02,2.023429179978700893e-02,-1.576144834930777450e-01,9.249400479616307180e+00,8.848920863309353013e-01,3.561151079136690711e+00
8.585619219843259486e+00,-1.597444089456868943e-02,5.324813631522896766e-03,-1.373801916932907430e-01,9.131894484412470092e+00,1.009592326139088669e+00,3.628297362110311841e+00
8.590577092280289762e+00,-2.662406815761448470e-02,-1.597444089456868943e-02,-1.214057507987220397e-01,9.129496402877697037e+00,1.035971223021582732e+00,3.563549160671462879e+00
8.595534964717320037e+00,-4.579339723109691201e-02,-3.407880724174654208e-02,-1.118210862619808260e-01,9.856115107913668183e+00,9.496402877697841527e-01,3.309352517985611364e+00
8.600492837154350312e+00,-7.241746538871139671e-02,-1.277955271565495154e-02,-1.277955271565495154e-01,1.082494004796163090e+01,1.163069544364508490e+00,3.474820143884892243e+00
8.605450709591380587e+00,-1.022364217252396124e-01,1.064962726304579440e-03,-1.309904153354632672e-01,9.959232613908872267e+00,1.700239808153477306e+00,4.242206235011990678e+00
8.610408582028410862e+00,-1.192758253461128903e-01,-7.135250266240682204e-02,-7.028753993610223350e-02,9.213429256594723782e+00,1.597122302158273444e+00,3.793764988009592276e+00
8.615366454465442914e+00,-1.533546325878594185e-01,-1.341853035143769912e-01,-2.342917997870074681e-02,9.249400479616307180e+00,1.023980815347721895e+00,2.793764988009592276e+00
8.620324326902473189e+00,-1.842385516506922227e-01,-1.160809371671991524e-01,-3.620873269435569836e-02,9.323741007194245256e+00,8.752997601918465209e-01,2.604316546762589724e+00
8.625282199339503464e+00,-1.874334398296059745e-01,-7.028753993610223350e-02,-4.579339723109691201e-02,9.225419664268585507e+00,9.952038369304556653e-01,2.769784172661870603e+00
8.630240071776533739e+00,-1.948881789137380249e-01,-4.792332268370606829e-02,-2.129925452609158706e-02,9.095923261390886694e+00,7.793764988009592720e-01,3.124700239808153590e+00
8.635197944213564014e+00,-1.895633652822151238e-01,-5.644302449414270728e-02,-1.064962726304579440e-03,9.227817745803356786e+00,3.045563549160671402e-01,3.033573141486810343e+00
8.640155816650594289e+00,-1.757188498402555976e-01,-5.005324813631523151e-02,-2.023429179978700893e-02,9.285371702637888802e+00,7.194244604316546443e-02,2.822541966426858728e+00
8.645113689087624564e+00,-1.331203407880724165e-01,-2.768903088391906284e-02,-3.407880724174654208e-02,8.297362110311750527e+00,6.738609112709832427e-01,2.834532374100719565e+00
8.650071561524654840e+00,-1.139510117145899892e-01,-4.898828541001064990e-02,-2.023429179978700893e-02,9.920863309352517589e+00,2.422062350119904006e-01,1.618705035971222950e+00
8.655029433961685115e+00,-1.405750798722044670e-01,4.366347177848775574e-02,-5.644302449414270728e-02,9.841726618705035179e+00,1.774580335731414937e-01,2.717026378896882477e+00
8.659987306398715390e+00,-4.685835995740149362e-02,1.214057507987220397e-01,-5.963791267305644517e-02,9.477218225419663966e+00,4.916067146282973588e-01,3.095923261390887138e+00
8.664945178835745665e+00,-3.301384451544196047e-02,9.904153354632587447e-02,-4.579339723109691201e-02,9.609112709832134058e+00,5.371702637889688159e-01,3.652278177458033515e+00
8.669903051272775940e+00,-3.088391906283280072e-02,3.620873269435569836e-02,-5.857294994675186356e-02,9.400479616306954611e+00,6.330935251798560648e-01,3.393285371702638109e+00
8.674860923709807992e+00,-1.916932907348242732e-02,1.597444089456868943e-02,-6.602768903088392094e-02,9.494004796163070026e+00,7.889688249400479414e-01,2.877697841726618577e+00
8.679818796146838267e+00,-1.703940362087327104e-02,4.579339723109691201e-02,-7.454739084132055993e-02,9.426858513189447564e+00,1.155875299760191766e+00,2.733812949640287648e+00
8.684776668583868542e+00,-4.685835995740149362e-02,6.496272630457934627e-02,-6.176783812566560145e-02,9.131894484412470092e+00,1.357314148681055155e+00,2.961630695443644878e+00
8.689734541020898817e+00,-7.135250266240682204e-02,6.389776357827475772e-02,-3.194888178913737886e-02,9.359712230215826878e+00,1.165467625899280657e+00,2.988009592326139163e+00
8.694692413457929092e+00,-1.054313099041533502e-01,6.709265175718849561e-02,-3.194888178913737886e-02,9.565947242206235046e+00,1.019184652278177561e+00,2.906474820143885029e+00
8.699650285894959367e+00,-1.544195953141639932e-01,7.028753993610223350e-02,-5.537806176783812567e-02,9.306954436450839196e+00,1.165467625899280657e+00,3.249400479616306736e+00
8.704608158331989642e+00,-1.789137380191693216e-01,6.496272630457934627e-02,-5.644302449414270728e-02,8.944844124700239263e+00,1.342925659472422151e+00,3.215827338129496393e+00
8.709566030769019918e+00,-1.991480298189563236e-01,5.857294994675186356e-02,-2.555910543130990309e-02,8.918465227817746310e+00,1.223021582733812895e+00,3.227817745803357230e+00
8.714523903206050193e+00,-1.991480298189563236e-01,6.070287539936101984e-02,-2.129925452609158880e-03,9.112709832134292753e+00,1.043165467625899234e+00,3.117505995203837088e+00
8.719481775643080468e+00,-2.002129925452609260e-01,7.241746538871139671e-02,8.519701810436635520e-03,9.316546762589927866e+00,9.112709832134292531e-01,3.371702637889688159e+00
8.724439648080110743e+00,-1.831735889243876481e-01,8.093716719914803570e-02,1.490947816826411129e-02,9.218225419664268117e+00,9.328537170263788703e-01,3.585131894484412385e+00
8.729397520517141018e+00,-1.608093716719914690e-01,8.519701810436634826e-02,3.194888178913737886e-02,8.822541966426857840e+00,9.136690647482014205e-01,4.347721822541966041e+00
8.734355392954173070e+00,-9.904153354632587447e-02,4.046858359957401785e-02,6.922257720979765883e-02,9.364508393285371213e+00,5.683453237410072134e-01,4.707434052757793808e+00
8.739313265391203345e+00,-6.602768903088392094e-02,-5.644302449414270728e-02,7.135250266240682204e-02,9.261390887290167129e+00,2.997601918465228055e-01,3.688249400479616469e+00
8.744271137828233620e+00,-6.602768903088392094e-02,-8.413205537806177359e-02,3.833865814696485463e-02,8.918465227817746310e+00,3.069544364508393075e-01,3.321342925659472201e+00
8.749229010265263895e+00,3.194888178913737886e-03,-5.857294994675186356e-02,3.514376996805111675e-02,8.947242206235012318e+00,5.107913669064748641e-01,2.712230215827338142e+00
8.754186882702294170e+00,4.685835995740149362e-02,-1.703940362087327104e-02,6.070287539936101984e-02,9.203836930455635112e+00,4.076738609112710021e-01,2.417266187050359783e+00
8.759144755139324445e+00,6.602768903088392094e-02,3.940362087326943624e-02,6.709265175718849561e-02,9.498800959232614360e+00,1.366906474820143991e-01,2.810551558752997447e+00
8.764102627576354720e+00,9.158679446219382403e-02,6.922257720979765883e-02,3.940362087326943624e-02,1.010071942446043103e+01,2.398081534772182263e-02,3.268585131894484519e+00
8.769060500013384996e+00,1.352502662406815659e-01,7.135250266240682204e-02,-1.703940362087327104e-02,8.959232613908872267e+00,7.026378896882493619e-01,4.503597122302158695e+00
8.774018372450415271e+00,2.949946751863684602e-01,5.005324813631523151e-02,2.129925452609158880e-03,8.143884892086331817e+00,2.074340527577937632e+00,3.059952038369304628e+00
8.778976244887445546e+00,8.626198083067092293e-02,-5.431309904153354406e-02,9.584664536741213658e-02,1.032853717026378959e+01,1.016786570743405171e+00,1.928057553956834536e+00
8.783934117324475821e+00,-1.203407880724174650e-01,-1.384451544195953142e-02,1.384451544195953142e-02,1.059232613908872978e+01,2.877697841726618855e-02,3.011990407673860837e+00
8.788891989761506096e+00,-6.922257720979765883e-02,9.371671991480298725e-02,-7.454739084132055993e-02,8.810551558752997892e+00,9.952038369304556653e-01,3.350119904076738653e+00
8.793849862198538148e+00,-9.478168264110756192e-02,3.727369542066027996e-02,-1.810436634717784918e-02,8.539568345323740317e+00,8.872901678657074687e-01,4.098321342925659749e+00
8.798807734635568423e+00,-7.561235356762513460e-02,-1.810436634717784918e-02,-1.064962726304579440e-03,8.834532374100719565e+00,5.347721822541966485e-01,2.304556354916067029e+00
8.803765607072598698e+00,-1.437699680511182188e-01,2.023429179978700893e-02,-3.620873269435569836e-02,9.446043165467626679e+00,5.035971223021582649e-02,3.774580335731414937e+00
8.808723479509628973e+00,-4.579339723109691201e-02,5.324813631522896940e-02,-6.815761448349308416e-02,9.477218225419663966e+00,4.700239808153477417e-01,2.863309352517985573e+00
8.813681351946659248e+00,-1.043663471778487756e-01,4.792332268370606829e-02,-7.348242811501597138e-02,9.088729016786571080e+00,6.330935251798560648e-01,4.163069544364508268e+00
8.818639224383689523e+00,-3.088391906283280072e-02,2.981895633652822258e-02,-5.111821086261980618e-02,8.923261390887290645e+00,7.122302158273381423e-01,3.601918465227817556e+00
8.823597096820719798e+00,-3.194888178913737886e-02,1.277955271565495154e-02,-2.449414270500532495e-02,9.309352517985612252e+00,3.093525179856115304e-01,3.743405275779376318e+00
8.828554969257750074e+00,-5.324813631522896766e-03,2.129925452609158880e-03,-5.431309904153354406e-02,9.419664268585131950e+00,3.261390887290168128e-01,3.393285371702638109e+00
8.833512841694780349e+00,-3.194888178913737886e-03,6.389776357827475772e-03,-8.200212992545261037e-02,8.997601918465226944e+00,7.601918465227818222e-01,3.803357314148680945e+00
8.838470714131810624e+00,1.011714589989350377e-01,2.555910543130990309e-02,-5.537806176783812567e-02,7.959232613908873155e+00,1.577937649880095883e+00,3.712230215827338142e+00
8.843428586568840899e+00,1.064962726304579388e-01,2.449414270500532495e-02,4.898828541001064990e-02,8.858513189448441238e+00,1.230215827338129397e+00,2.913669064748201532e+00
8.848386459005871174e+00,-1.490947816826411129e-02,-9.584664536741213658e-03,6.389776357827475772e-02,1.019184652278177516e+01,2.470023980815347631e-01,3.342925659472422151e+00
8.853344331442903226e+00,-8.519701810436634826e-02,-4.792332268370606829e-02,-3.301384451544196047e-02,1.030215827338129486e+01,2.997601918465228055e-01,2.877697841726618577e+00
8.858302203879933501e+00,-1.150159744408945639e-01,-5.431309904153354406e-02,-8.200212992545261037e-02,9.350119904076738209e+00,7.913669064748201087e-01,3.354916067146282987e+00
8.863260076316963776e+00,-4.472843450479233041e-02,-2.449414270500532495e-02,-4.898828541001064990e-02,9.261390887290167129e+00,1.079136690647481966e+00,1.671462829736211075e+00
8.868217948753994051e+00,-1.160809371671991524e-01,4.259850905218317413e-02,-1.171458998935037341e-02,9.920863309352517589e+00,3.645083932853717124e-01,2.553956834532374209e+00
8.873175821191024326e+00,-7.561235356762513460e-02,1.395101171458998923e-01,-4.153354632587859252e-02,9.532374100719424703e+00,2.709832134292565753e-01,2.374100719424460326e+00
8.878133693628054601e+00,-9.371671991480298725e-02,2.151224707135250269e-01,-7.135250266240682204e-02,8.575539568345323715e+00,7.146282973621103096e-01,4.539568345323741205e+00
8.883091566065084876e+00,-3.194888178913737886e-02,1.693290734824281218e-01,-5.218317358892438779e-02,8.390887290167865942e+00,1.170263788968824992e+00,4.721822541966426812e+00
8.888049438502115152e+00,-7.880724174653887248e-02,4.153354632587859252e-02,-1.703940362087327104e-02,8.935251798561150594e+00,7.865707434052757741e-01,4.851318944844124736e+00
8.893007310939145427e+00,-1.043663471778487756e-01,-6.389776357827475772e-02,-4.579339723109691201e-02,9.366906474820144268e+00,5.539568345323740983e-01,4.127098321342925757e+00
8.897965183376175702e+00,-1.064962726304579388e-01,-8.306709265175718504e-02,-9.478168264110756192e-02,8.884892086330935967e+00,8.129496402877698369e-01,3.443645083932853623e+00
8.902923055813205977e+00,-9.371671991480298725e-02,-5.005324813631523151e-02,-9.584664536741213658e-02,8.505995203836929974e+00,9.904076738609112196e-01,3.263788968824940184e+00
8.907880928250236252e+00,-6.602768903088392094e-02,-1.916932907348242732e-02,-6.496272630457934627e-02,8.529976019184651648e+00,7.793764988009592720e-01,3.071942446043165464e+00
8.912838800687266527e+00,-6.389776357827475772e-02,-4.259850905218317760e-03,-4.792332268370606829e-02,8.810551558752997892e+00,3.717026378896882699e-01,3.359712230215827322e+00
8.917796673124298579e+00,-3.301384451544196047e-02,3.194888178913737886e-03,-7.135250266240682204e-02,9.889688249400480302e+00,1.079136690647481966e-01,3.419664268585131950e+00
8.922754545561328854e+00,-1.384451544195953142e-02,3.194888178913737886e-02,-1.192758253461128903e-01,9.023980815347721673e+00,6.882494004796163578e-01,3.839328537170263900e+00
8.927712417998359129e+00,-9.584664536741213658e-03,5.218317358892438779e-02,-9.584664536741213658e-02,9.081534772182253690e+00,1.095923261390887360e+00,4.899280575539568083e+00
8.932670290435389404e+00,2.449414270500532495e-02,-7.348242811501597138e-02,-5.644302449414270728e-02,9.575539568345323715e+00,5.659472422062350461e-01,4.479616306954436133e+00
8.937628162872419679e+00,4.259850905218317413e-02,-1.363152289669861683e-01,-7.241746538871139671e-02,9.580335731414868050e+00,6.498800959232613472e-01,2.191846522781774720e+00
8.942586035309449954e+00,-5.644302449414270728e-02,-1.214057507987220397e-01,-1.075612353567625135e-01,9.143884892086331817e+00,6.306954436450838974e-01,2.904076738609112862e+00
8.947543907746480230e+00,2.236421725239616520e-02,-4.792332268370606829e-02,-1.054313099041533502e-01,9.093525179856115415e+00,8.896882494004796360e-01,1.330935251798561092e+00
8.952501780183510505e+00,-3.194888178913737886e-02,4.685835995740149362e-02,-7.987220447284344715e-02,9.383693045563548552e+00,5.347721822541966485e-01,3.081534772182254134e+00
8.957459652620540780e+00,4.472843450479233041e-02,1.086261980830670881e-01,-7.667731629392970927e-02,9.448441247002397958e+00,6.354916067146283432e-01,3.091127098321342803e+00
8.962417525057571055e+00,8.519701810436635520e-03,9.797657082002129980e-02,-9.584664536741213658e-02,9.254196642685851515e+00,8.081534772182253912e-01,4.911270983213428920e+00
8.967375397494601330e+00,7.135250266240682204e-02,-8.519701810436635520e-03,-1.075612353567625135e-01,8.884892086330935967e+00,1.390887290167865720e+00,3.774580335731414937e+00
8.972333269931631605e+00,-1.384451544195953142e-02,-9.584664536741213658e-02,-7.454739084132055993e-02,9.206235011990408168e+00,1.251798561151079126e+00,3.470023980815347908e+00
8.977291142368663657e+00,-1.064962726304579440e-03,-9.371671991480298725e-02,-7.454739084132055993e-02,9.350119904076738209e+00,1.143884892086330929e+00,2.683453237410072134e+00
8.982249014805693932e+00,-3.194888178913737886e-03,-3.940362087326943624e-02,-6.709265175718849561e-02,9.124700239808152702e+00,1.251798561151079126e+00,2.220623501199040728e+00
8.987206887242724207e+00,-9.584664536741213658e-03,2.236421725239616520e-02,-2.981895633652822258e-02,9.424460431654676285e+00,8.776978417266186883e-01,3.086330935251798468e+00
8.992164759679754482e+00,6.389776357827475772e-02,9.052183173588924936e-02,-2.236421725239616520e-02,9.395683453237410276e+00,9.544364508393284874e-01,2.508393285371702586e+00
8.997122632116784757e+00,3.194888178913737886e-02,1.416400425985090417e-01,-1.810436634717784918e-02,8.671462829736210409e+00,1.071942446043165464e+00,4.786570743405276218e+00
9.002080504553815032e+00,1.427050053248136441e-01,1.288604898828540901e-01,1.916932907348242732e-02,8.388489208633092886e+00,1.390887290167865720e+00,4.282973621103117523e+00
9.007038376990845308e+00,3.940362087326943624e-02,-7.454739084132055646e-03,6.389776357827475772e-02,9.155875299760191766e+00,6.690647482014387970e-01,5.306954436450839196e+00
9.011996249427875583e+00,6.496272630457934627e-02,-1.203407880724174650e-01,1.384451544195953142e-02,9.661870503597121740e+00,6.211031175059952281e-01,3.184652278177458218e+00
9.016954121864905858e+00,-3.407880724174654208e-02,-1.331203407880724165e-01,-4.259850905218317413e-02,9.244604316546762846e+00,9.136690647482014205e-01,3.191846522781774720e+00
9.021911994301936133e+00,9.584664536741213658e-03,-7.880724174653887248e-02,-2.981895633652822258e-02,8.496402877697841305e+00,1.196642685851319055e+00,2.520383693045563422e+00
9.026869866738966408e+00,2.449414270500532495e-02,-1.064962726304579440e-03,3.194888178913737886e-02,8.932853717026379314e+00,7.697841726618704916e-01,2.359712230215827322e+00
9.031827739175996683e+00,1.277955271565495154e-02,3.620873269435569836e-02,4.153354632587859252e-02,9.606714628297362779e+00,1.774580335731414937e-01,3.402877697841726778e+00
9.036785611613028735e+00,6.283280085197018305e-02,5.857294994675186356e-02,-6.389776357827475772e-03,9.323741007194245256e+00,5.563549160671462657e-01,3.359712230215827322e+00
9.041743484050059010e+00,5.963791267305644517e-02,5.537806176783812567e-02,-1.171458998935037341e-02,9.110311750599519698e+00,9.712230215827337698e-01,4.954436450839328820e+00
9.046701356487089285e+00,1.299254526091586925e-01,-3.514376996805111675e-02,2.342917997870074681e-02,9.304556354916067917e+00,1.146282973621103096e+00,3.779376498800959272e+00
9.051659228924119560e+00,5.963791267305644517e-02,-1.437699680511182188e-01,3.407880724174654208e-02,9.640287769784173122e+00,7.961630695443645545e-01,3.386091127098321163e+00
9.056617101361149835e+00,2.981895633652822258e-02,-1.746538871139510229e-01,-6.389776357827475772e-03,9.613908872901678393e+00,8.513189448441247364e-01,1.570743405275779381e+00
9.061574973798180110e+00,-4.579339723109691201e-02,-1.022364217252396124e-01,-4.259850905218317413e-02,9.086330935251798024e+00,1.019184652278177561e+00,1.949640287769784264e+00
9.066532846235210386e+00,2.129925452609158880e-03,8.519701810436635520e-03,-2.449414270500532495e-02,9.052757793764987682e+00,1.364508393285371657e+00,1.870503597122302075e+00
9.071490718672240661e+00,-1.171458998935037341e-02,5.750798722044728195e-02,2.875399361022364098e-02,9.513189448441247364e+00,9.928057553956834980e-01,2.928057553956834536e+00
9.076448591109270936e+00,2.449414270500532495e-02,8.093716719914803570e-02,3.088391906283280072e-02,1.012949640287769704e+01,7.769784172661871047e-01,3.119904076738609255e+00
9.081406463546301211e+00,1.064962726304579440e-03,9.691160809371672513e-02,-4.259850905218317760e-03,9.685851318944843413e+00,1.155875299760191766e+00,3.978417266187050494e+00
9.086364335983331486e+00,1.916932907348242732e-02,7.987220447284344715e-02,2.129925452609158880e-03,8.688249400479616469e+00,1.752997601918465209e+00,4.544364508393285540e+00
9.091322208420361761e+00,5.218317358892438779e-02,7.454739084132055646e-03,7.880724174653887248e-02,8.527577937649880369e+00,1.683453237410071912e+00,3.954436450839328376e+00
9.096280080857393813e+00,1.384451544195953142e-02,-7.135250266240682204e-02,1.320553780617678419e-01,9.251798561151078459e+00,8.824940047961630230e-01,3.256594724220623682e+00
9.101237953294424088e+00,-2.129925452609158706e-02,-7.987220447284344715e-02,7.880724174653887248e-02,9.587529976019185440e+00,6.594724220623501276e-01,2.139088729016786594e+00
9.106195825731454363e+00,-8.200212992545261037e-02,-1.490947816826411129e-02,1.597444089456868943e-02,8.681055155875299079e+00,1.184652278177457996e+00,2.913669064748201532e+00
9.111153698168484638e+00,-3.088391906283280072e-02,3.833865814696485463e-02,5.963791267305644517e-02,8.302158273381294862e+00,1.484412470023980912e+00,3.131894484412470092e+00
9.116111570605514913e+00,-7.454739084132055646e-03,6.283280085197018305e-02,1.224707135250266282e-01,9.201438848920863833e+00,9.448441247002398180e-01,3.537170263788969038e+00
9.121069443042545188e+00,-1.490947816826411129e-02,4.366347177848775574e-02,1.033013844515442009e-01,9.800959232613909222e+00,6.930455635491606925e-01,4.160671462829736100e+00
9.126027315479575464e+00,-3.620873269435569836e-02,-4.153354632587859252e-02,6.709265175718849561e-02,9.575539568345323715e+00,9.256594724220623682e-01,3.973621103117506159e+00
9.130985187916605739e+00,-4.153354632587859252e-02,-9.691160809371672513e-02,6.922257720979765883e-02,9.431654676258993675e+00,1.004796163069544335e+00,3.287769784172661858e+00
9.135943060353636014e+00,-2.662406815761448470e-02,-7.880724174653887248e-02,9.265175718849839870e-02,9.510791366906474309e+00,8.944844124700239707e-01,2.330935251798561314e+00
9.140900932790666289e+00,-4.259850905218317413e-02,-2.129925452609158706e-02,1.043663471778487756e-01,9.609112709832134058e+00,6.043165467625899456e-01,2.335731414868105649e+00
9.145858805227696564e+00,-2.023429179978700893e-02,6.283280085197018305e-02,9.797657082002129980e-02,8.923261390887290645e+00,6.906474820143885252e-01,2.664268585131894351e+00
9.150816677664726839e+00,1.916932907348242732e-02,1.288604898828540901e-01,1.139510117145899892e-01,8.707434052757793808e+00,7.314148681055155921e-01,3.868105515587529908e+00
9.155774550101758891e+00,6.070287539936101984e-02,7.880724174653887248e-02,1.384451544195953177e-01,9.093525179856115415e+00,3.741007194244604372e-01,3.880095923261390745e+00
9.160732422538789166e+00,-9.584664536741213658e-03,-1.490947816826411129e-02,1.118210862619808260e-01,1.003117505995203906e+01,-8.872901678657074687e-02,3.467625899280575741e+00
9.165690294975819441e+00,-6.815761448349308416e-02,-4.898828541001064990e-02,3.194888178913737886e-03,9.582733812949641106e+00,1.822541966426858562e-01,3.793764988009592276e+00
9.170648167412849716e+00,-2.129925452609158706e-02,-3.088391906283280072e-02,-2.662406815761448470e-02,8.755395683453237154e+00,1.021582733812949728e+00,2.935251798561151038e+00
9.175606039849879991e+00,-4.472843450479233041e-02,-1.703940362087327104e-02,3.514376996805111675e-02,8.832134292565946510e+00,7.242206235011990900e-01,3.083932853717026301e+00
9.180563912286910266e+00,-1.171458998935037341e-02,3.301384451544196047e-02,6.176783812566560145e-02,9.345323741007193874e+00,2.134292565947242259e-01,2.472422062350120076e+00
9.185521784723940542e+00,-6.496272630457934627e-02,7.135250266240682204e-02,1.703940362087327104e-02,9.676258992805754744e+00,-6.474820143884892076e-02,3.683453237410072134e+00
9.190479657160970817e+00,-2.449414270500532495e-02,7.454739084132055993e-02,-3.301384451544196047e-02,9.100719424460431028e+00,2.637889688249400733e-01,3.539568345323741205e+00
9.195437529598001092e+00,-1.810436634717784918e-02,8.519701810436634826e-02,-3.940362087326943624e-02,8.736211031175059816e+00,5.779376498800958828e-01,4.405275779376498946e+00
9.200395402035031367e+00,3.620873269435569836e-02,6.176783812566560145e-02,-1.384451544195953142e-02,8.947242206235012318e+00,5.875299760191846632e-01,4.510791366906475197e+00
9.205353274472061642e+00,2.662406815761448470e-02,-2.981895633652822258e-02,-2.129925452609158880e-03,9.306954436450839196e+00,3.357314148681055377e-01,4.244604316546762846e+00
9.210311146909091917e+00,1.810436634717784918e-02,-9.584664536741213658e-02,-4.579339723109691201e-02,8.961630695443645322e+00,5.251798561151078681e-01,3.369304556354915992e+00
9.215269019346122192e+00,-1.171458998935037341e-02,-7.987220447284344715e-02,-8.626198083067092293e-02,8.762589928057554545e+00,8.848920863309353013e-01,2.529976019184652092e+00
9.220226891783154244e+00,-4.579339723109691201e-02,-1.171458998935037341e-02,-7.880724174653887248e-02,9.093525179856115415e+00,8.752997601918465209e-01,3.297362110311750527e+00
9.225184764220184519e+00,-7.454739084132055646e-03,3.301384451544196047e-02,-5.218317358892438779e-02,9.318944844124700921e+00,7.793764988009592720e-01,2.875299760191846410e+00
9.230142636657214794e+00,-4.366347177848775574e-02,6.602768903088392094e-02,-4.472843450479233041e-02,9.486810551558752636e+00,5.083932853717025857e-01,3.930455635491606703e+00
9.235100509094245069e+00,-8.519701810436635520e-03,5.963791267305644517e-02,-6.709265175718849561e-02,9.297362110311750527e+00,6.474820143884891799e-01,3.846522781774580402e+00
9.240058381531275344e+00,-3.514376996805111675e-02,8.519701810436635520e-03,-7.348242811501597138e-02,9.115107913669064033e+00,7.889688249400479414e-01,4.158273381294963933e+00
9.245016253968305620e+00,-2.129925452609158880e-03,-3.620873269435569836e-02,-6.176783812566560145e-02,9.081534772182253690e+00,9.496402877697841527e-01,3.311750599520383531e+00
9.249974126405335895e+00,-2.129925452609158880e-03,-2.875399361022364098e-02,-3.940362087326943624e-02,8.966426858513189657e+00,9.544364508393284874e-01,2.805755395683453113e+00
9.254931998842366170e+00,0.000000000000000000e+00,3.940362087326943624e-02,-3.407880724174654208e-02,9.009592326139088669e+00,8.944844124700239707e-01,2.800959232613908778e+00
9.259889871279396445e+00,-1.064962726304579353e-02,8.945686900958466081e-02,-3.088391906283280072e-02,9.261390887290167129e+00,9.328537170263788703e-01,3.510791366906474753e+00
9.264847743716426720e+00,-1.384451544195953142e-02,6.070287539936101984e-02,-2.023429179978700893e-02,9.282973621103117523e+00,9.040767386091127511e-01,3.882494004796162912e+00
9.269805616153456995e+00,-3.194888178913737886e-03,2.875399361022364098e-02,-1.384451544195953142e-02,9.326139088729016535e+00,8.848920863309353013e-01,3.563549160671462879e+00
9.274763488590487270e+00,-1.277955271565495154e-02,8.519701810436635520e-03,-1.171458998935037341e-02,9.405275779376498946e+00,8.633093525179855732e-01,3.630695443645084008e+00
9.279721361027519322e+00,4.259850905218317760e-03,-6.389776357827475772e-03,-4.259850905218317760e-03,9.407673860911270225e+00,8.800959232613908556e-01,2.896882494004796360e+00
9.284679233464549597e+00,-6.389776357827475772e-03,1.597444089456868943e-02,-1.064962726304579440e-03,9.323741007194245256e+00,8.585131894484412385e-01,2.858513189448441238e+00
9.289637105901579872e+00,1.277955271565495154e-02,5.537806176783812567e-02,2.129925452609158880e-03,9.098321342925659749e+00,8.872901678657074687e-01,2.637889688249400511e+00
9.294594978338610147e+00,1.064962726304579440e-03,8.626198083067092293e-02,3.194888178913737886e-03,9.069544364508393741e+00,7.721822541966426590e-01,3.105515587529975807e+00
9.299552850775640422e+00,8.519701810436635520e-03,9.584664536741213658e-02,0.000000000000000000e+00,9.194244604316546443e+00,6.666666666666666297e-01,3.398081534772182444e+00
9.304510723212670698e+00,3.194888178913737886e-03,7.987220447284344715e-02,-1.490947816826411129e-02,9.455635491606715348e+00,5.947242206235011652e-01,3.690647482014388636e+00
9.309468595649700973e+00,8.519701810436635520e-03,6.709265175718849561e-02,-4.259850905218317413e-02,9.479616306954437022e+00,6.570743405275779603e-01,3.767386091127098435e+00
9.314426468086731248e+00,2.236421725239616520e-02,8.200212992545261037e-02,-5.111821086261980618e-02,8.541966426858513373e+00,1.035971223021582732e+00,3.702637889688249473e+00
9.319384340523761523e+00,1.064962726304579353e-02,9.158679446219382403e-02,-1.384451544195953142e-02,8.462829736211030962e+00,1.107913669064748197e+00,4.762589928057553657e+00
9.324342212960791798e+00,2.449414270500532495e-02,-1.490947816826411129e-02,7.454739084132055646e-03,9.059952038369305072e+00,7.050359712230215292e-01,4.482014388489208301e+00
9.329300085397822073e+00,8.519701810436635520e-03,-1.277955271565495154e-01,-3.833865814696485463e-02,9.340527577937649539e+00,7.338129496402877594e-01,3.129496402877697925e+00
9.334257957834852348e+00,-3.727369542066027996e-02,-1.256656017039403661e-01,-9.265175718849839870e-02,8.992805755395682610e+00,1.247002398081534791e+00,2.717026378896882477e+00
9.339215830271884400e+00,-3.088391906283280072e-02,-4.898828541001064990e-02,-7.028753993610223350e-02,8.851318944844123848e+00,1.472422062350119853e+00,2.887290167865707247e+00
9.344173702708914675e+00,-1.490947816826411129e-02,0.000000000000000000e+00,-6.389776357827475772e-03,9.316546762589927866e+00,1.033573141486810565e+00,3.541966426858513373e+00
9.349131575145944950e+00,1.171458998935037341e-02,-1.064962726304579353e-02,8.519701810436635520e-03,9.520383693045562978e+00,7.817745803357314394e-01,3.633093525179856176e+00
9.354089447582975225e+00,-3.194888178913737886e-03,-5.218317358892438779e-02,-8.519701810436635520e-03,9.069544364508393741e+00,9.328537170263788703e-01,3.992805755395683498e+00
9.359047320020005500e+00,1.064962726304579353e-02,-8.093716719914803570e-02,-9.584664536741213658e-03,8.733812949640288537e+00,1.189448441247002330e+00,3.841726618705036067e+00
9.364005192457035776e+00,5.324813631522896766e-03,-1.075612353567625135e-01,1.171458998935037341e-02,9.213429256594723782e+00,9.064748201438849184e-01,4.309352517985611364e+00
9.368963064894066051e+00,2.875399361022364098e-02,-1.863684771033013721e-01,1.597444089456868943e-02,9.808153477218224836e+00,4.220623501199040617e-01,3.460431654676258795e+00
9.373920937331096326e+00,1.916932907348242732e-02,-2.172523961661341763e-01,-2.662406815761448470e-02,9.438848920863309289e+00,4.052757793764987793e-01,2.460431654676258795e+00
9.378878809768126601e+00,1.916932907348242732e-02,-1.597444089456868943e-01,-6.602768903088392094e-02,8.750599520383692820e+00,7.649880095923261569e-01,2.141486810551558762e+00
9.383836682205156876e+00,4.579339723109691201e-02,-7.880724174653887248e-02,-4.366347177848775574e-02,8.875299760191847298e+00,8.081534772182253912e-01,2.232613908872901565e+00
9.388794554642187151e+00,5.324813631522896940e-02,-3.940362087326943624e-02,-1.277955271565495154e-02,9.645083932853717457e+00,4.388489208633093441e-01,2.633093525179856176e+00
9.393752427079217426e+00,5.750798722044728195e-02,-2.449414270500532495e-02,-4.046858359957401785e-02,1.002398081534772167e+01,4.388489208633093441e-01,2.434052757793764954e+00
9.398710299516249478e+00,2.662406815761448470e-02,-4.259850905218317760e-03,-8.093716719914803570e-02,9.923261390887290645e+00,8.105515587529975585e-01,2.995203836930455665e+00
9.403668171953279753e+00,3.301384451544196047e-02,-4.259850905218317760e-03,-7.348242811501597138e-02,9.453237410071942293e+00,1.220623501199040728e+00,2.623501199040767506e+00
9.408626044390310028e+00,1.810436634717784918e-02,1.916932907348242732e-02,-2.875399361022364098e-02,9.395683453237410276e+00,1.167865707434052824e+00,2.527577937649879924e+00
9.413583916827340303e+00,1.490947816826411129e-02,5.218317358892438779e-02,-3.194888178913737886e-03,9.438848920863309289e+00,8.752997601918465209e-01,2.486810551558753080e+00
9.418541789264370578e+00,-5.324813631522896766e-03,7.241746538871139671e-02,-5.324813631522896766e-03,9.556354916067146377e+00,7.170263788968824770e-01,2.817745803357313950e+00
9.423499661701400854e+00,-9.584664536741213658e-03,7.348242811501597138e-02,-1.597444089456868943e-02,9.417266187050358894e+00,8.105515587529975585e-01,2.920863309352518034e+00
9.428457534138431129e+00,-1.384451544195953142e-02,7.028753993610223350e-02,-1.703940362087327104e-02,9.323741007194245256e+00,9.352517985611510376e-01,2.772182254196642770e+00
9.433415406575461404e+00,-1.916932907348242732e-02,8.945686900958466081e-02,-7.454739084132055646e-03,9.311750599520383531e+00,8.776978417266186883e-01,2.788968824940047941e+00
9.438373279012491679e+00,-1.810436634717784918e-02,1.171458998935037271e-01,-2.129925452609158880e-03,9.537170263788969038e+00,8.105515587529975585e-01,2.805755395683453113e+00
9.443331151449521954e+00,-1.916932907348242732e-02,1.501597444089456945e-01,-6.389776357827475772e-03,9.129496402877697037e+00,8.417266187050359560e-01,3.266187050359712352e+00
9.448289023886552229e+00,1.597444089456868943e-02,1.703940362087326965e-01,3.194888178913737886e-03,8.796163069544364888e+00,9.424460431654676507e-01,3.707434052757793808e+00
9.453246896323582504e+00,3.088391906283280072e-02,1.299254526091586925e-01,2.875399361022364098e-02,8.930455635491606259e+00,7.482014388489208745e-01,4.196642685851318610e+00
9.458204768760614556e+00,1.703940362087327104e-02,4.579339723109691201e-02,6.389776357827475772e-03,9.532374100719424703e+00,6.163069544364508934e-01,4.131894484412470092e+00
9.463162641197644831e+00,-3.833865814696485463e-02,-4.366347177848775574e-02,-4.792332268370606829e-02,9.611510791366907114e+00,6.426858513189448452e-01,4.333333333333333037e+00
9.468120513634675106e+00,-1.171458998935037341e-02,-9.584664536741213658e-02,-7.561235356762513460e-02,9.088729016786571080e+00,1.000000000000000000e+00,3.702637889688249473e+00
9.473078386071705381e+00,4.046858359957401785e-02,-1.022364217252396124e-01,-3.088391906283280072e-02,8.407673860911270225e+00,1.143884892086330929e+00,2.750599520383693264e+00
9.478036258508735656e+00,9.797657082002129980e-02,-2.449414270500532495e-02,5.324813631522896766e-03,8.275779376498800133e+00,9.736211031175060482e-01,2.383693045563548996e+00
9.482994130945765932e+00,9.265175718849839870e-02,8.200212992545261037e-02,-2.342917997870074681e-02,8.928057553956834980e+00,8.920863309352518034e-01,3.201438848920863389e+00
9.487952003382796207e+00,3.727369542066027996e-02,5.324813631522896940e-02,-3.514376996805111675e-02,9.539568345323740317e+00,7.865707434052757741e-01,4.762589928057553657e+00
9.492909875819826482e+00,7.454739084132055993e-02,-2.875399361022364098e-02,-7.561235356762513460e-02,9.232613908872901121e+00,1.482014388489208523e+00,3.486810551558753080e+00
9.497867748256856757e+00,1.384451544195953142e-02,-5.324813631522896940e-02,-5.963791267305644517e-02,8.733812949640288537e+00,1.774580335731414937e+00,3.810551558752997447e+00
9.502825620693887032e+00,1.064962726304579353e-02,-4.153354632587859252e-02,2.449414270500532495e-02,9.354916067146282543e+00,1.374100719424460326e+00,2.997601918465227833e+00
9.507783493130917307e+00,-8.413205537806177359e-02,-3.833865814696485463e-02,4.685835995740149362e-02,9.752997601918465875e+00,6.354916067146283432e-01,4.527577937649880369e+00
9.512741365567947582e+00,-4.153354632587859252e-02,-9.797657082002129980e-02,1.916932907348242732e-02,9.350119904076738209e+00,4.772182254196642437e-01,3.978417266187050494e+00
9.517699238004979634e+00,-4.153354632587859252e-02,-1.671991480298189447e-01,-7.454739084132055646e-03,8.983213429256593940e+00,5.899280575539568305e-01,3.146282973621103096e+00
9.522657110442009909e+00,-2.449414270500532495e-02,-1.490947816826411199e-01,-2.981895633652822258e-02,8.779376498800958828e+00,9.520383693045563200e-01,1.995203836930455665e+00
9.527614982879040184e+00,-4.472843450479233041e-02,1.064962726304579440e-03,1.064962726304579440e-03,8.623501199040767062e+00,9.568345323741007658e-01,2.472422062350120076e+00
9.532572855316070459e+00,-6.070287539936101984e-02,7.241746538871139671e-02,4.792332268370606829e-02,9.323741007194245256e+00,5.371702637889688159e-01,4.510791366906475197e+00
9.537530727753100734e+00,-2.342917997870074681e-02,-6.602768903088392094e-02,3.620873269435569836e-02,9.865707434052758629e+00,1.966426858513189435e-01,2.824940047961630896e+00
9.542488600190131010e+00,-1.086261980830670881e-01,-7.028753993610223350e-02,-2.555910543130990309e-02,9.858513189448441238e+00,3.333333333333333148e-01,3.040767386091127289e+00
9.547446472627161285e+00,-9.371671991480298725e-02,4.259850905218317760e-03,-6.922257720979765883e-02,8.863309352517985573e+00,1.153477218225419598e+00,3.040767386091127289e+00
9.552404345064191560e+00,-1.086261980830670881e-01,1.064962726304579440e-03,-2.236421725239616520e-02,9.167865707434053490e+00,9.376498800959233160e-01,4.479616306954436133e+00
9.557362217501221835e+00,4.259850905218317760e-03,-5.857294994675186356e-02,1.064962726304579353e-02,9.462829736211030962e+00,3.645083932853717124e-01,2.726618705035971146e+00
9.562320089938252110e+00,-4.792332268370606829e-02,1.277955271565495154e-02,-2.555910543130990309e-02,9.302158273381294862e+00,3.189448441247002553e-01,2.908872901678657197e+00
9.567277962375282385e+00,-1.341853035143769912e-01,2.129925452609158880e-03,-8.093716719914803570e-02,9.306954436450839196e+00,4.052757793764987793e-01,4.115107913669064921e+00
9.572235834812312660e+00,-9.478168264110756192e-02,-2.662406815761448470e-02,-1.022364217252396124e-01,8.997601918465226944e+00,7.482014388489208745e-01,2.860911270983213406e+00
9.577193707249342935e+00,-1.192758253461128903e-01,-6.389776357827475772e-03,-8.839190628328008614e-02,9.067146282973620686e+00,6.450839328537170125e-01,3.218225419664268561e+00
9.582151579686374987e+00,-6.176783812566560145e-02,4.898828541001064990e-02,-8.626198083067092293e-02,9.129496402877697037e+00,7.505995203836930418e-01,2.127098321342925757e+00
9.587109452123405262e+00,-1.395101171458998923e-01,1.118210862619808260e-01,-8.519701810436634826e-02,9.431654676258993675e+00,5.131894484412470314e-01,3.932853717026378870e+00
9.592067324560435537e+00,-1.011714589989350377e-01,8.839190628328008614e-02,-1.022364217252396124e-01,9.482014388489208301e+00,5.035971223021582510e-01,3.762589928057554101e+00
9.597025196997465812e+00,-1.075612353567625135e-01,3.301384451544196047e-02,-1.235356762513312029e-01,9.364508393285371213e+00,5.107913669064748641e-01,3.863309352517985573e+00
9.601983069434496088e+00,-4.153354632587859252e-02,1.810436634717784918e-02,-1.416400425985090417e-01,9.055155875299760737e+00,7.458033573141487071e-01,3.026378896882493841e+00
9.606940941871526363e+00,-2.449414270500532495e-02,5.218317358892438779e-02,-1.458998935037273681e-01,8.880095923261391633e+00,9.448441247002398180e-01,3.278177458033573188e+00
9.611898814308556638e+00,7.454739084132055646e-03,6.709265175718849561e-02,-1.256656017039403661e-01,8.988009592326138275e+00,8.537170263788969038e-01,3.846522781774580402e+00
9.616856686745586913e+00,3.620873269435569836e-02,3.620873269435569836e-02,-1.235356762513312029e-01,9.218225419664268117e+00,6.786570743405275774e-01,3.642685851318944845e+00
9.621814559182617188e+00,8.519701810436635520e-03,-8.519701810436635520e-03,-1.565495207667731703e-01,9.244604316546762846e+00,5.755395683453237154e-01,3.997601918465227833e+00
9.626772431619647463e+00,3.194888178913737886e-02,-3.727369542066027996e-02,-1.927582534611288478e-01,8.978417266187049606e+00,9.496402877697841527e-01,3.321342925659472201e+00
9.631730304056677738e+00,-1.064962726304579440e-03,-4.259850905218317413e-02,-1.874334398296059745e-01,8.743405275779377206e+00,1.136690647482014427e+00,3.791366906474820109e+00
9.636688176493708013e+00,2.981895633652822258e-02,-3.407880724174654208e-02,-1.629392971246006461e-01,9.158273381294964821e+00,9.808153477218225502e-01,3.405275779376498946e+00
9.641646048930740065e+00,1.064962726304579440e-03,9.584664536741213658e-03,-1.490947816826411199e-01,8.997601918465226944e+00,7.769784172661871047e-01,4.278177458033573188e+00
9.646603921367770340e+00,1.064962726304579440e-03,-6.815761448349308416e-02,-1.767838125665601723e-01,9.429256594724220619e+00,6.738609112709832427e-01,4.323741007194244368e+00
9.651561793804800615e+00,-4.259850905218317760e-03,-1.341853035143769912e-01,-2.087326943556975511e-01,8.920863309352517589e+00,1.119904076738609033e+00,2.630695443645084008e+00
9.656519666241830890e+00,-9.158679446219382403e-02,-6.176783812566560145e-02,-2.012779552715655007e-01,8.805755395683453557e+00,1.340527577937649983e+00,3.901678657074340695e+00
9.661477538678861166e+00,-5.857294994675186356e-02,-6.283280085197018305e-02,-1.576144834930777450e-01,9.098321342925659749e+00,1.158273381294963933e+00,3.971223021582733992e+00
9.666435411115891441e+00,-5.537806176783812567e-02,-1.363152289669861683e-01,-1.096911608093716767e-01,9.587529976019185440e+00,7.553956834532373765e-01,3.774580335731414937e+00
9.671393283552921716e+00,-4.259850905218317413e-02,-1.501597444089456945e-01,-1.150159744408945639e-01,9.035971223021583398e+00,9.592326139088729331e-01,3.107913669064748419e+00
9.676351155989951991e+00,-6.070287539936101984e-02,-5.750798722044728195e-02,-1.448349307774227934e-01,9.002398081534773056e+00,1.390887290167865720e+00,3.575539568345323715e+00
9.681309028426982266e+00,-1.214057507987220397e-01,-5.644302449414270728e-02,-1.192758253461128903e-01,9.011990407673861725e+00,1.287769784172661858e+00,4.359712230215827766e+00
9.686266900864012541e+00,-1.224707135250266282e-01,-1.309904153354632672e-01,-8.839190628328008614e-02,9.364508393285371213e+00,9.760191846522782155e-01,3.966426858513189657e+00
9.691224773301042816e+00,-1.171458998935037271e-01,-1.789137380191693216e-01,-1.054313099041533502e-01,9.177458033573142160e+00,1.158273381294963933e+00,3.196642685851319055e+00
9.696182645738073091e+00,-7.987220447284344715e-02,-1.554845580404685956e-01,-1.054313099041533502e-01,8.832134292565946510e+00,1.580335731414868050e+00,3.431654676258992787e+00
9.701140518175105143e+00,2.129925452609158880e-03,-1.096911608093716767e-01,-3.088391906283280072e-02,9.045563549160672068e+00,1.565947242206235046e+00,3.115107913669064921e+00
9.706098390612135418e+00,-8.519701810436635520e-03,-1.384451544195953177e-01,3.407880724174654208e-02,9.752997601918465875e+00,6.882494004796163578e-01,4.393285371702638109e+00
9.711056263049165693e+00,9.371671991480298725e-02,-2.417465388711395047e-01,3.620873269435569836e-02,9.623501199040767062e+00,6.163069544364508934e-01,3.167865707434052602e+00
9.716014135486195968e+00,1.352502662406815659e-01,-2.225772097976570774e-01,-1.597444089456868943e-02,9.050359712230216402e+00,1.206235011990407724e+00,2.306954436450839196e+00
9.720972007923226244e+00,8.945686900958466081e-02,-9.691160809371672513e-02,-4.472843450479233041e-02,9.402877697841725890e+00,1.541966426858513151e+00,2.827338129496403063e+00
9.725929880360256519e+00,1.810436634717784918e-02,-8.200212992545261037e-02,-2.555910543130990309e-02,9.479616306954437022e+00,1.074340527577937632e+00,4.273381294964028854e+00
9.730887752797286794e+00,6.602768903088392094e-02,-1.416400425985090417e-01,-2.129925452609158706e-02,9.796163069544364888e+00,7.122302158273381423e-01,2.997601918465227833e+00
9.735845625234317069e+00,-9.584664536741213658e-03,-1.735889243876464205e-01,-8.839190628328008614e-02,9.270983213429255798e+00,1.158273381294963933e+00,2.853717026378896904e+00
9.740803497671347344e+00,-2.023429179978700893e-02,-1.458998935037273681e-01,-1.054313099041533502e-01,8.731414868105515481e+00,1.824940047961630674e+00,3.035971223021582954e+00
9.745761370108377619e+00,-2.449414270500532495e-02,-1.214057507987220397e-01,-3.301384451544196047e-02,9.124700239808152702e+00,1.664268585131894573e+00,3.177458033573141272e+00
9.750719242545407894e+00,-2.662406815761448470e-02,-1.448349307774227934e-01,2.236421725239616520e-02,9.553956834532373321e+00,9.712230215827337698e-01,3.815347721822541782e+00
9.755677114982438169e+00,1.597444089456868943e-02,-2.151224707135250269e-01,2.662406815761448470e-02,9.848920863309352569e+00,8.681055155875300189e-01,2.482014388489208745e+00
9.760634987419470221e+00,-4.259850905218317413e-02,-2.481363152289669805e-01,6.389776357827475772e-03,9.297362110311750527e+00,1.134292565947242259e+00,2.606714628297361891e+00
9.765592859856500496e+00,9.584664536741213658e-03,-1.160809371671991524e-01,0.000000000000000000e+00,9.275779376498800133e+00,1.705035971223021640e+00,2.009592326139088669e+00
9.770550732293530771e+00,-6.283280085197018305e-02,-3.514376996805111675e-02,4.792332268370606829e-02,9.868105515587529908e+00,1.170263788968824992e+00,3.889688249400479414e+00
9.775508604730561046e+00,1.277955271565495154e-02,-6.283280085197018305e-02,6.496272630457934627e-02,1.013429256594724137e+01,6.954436450839328598e-01,2.673860911270983021e+00
9.780466477167591322e+00,-2.981895633652822258e-02,-7.135250266240682204e-02,2.662406815761448470e-02,9.657074340527577405e+00,9.352517985611510376e-01,2.187050359712230385e+00
9.785424349604621597e+00,-6.176783812566560145e-02,-3.833865814696485463e-02,7.454739084132055646e-03,8.978417266187049606e+00,1.570743405275779381e+00,2.405275779376498946e+00
9.790382222041651872e+00,-7.561235356762513460e-02,-1.277955271565495154e-02,5.537806176783812567e-02,9.709832134292565087e+00,1.347721822541966485e+00,2.213429256594724226e+00
9.795340094478682147e+00,-1.022364217252396124e-01,1.277955271565495154e-02,7.028753993610223350e-02,1.009832134292565975e+01,5.707434052757793808e-01,2.882494004796162912e+00
9.800297966915712422e+00,-6.283280085197018305e-02,4.685835995740149362e-02,3.514376996805111675e-02,9.904076738609113306e+00,7.002398081534771945e-01,2.275779376498801021e+00
9.805255839352742697e+00,-1.096911608093716767e-01,5.963791267305644517e-02,5.324813631522896766e-03,9.508393285371703030e+00,1.165467625899280657e+00,3.009592326139088669e+00
9.810213711789772972e+00,-8.626198083067092293e-02,5.218317358892438779e-02,3.407880724174654208e-02,9.115107913669064033e+00,1.407673860911270891e+00,1.635491606714628343e+00
9.815171584226803247e+00,-1.789137380191693216e-01,8.519701810436634826e-02,6.709265175718849561e-02,9.872901678657074243e+00,7.146282973621103096e-01,1.899280575539568305e+00
9.820129456663835299e+00,-1.735889243876464205e-01,1.597444089456868943e-01,1.916932907348242732e-02,1.001678657074340606e+01,5.203836930455635335e-01,2.314148681055155699e+00
9.825087329100865574e+00,-1.629392971246006461e-01,1.906283280085196985e-01,-2.555910543130990309e-02,9.541966426858513373e+00,8.657074340527577405e-01,2.928057553956834536e+00
9.830045201537895849e+00,-1.341853035143769912e-01,1.341853035143769912e-01,0.000000000000000000e+00,9.386091127098321607e+00,9.472422062350119853e-01,2.930455635491606703e+00
9.835003073974926124e+00,-6.709265175718849561e-02,8.306709265175718504e-02,5.218317358892438779e-02,9.505995203836929974e+00,7.505995203836930418e-01,1.057553956834532460e+00
9.839960946411956400e+00,-7.135250266240682204e-02,2.332268370607028796e-01,2.875399361022364098e-02,9.376498800959232938e+00,6.235011990407673954e-01,1.609112709832134280e+00
9.844918818848986675e+00,-3.833865814696485463e-02,4.153354632587859530e-01,-9.584664536741213658e-03,9.541966426858513373e+00,8.729016786570743536e-01,3.155875299760191766e+00
9.849876691286016950e+00,-6.602768903088392094e-02,3.759318423855165237e-01,4.259850905218317760e-03,9.546762589928057707e+00,7.146282973621103096e-01,4.019184652278177339e+00
9.854834563723047225e+00,-7.454739084132055993e-02,2.619808306709265344e-01,-4.259850905218317760e-03,9.275779376498800133e+00,6.546762589928057929e-01,2.709832134292565975e+00
9.859792436160077500e+00,-1.171458998935037271e-01,2.683706070287539824e-01,-3.833865814696485463e-02,8.798561151079136167e+00,1.095923261390887360e+00,1.793764988009592276e+00
9.864750308597107775e+00,-1.501597444089456945e-01,3.748668796592119490e-01,-2.768903088391906284e-02,8.820143884892086561e+00,1.537170263788968816e+00,2.767386091127098435e+00
9.869708181034138050e+00,-1.341853035143769912e-01,4.249201277955271805e-01,3.088391906283280072e-02,9.350119904076738209e+00,1.400479616306954389e+00,3.383693045563548996e+00
9.874666053471168325e+00,-1.714589989350372712e-01,3.844515441959531210e-01,6.496272630457934627e-02,9.764988009592325824e+00,7.458033573141487071e-01,3.693045563549160804e+00
9.879623925908198601e+00,-2.129925452609158776e-01,3.365282215122470943e-01,2.129925452609158706e-02,9.273381294964028854e+00,7.697841726618704916e-01,3.244604316546762401e+00
9.884581798345230652e+00,-2.129925452609158776e-01,3.556975505857294939e-01,-3.620873269435569836e-02,9.062350119904076351e+00,1.810551558752997670e+00,5.709832134292565975e+00
9.889539670782260927e+00,-3.407880724174654208e-02,2.736954206602769113e-01,2.236421725239616520e-02,8.752997601918465875e+00,2.772182254196642770e+00,5.851318944844124736e+00
9.894497543219291202e+00,1.597444089456868943e-02,1.171458998935037271e-01,1.874334398296059745e-01,1.004316546762589901e+01,1.292565947242206192e+00,5.249400479616307180e+00
9.899455415656321478e+00,7.135250266240682204e-02,5.537806176783812567e-02,1.746538871139510229e-01,1.043884892086330929e+01,2.494004796163069582e-01,3.498800959232613916e+00
9.904413288093351753e+00,3.514376996805111675e-02,9.584664536741213658e-02,3.088391906283280072e-02,9.784172661870503163e+00,9.832134292565947176e-01,3.249400479616306736e+00
9.909371160530382028e+00,-1.384451544195953142e-02,1.107561235356762513e-01,-4.259850905218317760e-03,8.546762589928057707e+00,1.856115107913669071e+00,3.489208633093525247e+00
9.914329032967412303e+00,-7.454739084132055646e-03,1.182108626198083018e-01,9.158679446219382403e-02,8.479616306954437022e+00,1.561151079136690711e+00,2.817745803357313950e+00
9.919286905404442578e+00,-2.342917997870074681e-02,1.597444089456868943e-01,1.405750798722044670e-01,9.129496402877697037e+00,7.386091127098320941e-01,3.918465227817745866e+00
9.924244777841472853e+00,6.389776357827475772e-03,1.405750798722044670e-01,1.160809371671991524e-01,9.553956834532373321e+00,5.227817745803357008e-01,4.040767386091126845e+00
9.929202650278503128e+00,-3.407880724174654208e-02,6.496272630457934627e-02,7.135250266240682204e-02,9.494004796163070026e+00,6.690647482014387970e-01,4.429256594724220619e+00
9.934160522715533403e+00,-1.810436634717784918e-02,1.171458998935037341e-02,5.005324813631523151e-02,8.875299760191847298e+00,1.117505995203836866e+00,3.153477218225419598e+00
9.939118395152563679e+00,-3.940362087326943624e-02,5.218317358892438779e-02,7.987220447284344715e-02,8.776978417266187549e+00,1.151079136690647431e+00,2.911270983213429364e+00
9.944076267589595730e+00,-2.023429179978700893e-02,1.277955271565495154e-01,1.160809371671991524e-01,9.023980815347721673e+00,9.664268585131894351e-01,3.285371702637889690e+00
9.949034140026626005e+00,-2.449414270500532495e-02,1.416400425985090417e-01,1.256656017039403661e-01,9.270983213429255798e+00,7.314148681055155921e-01,3.971223021582733992e+00
9.953992012463656280e+00,-4.366347177848775574e-02,8.200212992545261037e-02,1.086261980830670881e-01,9.294964028776979248e+00,6.738609112709832427e-01,4.151079136690647431e+00
9.958949884900686556e+00,-5.218317358892438779e-02,2.768903088391906284e-02,8.519701810436634826e-02,9.093525179856115415e+00,9.640287769784172678e-01,3.299760191846522694e+00
9.963907757337716831e+00,-8.413205537806177359e-02,3.833865814696485463e-02,8.732694355697551147e-02,8.904076738609113306e+00,1.225419664268585063e+00,3.124700239808153590e+00
9.968865629774747106e+00,-7.774227902023429781e-02,9.052183173588924936e-02,1.128860489882854146e-01,8.971223021582733992e+00,1.251798561151079126e+00,3.071942446043165464e+00
9.973823502211777381e+00,-1.011714589989350377e-01,1.171458998935037271e-01,1.405750798722044670e-01,9.232613908872901121e+00,8.633093525179855732e-01,3.875299760191846410e+00
9.978781374648807656e+00,-9.904153354632587447e-02,9.052183173588924936e-02,1.341853035143769912e-01,9.462829736211030962e+00,5.563549160671462657e-01,3.992805755395683498e+00
9.983739247085837931e+00,-1.171458998935037271e-01,4.046858359957401785e-02,9.691160809371672513e-02,9.323741007194245256e+00,6.019184652278177783e-01,3.846522781774580402e+00
9.988697119522868206e+00,-1.235356762513312029e-01,1.384451544195953142e-02,7.348242811501597138e-02,9.007194244604317390e+00,8.393285371702637887e-01,3.553956834532374209e+00
9.993654991959898481e+00,-1.054313099041533502e-01,2.981895633652822258e-02,9.158679446219382403e-02,8.947242206235012318e+00,8.033573141486810565e-01,3.199040767386091222e+00
9.998612864396928757e+00,-1.001064962726304630e-01,6.070287539936101984e-02,1.086261980830670881e-01,9.124700239808152702e+00,4.292565947242206192e-01,3.522781774580335590e+00
1.000357073683396081e+01,-7.454739084132055993e-02,6.709265175718849561e-02,9.265175718849839870e-02,9.163069544364509156e+00,1.678657074340527688e-01,3.880095923261390745e+00
1.000852860927099108e+01,-4.898828541001064990e-02,3.194888178913737886e-02,5.005324813631523151e-02,9.249400479616307180e+00,9.592326139088729053e-02,3.664268585131894351e+00
1.001348648170802136e+01,-5.005324813631523151e-02,7.454739084132055646e-03,1.171458998935037341e-02,8.899280575539568972e+00,2.565947242206235157e-01,3.330935251798561314e+00
1.001844435414505163e+01,-5.324813631522896940e-02,1.277955271565495154e-02,-4.259850905218317760e-03,9.438848920863309289e+00,2.086330935251798635e-01,2.940047961630695372e+00
1.002340222658208191e+01,-4.579339723109691201e-02,6.283280085197018305e-02,-3.407880724174654208e-02,9.119904076738608367e+00,2.422062350119904006e-01,3.237410071942445899e+00
1.002836009901911218e+01,-3.194888178913737886e-03,1.064962726304579388e-01,-4.898828541001064990e-02,9.093525179856115415e+00,3.621103117505995450e-01,3.455635491606714460e+00
1.003331797145614246e+01,1.490947816826411129e-02,1.086261980830670881e-01,-5.857294994675186356e-02,9.151079136690647431e+00,4.172661870503597270e-01,3.618705035971223172e+00
1.003827584389317273e+01,1.384451544195953142e-02,9.584664536741213658e-02,-7.348242811501597138e-02,9.165467625899280435e+00,5.251798561151078681e-01,3.318944844124700033e+00
1.004323371633020301e+01,-5.324813631522896766e-03,1.022364217252396124e-01,-9.371671991480298725e-02,9.182254196642686495e+00,6.235011990407673954e-01,3.505995203836930418e+00
1.004819158876723328e+01,1.916932907348242732e-02,1.235356762513312029e-01,-1.022364217252396124e-01,8.947242206235012318e+00,9.472422062350119853e-01,3.556354916067146377e+00
1.005314946120426356e+01,2.555910543130990309e-02,1.267305644302449408e-01,-7.774227902023429781e-02,8.817745803357313505e+00,1.069544364508393297e+00,3.978417266187050494e+00
1.005810733364129383e+01,3.514376996805111675e-02,4.366347177848775574e-02,-2.875399361022364098e-02,9.412470023980814560e+00,6.211031175059952281e-01,4.009592326139088669e+00
1.006306520607832589e+01,8.306709265175718504e-02,-4.472843450479233041e-02,-5.324813631522896766e-03,9.482014388489208301e+00,4.124700239808153368e-01,2.189448441247002553e+00
1.006802307851535616e+01,6.709265175718849561e-02,1.086261980830670881e-01,-7.135250266240682204e-02,9.412470023980814560e+00,8.345323741007194540e-01,2.498800959232613916e+00
1.007298095095238644e+01,4.579339723109691201e-02,2.705005324813631318e-01,-1.064962726304579388e-01,9.362110311750599934e+00,1.242206235011990456e+00,4.503597122302158695e+00
1.007793882338941671e+01,5.963791267305644517e-02,2.289669861554845531e-01,-6.070287539936101984e-02,9.249400479616307180e+00,9.784172661870503829e-01,4.719424460431654644e+00
1.008289669582644699e+01,4.685835995740149362e-02,1.214057507987220397e-01,-5.218317358892438779e-02,8.988009592326138275e+00,6.211031175059952281e-01,3.597122302158273222e+00
1.008785456826347726e+01,1.916932907348242732e-02,1.160809371671991524e-01,-9.904153354632587447e-02,8.611510791366907114e+00,9.880095923261390523e-01,3.213429256594724226e+00
1.009281244070050754e+01,1.277955271565495154e-02,1.682641107561235472e-01,-9.584664536741213658e-02,8.527577937649880369e+00,1.522781774580335812e+00,3.949640287769784042e+00
1.009777031313753781e+01,1.810436634717784918e-02,1.650692225772097954e-01,-2.662406815761448470e-02,8.992805755395682610e+00,1.203836930455635557e+00,4.649880095923261791e+00
1.010272818557456809e+01,1.916932907348242732e-02,1.064962726304579388e-01,5.324813631522896766e-03,9.393285371702637221e+00,4.700239808153477417e-01,4.393285371702638109e+00
1.010768605801159836e+01,4.259850905218317760e-03,7.028753993610223350e-02,-4.685835995740149362e-02,9.218225419664268117e+00,4.436450839328537343e-01,3.928057553956834536e+00
1.011264393044862864e+01,-9.584664536741213658e-03,7.348242811501597138e-02,-9.904153354632587447e-02,8.757793764988010210e+00,1.131894484412470092e+00,3.851318944844124736e+00
1.011760180288565891e+01,-6.389776357827475772e-03,8.839190628328008614e-02,-7.241746538871139671e-02,8.510791366906474309e+00,1.484412470023980912e+00,3.995203836930455665e+00
1.012255967532269096e+01,8.519701810436635520e-03,1.075612353567625135e-01,-3.194888178913737886e-03,8.858513189448441238e+00,9.880095923261390523e-01,4.201438848920862945e+00
1.012751754775972124e+01,1.703940362087327104e-02,1.033013844515442009e-01,9.584664536741213658e-03,9.398081534772181556e+00,4.436450839328537343e-01,4.335731414868105205e+00
1.013247542019675151e+01,1.064962726304579440e-03,7.028753993610223350e-02,-4.792332268370606829e-02,9.309352517985612252e+00,6.618705035971222950e-01,4.604316546762589724e+00
1.013743329263378179e+01,-1.064962726304579353e-02,2.981895633652822258e-02,-8.413205537806177359e-02,8.752997601918465875e+00,1.328537170263788925e+00,4.539568345323741205e+00
1.014239116507081206e+01,-1.064962726304579353e-02,5.324813631522896766e-03,-4.472843450479233041e-02,8.472422062350119631e+00,1.544364508393285318e+00,4.225419664268585507e+00
1.014734903750784234e+01,0.000000000000000000e+00,1.597444089456868943e-02,1.810436634717784918e-02,8.824940047961630896e+00,1.177458033573141494e+00,4.146282973621103096e+00
1.015230690994487261e+01,-6.389776357827475772e-03,2.342917997870074681e-02,3.194888178913737886e-02,9.270983213429255798e+00,7.745803357314148263e-01,4.510791366906475197e+00
1.015726478238190289e+01,-2.129925452609158706e-02,-1.277955271565495154e-02,1.064962726304579353e-02,9.256594724220622794e+00,8.369304556354916214e-01,4.760191846522781489e+00
1.016222265481893317e+01,-3.620873269435569836e-02,-7.028753993610223350e-02,-6.389776357827475772e-03,8.949640287769783598e+00,1.170263788968824992e+00,4.465227817745803129e+00
1.016718052725596344e+01,-4.259850905218317413e-02,-9.052183173588924936e-02,1.597444089456868943e-02,8.712230215827338142e+00,1.290167865707434025e+00,3.889688249400479414e+00
1.017213839969299372e+01,-4.259850905218317413e-02,-6.176783812566560145e-02,5.537806176783812567e-02,8.901678657074340251e+00,1.098321342925659527e+00,3.717026378896882477e+00
1.017709627213002399e+01,-5.111821086261980618e-02,-2.875399361022364098e-02,7.561235356762513460e-02,9.175059952038369104e+00,8.297362110311750083e-01,4.055155875299759849e+00
1.018205414456705427e+01,-5.537806176783812567e-02,-3.620873269435569836e-02,7.135250266240682204e-02,9.263788968824940184e+00,6.690647482014387970e-01,4.297362110311750527e+00
1.018701201700408632e+01,-6.602768903088392094e-02,-6.815761448349308416e-02,5.963791267305644517e-02,9.110311750599519698e+00,7.050359712230215292e-01,4.163069544364508268e+00
1.019196988944111659e+01,-6.389776357827475772e-02,-7.987220447284344715e-02,5.431309904153354406e-02,9.002398081534773056e+00,8.081534772182253912e-01,3.755395683453237599e+00
1.019692776187814687e+01,-6.070287539936101984e-02,-5.111821086261980618e-02,6.070287539936101984e-02,8.961630695443645322e+00,8.153477218225420042e-01,3.702637889688249473e+00
1.020188563431517714e+01,-5.111821086261980618e-02,-2.236421725239616520e-02,7.348242811501597138e-02,9.095923261390886694e+00,6.618705035971222950e-01,3.985611510791366996e+00
1.020684350675220742e+01,-4.153354632587859252e-02,-2.342917997870074681e-02,6.922257720979765883e-02,9.230215827338129841e+00,5.107913669064748641e-01,4.208633093525179447e+00
1.021180137918923769e+01,-3.727369542066027996e-02,-4.792332268370606829e-02,4.579339723109691201e-02,9.191846522781775164e+00,4.988009592326139163e-01,4.275779376498801021e+00
1.021675925162626797e+01,-2.875399361022364098e-02,-6.922257720979765883e-02,2.236421725239616520e-02,9.031175059952039064e+00,6.402877697841726778e-01,4.062350119904076351e+00
1.022171712406329824e+01,-1.703940362087327104e-02,-6.922257720979765883e-02,1.490947816826411129e-02,8.882494004796162912e+00,7.745803357314148263e-01,3.942446043165467540e+00
1.022667499650032852e+01,0.000000000000000000e+00,-5.750798722044728195e-02,2.342917997870074681e-02,8.944844124700239263e+00,7.242206235011990900e-01,3.976019184652278327e+00
1.023163286893735879e+01,1.064962726304579353e-02,-5.111821086261980618e-02,2.662406815761448470e-02,9.129496402877697037e+00,5.875299760191846632e-01,4.124700239808153590e+00
1.023659074137438907e+01,1.277955271565495154e-02,-6.709265175718849561e-02,5.324813631522896766e-03,9.189448441247002108e+00,5.155875299760191988e-01,4.163069544364508268e+00
1.024154861381141934e+01,8.519701810436635520e-03,-8.732694355697551147e-02,-2.129925452609158706e-02,9.155875299760191766e+00,5.923261390887289979e-01,3.961630695443644878e+00
1.024650648624845140e+01,7.454739084132055646e-03,-9.158679446219382403e-02,-3.940362087326943624e-02,9.146282973621103096e+00,6.834532374100719121e-01,3.741007194244604150e+00
1.025146435868548167e+01,1.064962726304579353e-02,-7.028753993610223350e-02,-4.366347177848775574e-02,9.165467625899280435e+00,6.834532374100719121e-01,3.633093525179856176e+00
1.025642223112251195e+01,1.384451544195953142e-02,-4.366347177848775574e-02,-4.579339723109691201e-02,9.268585131894484519e+00,5.947242206235011652e-01,3.844124700239808234e+00
1.026138010355954222e+01,1.810436634717784918e-02,-3.407880724174654208e-02,-6.176783812566560145e-02,9.235011990407674176e+00,5.779376498800958828e-01,4.093525179856115415e+00
1.026633797599657250e+01,2.236421725239616520e-02,-4.898828541001064990e-02,-7.880724174653887248e-02,9.105515587529975363e+00,6.954436450839328598e-01,4.215827338129496837e+00
1.027129584843360277e+01,2.449414270500532495e-02,-7.135250266240682204e-02,-8.626198083067092293e-02,8.954436450839327932e+00,8.944844124700239707e-01,4.098321342925659749e+00
1.027625372087063305e+01,2.981895633652822258e-02,-8.306709265175718504e-02,-8.519701810436634826e-02,9.007194244604317390e+00,9.760191846522782155e-01,3.976019184652278327e+00
1.028121159330766332e+01,3.514376996805111675e-02,-8.519701810436634826e-02,-7.454739084132055993e-02,9.047961630695443347e+00,1.002398081534772167e+00,4.000000000000000000e+00
1.028616946574469360e+01,3.833865814696485463e-02,-9.052183173588924936e-02,-6.176783812566560145e-02,9.167865707434053490e+00,9.904076738609112196e-01,4.093525179856115415e+00
1.029112733818172387e+01,4.153354632587859252e-02,-1.011714589989350377e-01,-5.750798722044728195e-02,9.179856115107913439e+00,9.832134292565947176e-01,4.086330935251798913e+00
1.029608521061875415e+01,4.259850905218317413e-02,-1.107561235356762513e-01,-5.324813631522896940e-02,9.134292565947241371e+00,1.076738609112709799e+00,3.944844124700239707e+00
1.030104308305578442e+01,4.366347177848775574e-02,-1.160809371671991524e-01,-4.259850905218317413e-02,9.059952038369305072e+00,1.124700239808153368e+00,3.808153477218225280e+00
1.030600095549281647e+01,4.579339723109691201e-02,-1.086261980830670881e-01,-2.662406815761448470e-02,9.021582733812950394e+00,1.091127098321343025e+00,3.731414868105515481e+00
1.031095882792984675e+01,4.472843450479233041e-02,-1.001064962726304630e-01,-3.194888178913737886e-03,9.091127098321342359e+00,1.007194244604316502e+00,3.702637889688249473e+00
1.031591670036687702e+01,4.472843450479233041e-02,-9.478168264110756192e-02,7.454739084132055646e-03,9.155875299760191766e+00,8.920863309352518034e-01,3.697841726618705138e+00
1.032087457280390730e+01,4.259850905218317413e-02,-9.691160809371672513e-02,1.064962726304579353e-02,9.203836930455635112e+00,8.417266187050359560e-01,3.563549160671462879e+00
1.032583244524093757e+01,3.620873269435569836e-02,-8.519701810436634826e-02,1.064962726304579353e-02,9.266187050359711463e+00,8.848920863309353013e-01,3.369304556354915992e+00
1.033079031767796785e+01,2.875399361022364098e-02,-6.070287539936101984e-02,1.064962726304579353e-02,9.227817745803356786e+00,9.520383693045563200e-01,3.299760191846522694e+00
1.033574819011499812e+01,1.916932907348242732e-02,-3.088391906283280072e-02,1.703940362087327104e-02,9.088729016786571080e+00,1.031175059952038398e+00,3.458033573141486627e+00
1.034070606255202840e+01,1.277955271565495154e-02,-1.064962726304579353e-02,3.301384451544196047e-02,9.064748201438849406e+00,1.009592326139088669e+00,3.606714628297361891e+00
1.034566393498905867e+01,4.259850905218317760e-03,-8.519701810436635520e-03,3.940362087326943624e-02,9.088729016786571080e+00,9.088729016786570858e-01,3.702637889688249473e+00
1.035062180742608895e+01,-3.194888178913737886e-03,-1.277955271565495154e-02,3.833865814696485463e-02,9.086330935251798024e+00,9.208633093525180335e-01,3.719424460431654644e+00
1.035557967986311922e+01,-1.277955271565495154e-02,-1.597444089456868943e-02,3.407880724174654208e-02,9.074340527577938076e+00,9.616306954436451004e-01,3.659472422062350017e+00
1.036053755230014950e+01,-2.236421725239616520e-02,-1.064962726304579353e-02,3.301384451544196047e-02,9.026378896882494729e+00,1.002398081534772167e+00,3.733812949640287648e+00
1.036549542473718155e+01,-2.768903088391906284e-02,-8.519701810436635520e-03,3.620873269435569836e-02,8.942446043165467984e+00,1.016786570743405171e+00,3.880095923261390745e+00
1.037045329717421183e+01,-3.194888178913737886e-02,-1.810436634717784918e-02,4.046858359957401785e-02,8.959232613908872267e+00,9.232613908872902009e-01,4.019184652278177339e+00
1.037541116961124210e+01,-3.194888178913737886e-02,-3.940362087326943624e-02,3.620873269435569836e-02,8.976019184652278327e+00,8.513189448441247364e-01,4.115107913669064921e+00
1.038036904204827238e+01,-2.662406815761448470e-02,-6.709265175718849561e-02,2.981895633652822258e-02,8.947242206235012318e+00,8.393285371702637887e-01,4.071942446043165909e+00
1.038532691448530265e+01,-2.023429179978700893e-02,-9.158679446219382403e-02,3.194888178913737886e-02,8.896882494004795916e+00,8.848920863309353013e-01,4.000000000000000000e+00
1.039028478692233293e+01,-1.064962726304579353e-02,-1.096911608093716767e-01,3.940362087326943624e-02,8.892086330935251581e+00,8.776978417266186883e-01,3.923261390887290201e+00
1.039524265935936320e+01,0.000000000000000000e+00,-1.214057507987220397e-01,4.792332268370606829e-02,8.906474820143884585e+00,7.482014388489208745e-01,3.894484412470024193e+00
1.040020053179639348e+01,8.519701810436635520e-03,-1.395101171458998923e-01,4.259850905218317413e-02,8.983213429256593940e+00,6.426858513189448452e-01,3.865707434052757741e+00
1.040515840423342375e+01,1.384451544195953142e-02,-1.597444089456868943e-01,3.194888178913737886e-02,9.000000000000000000e+00,6.211031175059952281e-01,3.709832134292565975e+00
1.041011627667045403e+01,2.023429179978700893e-02,-1.725239616613418459e-01,2.236421725239616520e-02,9.052757793764987682e+00,6.258992805755395628e-01,3.462829736211030962e+00
1.041507414910748430e+01,2.555910543130990309e-02,-1.682641107561235472e-01,1.703940362087327104e-02,9.079136690647482411e+00,6.211031175059952281e-01,3.278177458033573188e+00
1.042003202154451458e+01,3.194888178913737886e-02,-1.522896698615548439e-01,1.384451544195953142e-02,9.153477218225420486e+00,5.995203836930456109e-01,3.211031175059952059e+00
1.042498989398154663e+01,3.940362087326943624e-02,-1.331203407880724165e-01,3.194888178913737886e-03,9.235011990407674176e+00,5.419664268585131506e-01,3.170263788968824770e+00
1.042994776641857690e+01,3.833865814696485463e-02,-1.224707135250266282e-01,-7.454739084132055646e-03,9.304556354916067917e+00,5.443645083932853179e-01,3.158273381294963933e+00
1.043490563885560718e+01,3.407880724174654208e-02,-1.107561235356762513e-01,-2.875399361022364098e-02,9.191846522781775164e+00,6.282973621103117301e-01,3.179856115107913883e+00
1.043986351129263745e+01,3.407880724174654208e-02,-9.584664536741213658e-02,-4.046858359957401785e-02,9.040767386091127733e+00,7.817745803357314394e-01,3.270983213429256686e+00
1.044482138372966773e+01,3.514376996805111675e-02,-9.371671991480298725e-02,-3.940362087326943624e-02,8.966426858513189657e+00,8.441247002398081234e-01,3.436450839328537121e+00
1.044977925616669800e+01,3.833865814696485463e-02,-1.064962726304579388e-01,-3.620873269435569836e-02,9.009592326139088669e+00,8.321342925659472867e-01,3.498800959232613916e+00
1.045473712860372828e+01,4.259850905218317413e-02,-1.267305644302449408e-01,-3.940362087326943624e-02,9.119904076738608367e+00,8.057553956834532238e-01,3.436450839328537121e+00
1.045969500104075856e+01,4.046858359957401785e-02,-1.341853035143769912e-01,-4.792332268370606829e-02,9.139088729016785706e+00,8.537170263788969038e-01,3.388489208633093330e+00
1.046465287347778883e+01,4.366347177848775574e-02,-1.320553780617678419e-01,-5.005324813631523151e-02,9.071942446043165020e+00,9.208633093525180335e-01,3.258992805755395850e+00
1.046961074591481911e+01,4.472843450479233041e-02,-1.267305644302449408e-01,-4.259850905218317413e-02,9.031175059952039064e+00,8.920863309352518034e-01,3.158273381294963933e+00
1.047456861835184938e+01,4.792332268370606829e-02,-1.182108626198083018e-01,-3.940362087326943624e-02,9.107913669064748419e+00,7.649880095923261569e-01,3.155875299760191766e+00
1.047952649078887966e+01,4.792332268370606829e-02,-1.096911608093716767e-01,-5.111821086261980618e-02,9.249400479616307180e+00,7.050359712230215292e-01,3.141486810551558762e+00
1.048448436322590993e+01,4.259850905218317413e-02,-1.033013844515442009e-01,-7.028753993610223350e-02,9.285371702637888802e+00,7.553956834532373765e-01,3.059952038369304628e+00
1.048944223566294198e+01,4.472843450479233041e-02,-9.158679446219382403e-02,-7.987220447284344715e-02,9.175059952038369104e+00,9.160671462829735878e-01,2.976019184652278327e+00
1.049440010809997226e+01,4.792332268370606829e-02,-6.709265175718849561e-02,-7.348242811501597138e-02,9.172661870503597825e+00,1.057553956834532460e+00,2.901678657074340695e+00
1.049935798053700253e+01,5.324813631522896940e-02,-3.727369542066027996e-02,-5.750798722044728195e-02,9.232613908872901121e+00,1.011990407673860837e+00,2.894484412470024193e+00
1.050431585297403281e+01,5.644302449414270728e-02,-9.584664536741213658e-03,-4.366347177848775574e-02,9.290167865707434913e+00,9.664268585131894351e-01,3.038369304556355122e+00
1.050927372541106308e+01,5.644302449414270728e-02,9.584664536741213658e-03,-3.833865814696485463e-02,9.275779376498800133e+00,9.592326139088729331e-01,3.155875299760191766e+00
1.051423159784809336e+01,5.644302449414270728e-02,2.023429179978700893e-02,-3.407880724174654208e-02,9.196642685851319499e+00,1.091127098321343025e+00,3.273381294964028854e+00
1.051918947028512363e+01,6.070287539936101984e-02,2.981895633652822258e-02,-2.236421725239616520e-02,9.119904076738608367e+00,1.189448441247002330e+00,3.316546762589927866e+00
1.052414734272215391e+01,6.070287539936101984e-02,3.833865814696485463e-02,-4.259850905218317760e-03,9.057553956834532016e+00,1.170263788968824992e+00,3.467625899280575741e+00
1.052910521515918418e+01,5.963791267305644517e-02,3.514376996805111675e-02,1.277955271565495154e-02,9.019184652278177339e+00,1.194244604316546665e+00,3.628297362110311841e+00
1.053406308759621446e+01,5.537806176783812567e-02,2.129925452609158706e-02,2.768903088391906284e-02,9.007194244604317390e+00,1.194244604316546665e+00,3.721822541966426812e+00
1.053902096003324473e+01,4.685835995740149362e-02,1.064962726304579440e-03,3.407880724174654208e-02,8.935251798561150594e+00,1.218225419664268561e+00,3.784172661870503607e+00
1.054397883247027501e+01,2.875399361022364098e-02,-2.342917997870074681e-02,4.046858359957401785e-02,8.836930455635490844e+00,1.256594724220623460e+00,3.784172661870503607e+00
1.054893670490730706e+01,1.277955271565495154e-02,-4.898828541001064990e-02,5.111821086261980618e-02,8.848920863309352569e+00,1.215827338129496393e+00,3.676258992805755188e+00
1.055389457734433734e+01,-7.454739084132055646e-03,-6.815761448349308416e-02,5.750798722044728195e-02,8.916067146282973255e+00,1.160671462829736100e+00,3.589928057553956720e+00
1.055885244978136761e+01,-2.875399361022364098e-02,-7.987220447284344715e-02,5.857294994675186356e-02,9.043165467625899012e+00,1.064748201438848962e+00,3.450839328537170125e+00
1.056381032221839789e+01,-4.792332268370606829e-02,-8.839190628328008614e-02,5.324813631522896940e-02,9.112709832134292753e+00,9.952038369304556653e-01,3.338129496402877816e+00
1.056876819465542816e+01,-6.602768903088392094e-02,-8.306709265175718504e-02,4.792332268370606829e-02,9.088729016786571080e+00,9.520383693045563200e-01,3.270983213429256686e+00
1.057372606709245844e+01,-7.880724174653887248e-02,-7.348242811501597138e-02,4.366347177848775574e-02,9.050359712230216402e+00,9.184652278177457552e-01,3.270983213429256686e+00
1.057868393952948871e+01,-7.987220447284344715e-02,-6.709265175718849561e-02,4.366347177848775574e-02,9.055155875299760737e+00,8.417266187050359560e-01,3.299760191846522694e+00
1.058364181196651899e+01,-7.348242811501597138e-02,-6.602768903088392094e-02,4.153354632587859252e-02,9.059952038369305072e+00,8.057553956834532238e-01,3.309352517985611364e+00
1.058859968440354926e+01,-6.815761448349308416e-02,-6.496272630457934627e-02,3.940362087326943624e-02,9.086330935251798024e+00,7.865707434052757741e-01,3.258992805755395850e+00
1.059355755684057954e+01,-5.963791267305644517e-02,-6.496272630457934627e-02,3.620873269435569836e-02,9.131894484412470092e+00,7.769784172661871047e-01,3.103117505995203640e+00
1.059851542927760981e+01,-4.792332268370606829e-02,-5.111821086261980618e-02,3.833865814696485463e-02,9.148681055155876152e+00,7.841726618705036067e-01,3.038369304556355122e+00
1.060347330171464009e+01,-3.514376996805111675e-02,-2.449414270500532495e-02,4.259850905218317413e-02,9.158273381294964821e+00,7.482014388489208745e-01,3.079136690647481966e+00
1.060843117415167214e+01,-2.023429179978700893e-02,-8.519701810436635520e-03,4.153354632587859252e-02,9.153477218225420486e+00,6.906474820143885252e-01,3.196642685851319055e+00
1.061338904658870241e+01,-8.519701810436635520e-03,-3.194888178913737886e-03,3.727369542066027996e-02,9.143884892086331817e+00,6.450839328537170125e-01,3.218225419664268561e+00
1.061834691902573269e+01,0.000000000000000000e+00,0.000000000000000000e+00,2.768903088391906284e-02,9.079136690647482411e+00,6.762589928057554101e-01,3.211031175059952059e+00
1.062330479146276296e+01,1.064962726304579353e-02,-1.064962726304579440e-03,1.916932907348242732e-02,9.052757793764987682e+00,7.601918465227818222e-01,3.196642685851319055e+00
1.062826266389979324e+01,1.916932907348242732e-02,8.519701810436635520e-03,1.703940362087327104e-02,9.079136690647482411e+00,7.673860911270983243e-01,3.270983213429256686e+00
1.063322053633682351e+01,2.662406815761448470e-02,1.597444089456868943e-02,1.490947816826411129e-02,9.081534772182253690e+00,7.913669064748201087e-01,3.405275779376498946e+00
1.063817840877385379e+01,3.514376996805111675e-02,1.490947816826411129e-02,1.490947816826411129e-02,9.016786570743406060e+00,8.585131894484412385e-01,3.546762589928057707e+00
1.064313628121088406e+01,4.153354632587859252e-02,2.129925452609158880e-03,2.023429179978700893e-02,8.935251798561150594e+00,9.112709832134292531e-01,3.601918465227817556e+00
1.064809415364791434e+01,4.898828541001064990e-02,-1.171458998935037341e-02,2.342917997870074681e-02,8.882494004796162912e+00,9.976019184652278327e-01,3.587529976019184552e+00
1.065305202608494461e+01,5.111821086261980618e-02,-2.236421725239616520e-02,2.875399361022364098e-02,8.839328537170263900e+00,1.047961630695443569e+00,3.568345323741007213e+00
1.065800989852197489e+01,4.898828541001064990e-02,-3.194888178913737886e-02,4.046858359957401785e-02,8.882494004796162912e+00,1.033573141486810565e+00,3.613908872901678837e+00
1.066296777095900516e+01,4.472843450479233041e-02,-4.153354632587859252e-02,5.431309904153354406e-02,8.947242206235012318e+00,1.002398081534772167e+00,3.556354916067146377e+00
1.066792564339603722e+01,3.727369542066027996e-02,-4.685835995740149362e-02,6.070287539936101984e-02,9.014388489208633004e+00,9.232613908872902009e-01,3.417266187050359783e+00
1.067288351583306749e+01,2.342917997870074681e-02,-5.218317358892438779e-02,5.644302449414270728e-02,9.038369304556354678e+00,9.256594724220623682e-01,3.275779376498801021e+00
1.067784138827009777e+01,8.519701810436635520e-03,-4.685835995740149362e-02,5.218317358892438779e-02,9.100719424460431028e+00,9.232613908872902009e-01,3.148681055155875264e+00
1.068279926070712804e+01,-1.277955271565495154e-02,-3.194888178913737886e-02,4.366347177848775574e-02,9.141486810551558762e+00,9.040767386091127511e-01,3.119904076738609255e+00
1.068775713314415832e+01,-3.727369542066027996e-02,-2.023429179978700893e-02,2.981895633652822258e-02,9.100719424460431028e+00,9.208633093525180335e-01,3.165467625899280435e+00
1.069271500558118859e+01,-5.750798722044728195e-02,-1.597444089456868943e-02,2.023429179978700893e-02,9.074340527577938076e+00,9.016786570743404727e-01,3.194244604316546887e+00
1.069767287801821887e+01,-7.454739084132055993e-02,-1.384451544195953142e-02,1.171458998935037341e-02,9.074340527577938076e+00,8.776978417266186883e-01,3.247002398081534569e+00
1.070263075045524914e+01,-8.413205537806177359e-02,-1.597444089456868943e-02,3.194888178913737886e-03,9.055155875299760737e+00,8.297362110311750083e-01,3.227817745803357230e+00
1.070758862289227942e+01,-8.732694355697551147e-02,-1.277955271565495154e-02,-3.194888178913737886e-03,9.107913669064748419e+00,7.841726618705036067e-01,3.232613908872901565e+00
1.071254649532930969e+01,-8.519701810436634826e-02,-1.277955271565495154e-02,-1.171458998935037341e-02,9.069544364508393741e+00,8.009592326139088891e-01,3.297362110311750527e+00
1.071750436776633997e+01,-7.241746538871139671e-02,-1.916932907348242732e-02,-2.023429179978700893e-02,8.954436450839327932e+00,8.561151079136690711e-01,3.436450839328537121e+00
1.072246224020337024e+01,-5.324813631522896940e-02,-3.514376996805111675e-02,-1.597444089456868943e-02,8.875299760191847298e+00,8.393285371702637887e-01,3.455635491606714460e+00
1.072742011264040229e+01,-2.768903088391906284e-02,-4.792332268370606829e-02,-9.584664536741213658e-03,8.952038369304556653e+00,7.793764988009592720e-01,3.402877697841726778e+00
1.073237798507743257e+01,1.064962726304579440e-03,-5.644302449414270728e-02,-7.454739084132055646e-03,9.031175059952039064e+00,7.026378896882493619e-01,3.297362110311750527e+00
1.073733585751446284e+01,2.981895633652822258e-02,-5.750798722044728195e-02,-7.454739084132055646e-03,9.088729016786571080e+00,6.834532374100719121e-01,3.179856115107913883e+00
1.074229372995149312e+01,5.750798722044728195e-02,-4.579339723109691201e-02,-9.584664536741213658e-03,9.112709832134292753e+00,6.858513189448440794e-01,3.091127098321342803e+00
1.074725160238852339e+01,8.945686900958466081e-02,-3.088391906283280072e-02,-1.277955271565495154e-02,9.124700239808152702e+00,7.266187050359712574e-01,3.052757793764988126e+00
1.075220947482555367e+01,1.107561235356762513e-01,-1.384451544195953142e-02,-1.277955271565495154e-02,9.117505995203837088e+00,7.961630695443645545e-01,3.038369304556355122e+00
1.075716734726258395e+01,1.267305644302449408e-01,-2.129925452609158880e-03,-1.490947816826411129e-02,9.076738609112709355e+00,8.249400479616306736e-01,3.064748201438848962e+00
1.076212521969961422e+01,1.373801916932907430e-01,1.064962726304579353e-02,-1.703940362087327104e-02,9.119904076738608367e+00,9.088729016786570858e-01,3.062350119904076795e+00
1.076708309213664450e+01,1.373801916932907430e-01,2.023429179978700893e-02,-1.490947816826411129e-02,9.127098321342925757e+00,1.035971223021582732e+00,3.069544364508393297e+00
1.077204096457367477e+01,1.277955271565495154e-01,2.662406815761448470e-02,-1.384451544195953142e-02,9.088729016786571080e+00,1.167865707434052824e+00,3.071942446043165464e+00
1.077699883701070505e+01,1.128860489882854146e-01,3.407880724174654208e-02,-8.519701810436635520e-03,9.057553956834532016e+00,1.206235011990407724e+00,3.083932853717026301e+00
1.078195670944773532e+01,9.584664536741213658e-02,3.727369542066027996e-02,2.129925452609158880e-03,9.091127098321342359e+00,1.220623501199040728e+00,3.093525179856114971e+00
1.078691458188476560e+01,7.241746538871139671e-02,4.366347177848775574e-02,1.064962726304579353e-02,9.134292565947241371e+00,1.208633093525179891e+00,3.170263788968824770e+00
1.079187245432179765e+01,5.005324813631523151e-02,4.259850905218317413e-02,1.171458998935037341e-02,9.103117505995204084e+00,1.177458033573141494e+00,3.237410071942445899e+00
1.079683032675882792e+01,2.768903088391906284e-02,3.727369542066027996e-02,1.277955271565495154e-02,9.038369304556354678e+00,1.215827338129496393e+00,3.146282973621103096e+00
1.080178819919585820e+01,5.324813631522896766e-03,4.259850905218317413e-02,1.916932907348242732e-02,9.040767386091127733e+00,1.179856115107913661e+00,3.055155875299760293e+00
1.080674607163288847e+01,-1.171458998935037341e-02,5.111821086261980618e-02,2.555910543130990309e-02,9.155875299760191766e+00,1.105515587529976029e+00,2.978417266187050494e+00
1.081170394406991875e+01,-2.981895633652822258e-02,6.602768903088392094e-02,2.555910543130990309e-02,9.237410071942445455e+00,1.033573141486810565e+00,2.990407673860911331e+00
1.081666181650694902e+01,-4.259850905218317413e-02,8.945686900958466081e-02,2.555910543130990309e-02,9.218225419664268117e+00,1.043165467625899234e+00,3.021582733812949506e+00
1.082161968894397930e+01,-5.005324813631523151e-02,1.107561235356762513e-01,2.555910543130990309e-02,9.105515587529975363e+00,1.100719424460431695e+00,3.086330935251798468e+00
1.082657756138100957e+01,-5.111821086261980618e-02,1.256656017039403661e-01,3.088391906283280072e-02,9.016786570743406060e+00,1.088729016786570636e+00,3.225419664268585063e+00
1.083153543381803985e+01,-5.005324813631523151e-02,1.299254526091586925e-01,4.472843450479233041e-02,8.918465227817746310e+00,1.091127098321343025e+00,3.345323741007194318e+00
1.083649330625507012e+01,-4.366347177848775574e-02,1.235356762513312029e-01,5.857294994675186356e-02,8.925659472422061924e+00,1.043165467625899234e+00,3.417266187050359783e+00
1.084145117869210040e+01,-4.259850905218317413e-02,1.086261980830670881e-01,6.602768903088392094e-02,9.100719424460431028e+00,9.928057553956834980e-01,3.249400479616306736e+00
1.084640905112913067e+01,-4.259850905218317413e-02,1.128860489882854146e-01,6.922257720979765883e-02,9.052757793764987682e+00,9.832134292565947176e-01,3.261390887290168017e+00
1.085136692356616273e+01,-2.342917997870074681e-02,1.405750798722044670e-01,7.987220447284344715e-02,9.079136690647482411e+00,9.784172661870503829e-01,3.405275779376498946e+00
1.085632479600319300e+01,-4.259850905218317760e-03,1.480298189563365174e-01,9.584664536741213658e-02,9.081534772182253690e+00,9.496402877697841527e-01,3.613908872901678837e+00
1.086128266844022328e+01,8.519701810436635520e-03,1.299254526091586925e-01,1.054313099041533502e-01,8.971223021582733992e+00,8.681055155875300189e-01,3.649880095923261347e+00
1.086624054087725355e+01,1.810436634717784918e-02,1.107561235356762513e-01,1.033013844515442009e-01,8.822541966426857840e+00,8.657074340527577405e-01,3.628297362110311841e+00
1.087119841331428383e+01,2.662406815761448470e-02,9.478168264110756192e-02,1.043663471778487756e-01,8.839328537170263900e+00,9.328537170263788703e-01,3.733812949640287648e+00
1.087615628575131410e+01,3.833865814696485463e-02,7.135250266240682204e-02,1.139510117145899892e-01,8.947242206235012318e+00,9.016786570743404727e-01,3.661870503597122184e+00
1.088111415818834438e+01,4.259850905218317413e-02,5.005324813631523151e-02,1.182108626198083018e-01,9.016786570743406060e+00,7.961630695443645545e-01,3.515587529976019088e+00
1.088607203062537465e+01,4.366347177848775574e-02,4.792332268370606829e-02,1.107561235356762513e-01,9.011990407673861725e+00,7.841726618705036067e-01,3.470023980815347908e+00
1.089102990306240493e+01,3.833865814696485463e-02,4.472843450479233041e-02,1.043663471778487756e-01,8.956834532374100988e+00,8.441247002398081234e-01,3.474820143884892243e+00
1.089598777549943520e+01,3.194888178913737886e-02,3.514376996805111675e-02,1.033013844515442009e-01,8.944844124700239263e+00,8.800959232613908556e-01,3.383693045563548996e+00
1.090094564793646548e+01,2.129925452609158706e-02,2.342917997870074681e-02,1.022364217252396124e-01,8.959232613908872267e+00,8.465227817745802907e-01,3.304556354916067029e+00
1.090590352037349575e+01,9.584664536741213658e-03,2.236421725239616520e-02,9.904153354632587447e-02,9.045563549160672068e+00,7.985611510791367218e-01,3.244604316546762401e+00
1.091086139281052780e+01,2.129925452609158880e-03,2.449414270500532495e-02,9.478168264110756192e-02,9.146282973621103096e+00,7.577937649880095439e-01,3.218225419664268561e+00
1.091581926524755808e+01,-7.454739084132055646e-03,2.555910543130990309e-02,8.839190628328008614e-02,9.170263788968824770e+00,7.697841726618704916e-01,3.199040767386091222e+00
1.092077713768458835e+01,-1.703940362087327104e-02,2.875399361022364098e-02,7.987220447284344715e-02,9.117505995203837088e+00,7.721822541966426590e-01,3.158273381294963933e+00
1.092573501012161863e+01,-2.875399361022364098e-02,3.301384451544196047e-02,7.561235356762513460e-02,9.112709832134292753e+00,7.553956834532373765e-01,3.064748201438848962e+00
1.093069288255864890e+01,-4.046858359957401785e-02,3.940362087326943624e-02,7.135250266240682204e-02,9.179856115107913439e+00,7.529976019184652092e-01,3.016786570743405171e+00
1.093565075499567918e+01,-5.111821086261980618e-02,4.685835995740149362e-02,6.176783812566560145e-02,9.230215827338129841e+00,7.170263788968824770e-01,3.033573141486810343e+00
1.094060862743270945e+01,-5.750798722044728195e-02,5.537806176783812567e-02,4.792332268370606829e-02,9.196642685851319499e+00,7.218225419664268117e-01,2.992805755395683498e+00
1.094556649986973973e+01,-6.389776357827475772e-02,6.496272630457934627e-02,4.259850905218317413e-02,9.163069544364509156e+00,7.338129496402877594e-01,2.964028776978417046e+00
1.095052437230677000e+01,-6.176783812566560145e-02,7.667731629392970927e-02,4.046858359957401785e-02,9.131894484412470092e+00,7.721822541966426590e-01,2.968824940047961825e+00
1.095548224474380028e+01,-5.431309904153354406e-02,8.519701810436634826e-02,4.046858359957401785e-02,9.139088729016785706e+00,7.961630695443645545e-01,3.011990407673860837e+00
1.096044011718083055e+01,-3.940362087326943624e-02,8.839190628328008614e-02,4.792332268370606829e-02,9.103117505995204084e+00,8.776978417266186883e-01,3.103117505995203640e+00
1.096539798961786083e+01,-2.342917997870074681e-02,9.052183173588924936e-02,6.496272630457934627e-02,9.100719424460431028e+00,1.019184652278177561e+00,3.148681055155875264e+00
1.097035586205489288e+01,-1.490947816826411129e-02,9.371671991480298725e-02,8.519701810436634826e-02,9.107913669064748419e+00,1.218225419664268561e+00,3.218225419664268561e+00
1.097531373449192316e+01,-8.519701810436635520e-03,9.797657082002129980e-02,1.075612353567625135e-01,9.107913669064748419e+00,1.287769784172661858e+00,3.292565947242206192e+00
1.098027160692895343e+01,-5.324813631522896766e-03,9.797657082002129980e-02,1.395101171458998923e-01,9.148681055155876152e+00,1.314148681055155921e+00,3.340527577937649983e+00
1.098522947936598371e+01,3.194888178913737886e-03,9.797657082002129980e-02,1.735889243876464205e-01,9.110311750599519698e+00,1.393285371702637887e+00,3.215827338129496393e+00
1.099018735180301398e+01,2.129925452609158880e-03,1.096911608093716767e-01,2.012779552715655007e-01,9.088729016786571080e+00,1.534772182254196649e+00,3.285371702637889690e+00
1.099514522424004426e+01,-9.584664536741213658e-03,1.118210862619808260e-01,2.374866879659212060e-01,9.100719424460431028e+00,1.573141486810551548e+00,3.378896882494004661e+00
1.100010309667707453e+01,-1.703940362087327104e-02,1.139510117145899892e-01,2.800851970181043593e-01,9.196642685851319499e+00,1.474820143884892021e+00,3.304556354916067029e+00
1.100506096911410481e+01,-3.194888178913737886e-02,1.203407880724174650e-01,3.056443024494142624e-01,9.218225419664268117e+00,1.350119904076738653e+00,3.270983213429256686e+00
1.101001884155113508e+01,-4.792332268370606829e-02,1.309904153354632672e-01,3.226837060702875126e-01,9.177458033573142160e+00,1.383693045563549218e+00,3.306954436450839196e+00
1.101497671398816536e+01,-6.176783812566560145e-02,1.331203407880724165e-01,3.471778487752928410e-01,9.074340527577938076e+00,1.393285371702637887e+00,3.354916067146282987e+00
1.101993458642519563e+01,-7.135250266240682204e-02,1.363152289669861683e-01,3.812566560170393970e-01,9.103117505995204084e+00,1.287769784172661858e+00,3.318944844124700033e+00
1.102489245886222591e+01,-8.306709265175718504e-02,1.405750798722044670e-01,4.004259850905218521e-01,9.175059952038369104e+00,1.129496402877697925e+00,3.280575539568345356e+00
1.102985033129925796e+01,-9.691160809371672513e-02,1.395101171458998923e-01,4.078807241746538748e-01,9.179856115107913439e+00,1.011990407673860837e+00,3.275779376498801021e+00
1.103480820373628823e+01,-1.075612353567625135e-01,1.352502662406815659e-01,4.142705005324813783e-01,9.127098321342925757e+00,9.280575539568345356e-01,3.244604316546762401e+00
1.103976607617331851e+01,-1.128860489882854146e-01,1.341853035143769912e-01,4.195953141640042516e-01,9.081534772182253690e+00,7.769784172661871047e-01,3.170263788968824770e+00
1.104472394861034878e+01,-1.118210862619808260e-01,1.416400425985090417e-01,4.227902023429179756e-01,9.110311750599519698e+00,6.498800959232613472e-01,3.146282973621103096e+00
1.104968182104737906e+01,-1.107561235356762513e-01,1.427050053248136441e-01,4.174653887113951023e-01,9.215827338129496837e+00,5.371702637889688159e-01,3.199040767386091222e+00
1.105463969348440934e+01,-1.128860489882854146e-01,1.309904153354632672e-01,4.046858359957401508e-01,9.374100719424459882e+00,4.052757793764987793e-01,3.098321342925659305e+00
1.105959756592143961e+01,-1.128860489882854146e-01,1.395101171458998923e-01,3.823216187433439717e-01,9.316546762589927866e+00,3.405275779376498724e-01,3.062350119904076795e+00
1.106455543835846989e+01,-9.158679446219382403e-02,1.586794462193823196e-01,3.674121405750798708e-01,9.247002398081534125e+00,2.925659472422062479e-01,3.119904076738609255e+00
1.106951331079550016e+01,-5.963791267305644517e-02,1.671991480298189447e-01,3.652822151224707214e-01,9.352517985611511264e+00,2.589928057553956831e-01,3.052757793764988126e+00
1.107447118323253044e+01,-3.620873269435569836e-02,1.810436634717784987e-01,3.599574014909477926e-01,9.244604316546762846e+00,2.637889688249400733e-01,3.211031175059952059e+00
1.107942905566956071e+01,-3.194888178913737886e-03,1.938232161874334503e-01,3.578274760383386432e-01,9.179856115107913439e+00,2.254196642685851182e-01,3.402877697841726778e+00
1.108438692810659099e+01,3.407880724174654208e-02,1.884984025559105492e-01,3.567625133120340686e-01,9.206235011990408168e+00,1.247002398081534791e-01,3.472422062350120076e+00
1.108934480054362304e+01,6.496272630457934627e-02,1.735889243876464205e-01,3.471778487752928410e-01,9.143884892086331817e+00,1.510791366906474864e-01,3.376498800959232494e+00
1.109430267298065331e+01,9.158679446219382403e-02,1.650692225772097954e-01,3.429179978700745424e-01,9.076738609112709355e+00,2.134292565947242259e-01,3.330935251798561314e+00
1.109926054541768359e+01,1.160809371671991524e-01,1.693290734824281218e-01,3.407880724174653930e-01,9.038369304556354678e+00,2.805755395683453002e-01,3.304556354916067029e+00
1.110421841785471386e+01,1.352502662406815659e-01,1.746538871139510229e-01,3.418530351437699677e-01,9.119904076738608367e+00,2.350119904076738708e-01,3.393285371702638109e+00
1.110917629029174414e+01,1.480298189563365174e-01,1.735889243876464205e-01,3.407880724174653930e-01,9.201438848920863833e+00,1.055155875299760154e-01,3.328537170263789147e+00
1.111413416272877441e+01,1.544195953141639932e-01,1.735889243876464205e-01,3.290734824281150162e-01,9.182254196642686495e+00,1.390887290167865664e-01,3.256594724220623682e+00
1.111909203516580469e+01,1.576144834930777450e-01,1.789137380191693216e-01,3.162939297124600646e-01,9.105515587529975363e+00,2.757793764988009655e-01,3.218225419664268561e+00
1.112404990760283496e+01,1.565495207667731703e-01,1.863684771033013721e-01,3.099041533546325611e-01,9.081534772182253690e+00,3.141486810551558650e-01,3.251798561151079348e+00
1.112900778003986524e+01,1.469648562300319428e-01,1.895633652822151238e-01,3.024494142705005384e-01,9.163069544364509156e+00,1.750599520383692986e-01,3.285371702637889690e+00
1.113396565247689551e+01,1.363152289669861683e-01,1.938232161874334503e-01,2.822151224707135087e-01,9.235011990407674176e+00,6.954436450839328321e-02,3.321342925659472201e+00
1.113892352491392579e+01,1.171458998935037271e-01,1.884984025559105492e-01,2.481363152289669805e-01,9.115107913669064033e+00,1.223021582733812979e-01,3.470023980815347908e+00
1.114388139735095606e+01,1.043663471778487756e-01,1.725239616613418459e-01,2.225772097976570774e-01,8.966426858513189657e+00,2.350119904076738708e-01,3.565947242206235046e+00
1.114883926978798634e+01,9.478168264110756192e-02,1.501597444089456945e-01,2.097976570820021258e-01,8.916067146282973255e+00,1.438848920863309289e-01,3.592326139088728887e+00
1.115379714222501839e+01,9.584664536741213658e-02,1.277955271565495154e-01,1.948881789137380249e-01,9.031175059952039064e+00,-9.112709832134292809e-02,3.558752997601918544e+00
1.115875501466204867e+01,9.584664536741213658e-02,1.086261980830670881e-01,1.608093716719914690e-01,9.124700239808152702e+00,-2.613908872901678504e-01,3.553956834532374209e+00
1.116371288709907894e+01,1.043663471778487756e-01,8.839190628328008614e-02,1.192758253461128903e-01,9.196642685851319499e+00,-3.141486810551558650e-01,3.525179856115107757e+00
1.116867075953610922e+01,1.235356762513312029e-01,6.815761448349308416e-02,8.519701810436634826e-02,9.201438848920863833e+00,-2.398081534772182333e-01,3.369304556354915992e+00
1.117362863197313949e+01,1.490947816826411199e-01,6.283280085197018305e-02,5.857294994675186356e-02,9.182254196642686495e+00,-1.870503597122302186e-01,3.206235011990407724e+00
1.117858650441016977e+01,1.725239616613418459e-01,7.348242811501597138e-02,4.046858359957401785e-02,9.189448441247002108e+00,-1.798561151079136611e-01,3.141486810551558762e+00
1.118354437684720004e+01,1.948881789137380249e-01,7.880724174653887248e-02,2.342917997870074681e-02,9.294964028776979248e+00,-1.414868105515587615e-01,3.213429256594724226e+00
1.118850224928423032e+01,2.108626198083067005e-01,7.454739084132055993e-02,1.064962726304579440e-03,9.371702637889688603e+00,-6.714628297362110199e-02,3.141486810551558762e+00
1.119346012172126059e+01,2.193823216187433534e-01,7.880724174653887248e-02,-1.810436634717784918e-02,9.417266187050358894e+00,8.872901678657074687e-02,3.002398081534772167e+00
1.119841799415829087e+01,2.225772097976570774e-01,9.691160809371672513e-02,-2.981895633652822258e-02,9.386091127098321607e+00,2.589928057553956831e-01,2.940047961630695372e+00
1.120337586659532114e+01,2.268370607028754038e-01,1.267305644302449408e-01,-3.514376996805111675e-02,9.354916067146282543e+00,3.884892086330935523e-01,3.059952038369304628e+00
1.120833373903235142e+01,2.300319488817891278e-01,1.501597444089456945e-01,-3.194888178913737886e-02,9.316546762589927866e+00,4.460431654676259017e-01,3.297362110311750527e+00
1.121329161146938347e+01,2.257720979765708291e-01,1.512247071352502692e-01,-3.301384451544196047e-02,9.316546762589927866e+00,5.203836930455635335e-01,3.465227817745803574e+00
1.121824948390641374e+01,2.193823216187433534e-01,1.416400425985090417e-01,-3.407880724174654208e-02,9.326139088729016535e+00,5.995203836930456109e-01,3.450839328537170125e+00
1.122320735634344402e+01,2.044728434504792247e-01,1.373801916932907430e-01,-3.620873269435569836e-02,9.294964028776979248e+00,7.745803357314148263e-01,3.422062350119904117e+00
1.122816522878047429e+01,1.884984025559105492e-01,1.416400425985090417e-01,-2.555910543130990309e-02,9.242206235011989790e+00,9.304556354916067029e-01,3.448441247002397958e+00
1.123312310121750457e+01,1.714589989350372712e-01,1.480298189563365174e-01,-7.454739084132055646e-03,9.242206235011989790e+00,9.736211031175060482e-01,3.534772182254196426e+00
1.123808097365453484e+01,1.533546325878594185e-01,1.458998935037273681e-01,1.277955271565495154e-02,9.285371702637888802e+00,9.376498800959233160e-01,3.673860911270983021e+00
1.124303884609156512e+01,1.299254526091586925e-01,1.331203407880724165e-01,2.662406815761448470e-02,9.297362110311750527e+00,9.496402877697841527e-01,3.729016786570743314e+00
1.124799671852859539e+01,1.107561235356762513e-01,1.160809371671991524e-01,3.727369542066027996e-02,9.247002398081534125e+00,1.021582733812949728e+00,3.736211031175059816e+00
1.125295459096562567e+01,9.904153354632587447e-02,1.043663471778487756e-01,5.963791267305644517e-02,9.218225419664268117e+00,1.110311750599520364e+00,3.657074340527577849e+00
1.125791246340265594e+01,9.158679446219382403e-02,1.043663471778487756e-01,9.158679446219382403e-02,9.258992805755395850e+00,1.055155875299760293e+00,3.599520383693045389e+00
1.126287033583968622e+01,8.732694355697551147e-02,1.107561235356762513e-01,1.267305644302449408e-01,9.362110311750599934e+00,9.112709832134292531e-01,3.633093525179856176e+00
1.126782820827671650e+01,7.987220447284344715e-02,1.096911608093716767e-01,1.448349307774227934e-01,9.450839328537171014e+00,7.769784172661871047e-01,3.628297362110311841e+00
1.127278608071374855e+01,7.880724174653887248e-02,1.054313099041533502e-01,1.544195953141639932e-01,9.474820143884892687e+00,7.026378896882493619e-01,3.616306954436451004e+00
1.127774395315077882e+01,8.306709265175718504e-02,1.054313099041533502e-01,1.640042598509052207e-01,9.410071942446043280e+00,6.594724220623501276e-01,3.527577937649879924e+00
1.128270182558780910e+01,8.732694355697551147e-02,1.128860489882854146e-01,1.714589989350372712e-01,9.438848920863309289e+00,6.378896882494005105e-01,3.484412470023980912e+00
1.128765969802483937e+01,9.584664536741213658e-02,1.235356762513312029e-01,1.778487752928647470e-01,9.448441247002397958e+00,5.251798561151078681e-01,3.489208633093525247e+00
1.129261757046186965e+01,1.001064962726304630e-01,1.331203407880724165e-01,1.746538871139510229e-01,9.525179856115107313e+00,4.364508393285371768e-01,3.568345323741007213e+00
1.129757544289889992e+01,9.904153354632587447e-02,1.331203407880724165e-01,1.597444089456868943e-01,9.472422062350119631e+00,4.460431654676259017e-01,3.729016786570743314e+00
1.130253331533593020e+01,9.904153354632587447e-02,1.224707135250266282e-01,1.437699680511182188e-01,9.326139088729016535e+00,4.676258992805755188e-01,3.791366906474820109e+00
1.130749118777296047e+01,9.691160809371672513e-02,1.043663471778487756e-01,1.299254526091586925e-01,9.199040767386090778e+00,5.083932853717025857e-01,3.764988009592326268e+00
1.131244906020999075e+01,9.691160809371672513e-02,8.945686900958466081e-02,1.224707135250266282e-01,9.208633093525179447e+00,4.844124700239808012e-01,3.767386091127098435e+00
1.131740693264702102e+01,1.022364217252396124e-01,7.241746538871139671e-02,1.160809371671991524e-01,9.285371702637888802e+00,3.908872901678657197e-01,3.812949640287769615e+00
1.132236480508405130e+01,1.096911608093716767e-01,5.005324813631523151e-02,1.033013844515442009e-01,9.498800959232614360e+00,2.781774580335731328e-01,3.719424460431654644e+00
1.132732267752108157e+01,1.160809371671991524e-01,4.259850905218317413e-02,7.987220447284344715e-02,9.311750599520383531e+00,3.717026378896882699e-01,3.779376498800959272e+00
1.133228054995811362e+01,1.416400425985090417e-01,3.833865814696485463e-02,7.348242811501597138e-02,9.194244604316546443e+00,5.491606714628297636e-01,3.906474820143885029e+00
1.133723842239514390e+01,1.714589989350372712e-01,1.490947816826411129e-02,9.584664536741213658e-02,9.129496402877697037e+00,5.755395683453237154e-01,3.892086330935251581e+00
1.134219629483217417e+01,2.002129925452609260e-01,-1.384451544195953142e-02,1.160809371671991524e-01,9.148681055155876152e+00,4.580335731414867939e-01,3.820143884892086117e+00
1.134715416726920445e+01,2.353567625133120289e-01,-3.514376996805111675e-02,1.235356762513312029e-01,9.266187050359711463e+00,4.124700239808153368e-01,3.724220623501198979e+00
1.135211203970623473e+01,2.619808306709265344e-01,-4.898828541001064990e-02,1.288604898828540901e-01,9.282973621103117523e+00,4.892086330935251914e-01,3.745803357314148485e+00
1.135706991214326500e+01,2.949946751863684602e-01,-6.922257720979765883e-02,1.395101171458998923e-01,9.287769784172661858e+00,5.659472422062350461e-01,3.587529976019184552e+00
1.136202778458029528e+01,3.173588924387646393e-01,-7.880724174653887248e-02,1.544195953141639932e-01,9.249400479616307180e+00,5.419664268585131506e-01,3.314148681055155699e+00
1.136698565701732555e+01,3.333333333333333148e-01,-7.241746538871139671e-02,1.640042598509052207e-01,9.258992805755395850e+00,4.436450839328537343e-01,3.270983213429256686e+00
1.137194352945435583e+01,3.482428115015974712e-01,-7.028753993610223350e-02,1.640042598509052207e-01,9.304556354916067917e+00,3.189448441247002553e-01,3.179856115107913883e+00
1.137690140189138610e+01,3.631522896698615721e-01,-6.496272630457934627e-02,1.554845580404685956e-01,9.378896882494004217e+00,2.374100719424460382e-01,3.117505995203837088e+00
1.138185927432841638e+01,3.738019169329073743e-01,-5.431309904153354406e-02,1.416400425985090417e-01,9.527577937649880369e+00,1.510791366906474864e-01,3.083932853717026301e+00
1.138681714676544665e+01,3.812566560170393970e-01,-4.046858359957401785e-02,1.224707135250266282e-01,9.539568345323740317e+00,5.035971223021582649e-02,2.925659472422062368e+00
1.139177501920247870e+01,3.908413205537806245e-01,-1.703940362087327104e-02,1.064962726304579388e-01,9.479616306954437022e+00,7.194244604316547137e-03,2.817745803357313950e+00
1.139673289163950898e+01,4.046858359957401508e-01,1.810436634717784918e-02,8.519701810436634826e-02,9.304556354916067917e+00,5.275779376498800771e-02,2.988009592326139163e+00
1.140169076407653925e+01,4.164004259850905276e-01,4.366347177848775574e-02,6.496272630457934627e-02,9.215827338129496837e+00,1.318944844124700366e-01,3.292565947242206192e+00
1.140664863651356953e+01,4.259850905218317552e-01,3.727369542066027996e-02,5.431309904153354406e-02,9.175059952038369104e+00,1.318944844124700366e-01,3.513189448441246920e+00
1.141160650895059980e+01,4.366347177848775019e-01,1.490947816826411129e-02,4.579339723109691201e-02,9.141486810551558762e+00,1.151079136690647542e-01,3.378896882494004661e+00
1.141656438138763008e+01,4.462193823216187294e-01,6.389776357827475772e-03,3.514376996805111675e-02,9.112709832134292753e+00,2.350119904076738708e-01,3.235011990407673732e+00
1.142152225382466035e+01,4.632587859424920351e-01,1.597444089456868943e-02,3.727369542066027996e-02,9.088729016786571080e+00,3.597122302158273222e-01,3.232613908872901565e+00
1.142648012626169063e+01,4.749733759318424120e-01,3.088391906283280072e-02,5.005324813631523151e-02,9.139088729016785706e+00,4.124700239808153368e-01,3.258992805755395850e+00
1.143143799869872090e+01,4.834930777422790094e-01,3.620873269435569836e-02,6.176783812566560145e-02,9.278177458033573188e+00,3.669064748201438797e-01,3.258992805755395850e+00
1.143639587113575118e+01,4.877529286474973635e-01,4.153354632587859252e-02,5.963791267305644517e-02,9.285371702637888802e+00,3.956834532374100544e-01,3.112709832134292753e+00
1.144135374357278145e+01,4.813631522896698600e-01,7.028753993610223350e-02,5.644302449414270728e-02,9.227817745803356786e+00,5.179856115107913661e-01,3.127098321342925757e+00
1.144631161600981173e+01,4.717784877529286325e-01,1.001064962726304630e-01,7.241746538871139671e-02,9.187050359712230829e+00,6.139088729016786150e-01,3.266187050359712352e+00
1.145126948844684200e+01,4.600638977635782556e-01,1.203407880724174650e-01,8.945686900958466081e-02,9.206235011990408168e+00,5.635491606714628787e-01,3.386091127098321163e+00
1.145622736088387406e+01,4.440894568690095801e-01,1.331203407880724165e-01,9.691160809371672513e-02,9.215827338129496837e+00,5.203836930455635335e-01,3.645083932853717013e+00
1.146118523332090433e+01,4.259850905218317552e-01,1.309904153354632672e-01,1.022364217252396124e-01,9.119904076738608367e+00,6.163069544364508934e-01,3.858513189448441238e+00
1.146614310575793461e+01,4.089456869009584494e-01,1.118210862619808260e-01,1.224707135250266282e-01,8.947242206235012318e+00,8.441247002398081234e-01,3.899280575539568527e+00
1.147110097819496488e+01,3.919062832800851992e-01,1.086261980830670881e-01,1.480298189563365174e-01,8.846522781774579514e+00,9.688249400479616025e-01,3.755395683453237599e+00
1.147605885063199516e+01,3.588924387646432179e-01,1.214057507987220397e-01,1.725239616613418459e-01,9.004796163069544335e+00,9.256594724220623682e-01,3.930455635491606703e+00
1.148101672306902543e+01,3.205537806176783633e-01,1.160809371671991524e-01,1.874334398296059745e-01,9.043165467625899012e+00,8.489208633093525691e-01,3.988009592326139163e+00
1.148597459550605571e+01,2.736954206602769113e-01,9.797657082002129980e-02,1.927582534611288478e-01,9.055155875299760737e+00,8.105515587529975585e-01,4.019184652278177339e+00
1.149093246794308598e+01,2.321618743343983049e-01,8.519701810436634826e-02,2.002129925452609260e-01,9.059952038369305072e+00,8.585131894484412385e-01,3.944844124700239707e+00
1.149589034038011626e+01,1.959531416400425996e-01,8.732694355697551147e-02,2.193823216187433534e-01,8.990407673860911331e+00,8.609112709832134058e-01,3.882494004796162912e+00
1.150084821281714653e+01,1.671991480298189447e-01,9.584664536741213658e-02,2.406815761448349300e-01,9.026378896882494729e+00,7.529976019184652092e-01,3.882494004796162912e+00
1.150580608525417681e+01,1.384451544195953177e-01,1.001064962726304630e-01,2.555910543130990309e-01,9.124700239808152702e+00,5.875299760191846632e-01,3.913669064748201532e+00
1.151076395769120708e+01,1.043663471778487756e-01,9.691160809371672513e-02,2.555910543130990309e-01,9.182254196642686495e+00,4.196642685851318944e-01,3.908872901678657197e+00
1.151572183012823913e+01,7.667731629392970927e-02,9.371671991480298725e-02,2.492012779552715551e-01,9.211031175059952503e+00,3.645083932853717124e-01,3.752997601918465431e+00
1.152067970256526941e+01,5.537806176783812567e-02,1.022364217252396124e-01,2.460063897763578311e-01,9.194244604316546443e+00,3.501199040767385973e-01,3.630695443645084008e+00
1.152563757500229968e+01,4.792332268370606829e-02,1.256656017039403661e-01,2.523961661341853069e-01,9.184652278177457774e+00,2.685851318944844079e-01,3.633093525179856176e+00
1.153059544743932996e+01,4.259850905218317413e-02,1.490947816826411199e-01,2.587859424920127549e-01,9.179856115107913439e+00,1.462829736211031240e-01,3.836930455635491732e+00
1.153555331987636023e+01,4.898828541001064990e-02,1.608093716719914690e-01,2.598509052183173851e-01,9.242206235011989790e+00,-5.995203836930455832e-02,3.988009592326139163e+00
1.154051119231339051e+01,6.176783812566560145e-02,1.586794462193823196e-01,2.470713525026624058e-01,9.235011990407674176e+00,-1.582733812949640162e-01,4.119904076738609255e+00
1.154546906475042078e+01,7.135250266240682204e-02,1.512247071352502692e-01,2.310969116080937302e-01,9.170263788968824770e+00,-1.247002398081534791e-01,4.170263788968824770e+00
1.155042693718745106e+01,8.306709265175718504e-02,1.405750798722044670e-01,2.193823216187433534e-01,9.007194244604317390e+00,2.877697841726618855e-02,4.119904076738609255e+00
1.155538480962448133e+01,8.945686900958466081e-02,1.373801916932907430e-01,2.172523961661341763e-01,8.863309352517985573e+00,1.294964028776978415e-01,4.213429256594723782e+00
1.156034268206151161e+01,9.691160809371672513e-02,1.309904153354632672e-01,2.268370607028754038e-01,8.976019184652278327e+00,7.913669064748200810e-02,4.333333333333333037e+00
1.156530055449854189e+01,8.839190628328008614e-02,1.118210862619808260e-01,2.247071352502662545e-01,9.067146282973620686e+00,-1.199040767386091132e-02,4.362110311750599934e+00
1.157025842693557216e+01,7.241746538871139671e-02,9.265175718849839870e-02,2.066027689030884018e-01,9.088729016786571080e+00,-5.995203836930455832e-02,4.282973621103117523e+00
1.157521629937260421e+01,5.111821086261980618e-02,8.200212992545261037e-02,1.789137380191693216e-01,9.055155875299760737e+00,-1.199040767386091132e-02,4.136690647482014427e+00
1.158017417180963449e+01,2.662406815761448470e-02,7.561235356762513460e-02,1.576144834930777450e-01,8.930455635491606259e+00,3.357314148681055099e-02,4.136690647482014427e+00
1.158513204424666476e+01,8.519701810436635520e-03,7.454739084132055993e-02,1.480298189563365174e-01,9.000000000000000000e+00,-2.398081534772182090e-03,4.100719424460431917e+00
1.159008991668369504e+01,-9.584664536741213658e-03,7.135250266240682204e-02,1.352502662406815659e-01,9.086330935251798024e+00,-1.390887290167865664e-01,4.199040767386090778e+00
1.159504778912072531e+01,-1.703940362087327104e-02,6.389776357827475772e-02,1.107561235356762513e-01,9.158273381294964821e+00,-2.254196642685851182e-01,4.191846522781774276e+00
1.160000566155775559e+01,-2.342917997870074681e-02,5.431309904153354406e-02,8.732694355697551147e-02,9.071942446043165020e+00,-1.582733812949640162e-01,4.211031175059951615e+00
1.160496353399478586e+01,-2.023429179978700893e-02,5.218317358892438779e-02,7.028753993610223350e-02,8.930455635491606259e+00,-8.633093525179856564e-02,4.191846522781774276e+00
1.160992140643181614e+01,-1.384451544195953142e-02,4.685835995740149362e-02,6.602768903088392094e-02,8.820143884892086561e+00,-3.357314148681055099e-02,4.196642685851318610e+00
1.161487927886884641e+01,-6.389776357827475772e-03,4.046858359957401785e-02,5.963791267305644517e-02,8.827338129496402175e+00,-1.702637889688249362e-01,4.345323741007193874e+00
1.161983715130587669e+01,7.454739084132055646e-03,1.810436634717784918e-02,4.898828541001064990e-02,8.906474820143884585e+00,-2.517985611510791255e-01,4.364508393285372101e+00
1.162479502374290696e+01,2.342917997870074681e-02,-8.519701810436635520e-03,2.981895633652822258e-02,8.901678657074340251e+00,-2.254196642685851182e-01,4.292565947242206192e+00
1.162975289617993724e+01,4.366347177848775574e-02,-2.342917997870074681e-02,1.810436634717784918e-02,8.808153477218224836e+00,-1.822541966426858562e-01,4.141486810551558762e+00
1.163471076861696929e+01,6.602768903088392094e-02,-2.768903088391906284e-02,1.490947816826411129e-02,8.707434052757793808e+00,-2.254196642685851182e-01,4.011990407673860837e+00
1.163966864105399956e+01,8.839190628328008614e-02,-2.768903088391906284e-02,1.277955271565495154e-02,8.786570743405276218e+00,-3.213429256594724226e-01,3.961630695443644878e+00
1.164462651349102984e+01,1.033013844515442009e-01,-3.727369542066027996e-02,-4.259850905218317760e-03,8.976019184652278327e+00,-4.196642685851318944e-01,3.884892086330935079e+00
1.164958438592806012e+01,1.107561235356762513e-01,-5.111821086261980618e-02,-3.727369542066027996e-02,9.110311750599519698e+00,-4.172661870503597270e-01,3.748201438848920652e+00
1.165454225836509039e+01,1.139510117145899892e-01,-5.111821086261980618e-02,-7.667731629392970927e-02,9.110311750599519698e+00,-2.949640287769784153e-01,3.573141486810551548e+00
1.165950013080212067e+01,1.139510117145899892e-01,-3.514376996805111675e-02,-1.075612353567625135e-01,9.057553956834532016e+00,-1.486810551558752913e-01,3.522781774580335590e+00
1.166445800323915094e+01,1.128860489882854146e-01,-1.703940362087327104e-02,-1.320553780617678419e-01,9.002398081534773056e+00,0.000000000000000000e+00,3.549160671462829875e+00
1.166941587567618122e+01,1.054313099041533502e-01,-8.519701810436635520e-03,-1.554845580404685956e-01,9.047961630695443347e+00,1.918465227817745672e-02,3.697841726618705138e+00
1.167437374811321149e+01,1.022364217252396124e-01,-1.810436634717784918e-02,-1.767838125665601723e-01,9.151079136690647431e+00,9.352517985611510931e-02,3.712230215827338142e+00
1.167933162055024177e+01,1.011714589989350377e-01,-2.023429179978700893e-02,-1.970181043663471743e-01,9.177458033573142160e+00,2.589928057553956831e-01,3.652278177458033515e+00
1.168428949298727204e+01,1.043663471778487756e-01,-1.064962726304579353e-02,-2.087326943556975511e-01,9.107913669064748419e+00,4.940047961630695261e-01,3.659472422062350017e+00
1.168924736542430232e+01,1.128860489882854146e-01,-2.129925452609158880e-03,-1.959531416400425996e-01,9.026378896882494729e+00,7.026378896882493619e-01,3.693045563549160804e+00
1.169420523786133437e+01,1.246006389776357776e-01,4.259850905218317760e-03,-1.693290734824281218e-01,8.961630695443645322e+00,7.721822541966426590e-01,3.786570743405275774e+00
1.169916311029836464e+01,1.395101171458998923e-01,5.324813631522896766e-03,-1.384451544195953177e-01,8.978417266187049606e+00,8.057553956834532238e-01,3.829736211031175230e+00
1.170412098273539492e+01,1.490947816826411199e-01,1.064962726304579440e-03,-1.086261980830670881e-01,9.007194244604317390e+00,8.872901678657074687e-01,3.827338129496403063e+00
1.170907885517242519e+01,1.544195953141639932e-01,-5.324813631522896766e-03,-7.348242811501597138e-02,8.923261390887290645e+00,1.074340527577937632e+00,3.688249400479616469e+00
1.171403672760945547e+01,1.576144834930777450e-01,-4.259850905218317760e-03,-2.768903088391906284e-02,8.839328537170263900e+00,1.170263788968824992e+00,3.541966426858513373e+00
1.171899460004648574e+01,1.565495207667731703e-01,6.389776357827475772e-03,1.810436634717784918e-02,8.908872901678657641e+00,1.153477218225419598e+00,3.441247002398081456e+00
1.172395247248351602e+01,1.522896698615548439e-01,2.236421725239616520e-02,5.750798722044728195e-02,8.985611510791366996e+00,1.095923261390887360e+00,3.407673860911271113e+00
1.172891034492054629e+01,1.363152289669861683e-01,2.449414270500532495e-02,8.519701810436634826e-02,9.004796163069544335e+00,1.067146282973621130e+00,3.431654676258992787e+00
1.173386821735757657e+01,1.182108626198083018e-01,2.449414270500532495e-02,1.096911608093716767e-01,9.002398081534773056e+00,1.045563549160671402e+00,3.292565947242206192e+00
1.173882608979460684e+01,1.086261980830670881e-01,3.620873269435569836e-02,1.373801916932907430e-01,9.057553956834532016e+00,9.376498800959233160e-01,3.131894484412470092e+00
1.174378396223163712e+01,1.086261980830670881e-01,6.176783812566560145e-02,1.682641107561235472e-01,9.117505995203837088e+00,8.225419664268585063e-01,3.083932853717026301e+00
1.174874183466866739e+01,1.182108626198083018e-01,9.478168264110756192e-02,1.906283280085196985e-01,9.127098321342925757e+00,7.098321342925659749e-01,3.235011990407673732e+00
1.175369970710569767e+01,1.309904153354632672e-01,1.107561235356762513e-01,2.044728434504792247e-01,9.076738609112709355e+00,6.306954436450838974e-01,3.491606714628297414e+00
1.175865757954272972e+01,1.512247071352502692e-01,1.043663471778487756e-01,2.204472843450479280e-01,9.007194244604317390e+00,5.155875299760191988e-01,3.570743405275779381e+00
1.176361545197976000e+01,1.821086261980830734e-01,1.033013844515442009e-01,2.353567625133120289e-01,9.050359712230216402e+00,3.525179856115107646e-01,3.489208633093525247e+00
1.176857332441679027e+01,2.097976570820021258e-01,1.086261980830670881e-01,2.385516506922257807e-01,9.057553956834532016e+00,1.942446043165467762e-01,3.494004796163069582e+00
1.177353119685382055e+01,2.279020234291799785e-01,1.086261980830670881e-01,2.257720979765708291e-01,9.067146282973620686e+00,1.462829736211031240e-01,3.606714628297361891e+00
1.177848906929085082e+01,2.428115015974440793e-01,1.064962726304579388e-01,2.129925452609158776e-01,8.961630695443645322e+00,1.462829736211031240e-01,3.700239808153477306e+00
1.178344694172788110e+01,2.587859424920127549e-01,9.797657082002129980e-02,1.980830670926517489e-01,8.952038369304556653e+00,9.832134292565947176e-02,3.824940047961630896e+00
1.178840481416491137e+01,2.726304579339723366e-01,8.093716719914803570e-02,1.821086261980830734e-01,8.920863309352517589e+00,6.474820143884892076e-02,3.786570743405275774e+00
1.179336268660194165e+01,2.832800851970180833e-01,7.028753993610223350e-02,1.629392971246006461e-01,8.932853717026379314e+00,7.194244604316546443e-02,3.731414868105515481e+00
1.179832055903897192e+01,2.939297124600638855e-01,6.389776357827475772e-02,1.405750798722044670e-01,8.971223021582733992e+00,1.103117505995203779e-01,3.800959232613908778e+00
1.180327843147600220e+01,3.067092651757188371e-01,5.644302449414270728e-02,1.203407880724174650e-01,8.944844124700239263e+00,1.822541966426858562e-01,3.928057553956834536e+00
1.180823630391303247e+01,3.184238551650692139e-01,4.366347177848775574e-02,1.086261980830670881e-01,8.865707434052758629e+00,2.589928057553956831e-01,3.918465227817745866e+00
1.181319417635006275e+01,3.258785942492012921e-01,2.981895633652822258e-02,9.478168264110756192e-02,8.803357314148680501e+00,3.932853717026378870e-01,3.894484412470024193e+00
1.181815204878709480e+01,3.312034078807241655e-01,2.023429179978700893e-02,8.093716719914803570e-02,8.776978417266187549e+00,5.107913669064748641e-01,3.952038369304556209e+00
1.182310992122412507e+01,3.343982960596378895e-01,6.389776357827475772e-03,7.454739084132055993e-02,8.834532374100719565e+00,5.515587529976019310e-01,4.007194244604316502e+00
1.182806779366115535e+01,3.386581469648562437e-01,-1.597444089456868943e-02,7.028753993610223350e-02,8.899280575539568972e+00,6.091127098321342803e-01,3.940047961630695372e+00
1.183302566609818562e+01,3.418530351437699677e-01,-2.768903088391906284e-02,6.389776357827475772e-02,8.925659472422061924e+00,6.762589928057554101e-01,3.810551558752997447e+00
1.183798353853521590e+01,3.450479233226836917e-01,-2.342917997870074681e-02,5.963791267305644517e-02,8.956834532374100988e+00,7.745803357314148263e-01,3.755395683453237599e+00
1.184294141097224617e+01,3.546325878594249192e-01,-1.597444089456868943e-02,6.602768903088392094e-02,9.028776978417266008e+00,7.625899280575539896e-01,3.731414868105515481e+00
1.184789928340927645e+01,3.674121405750798708e-01,-7.454739084132055646e-03,7.667731629392970927e-02,9.136690647482014427e+00,7.625899280575539896e-01,3.757793764988009766e+00
1.185285715584630672e+01,3.748668796592119490e-01,3.194888178913737886e-03,7.667731629392970927e-02,9.155875299760191766e+00,8.273381294964028410e-01,3.836930455635491732e+00
1.185781502828333700e+01,3.791267305644302477e-01,6.389776357827475772e-03,8.093716719914803570e-02,9.026378896882494729e+00,9.952038369304556653e-01,3.906474820143885029e+00
1.186277290072036728e+01,3.855165069222576957e-01,5.324813631522896766e-03,9.691160809371672513e-02,8.940047961630694928e+00,1.129496402877697925e+00,3.913669064748201532e+00
1.186773077315739755e+01,3.876464323748669005e-01,4.259850905218317760e-03,1.182108626198083018e-01,9.016786570743406060e+00,1.124700239808153368e+00,3.856115107913669071e+00
1.187268864559442783e+01,3.897763578274760499e-01,9.584664536741213658e-03,1.341853035143769912e-01,9.103117505995204084e+00,1.079136690647481966e+00,3.870503597122302075e+00
1.187764651803145988e+01,3.887113951011714752e-01,1.597444089456868943e-02,1.480298189563365174e-01,9.134292565947241371e+00,1.127098321342925757e+00,3.870503597122302075e+00
1.188260439046849015e+01,3.887113951011714752e-01,2.449414270500532495e-02,1.608093716719914690e-01,9.091127098321342359e+00,1.201438848920863389e+00,3.856115107913669071e+00
1.188756226290552043e+01,3.897763578274760499e-01,3.301384451544196047e-02,1.821086261980830734e-01,9.009592326139088669e+00,1.247002398081534791e+00,3.856115107913669071e+00
1.189252013534255070e+01,3.908413205537806245e-01,4.366347177848775574e-02,2.119275825346112752e-01,9.000000000000000000e+00,1.242206235011990456e+00,3.887290167865707247e+00
1.189747800777958098e+01,3.972310969116080726e-01,5.431309904153354406e-02,2.342917997870074542e-01,8.995203836930455665e+00,1.127098321342925757e+00,3.983213429256594829e+00
1.190243588021661125e+01,4.014909478168264267e-01,5.750798722044728195e-02,2.513312034078807322e-01,8.983213429256593940e+00,1.055155875299760293e+00,4.074340527577938076e+00
1.190739375265364153e+01,4.078807241746538748e-01,5.537806176783812567e-02,2.662406815761448331e-01,8.966426858513189657e+00,9.616306954436451004e-01,4.115107913669064921e+00
1.191235162509067180e+01,4.142705005324813783e-01,5.111821086261980618e-02,2.736954206602769113e-01,8.894484412470024637e+00,8.800959232613908556e-01,4.112709832134292753e+00
1.191730949752770208e+01,4.174653887113951023e-01,4.792332268370606829e-02,2.779552715654952100e-01,8.949640287769783598e+00,7.913669064748201087e-01,4.103117505995204084e+00
1.192226736996473235e+01,4.217252396166134010e-01,4.685835995740149362e-02,2.779552715654952100e-01,8.985611510791366996e+00,7.026378896882493619e-01,4.115107913669064921e+00
1.192722524240176263e+01,4.281150159744409045e-01,4.259850905218317413e-02,2.800851970181043593e-01,9.019184652278177339e+00,6.211031175059952281e-01,4.100719424460431917e+00
1.193218311483879290e+01,4.302449414270500538e-01,3.620873269435569836e-02,2.715654952076677064e-01,9.031175059952039064e+00,5.467625899280575963e-01,4.103117505995204084e+00
1.193714098727582495e+01,4.281150159744409045e-01,3.088391906283280072e-02,2.534611288604898816e-01,9.000000000000000000e+00,5.059952038369304184e-01,4.059952038369304184e+00
1.194209885971285523e+01,4.227902023429179756e-01,2.129925452609158706e-02,2.385516506922257807e-01,8.978417266187049606e+00,5.083932853717025857e-01,3.997601918465227833e+00
1.194705673214988551e+01,4.206602768903088263e-01,2.023429179978700893e-02,2.257720979765708291e-01,8.997601918465226944e+00,5.347721822541966485e-01,3.964028776978417046e+00
1.195201460458691578e+01,4.195953141640042516e-01,2.342917997870074681e-02,2.151224707135250269e-01,8.983213429256593940e+00,4.868105515587530241e-01,3.983213429256594829e+00
1.195697247702394606e+01,4.153354632587859530e-01,1.916932907348242732e-02,2.012779552715655007e-01,8.985611510791366996e+00,4.772182254196642437e-01,4.007194244604316502e+00
1.196193034946097633e+01,4.153354632587859530e-01,1.597444089456868943e-02,1.853035143769967974e-01,8.973621103117505271e+00,4.892086330935251914e-01,3.992805755395683498e+00
1.196688822189800661e+01,4.164004259850905276e-01,1.384451544195953142e-02,1.735889243876464205e-01,8.990407673860911331e+00,5.347721822541966485e-01,3.932853717026378870e+00
1.197184609433503688e+01,4.227902023429179756e-01,1.810436634717784918e-02,1.661341853035143701e-01,8.961630695443645322e+00,5.755395683453237154e-01,3.925659472422062368e+00
1.197680396677206716e+01,4.302449414270500538e-01,2.555910543130990309e-02,1.640042598509052207e-01,8.899280575539568972e+00,5.803357314148680501e-01,3.983213429256594829e+00
1.198176183920909743e+01,4.430244941427050054e-01,2.981895633652822258e-02,1.629392971246006461e-01,8.848920863309352569e+00,5.275779376498801465e-01,4.107913669064748419e+00
1.198671971164612771e+01,4.600638977635782556e-01,2.236421725239616520e-02,1.618743343982960714e-01,8.812949640287769171e+00,5.275779376498801465e-01,4.206235011990407280e+00
1.199167758408315798e+01,4.792332268370607107e-01,6.389776357827475772e-03,1.597444089456868943e-01,8.800959232613909222e+00,5.419664268585131506e-01,4.163069544364508268e+00
1.199663545652019003e+01,4.952076677316293862e-01,-7.454739084132055646e-03,1.597444089456868943e-01,8.810551558752997892e+00,5.539568345323740983e-01,4.038369304556354678e+00
1.200159332895722031e+01,5.111821086261980618e-01,-1.277955271565495154e-02,1.640042598509052207e-01,8.877697841726618577e+00,5.395683453237409832e-01,3.904076738609112862e+00
1.200655120139425058e+01,5.250266240681575880e-01,-7.454739084132055646e-03,1.661341853035143701e-01,8.988009592326138275e+00,5.443645083932853179e-01,3.808153477218225280e+00
1.201150907383128086e+01,5.335463258785942964e-01,3.194888178913737886e-03,1.629392971246006461e-01,9.047961630695443347e+00,5.347721822541966485e-01,3.820143884892086117e+00
1.201646694626831113e+01,5.378061767838125951e-01,9.584664536741213658e-03,1.618743343982960714e-01,8.990407673860911331e+00,5.395683453237409832e-01,3.824940047961630896e+00
1.202142481870534141e+01,5.410010649627262636e-01,1.597444089456868943e-02,1.650692225772097954e-01,8.976019184652278327e+00,6.139088729016786150e-01,3.776978417266187105e+00
1.202638269114237168e+01,5.420660276890308937e-01,1.916932907348242732e-02,1.693290734824281218e-01,9.016786570743406060e+00,5.971223021582733326e-01,3.681055155875299967e+00
1.203134056357940196e+01,5.388711395101171142e-01,2.875399361022364098e-02,1.767838125665601723e-01,9.095923261390886694e+00,5.731414868105515481e-01,3.618705035971223172e+00
1.203629843601643223e+01,5.324813631522896662e-01,4.792332268370606829e-02,1.789137380191693216e-01,9.119904076738608367e+00,5.251798561151078681e-01,3.582733812949640217e+00
1.204125630845346251e+01,5.228966986155484387e-01,6.709265175718849561e-02,1.757188498402555976e-01,9.119904076738608367e+00,5.155875299760191988e-01,3.649880095923261347e+00
1.204621418089049278e+01,5.154419595314163605e-01,8.413205537806177359e-02,1.735889243876464205e-01,9.081534772182253690e+00,5.467625899280575963e-01,3.757793764988009766e+00
1.205117205332752306e+01,5.079872204472843933e-01,8.945686900958466081e-02,1.757188498402555976e-01,8.997601918465226944e+00,5.395683453237409832e-01,3.865707434052757741e+00
1.205612992576455511e+01,5.037273695420659836e-01,9.478168264110756192e-02,1.767838125665601723e-01,8.947242206235012318e+00,5.275779376498801465e-01,3.940047961630695372e+00
1.206108779820158539e+01,5.005324813631523151e-01,9.691160809371672513e-02,1.778487752928647470e-01,8.896882494004795916e+00,5.683453237410072134e-01,4.055155875299759849e+00
1.206604567063861566e+01,4.994675186368476849e-01,9.584664536741213658e-02,1.821086261980830734e-01,8.848920863309352569e+00,5.683453237410072134e-01,4.117505995203837088e+00
1.207100354307564594e+01,4.984025559105431102e-01,9.158679446219382403e-02,1.906283280085196985e-01,8.820143884892086561e+00,5.611510791366906004e-01,4.211031175059951615e+00
1.207596141551267621e+01,5.015974440894568342e-01,7.987220447284344715e-02,1.959531416400425996e-01,8.793764988009591832e+00,5.203836930455635335e-01,4.285371702637889690e+00
1.208091928794970649e+01,5.079872204472843933e-01,7.028753993610223350e-02,2.034078807241746500e-01,8.752997601918465875e+00,4.916067146282973588e-01,4.316546762589927866e+00
1.208587716038673676e+01,5.165069222577209906e-01,6.070287539936101984e-02,2.108626198083067005e-01,8.733812949640288537e+00,4.340527577937650094e-01,4.347721822541966041e+00
1.209083503282376704e+01,5.282215122470713675e-01,4.685835995740149362e-02,2.161874334398296016e-01,8.724220623501199867e+00,3.693045563549160470e-01,4.340527577937649539e+00
1.209579290526079731e+01,5.356762513312034457e-01,2.768903088391906284e-02,2.204472843450479280e-01,8.762589928057554545e+00,2.829736211031175230e-01,4.237410071942446343e+00
1.210075077769782759e+01,5.367412140575079649e-01,9.584664536741213658e-03,2.129925452609158776e-01,8.841726618705035179e+00,1.798561151079136611e-01,4.127098321342925757e+00
1.210570865013485786e+01,5.356762513312034457e-01,-1.064962726304579440e-03,2.012779552715655007e-01,8.875299760191847298e+00,8.633093525179856564e-02,4.035971223021582510e+00
1.211066652257188814e+01,5.410010649627262636e-01,-6.389776357827475772e-03,1.938232161874334503e-01,8.942446043165467984e+00,6.235011990407673954e-02,3.961630695443644878e+00
1.211562439500891841e+01,5.505857294994674911e-01,-3.194888178913737886e-03,1.884984025559105492e-01,9.050359712230216402e+00,4.796163069544364180e-03,3.860911270983213406e+00
1.212058226744595046e+01,5.633652822151224981e-01,5.324813631522896766e-03,1.831735889243876481e-01,9.129496402877697037e+00,-6.714628297362110199e-02,3.767386091127098435e+00
1.212554013988298074e+01,5.708200212992545763e-01,1.810436634717784918e-02,1.735889243876464205e-01,9.115107913669064033e+00,-8.633093525179856564e-02,3.726618705035971146e+00
1.213049801232001101e+01,5.772097976570820244e-01,3.407880724174654208e-02,1.586794462193823196e-01,9.059952038369305072e+00,-8.633093525179856564e-02,3.839328537170263900e+00
1.213545588475704129e+01,5.835995740149094724e-01,3.620873269435569836e-02,1.448349307774227934e-01,8.959232613908872267e+00,-9.592326139088729053e-02,3.978417266187050494e+00
1.214041375719407156e+01,5.889243876464324012e-01,2.875399361022364098e-02,1.256656017039403661e-01,8.971223021582733992e+00,-1.414868105515587615e-01,4.076738609112710243e+00
1.214537162963110184e+01,5.985090521831736288e-01,1.277955271565495154e-02,9.904153354632587447e-02,8.932853717026379314e+00,-1.414868105515587615e-01,4.127098321342925757e+00
1.215032950206813211e+01,6.134185303514376741e-01,-1.064962726304579440e-03,7.454739084132055993e-02,8.889688249400480302e+00,-1.079136690647481966e-01,4.091127098321343247e+00
1.215528737450516239e+01,6.315228966986154990e-01,-1.171458998935037341e-02,6.070287539936101984e-02,8.836930455635490844e+00,-4.796163069544364527e-02,4.124700239808153590e+00
1.216024524694219267e+01,6.560170394036208830e-01,-2.342917997870074681e-02,5.537806176783812567e-02,8.964028776978416602e+00,1.438848920863309427e-02,4.127098321342925757e+00
1.216520311937922294e+01,6.773162939297124874e-01,-3.940362087326943624e-02,4.685835995740149362e-02,9.050359712230216402e+00,-1.199040767386091132e-02,4.052757793764987682e+00
1.217016099181625322e+01,6.911608093716720136e-01,-4.685835995740149362e-02,3.194888178913737886e-02,8.990407673860911331e+00,3.836930455635491344e-02,4.028776978417266008e+00
1.217511886425328349e+01,7.124600638977636180e-01,-5.218317358892438779e-02,2.449414270500532495e-02,8.916067146282973255e+00,1.462829736211031240e-01,4.000000000000000000e+00
1.218007673669031554e+01,7.401490947816826704e-01,-6.070287539936101984e-02,3.407880724174654208e-02,8.872901678657074243e+00,2.134292565947242259e-01,4.047961630695443347e+00
1.218503460912734582e+01,7.763578274760383202e-01,-7.348242811501597138e-02,5.005324813631523151e-02,8.980815347721822661e+00,2.062350119904076684e-01,3.913669064748201532e+00
1.218999248156437609e+01,8.051118210862620028e-01,-8.093716719914803570e-02,6.176783812566560145e-02,9.143884892086331817e+00,2.014388489208633060e-01,3.757793764988009766e+00
1.219495035400140637e+01,8.285410010649627566e-01,-7.454739084132055993e-02,6.815761448349308416e-02,9.263788968824940184e+00,2.709832134292565753e-01,3.565947242206235046e+00
1.219990822643843664e+01,8.487752928647497308e-01,-5.431309904153354406e-02,8.306709265175718504e-02,9.208633093525179447e+00,4.028776978417266119e-01,3.472422062350120076e+00
1.220486609887546692e+01,8.700745473908413352e-01,-2.555910543130990309e-02,1.086261980830670881e-01,9.110311750599519698e+00,4.700239808153477417e-01,3.477218225419664410e+00
1.220982397131249719e+01,8.924387646432374588e-01,-1.064962726304579440e-03,1.405750798722044670e-01,9.103117505995204084e+00,4.460431654676259017e-01,3.474820143884892243e+00
1.221478184374952747e+01,9.084132055378061343e-01,1.384451544195953142e-02,1.640042598509052207e-01,9.129496402877697037e+00,4.508393285371702364e-01,3.539568345323741205e+00
1.221973971618655774e+01,9.158679446219382125e-01,2.449414270500532495e-02,1.810436634717784987e-01,9.093525179856115415e+00,6.067146282973621130e-01,3.529976019184652092e+00
1.222469758862358802e+01,9.158679446219382125e-01,3.620873269435569836e-02,2.119275825346112752e-01,9.014388489208633004e+00,7.482014388489208745e-01,3.450839328537170125e+00
1.222965546106061829e+01,9.084132055378061343e-01,5.431309904153354406e-02,2.502662406815761575e-01,9.026378896882494729e+00,8.513189448441247364e-01,3.311750599520383531e+00
1.223461333349764857e+01,8.828541001064962312e-01,8.732694355697551147e-02,2.864749733759318628e-01,8.968824940047960936e+00,8.968824940047961380e-01,3.316546762589927866e+00
1.223957120593468062e+01,8.455804046858359513e-01,1.203407880724174650e-01,3.194888178913737886e-01,8.988009592326138275e+00,9.184652278177457552e-01,3.448441247002397958e+00
1.224452907837171090e+01,7.987220447284345548e-01,1.384451544195953177e-01,3.429179978700745424e-01,8.930455635491606259e+00,8.872901678657074687e-01,3.621103117505995339e+00
1.224948695080874117e+01,7.476038338658147486e-01,1.458998935037273681e-01,3.631522896698615721e-01,8.834532374100719565e+00,8.225419664268585063e-01,3.788968824940047941e+00
1.225444482324577145e+01,7.124600638977636180e-01,1.565495207667731703e-01,3.844515441959531210e-01,8.764988009592325824e+00,7.362110311750599267e-01,3.616306954436451004e+00
1.225940269568280172e+01,6.602768903088391816e-01,1.746538871139510229e-01,4.078807241746538748e-01,8.839328537170263900e+00,5.107913669064748641e-01,3.539568345323741205e+00
1.226436056811983200e+01,5.974440894568689986e-01,2.034078807241746500e-01,4.068157614483493001e-01,8.959232613908872267e+00,2.733812949640287981e-01,3.755395683453237599e+00
1.226931844055686227e+01,5.484558040468583417e-01,2.257720979765708291e-01,3.940362087326943485e-01,8.630695443645084453e+00,2.182254196642685884e-01,4.251798561151079348e+00
1.227427631299389255e+01,5.292864749733758867e-01,2.193823216187433534e-01,3.961661341853034979e-01,8.717026378896882477e+00,2.541966426858512929e-01,4.378896882494005105e+00
1.227923418543092282e+01,5.005324813631523151e-01,1.842385516506922227e-01,4.014909478168264267e-01,8.393285371702637221e+00,2.949640287769784153e-01,4.275779376498801021e+00
1.228419205786795310e+01,4.952076677316293862e-01,1.746538871139510229e-01,4.025559105431310014e-01,8.426858513189447564e+00,2.134292565947242259e-01,3.976019184652278327e+00
1.228914993030498337e+01,4.824281150159744347e-01,1.831735889243876481e-01,3.929712460063897739e-01,8.462829736211030962e+00,8.153477218225420320e-02,4.019184652278177339e+00
1.229410780274201365e+01,4.707135250266240578e-01,1.991480298189563236e-01,3.887113951011714752e-01,8.688249400479616469e+00,-2.637889688249400386e-02,4.062350119904076351e+00
1.229906567517904570e+01,4.334398296059637778e-01,1.948881789137380249e-01,3.716719914802981695e-01,8.865707434052758629e+00,-1.630695443645084064e-01,4.311750599520383531e+00
1.230402354761607597e+01,4.078807241746538748e-01,1.767838125665601723e-01,3.386581469648562437e-01,8.750599520383692820e+00,-1.942446043165467762e-01,3.978417266187050494e+00
1.230898142005310625e+01,3.759318423855165237e-01,1.799787007454738963e-01,3.013844515441959637e-01,8.618705035971222728e+00,-1.438848920863309289e-01,3.757793764988009766e+00
1.231393929249013652e+01,3.567625133120340686e-01,2.055378061767837994e-01,2.800851970181043593e-01,8.541966426858513373e+00,-8.872901678657074687e-02,3.940047961630695372e+00
1.231889716492716680e+01,3.567625133120340686e-01,2.204472843450479280e-01,2.715654952076677064e-01,8.659472422062350461e+00,-1.774580335731414937e-01,4.199040767386090778e+00
1.232385503736419707e+01,3.556975505857294939e-01,2.108626198083067005e-01,2.545260915867944562e-01,8.846522781774579514e+00,-3.549160671462829875e-01,4.438848920863309289e+00
1.232881290980122735e+01,3.663471778487752961e-01,1.831735889243876481e-01,2.193823216187433534e-01,8.848920863309352569e+00,-3.717026378896882699e-01,4.268585131894484519e+00
1.233377078223825762e+01,3.716719914802981695e-01,1.671991480298189447e-01,1.821086261980830734e-01,8.745803357314148485e+00,-2.494004796163069582e-01,4.290167865707434025e+00
1.233872865467528790e+01,4.046858359957401508e-01,1.693290734824281218e-01,1.671991480298189447e-01,8.664268585131894795e+00,-1.031175059952038342e-01,4.201438848920862945e+00
1.234368652711231817e+01,4.323748668796592032e-01,1.757188498402555976e-01,1.714589989350372712e-01,8.788968824940047497e+00,-1.534772182254196538e-01,4.304556354916067029e+00
1.234864439954934845e+01,4.675186368477103338e-01,1.650692225772097954e-01,1.565495207667731703e-01,8.992805755395682610e+00,-2.589928057553956831e-01,4.378896882494005105e+00
1.235360227198637872e+01,4.994675186368476849e-01,1.554845580404685956e-01,1.192758253461128903e-01,8.952038369304556653e+00,-7.673860911270982688e-02,4.354916067146282543e+00
1.235856014442341078e+01,5.186368477103301400e-01,1.544195953141639932e-01,9.691160809371672513e-02,8.803357314148680501e+00,2.685851318944844079e-01,4.556354916067146377e+00
1.236351801686044105e+01,5.527156549520766404e-01,1.437699680511182188e-01,1.107561235356762513e-01,8.707434052757793808e+00,4.484412470023980690e-01,4.345323741007193874e+00
1.236847588929747133e+01,5.708200212992545763e-01,1.405750798722044670e-01,1.267305644302449408e-01,8.745803357314148485e+00,5.227817745803357008e-01,4.326139088729016535e+00
1.237343376173450160e+01,5.857294994675186217e-01,1.416400425985090417e-01,1.320553780617678419e-01,8.750599520383692820e+00,6.882494004796163578e-01,4.450839328537170125e+00
1.237839163417153188e+01,5.878594249201277711e-01,1.288604898828540901e-01,1.501597444089456945e-01,8.769784172661870159e+00,9.592326139088729331e-01,4.580335731414868050e+00
1.238334950660856215e+01,5.814696485623003230e-01,1.001064962726304630e-01,1.863684771033013721e-01,8.709832134292565087e+00,1.167865707434052824e+00,4.556354916067146377e+00
1.238830737904559243e+01,5.761448349307773942e-01,7.987220447284344715e-02,2.300319488817891278e-01,8.748201438848921541e+00,1.232613908872901787e+00,3.997601918465227833e+00
1.239326525148262270e+01,5.399361022364217444e-01,9.052183173588924936e-02,2.641107561235356838e-01,8.877697841726618577e+00,1.213429256594724226e+00,3.872901678657074243e+00
1.239822312391965298e+01,5.005324813631523151e-01,1.118210862619808260e-01,2.864749733759318628e-01,8.973621103117505271e+00,1.211031175059952059e+00,3.875299760191846410e+00
1.240318099635668325e+01,4.345047923322683525e-01,1.203407880724174650e-01,3.024494142705005384e-01,9.071942446043165020e+00,1.122302158273381201e+00,4.043165467625899012e+00
1.240813886879371353e+01,3.738019169329073743e-01,1.118210862619808260e-01,3.099041533546325611e-01,9.105515587529975363e+00,9.952038369304556653e-01,3.844124700239808234e+00
1.241309674123074380e+01,3.067092651757188371e-01,1.118210862619808260e-01,3.130990415335463406e-01,9.047961630695443347e+00,9.112709832134292531e-01,3.647482014388489180e+00
1.241805461366777408e+01,2.523961661341853069e-01,1.363152289669861683e-01,3.162939297124600646e-01,9.043165467625899012e+00,7.961630695443645545e-01,3.688249400479616469e+00
1.242301248610480613e+01,2.151224707135250269e-01,1.576144834930777450e-01,3.237486687965921428e-01,9.110311750599519698e+00,6.882494004796163578e-01,3.774580335731414937e+00
1.242797035854183640e+01,1.884984025559105492e-01,1.671991480298189447e-01,3.322683706070287402e-01,9.165467625899280435e+00,5.179856115107913661e-01,4.019184652278177339e+00
1.243292823097886668e+01,1.789137380191693216e-01,1.714589989350372712e-01,3.343982960596378895e-01,9.107913669064748419e+00,4.604316546762590168e-01,4.040767386091126845e+00
1.243788610341589695e+01,1.671991480298189447e-01,1.735889243876464205e-01,3.397231096911608184e-01,8.918465227817746310e+00,5.011990407673860837e-01,4.251798561151079348e+00
1.244284397585292723e+01,1.767838125665601723e-01,1.629392971246006461e-01,3.556975505857294939e-01,8.865707434052758629e+00,5.107913669064748641e-01,4.177458033573141272e+00
1.244780184828995750e+01,1.884984025559105492e-01,1.522896698615548439e-01,3.801916932907348223e-01,8.925659472422061924e+00,3.357314148681055377e-01,4.167865707434052602e+00
1.245275972072698778e+01,2.076677316293929765e-01,1.490947816826411199e-01,3.951011714589989232e-01,9.045563549160672068e+00,1.630695443645084064e-01,4.155875299760191766e+00
1.245771759316401806e+01,2.310969116080937302e-01,1.448349307774227934e-01,3.982960596379126472e-01,9.100719424460431028e+00,4.076738609112710160e-02,4.091127098321343247e+00
1.246267546560104833e+01,2.513312034078807322e-01,1.416400425985090417e-01,3.993610223642172774e-01,9.095923261390886694e+00,-3.597122302158273222e-02,4.050359712230215514e+00
1.246763333803807861e+01,2.768903088391906353e-01,1.458998935037273681e-01,4.004259850905218521e-01,9.074340527577938076e+00,-9.592326139088729053e-02,3.846522781774580402e+00
1.247259121047510888e+01,2.949946751863684602e-01,1.618743343982960714e-01,3.982960596379126472e-01,9.119904076738608367e+00,-1.942446043165467762e-01,3.872901678657074243e+00
1.247754908291213916e+01,3.141640042598509153e-01,1.789137380191693216e-01,3.887113951011714752e-01,9.158273381294964821e+00,-2.494004796163069582e-01,3.930455635491606703e+00
1.248250695534917121e+01,3.099041533546325611e-01,1.863684771033013721e-01,3.674121405750798708e-01,9.158273381294964821e+00,-2.757793764988009655e-01,4.098321342925659749e+00
1.248746482778620148e+01,3.035143769968051131e-01,1.767838125665601723e-01,3.407880724174653930e-01,9.107913669064748419e+00,-2.182254196642685884e-01,4.091127098321343247e+00
1.249242270022323176e+01,2.822151224707135087e-01,1.650692225772097954e-01,3.173588924387646393e-01,9.059952038369305072e+00,-1.151079136690647542e-01,3.992805755395683498e+00
1.249738057266026203e+01,2.587859424920127549e-01,1.618743343982960714e-01,2.971246006389776095e-01,9.098321342925659749e+00,-1.318944844124700366e-01,3.985611510791366996e+00
1.250233844509729231e+01,2.332268370607028796e-01,1.703940362087326965e-01,2.779552715654952100e-01,9.151079136690647431e+00,-1.175059952038369354e-01,3.992805755395683498e+00
1.250729631753432258e+01,2.044728434504792247e-01,1.767838125665601723e-01,2.545260915867944562e-01,9.136690647482014427e+00,-1.103117505995203779e-01,4.189448441247002108e+00
1.251225418997135286e+01,1.831735889243876481e-01,1.757188498402555976e-01,2.353567625133120289e-01,9.076738609112709355e+00,-4.796163069544364527e-02,4.328537170263788703e+00
1.251721206240838313e+01,1.618743343982960714e-01,1.597444089456868943e-01,2.215122470713525027e-01,8.937649880095923649e+00,3.117505995203836977e-02,4.491606714628296970e+00
1.252216993484541341e+01,1.522896698615548439e-01,1.395101171458998923e-01,2.193823216187433534e-01,8.810551558752997892e+00,1.223021582733812979e-01,4.453237410071942293e+00
1.252712780728244368e+01,1.427050053248136441e-01,1.246006389776357776e-01,2.236421725239616520e-01,8.772182254196643214e+00,1.342925659472422040e-01,4.465227817745803129e+00
1.253208567971947396e+01,1.448349307774227934e-01,1.118210862619808260e-01,2.332268370607028796e-01,8.820143884892086561e+00,7.673860911270982688e-02,4.450839328537170125e+00
1.253704355215650423e+01,1.469648562300319428e-01,9.371671991480298725e-02,2.406815761448349300e-01,8.940047961630694928e+00,-6.235011990407673954e-02,4.374100719424460770e+00
1.254200142459353629e+01,1.501597444089456945e-01,7.561235356762513460e-02,2.396166134185303553e-01,8.973621103117505271e+00,-1.247002398081534791e-01,4.282973621103117523e+00
1.254695929703056656e+01,1.586794462193823196e-01,7.348242811501597138e-02,2.332268370607028796e-01,8.896882494004795916e+00,-8.393285371702638442e-02,4.124700239808153590e+00
1.255191716946759684e+01,1.629392971246006461e-01,6.922257720979765883e-02,2.353567625133120289e-01,8.812949640287769171e+00,-7.913669064748200810e-02,4.069544364508392853e+00
1.255687504190462711e+01,1.746538871139510229e-01,7.028753993610223350e-02,2.406815761448349300e-01,8.810551558752997892e+00,-1.462829736211031240e-01,3.892086330935251581e+00
1.256183291434165739e+01,1.757188498402555976e-01,7.561235356762513460e-02,2.374866879659212060e-01,8.906474820143884585e+00,-2.517985611510791255e-01,3.793764988009592276e+00
1.256679078677868766e+01,1.735889243876464205e-01,8.945686900958466081e-02,2.215122470713525027e-01,8.928057553956834980e+00,-3.021582733812949728e-01,3.748201438848920652e+00
1.257174865921571794e+01,1.682641107561235472e-01,1.022364217252396124e-01,2.034078807241746500e-01,8.911270983213428920e+00,-3.093525179856115304e-01,3.738609112709831983e+00
1.257670653165274821e+01,1.640042598509052207e-01,1.150159744408945639e-01,1.842385516506922227e-01,8.928057553956834980e+00,-2.973621103117505826e-01,3.676258992805755188e+00
1.258166440408977849e+01,1.565495207667731703e-01,1.341853035143769912e-01,1.629392971246006461e-01,8.956834532374100988e+00,-2.973621103117505826e-01,3.621103117505995339e+00
1.258662227652680876e+01,1.501597444089456945e-01,1.586794462193823196e-01,1.458998935037273681e-01,9.021582733812950394e+00,-2.374100719424460382e-01,3.714628297362110310e+00
1.259158014896383904e+01,1.480298189563365174e-01,1.874334398296059745e-01,1.246006389776357776e-01,8.932853717026379314e+00,-7.673860911270982688e-02,3.865707434052757741e+00
1.259653802140086931e+01,1.363152289669861683e-01,2.076677316293929765e-01,1.054313099041533502e-01,8.774580335731414493e+00,7.913669064748200810e-02,4.249400479616307180e+00
1.260149589383790136e+01,1.277955271565495154e-01,2.076677316293929765e-01,1.022364217252396124e-01,8.637889688249400066e+00,2.062350119904076684e-01,4.462829736211030962e+00
1.260645376627493164e+01,1.192758253461128903e-01,1.895633652822151238e-01,1.033013844515442009e-01,8.585131894484412385e+00,2.494004796163069582e-01,4.529976019184652536e+00
1.261141163871196191e+01,1.160809371671991524e-01,1.714589989350372712e-01,1.075612353567625135e-01,8.594724220623501054e+00,3.141486810551558650e-01,4.623501199040767062e+00
1.261636951114899219e+01,1.086261980830670881e-01,1.565495207667731703e-01,1.128860489882854146e-01,8.570743405275779381e+00,4.124700239808153368e-01,4.649880095923261791e+00
1.262132738358602246e+01,1.011714589989350377e-01,1.416400425985090417e-01,1.246006389776357776e-01,8.517985611510791699e+00,4.268585131894484519e-01,4.709832134292565975e+00
1.262628525602305274e+01,9.584664536741213658e-02,1.256656017039403661e-01,1.352502662406815659e-01,8.505995203836929974e+00,3.860911270983213295e-01,4.642685851318944401e+00
1.263124312846008301e+01,8.413205537806177359e-02,1.128860489882854146e-01,1.427050053248136441e-01,8.553956834532373321e+00,3.165467625899280324e-01,4.623501199040767062e+00
1.263620100089711329e+01,7.774227902023429781e-02,1.064962726304579388e-01,1.501597444089456945e-01,8.575539568345323715e+00,2.709832134292565753e-01,4.563549160671462879e+00
1.264115887333414356e+01,6.602768903088392094e-02,1.033013844515442009e-01,1.522896698615548439e-01,8.630695443645084453e+00,1.750599520383692986e-01,4.517985611510791699e+00
1.264611674577117384e+01,6.176783812566560145e-02,1.022364217252396124e-01,1.469648562300319428e-01,8.688249400479616469e+00,7.194244604316547137e-03,4.395683453237410276e+00
1.265107461820820411e+01,5.644302449414270728e-02,1.128860489882854146e-01,1.384451544195953177e-01,8.707434052757793808e+00,0.000000000000000000e+00,4.340527577937649539e+00
1.265603249064523439e+01,5.324813631522896940e-02,1.235356762513312029e-01,1.341853035143769912e-01,8.623501199040767062e+00,4.556354916067146404e-02,4.333333333333333037e+00
1.266099036308226644e+01,5.537806176783812567e-02,1.320553780617678419e-01,1.363152289669861683e-01,8.625899280575540118e+00,3.117505995203836977e-02,4.335731414868105205e+00
1.266594823551929672e+01,5.644302449414270728e-02,1.437699680511182188e-01,1.405750798722044670e-01,8.685851318944843413e+00,-4.556354916067146404e-02,4.318944844124700033e+00
1.267090610795632699e+01,5.857294994675186356e-02,1.608093716719914690e-01,1.352502662406815659e-01,8.839328537170263900e+00,-8.633093525179856564e-02,4.330935251798560870e+00
1.267586398039335727e+01,6.070287539936101984e-02,1.799787007454738963e-01,1.182108626198083018e-01,8.882494004796162912e+00,1.918465227817745672e-02,4.412470023980815448e+00
1.268082185283038754e+01,5.431309904153354406e-02,2.012779552715655007e-01,1.043663471778487756e-01,8.726618705035971146e+00,1.798561151079136611e-01,4.616306954436450560e+00
1.268577972526741782e+01,5.111821086261980618e-02,2.044728434504792247e-01,1.075612353567625135e-01,8.558752997601917656e+00,3.261390887290168128e-01,4.820143884892086561e+00
1.269073759770444809e+01,4.472843450479233041e-02,1.906283280085196985e-01,1.160809371671991524e-01,8.484412470023981356e+00,3.501199040767385973e-01,4.935251798561151482e+00
1.269569547014147837e+01,3.407880724174654208e-02,1.682641107561235472e-01,1.235356762513312029e-01,8.491606714628296970e+00,3.429256594724220397e-01,5.009592326139088669e+00
1.270065334257850864e+01,2.449414270500532495e-02,1.427050053248136441e-01,1.256656017039403661e-01,8.577937649880096771e+00,2.949640287769784153e-01,4.935251798561151482e+00
1.270561121501553892e+01,1.490947816826411129e-02,1.256656017039403661e-01,1.235356762513312029e-01,8.426858513189447564e+00,2.805755395683453002e-01,4.772182254196642326e+00
1.271056908745256919e+01,3.194888178913737886e-03,1.246006389776357776e-01,1.224707135250266282e-01,8.390887290167865942e+00,2.110311750599520308e-01,4.769784172661870159e+00
1.271552695988959947e+01,-6.389776357827475772e-03,1.203407880724174650e-01,1.235356762513312029e-01,8.448441247002397958e+00,3.597122302158273222e-02,4.844124700239808234e+00
1.272048483232662974e+01,-1.171458998935037341e-02,1.022364217252396124e-01,1.182108626198083018e-01,8.455635491606715348e+00,-1.486810551558752913e-01,4.669064748201439130e+00
1.272544270476366179e+01,-2.023429179978700893e-02,9.265175718849839870e-02,1.001064962726304630e-01,8.508393285371703030e+00,-2.997601918465228055e-01,4.498800959232613472e+00
1.273040057720069207e+01,-1.810436634717784918e-02,9.904153354632587447e-02,7.667731629392970927e-02,8.489208633093525691e+00,-3.165467625899280324e-01,4.369304556354916436e+00
1.273535844963772234e+01,-9.584664536741213658e-03,1.096911608093716767e-01,6.496272630457934627e-02,8.460431654676259683e+00,-3.117505995203836977e-01,4.321342925659472201e+00
1.274031632207475262e+01,7.454739084132055646e-03,1.267305644302449408e-01,5.111821086261980618e-02,8.561151079136690711e+00,-3.693045563549160470e-01,4.328537170263788703e+00
1.274527419451178289e+01,2.129925452609158706e-02,1.448349307774227934e-01,2.981895633652822258e-02,8.618705035971222728e+00,-3.764988009592326046e-01,4.354916067146282543e+00
1.275023206694881317e+01,2.875399361022364098e-02,1.586794462193823196e-01,5.324813631522896766e-03,8.455635491606715348e+00,-2.110311750599520308e-01,4.448441247002397958e+00
1.275518993938584345e+01,3.727369542066027996e-02,1.640042598509052207e-01,-8.519701810436635520e-03,8.282973621103117523e+00,2.158273381294964141e-02,4.525179856115108201e+00
1.276014781182287372e+01,5.005324813631523151e-02,1.640042598509052207e-01,0.000000000000000000e+00,8.177458033573142160e+00,1.510791366906474864e-01,4.525179856115108201e+00
1.276510568425990400e+01,5.857294994675186356e-02,1.661341853035143701e-01,8.519701810436635520e-03,8.220623501199041172e+00,9.112709832134292809e-02,4.508393285371703030e+00
1.277006355669693427e+01,6.496272630457934627e-02,1.714589989350372712e-01,7.454739084132055646e-03,8.230215827338129841e+00,7.434052757793764565e-02,4.398081534772182444e+00
1.277502142913396455e+01,5.750798722044728195e-02,1.735889243876464205e-01,-3.194888178913737886e-03,8.306954436450839196e+00,1.366906474820143991e-01,4.455635491606714460e+00
1.277997930157099482e+01,5.537806176783812567e-02,1.778487752928647470e-01,-2.129925452609158880e-03,8.299760191846523583e+00,1.750599520383692986e-01,4.335731414868105205e+00
1.278493717400802687e+01,5.005324813631523151e-02,1.884984025559105492e-01,1.064962726304579440e-03,8.304556354916067917e+00,1.151079136690647542e-01,4.139088729016786594e+00
1.278989504644505715e+01,4.792332268370606829e-02,2.193823216187433534e-01,5.324813631522896766e-03,7.266187050359712352e+00,2.230215827338129508e-01,4.318944844124700033e+00
1.279485291888208742e+01,9.797657082002129980e-02,3.173588924387646393e-01,5.537806176783812567e-02,7.302158273381294862e+00,-3.764988009592326046e-01,6.510791366906475197e+00
1.279981079131911770e+01,1.458998935037273681e-01,2.683706070287539824e-01,8.413205537806177359e-02,9.616306954436451448e+00,-1.930455635491606703e+00,8.717026378896882477e+00
1.280476866375614797e+01,7.135250266240682204e-02,-2.449414270500532495e-02,-8.945686900958466081e-02,9.630695443645084453e+00,-2.143884892086330929e+00,9.033573141486810343e+00
1.280972653619317825e+01,-4.259850905218317760e-03,-2.587859424920127549e-01,-2.886048988285410122e-01,8.491606714628296970e+00,-5.419664268585131506e-01,8.992805755395682610e+00
1.281468440863020852e+01,1.064962726304579440e-03,-4.174653887113951023e-01,-2.992545260915868144e-01,8.302158273381294862e+00,7.410071942446042614e-01,8.215827338129496837e+00
1.281964228106723880e+01,7.454739084132055646e-03,-5.814696485623003230e-01,-1.618743343982960714e-01,9.069544364508393741e+00,-2.565947242206235157e-01,6.007194244604316502e+00
1.282460015350426907e+01,4.366347177848775574e-02,-5.772097976570820244e-01,-1.565495207667731703e-01,9.844124700239808234e+00,-1.117505995203836866e+00,3.184652278177458218e+00
1.282955802594129935e+01,-5.324813631522896766e-03,-4.589989350372736809e-01,-2.811501597444089340e-01,9.537170263788969038e+00,-4.580335731414867939e-01,2.640287769784172678e+00
1.283451589837832962e+01,-1.490947816826411129e-02,-3.461128860489882664e-01,-3.194888178913737886e-01,8.362110311750599934e+00,8.681055155875300189e-01,2.083932853717026301e+00
1.283947377081535990e+01,-8.519701810436635520e-03,-2.172523961661341763e-01,-2.129925452609158776e-01,8.062350119904076351e+00,1.136690647482014427e+00,2.112709832134292753e+00
1.284443164325239195e+01,1.490947816826411129e-02,-8.413205537806177359e-02,-9.797657082002129980e-02,8.856115107913668183e+00,4.892086330935251914e-01,2.858513189448441238e+00
1.284938951568942223e+01,2.981895633652822258e-02,-1.810436634717784918e-02,-7.561235356762513460e-02,9.299760191846523583e+00,1.798561151079136611e-01,3.856115107913669071e+00
1.285434738812645250e+01,2.662406815761448470e-02,-3.407880724174654208e-02,-9.691160809371672513e-02,8.908872901678657641e+00,6.378896882494005105e-01,4.920863309352517589e+00
1.285930526056348278e+01,5.431309904153354406e-02,-7.241746538871139671e-02,-6.815761448349308416e-02,8.628297362110311397e+00,1.199040767386091222e+00,5.143884892086330929e+00
1.286426313300051305e+01,6.176783812566560145e-02,-1.096911608093716767e-01,9.584664536741213658e-03,8.997601918465226944e+00,9.592326139088729331e-01,5.575539568345323715e+00
1.286922100543754333e+01,8.093716719914803570e-02,-1.469648562300319428e-01,5.537806176783812567e-02,9.450839328537171014e+00,5.155875299760191988e-01,5.187050359712229941e+00
1.287417887787457360e+01,4.898828541001064990e-02,-1.735889243876464205e-01,4.366347177848775574e-02,9.429256594724220619e+00,4.196642685851318944e-01,5.273381294964028854e+00
1.287913675031160388e+01,5.218317358892438779e-02,-1.991480298189563236e-01,2.981895633652822258e-02,8.990407673860911331e+00,7.266187050359712574e-01,4.913669064748201087e+00
1.288409462274863415e+01,4.685835995740149362e-02,-2.087326943556975511e-01,5.963791267305644517e-02,8.729016786570744202e+00,7.913669064748201087e-01,4.422062350119904117e+00
1.288905249518566443e+01,4.579339723109691201e-02,-1.991480298189563236e-01,9.904153354632587447e-02,8.769784172661870159e+00,4.292565947242206192e-01,4.014388489208633004e+00
1.289401036762269470e+01,4.579339723109691201e-02,-1.757188498402555976e-01,1.118210862619808260e-01,8.810551558752997892e+00,1.654676258992805737e-01,3.719424460431654644e+00
1.289896824005972498e+01,3.620873269435569836e-02,-1.480298189563365174e-01,1.022364217252396124e-01,8.577937649880096771e+00,1.103117505995203779e-01,3.815347721822541782e+00
1.290392611249675703e+01,5.005324813631523151e-02,-1.267305644302449408e-01,1.054313099041533502e-01,8.299760191846523583e+00,1.774580335731414937e-01,3.784172661870503607e+00
1.290888398493378730e+01,5.857294994675186356e-02,-1.192758253461128903e-01,1.246006389776357776e-01,8.213429256594723782e+00,1.199040767386091132e-02,4.076738609112710243e+00
1.291384185737081758e+01,7.987220447284344715e-02,-1.224707135250266282e-01,1.331203407880724165e-01,8.258992805755395850e+00,-2.110311750599520308e-01,4.119904076738609255e+00
1.291879972980784785e+01,8.306709265175718504e-02,-1.384451544195953177e-01,1.160809371671991524e-01,8.211031175059952503e+00,-3.717026378896882699e-01,4.364508393285372101e+00
1.292375760224487813e+01,1.054313099041533502e-01,-1.671991480298189447e-01,9.371671991480298725e-02,8.170263788968824770e+00,-3.453237410071942626e-01,4.460431654676258795e+00
1.292871547468190840e+01,1.150159744408945639e-01,-1.980830670926517489e-01,6.496272630457934627e-02,8.191846522781775164e+00,-2.733812949640287981e-01,4.330935251798560870e+00
1.293367334711893868e+01,9.904153354632587447e-02,-2.055378061767837994e-01,2.981895633652822258e-02,8.067146282973620686e+00,-2.398081534772182090e-03,4.597122302158273222e+00
1.293863121955596895e+01,8.519701810436634826e-02,-2.236421725239616520e-01,2.023429179978700893e-02,7.884892086330935079e+00,1.414868105515587615e-01,4.985611510791366996e+00
1.294358909199299923e+01,9.158679446219382403e-02,-2.566560170394036056e-01,3.088391906283280072e-02,7.952038369304556653e+00,-7.913669064748200810e-02,4.944844124700240151e+00
1.294854696443002950e+01,9.478168264110756192e-02,-2.800851970181043593e-01,2.023429179978700893e-02,8.165467625899280435e+00,-3.237410071942445899e-01,5.019184652278177339e+00
1.295350483686705978e+01,9.797657082002129980e-02,-3.109691160809371913e-01,-9.584664536741213658e-03,8.119904076738608367e+00,-3.165467625899280324e-01,5.163069544364508268e+00
1.295846270930409005e+01,1.096911608093716767e-01,-3.493077742279020459e-01,-2.662406815761448470e-02,7.959232613908873155e+00,-1.822541966426858562e-01,5.035971223021582510e+00
1.296342058174112211e+01,1.150159744408945639e-01,-3.876464323748669005e-01,-2.875399361022364098e-02,7.827338129496403063e+00,-1.990407673860911386e-01,4.721822541966426812e+00
1.296837845417815238e+01,1.203407880724174650e-01,-3.940362087326943485e-01,-3.301384451544196047e-02,7.863309352517985573e+00,-2.733812949640287981e-01,4.484412470023980468e+00
1.297333632661518266e+01,1.277955271565495154e-01,-3.865814696485623259e-01,-4.579339723109691201e-02,8.033573141486810343e+00,-3.669064748201438797e-01,4.494004796163069138e+00
1.297829419905221293e+01,1.469648562300319428e-01,-3.855165069222576957e-01,-6.815761448349308416e-02,8.103117505995204084e+00,-3.836930455635491621e-01,4.482014388489208301e+00
1.298325207148924321e+01,1.544195953141639932e-01,-3.855165069222576957e-01,-9.265175718849839870e-02,8.081534772182253690e+00,-3.669064748201438797e-01,4.695443645083932971e+00
1.298820994392627348e+01,1.586794462193823196e-01,-4.036208732694355761e-01,-1.203407880724174650e-01,8.086330935251798024e+00,-2.901678657074340251e-01,4.863309352517985573e+00
1.299316781636330376e+01,1.576144834930777450e-01,-4.419595314164004307e-01,-1.522896698615548439e-01,8.249400479616307180e+00,-2.517985611510791255e-01,4.865707434052757741e+00
1.299812568880033403e+01,1.544195953141639932e-01,-4.643237486687966098e-01,-1.980830670926517489e-01,1.429016786570743491e+01,-8.992805755395683054e-01,3.949640287769784042e+00
1.300308356123736431e+01,1.416400425985090417e-01,-1.767838125665601723e-01,-3.588924387646432179e-01,1.805275779376498946e+01,-9.592326139088728360e-03,5.201438848920862945e+00
1.300804143367439458e+01,1.778487752928647470e-01,7.454739084132055993e-02,-4.164004259850905276e-01,1.419664268585131950e+01,2.690647482014388636e+00,1.263549160671462879e+01
1.301299930611142486e+01,2.534611288604898816e-01,-6.517571884984025843e-01,-1.842385516506922227e-01,1.132613908872901654e+01,2.167865707434052602e+00,7.242206235011990678e+00
1.301795717854845513e+01,7.348242811501597138e-02,-1.138445154419595262e+00,-1.011714589989350377e-01,5.549160671462829875e+00,9.256594724220623682e-01,-2.503597122302158251e+00
1.302291505098548541e+01,3.833865814696485463e-02,-6.166134185303514537e-01,-1.373801916932907430e-01,6.160671462829736100e+00,9.064748201438849184e-01,-4.613908872901678393e+00
1.302787292342251746e+01,3.407880724174654208e-02,-8.519701810436635520e-03,-1.203407880724174650e-01,7.098321342925659749e+00,1.083932853717026301e+00,-3.254196642685851515e+00
1.303283079585954773e+01,-2.236421725239616520e-02,3.354632587859425197e-01,-2.129925452609158706e-02,1.077697841726618755e+01,-6.043165467625899456e-01,1.208633093525179891e+00
1.303778866829657801e+01,1.703940362087327104e-02,3.791267305644302477e-01,-9.904153354632587447e-02,1.283213429256594651e+01,-1.028776978417266230e+00,1.966426858513189435e+00
1.304274654073360828e+01,-7.987220447284344715e-02,3.407880724174653930e-01,-2.939297124600638855e-01,1.175059952038369282e+01,9.304556354916067029e-01,4.904076738609112418e+00
1.304770441317063856e+01,4.792332268370606829e-02,2.758253461128860606e-01,-2.736954206602769113e-01,9.280575539568344468e+00,3.637889688249400511e+00,5.606714628297361891e+00
1.305266228560766884e+01,1.384451544195953177e-01,1.437699680511182188e-01,2.981895633652822258e-02,8.306954436450839196e+00,3.062350119904076795e+00,5.527577937649880369e+00
1.305762015804469911e+01,2.279020234291799785e-01,9.478168264110756192e-02,2.279020234291799785e-01,9.083932853717026745e+00,1.081534772182254134e+00,3.966426858513189657e+00
1.306257803048172939e+01,1.299254526091586925e-01,6.922257720979765883e-02,1.693290734824281218e-01,8.729016786570744202e+00,6.450839328537170125e-01,4.251798561151079348e+00
1.306753590291875966e+01,1.022364217252396124e-01,3.194888178913737886e-03,1.011714589989350377e-01,7.700239808153477306e+00,1.750599520383693042e+00,3.215827338129496393e+00
1.307249377535578994e+01,8.413205537806177359e-02,6.389776357827475772e-02,1.693290734824281218e-01,7.292565947242206192e+00,2.968824940047961825e+00,1.848920863309352569e+00
1.307745164779282021e+01,4.792332268370606829e-02,2.236421725239616520e-01,3.365282215122470943e-01,7.556354916067146377e+00,2.719424460431654644e+00,3.872901678657074243e+00
1.308240952022985049e+01,1.554845580404685956e-01,3.067092651757188371e-01,4.984025559105431102e-01,9.880095923261391633e+00,1.225419664268585063e+00,5.134292565947242259e+00
1.308736739266688254e+01,1.416400425985090417e-01,2.034078807241746500e-01,4.643237486687966098e-01,1.047002398081534835e+01,2.973621103117505826e-01,6.762589928057553657e+00
1.309232526510391281e+01,1.277955271565495154e-01,2.129925452609158880e-03,3.173588924387646393e-01,8.896882494004795916e+00,1.443645083932853623e+00,5.729016786570743314e+00
1.309728313754094309e+01,3.727369542066027996e-02,-1.405750798722044670e-01,3.216187433439829380e-01,7.678657074340527799e+00,2.450839328537170125e+00,5.119904076738609255e+00
1.310224100997797336e+01,5.963791267305644517e-02,-1.608093716719914690e-01,4.611288604898828303e-01,7.916067146282973255e+00,1.908872901678656975e+00,3.333333333333333481e+00
1.310719888241500364e+01,2.555910543130990309e-02,-7.241746538871139671e-02,5.367412140575079649e-01,8.817745803357313505e+00,4.892086330935251914e-01,3.086330935251798468e+00
1.311215675485203391e+01,-8.519701810436635520e-03,-1.597444089456868943e-02,4.792332268370607107e-01,9.263788968824940184e+00,-2.422062350119904006e-01,3.659472422062350017e+00
1.311711462728906419e+01,1.064962726304579440e-03,-2.023429179978700893e-02,3.791267305644302477e-01,9.167865707434053490e+00,1.654676258992805737e-01,3.328537170263789147e+00
1.312207249972609446e+01,-1.277955271565495154e-02,1.064962726304579440e-03,3.375931842385516690e-01,9.143884892086331817e+00,5.275779376498801465e-01,3.829736211031175230e+00
1.312703037216312474e+01,1.384451544195953142e-02,3.407880724174654208e-02,3.556975505857294939e-01,9.167865707434053490e+00,2.949640287769784153e-01,3.793764988009592276e+00
1.313198824460015501e+01,-8.519701810436635520e-03,2.768903088391906284e-02,3.546325878594249192e-01,9.273381294964028854e+00,-5.251798561151078681e-01,4.381294964028777272e+00
1.313694611703718529e+01,9.584664536741213658e-03,6.389776357827475772e-03,2.832800851970180833e-01,9.194244604316546443e+00,-7.122302158273381423e-01,4.086330935251798913e+00
1.314190398947421556e+01,6.389776357827475772e-03,-3.194888178913737886e-03,2.161874334398296016e-01,8.774580335731414493e+00,-3.573141486810551548e-01,4.405275779376498946e+00
1.314686186191124762e+01,5.963791267305644517e-02,-5.324813631522896766e-03,2.183173588924387509e-01,8.709832134292565087e+00,-2.781774580335731328e-01,4.191846522781774276e+00
1.315181973434827789e+01,1.022364217252396124e-01,1.064962726304579440e-03,2.364217252396166036e-01,8.988009592326138275e+00,-6.019184652278177783e-01,3.872901678657074243e+00
1.315677760678530817e+01,1.139510117145899892e-01,1.810436634717784918e-02,2.183173588924387509e-01,9.047961630695443347e+00,-7.601918465227818222e-01,4.172661870503596937e+00
1.316173547922233844e+01,1.363152289669861683e-01,1.597444089456868943e-02,1.906283280085196985e-01,8.882494004796162912e+00,-5.587529976019184330e-01,4.057553956834532016e+00
1.316669335165936872e+01,1.331203407880724165e-01,7.454739084132055646e-03,1.948881789137380249e-01,8.707434052757793808e+00,-5.923261390887289979e-01,4.311750599520383531e+00
1.317165122409639899e+01,1.629392971246006461e-01,2.023429179978700893e-02,2.012779552715655007e-01,8.942446043165467984e+00,-9.232613908872902009e-01,3.968824940047961825e+00
1.317660909653342927e+01,1.363152289669861683e-01,3.088391906283280072e-02,1.576144834930777450e-01,9.050359712230216402e+00,-1.251798561151079126e+00,4.395683453237410276e+00
1.318156696897045954e+01,1.224707135250266282e-01,1.810436634717784918e-02,8.093716719914803570e-02,8.988009592326138275e+00,-1.206235011990407724e+00,4.431654676258992787e+00
1.318652484140748982e+01,8.519701810436634826e-02,-5.324813631522896766e-03,8.519701810436635520e-03,8.880095923261391633e+00,-1.014388489208633004e+00,4.378896882494005105e+00
1.319148271384452009e+01,5.537806176783812567e-02,-8.519701810436635520e-03,-4.685835995740149362e-02,8.774580335731414493e+00,-8.153477218225420042e-01,4.422062350119904117e+00
1.319644058628155037e+01,2.981895633652822258e-02,-1.171458998935037341e-02,-8.519701810436634826e-02,8.760191846522781489e+00,-6.282973621103117301e-01,4.292565947242206192e+00
1.320139845871858064e+01,-1.916932907348242732e-02,-2.555910543130990309e-02,-1.171458998935037271e-01,8.774580335731414493e+00,-5.515587529976019310e-01,4.517985611510791699e+00
1.320635633115561269e+01,-2.342917997870074681e-02,-4.472843450479233041e-02,-1.341853035143769912e-01,8.860911270983214294e+00,-5.515587529976019310e-01,4.297362110311750527e+00
1.321131420359264297e+01,-6.389776357827475772e-03,-4.259850905218317413e-02,-1.512247071352502692e-01,9.047961630695443347e+00,-5.179856115107913661e-01,4.045563549160671180e+00
1.321627207602967324e+01,0.000000000000000000e+00,-2.236421725239616520e-02,-1.853035143769967974e-01,8.820143884892086561e+00,-1.318944844124700366e-01,3.978417266187050494e+00
1.322122994846670352e+01,1.064962726304579440e-03,-1.384451544195953142e-02,-1.863684771033013721e-01,8.635491606714628787e+00,1.079136690647481966e-01,4.649880095923261791e+00
1.322618782090373379e+01,5.005324813631523151e-02,-2.768903088391906284e-02,-1.661341853035143701e-01,8.868105515587529908e+00,1.414868105515587615e-01,4.184652278177457774e+00
1.323114569334076407e+01,3.620873269435569836e-02,-2.981895633652822258e-02,-1.767838125665601723e-01,8.940047961630694928e+00,2.997601918465228055e-01,4.309352517985611364e+00
1.323610356577779434e+01,3.088391906283280072e-02,-3.940362087326943624e-02,-1.895633652822151238e-01,8.786570743405276218e+00,6.642685851318944623e-01,4.306954436450839196e+00
1.324106143821482462e+01,2.555910543130990309e-02,-5.857294994675186356e-02,-1.735889243876464205e-01,8.841726618705035179e+00,8.441247002398081234e-01,4.035971223021582510e+00
1.324601931065185489e+01,1.597444089456868943e-02,-4.685835995740149362e-02,-1.490947816826411199e-01,8.952038369304556653e+00,8.752997601918465209e-01,4.011990407673860837e+00
1.325097718308888517e+01,2.023429179978700893e-02,-4.046858359957401785e-02,-1.256656017039403661e-01,9.069544364508393741e+00,9.112709832134292531e-01,3.860911270983213406e+00
1.325593505552591544e+01,1.171458998935037341e-02,-3.833865814696485463e-02,-1.064962726304579388e-01,9.071942446043165020e+00,1.026378896882494063e+00,3.796163069544364443e+00
1.326089292796294572e+01,6.389776357827475772e-03,-2.342917997870074681e-02,-8.839190628328008614e-02,8.990407673860911331e+00,1.187050359712230163e+00,3.700239808153477306e+00
1.326585080039997777e+01,-8.519701810436635520e-03,-2.129925452609158880e-03,-6.602768903088392094e-02,8.976019184652278327e+00,1.223021582733812895e+00,3.810551558752997447e+00
1.327080867283700805e+01,-2.981895633652822258e-02,5.324813631522896766e-03,-4.153354632587859252e-02,8.911270983213428920e+00,1.141486810551558762e+00,3.935251798561151038e+00
1.327576654527403832e+01,-4.046858359957401785e-02,8.519701810436635520e-03,-1.916932907348242732e-02,8.834532374100719565e+00,1.014388489208633004e+00,4.213429256594723782e+00
1.328072441771106860e+01,-2.236421725239616520e-02,1.171458998935037341e-02,-8.519701810436635520e-03,8.796163069544364888e+00,1.040767386091127067e+00,4.256594724220623682e+00
1.328568229014809887e+01,-2.662406815761448470e-02,3.194888178913737886e-03,3.194888178913737886e-03,8.762589928057554545e+00,1.158273381294963933e+00,4.335731414868105205e+00
1.329064016258512915e+01,-3.194888178913737886e-02,-8.519701810436635520e-03,2.875399361022364098e-02,8.752997601918465875e+00,1.239808153477218289e+00,4.256594724220623682e+00
1.329559803502215942e+01,-4.685835995740149362e-02,-5.324813631522896766e-03,6.176783812566560145e-02,8.755395683453237154e+00,1.203836930455635557e+00,4.254196642685851515e+00
1.330055590745918970e+01,-6.922257720979765883e-02,-1.064962726304579440e-03,9.371671991480298725e-02,8.683453237410072134e+00,1.011990407673860837e+00,4.628297362110311397e+00
1.330551377989621997e+01,-7.561235356762513460e-02,-2.342917997870074681e-02,1.203407880724174650e-01,8.717026378896882477e+00,6.714628297362110754e-01,4.659472422062350461e+00
1.331047165233325025e+01,-7.028753993610223350e-02,-4.685835995740149362e-02,1.277955271565495154e-01,8.810551558752997892e+00,5.155875299760191988e-01,4.477218225419663966e+00
1.331542952477028052e+01,-7.454739084132055993e-02,-5.537806176783812567e-02,1.214057507987220397e-01,8.762589928057554545e+00,5.491606714628297636e-01,4.330935251798560870e+00
1.332038739720731080e+01,-7.774227902023429781e-02,-6.070287539936101984e-02,1.267305644302449408e-01,8.729016786570744202e+00,5.227817745803357008e-01,4.172661870503596937e+00
1.332534526964434107e+01,-7.774227902023429781e-02,-5.857294994675186356e-02,1.427050053248136441e-01,8.875299760191847298e+00,3.381294964028777050e-01,4.021582733812949506e+00
1.333030314208137312e+01,-8.413205537806177359e-02,-4.685835995740149362e-02,1.490947816826411199e-01,9.023980815347721673e+00,1.151079136690647542e-01,4.019184652278177339e+00
1.333526101451840340e+01,-8.626198083067092293e-02,-4.153354632587859252e-02,1.427050053248136441e-01,9.059952038369305072e+00,-3.597122302158273222e-02,4.076738609112710243e+00
1.334021888695543367e+01,-7.987220447284344715e-02,-4.685835995740149362e-02,1.373801916932907430e-01,9.071942446043165020e+00,-1.414868105515587615e-01,4.076738609112710243e+00
1.334517675939246395e+01,-7.135250266240682204e-02,-4.579339723109691201e-02,1.309904153354632672e-01,9.148681055155876152e+00,-2.014388489208633060e-01,4.007194244604316502e+00
1.335013463182949423e+01,-6.602768903088392094e-02,-4.153354632587859252e-02,1.214057507987220397e-01,9.028776978417266008e+00,-1.534772182254196538e-01,4.055155875299759849e+00
1.335509250426652450e+01,-6.283280085197018305e-02,-4.685835995740149362e-02,1.182108626198083018e-01,8.829736211031175230e+00,-2.398081534772182333e-01,3.966426858513189657e+00
1.336005037670355478e+01,-5.218317358892438779e-02,-4.472843450479233041e-02,1.139510117145899892e-01,9.067146282973620686e+00,-5.107913669064748641e-01,3.714628297362110310e+00
1.336500824914058505e+01,-4.259850905218317413e-02,-2.236421725239616520e-02,8.839190628328008614e-02,9.165467625899280435e+00,-5.971223021582733326e-01,3.726618705035971146e+00
1.336996612157761533e+01,-3.620873269435569836e-02,-7.454739084132055646e-03,5.644302449414270728e-02,9.139088729016785706e+00,-5.131894484412470314e-01,3.846522781774580402e+00
1.337492399401464560e+01,-2.342917997870074681e-02,-6.389776357827475772e-03,3.940362087326943624e-02,9.091127098321342359e+00,-4.532374100719424592e-01,3.805755395683453113e+00
1.337988186645167588e+01,-9.584664536741213658e-03,3.194888178913737886e-03,3.407880724174654208e-02,8.980815347721822661e+00,-4.604316546762590168e-01,3.671462829736210853e+00
1.338483973888870615e+01,0.000000000000000000e+00,1.916932907348242732e-02,2.449414270500532495e-02,8.968824940047960936e+00,-4.844124700239808012e-01,3.685851318944844301e+00
1.338979761132573820e+01,1.064962726304579353e-02,3.940362087326943624e-02,1.490947816826411129e-02,9.023980815347721673e+00,-5.131894484412470314e-01,3.851318944844124736e+00
1.339475548376276848e+01,2.342917997870074681e-02,4.685835995740149362e-02,-2.129925452609158880e-03,9.074340527577938076e+00,-5.899280575539568305e-01,3.990407673860911331e+00
1.339971335619979875e+01,2.981895633652822258e-02,4.685835995740149362e-02,-2.768903088391906284e-02,9.110311750599519698e+00,-6.091127098321342803e-01,4.014388489208633004e+00
1.340467122863682903e+01,3.514376996805111675e-02,4.792332268370606829e-02,-5.963791267305644517e-02,8.992805755395682610e+00,-4.964028776978417490e-01,4.043165467625899012e+00
1.340962910107385930e+01,3.727369542066027996e-02,4.898828541001064990e-02,-8.626198083067092293e-02,8.810551558752997892e+00,-3.045563549160671402e-01,4.165467625899280435e+00
1.341458697351088958e+01,3.940362087326943624e-02,4.898828541001064990e-02,-9.158679446219382403e-02,8.748201438848921541e+00,-1.726618705035971313e-01,4.191846522781774276e+00
1.341954484594791985e+01,4.046858359957401785e-02,5.005324813631523151e-02,-9.691160809371672513e-02,8.733812949640288537e+00,-1.223021582733812979e-01,4.220623501199041172e+00
1.342450271838495013e+01,3.088391906283280072e-02,5.857294994675186356e-02,-1.096911608093716767e-01,8.791366906474820553e+00,-2.398081534772182090e-03,4.400479616306954611e+00
1.342946059082198040e+01,1.597444089456868943e-02,5.857294994675186356e-02,-1.277955271565495154e-01,8.829736211031175230e+00,2.853717026378896904e-01,4.913669064748201087e+00
1.343441846325901068e+01,4.259850905218317760e-03,1.064962726304579353e-02,-1.320553780617678419e-01,8.649880095923261791e+00,5.179856115107913661e-01,5.002398081534772167e+00
1.343937633569604095e+01,-3.194888178913737886e-03,-3.940362087326943624e-02,-1.214057507987220397e-01,8.745803357314148485e+00,5.707434052757793808e-01,4.551558752997602042e+00
1.344433420813307123e+01,-1.277955271565495154e-02,-4.685835995740149362e-02,-1.203407880724174650e-01,8.681055155875299079e+00,7.434052757793765398e-01,4.223021582733813339e+00
1.344929208057010328e+01,-2.555910543130990309e-02,-4.153354632587859252e-02,-1.118210862619808260e-01,8.695443645083932083e+00,9.448441247002398180e-01,4.050359712230215514e+00
1.345424995300713356e+01,-3.514376996805111675e-02,-2.981895633652822258e-02,-8.839190628328008614e-02,8.707434052757793808e+00,1.035971223021582732e+00,3.949640287769784042e+00
1.345920782544416383e+01,-4.366347177848775574e-02,-1.064962726304579353e-02,-6.389776357827475772e-02,8.937649880095923649e+00,9.688249400479616025e-01,4.095923261390887582e+00
1.346416569788119411e+01,-4.153354632587859252e-02,-8.519701810436635520e-03,-4.472843450479233041e-02,9.124700239808152702e+00,9.208633093525180335e-01,4.211031175059951615e+00
1.346912357031822438e+01,-4.685835995740149362e-02,-2.555910543130990309e-02,-2.981895633652822258e-02,9.088729016786571080e+00,9.640287769784172678e-01,4.268585131894484519e+00
1.347408144275525466e+01,-3.514376996805111675e-02,-3.727369542066027996e-02,-9.584664536741213658e-03,8.930455635491606259e+00,1.009592326139088669e+00,3.820143884892086117e+00
1.347903931519228493e+01,-3.620873269435569836e-02,-2.023429179978700893e-02,1.064962726304579353e-02,8.834532374100719565e+00,8.752997601918465209e-01,3.522781774580335590e+00
1.348399718762931521e+01,-3.514376996805111675e-02,1.597444089456868943e-02,3.407880724174654208e-02,8.829736211031175230e+00,8.776978417266186883e-01,3.872901678657074243e+00
1.348895506006634548e+01,-3.301384451544196047e-02,2.023429179978700893e-02,7.667731629392970927e-02,8.971223021582733992e+00,6.474820143884891799e-01,4.237410071942446343e+00
1.349391293250337576e+01,-2.449414270500532495e-02,8.519701810436635520e-03,1.043663471778487756e-01,9.208633093525179447e+00,2.733812949640287981e-01,4.184652278177457774e+00
1.349887080494040603e+01,-2.768903088391906284e-02,1.064962726304579440e-03,1.001064962726304630e-01,9.047961630695443347e+00,6.474820143884892076e-02,4.318944844124700033e+00
1.350382867737743631e+01,-2.236421725239616520e-02,-1.916932907348242732e-02,8.732694355697551147e-02,8.810551558752997892e+00,-8.872901678657074687e-02,4.237410071942446343e+00
1.350878654981446836e+01,-5.324813631522896766e-03,-2.768903088391906284e-02,7.774227902023429781e-02,8.853717026378896904e+00,-2.973621103117505826e-01,3.820143884892086117e+00
1.351374442225149863e+01,-3.194888178913737886e-03,-9.584664536741213658e-03,5.644302449414270728e-02,8.882494004796162912e+00,-3.741007194244604372e-01,3.676258992805755188e+00
1.351870229468852891e+01,-8.519701810436635520e-03,2.662406815761448470e-02,3.194888178913737886e-02,8.786570743405276218e+00,-3.333333333333333148e-01,3.968824940047961825e+00
1.352366016712555918e+01,-3.194888178913737886e-03,4.472843450479233041e-02,2.662406815761448470e-02,8.882494004796162912e+00,-4.292565947242206192e-01,4.225419664268585507e+00
1.352861803956258946e+01,6.389776357827475772e-03,4.046858359957401785e-02,2.023429179978700893e-02,9.011990407673861725e+00,-6.163069544364508934e-01,4.086330935251798913e+00
1.353357591199961973e+01,-3.194888178913737886e-03,3.088391906283280072e-02,-1.064962726304579353e-02,8.935251798561150594e+00,-6.211031175059952281e-01,4.088729016786571080e+00
1.353853378443665001e+01,-1.064962726304579440e-03,3.194888178913737886e-02,-5.005324813631523151e-02,8.930455635491606259e+00,-4.220623501199040617e-01,4.088729016786571080e+00
1.354349165687368028e+01,7.454739084132055646e-03,4.153354632587859252e-02,-7.135250266240682204e-02,9.083932853717026745e+00,-2.494004796163069582e-01,4.119904076738609255e+00
1.354844952931071056e+01,8.519701810436635520e-03,3.514376996805111675e-02,-8.093716719914803570e-02,9.040767386091127733e+00,-2.134292565947242259e-01,3.932853717026378870e+00
1.355340740174774083e+01,-4.259850905218317760e-03,4.046858359957401785e-02,-9.797657082002129980e-02,8.856115107913668183e+00,-2.134292565947242259e-01,3.904076738609112862e+00
1.355836527418477111e+01,3.194888178913737886e-03,6.176783812566560145e-02,-1.171458998935037271e-01,8.748201438848921541e+00,-9.352517985611510931e-02,4.079136690647482411e+00
1.356332314662180138e+01,8.519701810436635520e-03,6.602768903088392094e-02,-1.256656017039403661e-01,8.808153477218224836e+00,1.127098321342925591e-01,4.357314148681055599e+00
1.356828101905883344e+01,3.194888178913737886e-03,4.898828541001064990e-02,-1.246006389776357776e-01,8.856115107913668183e+00,2.350119904076738708e-01,4.599520383693045389e+00
1.357323889149586371e+01,3.194888178913737886e-03,2.981895633652822258e-02,-1.160809371671991524e-01,8.827338129496402175e+00,3.764988009592326046e-01,4.666666666666666963e+00
1.357819676393289399e+01,-3.194888178913737886e-03,1.064962726304579440e-03,-1.054313099041533502e-01,8.796163069544364888e+00,4.220623501199040617e-01,4.611510791366906226e+00
1.358315463636992426e+01,-5.324813631522896766e-03,-2.449414270500532495e-02,-9.904153354632587447e-02,8.719424460431655532e+00,5.035971223021582510e-01,4.316546762589927866e+00
1.358811250880695454e+01,-7.454739084132055646e-03,-2.768903088391906284e-02,-9.371671991480298725e-02,8.669064748201439130e+00,6.666666666666666297e-01,4.136690647482014427e+00
1.359307038124398481e+01,-5.324813631522896766e-03,-2.129925452609158706e-02,-7.987220447284344715e-02,8.697841726618705138e+00,8.129496402877698369e-01,3.968824940047961825e+00
1.359802825368101509e+01,-8.519701810436635520e-03,-8.519701810436635520e-03,-5.644302449414270728e-02,8.853717026378896904e+00,8.561151079136690711e-01,4.043165467625899012e+00
1.360298612611804536e+01,-6.389776357827475772e-03,3.194888178913737886e-03,-3.727369542066027996e-02,9.007194244604317390e+00,8.225419664268585063e-01,3.997601918465227833e+00
1.360794399855507564e+01,-4.259850905218317760e-03,8.519701810436635520e-03,-2.449414270500532495e-02,9.050359712230216402e+00,7.098321342925659749e-01,3.971223021582733992e+00
1.361290187099210591e+01,-4.259850905218317760e-03,1.171458998935037341e-02,-1.703940362087327104e-02,8.973621103117505271e+00,6.043165467625899456e-01,4.038369304556354678e+00
1.361785974342913619e+01,-6.389776357827475772e-03,1.384451544195953142e-02,-1.064962726304579353e-02,8.870503597122302963e+00,5.395683453237409832e-01,4.071942446043165909e+00
1.362281761586616646e+01,-6.389776357827475772e-03,1.277955271565495154e-02,4.259850905218317760e-03,8.906474820143884585e+00,3.645083932853717124e-01,3.976019184652278327e+00
1.362777548830319851e+01,-5.324813631522896766e-03,2.555910543130990309e-02,3.194888178913737886e-03,8.860911270983214294e+00,2.062350119904076684e-01,3.834532374100719565e+00
1.363273336074022879e+01,-1.277955271565495154e-02,4.153354632587859252e-02,-7.454739084132055646e-03,8.844124700239808234e+00,1.127098321342925591e-01,4.119904076738609255e+00
1.363769123317725906e+01,-6.389776357827475772e-03,5.005324813631523151e-02,-1.597444089456868943e-02,8.750599520383692820e+00,2.757793764988009655e-01,4.244604316546762846e+00
1.364264910561428934e+01,-7.454739084132055646e-03,5.111821086261980618e-02,-1.597444089456868943e-02,8.812949640287769171e+00,5.155875299760191988e-01,4.330935251798560870e+00
1.364760697805131962e+01,-1.597444089456868943e-02,3.088391906283280072e-02,-3.194888178913737886e-03,8.980815347721822661e+00,5.467625899280575963e-01,4.237410071942446343e+00
1.365256485048834989e+01,-9.584664536741213658e-03,3.301384451544196047e-02,7.454739084132055646e-03,8.959232613908872267e+00,5.395683453237409832e-01,3.949640287769784042e+00
1.365752272292538017e+01,-9.584664536741213658e-03,4.685835995740149362e-02,9.584664536741213658e-03,8.923261390887290645e+00,4.772182254196642437e-01,3.841726618705036067e+00
1.366248059536241044e+01,-1.597444089456868943e-02,5.857294994675186356e-02,8.519701810436635520e-03,8.829736211031175230e+00,2.470023980815347631e-01,3.834532374100719565e+00
1.366743846779944072e+01,-5.324813631522896766e-03,7.880724174653887248e-02,2.129925452609158880e-03,8.911270983213428920e+00,-3.597122302158273222e-02,3.868105515587529908e+00
1.367239634023647099e+01,7.454739084132055646e-03,1.022364217252396124e-01,-9.584664536741213658e-03,8.889688249400480302e+00,-2.086330935251798635e-01,3.836930455635491732e+00
1.367735421267350127e+01,5.324813631522896766e-03,1.182108626198083018e-01,-2.236421725239616520e-02,8.841726618705035179e+00,-3.117505995203836977e-01,4.129496402877697925e+00
1.368231208511053154e+01,3.194888178913737886e-03,1.182108626198083018e-01,-3.833865814696485463e-02,8.868105515587529908e+00,-3.069544364508393075e-01,4.328537170263788703e+00
1.368726995754756182e+01,0.000000000000000000e+00,1.075612353567625135e-01,-4.792332268370606829e-02,9.011990407673861725e+00,-1.942446043165467762e-01,4.318944844124700033e+00
1.369222782998459387e+01,-1.064962726304579440e-03,1.022364217252396124e-01,-5.750798722044728195e-02,9.055155875299760737e+00,2.158273381294963933e-01,4.050359712230215514e+00
1.369718570242162414e+01,-9.584664536741213658e-03,9.691160809371672513e-02,-5.644302449414270728e-02,9.270983213429255798e+00,6.882494004796163578e-01,3.400479616306954611e+00
1.370214357485865442e+01,-4.366347177848775574e-02,1.054313099041533502e-01,-3.940362087326943624e-02,9.266187050359711463e+00,8.009592326139088891e-01,3.410071942446043280e+00
1.370710144729568469e+01,-2.236421725239616520e-02,1.458998935037273681e-01,-1.384451544195953142e-02,9.282973621103117523e+00,8.321342925659472867e-01,3.796163069544364443e+00
1.371205931973271497e+01,7.454739084132055646e-03,1.586794462193823196e-01,5.324813631522896766e-03,9.225419664268585507e+00,8.872901678657074687e-01,4.062350119904076351e+00
1.371701719216974524e+01,7.454739084132055646e-03,1.373801916932907430e-01,1.916932907348242732e-02,8.937649880095923649e+00,8.968824940047961380e-01,4.302158273381294862e+00
1.372197506460677552e+01,6.389776357827475772e-03,1.246006389776357776e-01,3.514376996805111675e-02,8.642685851318944401e+00,8.201438848920863389e-01,4.294964028776978360e+00
1.372693293704380579e+01,-7.454739084132055646e-03,1.267305644302449408e-01,5.537806176783812567e-02,8.510791366906474309e+00,6.187050359712230607e-01,4.618705035971222728e+00
1.373189080948083607e+01,-5.324813631522896766e-03,1.235356762513312029e-01,6.176783812566560145e-02,8.532374100719424703e+00,5.371702637889688159e-01,4.278177458033573188e+00
1.373684868191786634e+01,-1.810436634717784918e-02,1.331203407880724165e-01,6.070287539936101984e-02,8.477218225419663966e+00,5.347721822541966485e-01,4.247002398081535013e+00
1.374180655435489662e+01,-1.064962726304579353e-02,1.490947816826411199e-01,6.815761448349308416e-02,8.474820143884892687e+00,5.779376498800958828e-01,4.342925659472421707e+00
1.374676442679192689e+01,-7.454739084132055646e-03,1.576144834930777450e-01,8.626198083067092293e-02,8.678657074340527799e+00,5.395683453237409832e-01,4.592326139088728887e+00
1.375172229922895895e+01,-2.129925452609158880e-03,1.533546325878594185e-01,9.584664536741213658e-02,8.700239808153476417e+00,6.163069544364508934e-01,4.529976019184652536e+00
1.375668017166598922e+01,-6.389776357827475772e-03,1.480298189563365174e-01,1.064962726304579388e-01,8.621103117505995783e+00,6.666666666666666297e-01,4.338129496402877372e+00
1.376163804410301950e+01,-7.454739084132055646e-03,1.480298189563365174e-01,1.224707135250266282e-01,8.839328537170263900e+00,4.988009592326139163e-01,4.050359712230215514e+00
1.376659591654004977e+01,-5.324813631522896766e-03,1.682641107561235472e-01,1.267305644302449408e-01,8.880095923261391633e+00,3.357314148681055377e-01,3.964028776978417046e+00
1.377155378897708005e+01,-6.389776357827475772e-03,1.874334398296059745e-01,1.235356762513312029e-01,9.069544364508393741e+00,2.901678657074340251e-01,4.342925659472421707e+00
1.377651166141411032e+01,1.064962726304579440e-03,1.799787007454738963e-01,1.192758253461128903e-01,8.779376498800958828e+00,2.733812949640287981e-01,4.532374100719424703e+00
1.378146953385114060e+01,-5.324813631522896766e-03,1.437699680511182188e-01,1.299254526091586925e-01,9.026378896882494729e+00,-7.913669064748200810e-02,4.812949640287770059e+00
1.378642740628817087e+01,-5.324813631522896766e-03,1.054313099041533502e-01,1.192758253461128903e-01,9.076738609112709355e+00,-3.237410071942445899e-01,4.810551558752997892e+00
1.379138527872520115e+01,-2.768903088391906284e-02,7.028753993610223350e-02,8.413205537806177359e-02,9.000000000000000000e+00,-3.525179856115107646e-01,5.004796163069544335e+00
1.379634315116223142e+01,-2.662406815761448470e-02,3.088391906283280072e-02,5.644302449414270728e-02,8.705035971223020752e+00,-2.422062350119904006e-01,4.237410071942446343e+00
1.380130102359926170e+01,-4.685835995740149362e-02,2.981895633652822258e-02,4.472843450479233041e-02,8.546762589928057707e+00,-1.630695443645084064e-01,4.091127098321343247e+00
1.380625889603629197e+01,-2.981895633652822258e-02,6.070287539936101984e-02,3.940362087326943624e-02,8.592326139088729775e+00,-1.007194244604316530e-01,3.973621103117506159e+00
1.381121676847332402e+01,-3.514376996805111675e-02,8.519701810436634826e-02,3.833865814696485463e-02,8.748201438848921541e+00,-1.606714628297362113e-01,4.462829736211030962e+00
1.381617464091035430e+01,-2.023429179978700893e-02,7.667731629392970927e-02,2.555910543130990309e-02,8.860911270983214294e+00,-6.954436450839328321e-02,4.544364508393285540e+00
1.382113251334738457e+01,-1.597444089456868943e-02,6.283280085197018305e-02,7.454739084132055646e-03,8.757793764988010210e+00,1.630695443645084064e-01,4.599520383693045389e+00
1.382609038578441485e+01,-1.384451544195953142e-02,5.963791267305644517e-02,-1.064962726304579440e-03,8.613908872901678393e+00,2.757793764988009655e-01,4.494004796163069138e+00
1.383104825822144512e+01,-1.490947816826411129e-02,6.389776357827475772e-02,1.064962726304579440e-03,8.618705035971222728e+00,3.477218225419664299e-01,4.218225419664269005e+00
1.383600613065847540e+01,-2.129925452609158706e-02,7.348242811501597138e-02,1.064962726304579353e-02,8.762589928057554545e+00,2.637889688249400733e-01,4.273381294964028854e+00
1.384096400309550567e+01,-1.597444089456868943e-02,7.774227902023429781e-02,1.384451544195953142e-02,8.870503597122302963e+00,-1.534772182254196538e-01,4.494004796163069138e+00
1.384592187553253595e+01,-1.277955271565495154e-02,6.602768903088392094e-02,-9.584664536741213658e-03,8.875299760191847298e+00,-2.901678657074340251e-01,4.589928057553956720e+00
1.385087974796956622e+01,-1.277955271565495154e-02,4.472843450479233041e-02,-3.301384451544196047e-02,8.841726618705035179e+00,1.918465227817745672e-02,4.494004796163069138e+00
1.385583762040659650e+01,-1.064962726304579353e-02,3.301384451544196047e-02,-2.981895633652822258e-02,8.935251798561150594e+00,1.294964028776978415e-01,4.345323741007193874e+00
1.386079549284362677e+01,-1.384451544195953142e-02,3.088391906283280072e-02,-2.875399361022364098e-02,8.911270983213428920e+00,-1.918465227817745811e-01,4.328537170263788703e+00
1.386575336528065705e+01,-9.584664536741213658e-03,3.301384451544196047e-02,-5.218317358892438779e-02,8.652278177458033070e+00,-4.796163069544364527e-02,3.990407673860911331e+00
1.387071123771768910e+01,5.324813631522896766e-03,5.005324813631523151e-02,-5.537806176783812567e-02,8.700239808153476417e+00,7.002398081534771945e-01,3.187050359712230385e+00
1.387566911015471938e+01,5.324813631522896766e-03,1.043663471778487756e-01,-9.584664536741213658e-03,9.151079136690647431e+00,8.345323741007194540e-01,3.103117505995203640e+00
1.388062698259174965e+01,1.490947816826411129e-02,1.778487752928647470e-01,2.662406815761448470e-02,9.383693045563548552e+00,7.050359712230215292e-01,3.884892086330935079e+00
1.388558485502877993e+01,2.875399361022364098e-02,1.863684771033013721e-01,5.005324813631523151e-02,9.199040767386090778e+00,6.738609112709832427e-01,4.736211031175059816e+00
1.389054272746581020e+01,5.218317358892438779e-02,1.384451544195953177e-01,7.454739084132055993e-02,8.947242206235012318e+00,5.251798561151078681e-01,4.321342925659472201e+00
1.389550059990284048e+01,5.750798722044728195e-02,1.586794462193823196e-01,9.797657082002129980e-02,8.832134292565946510e+00,7.841726618705036067e-01,3.721822541966426812e+00
1.390045847233987075e+01,4.792332268370606829e-02,1.810436634717784987e-01,1.214057507987220397e-01,8.796163069544364888e+00,-1.223021582733812979e-01,4.940047961630695816e+00
1.390541634477690103e+01,5.644302449414270728e-02,1.277955271565495154e-01,1.011714589989350377e-01,8.678657074340527799e+00,-4.628297362110311841e-01,4.748201438848920652e+00
1.391037421721393130e+01,4.153354632587859252e-02,8.839190628328008614e-02,6.815761448349308416e-02,8.532374100719424703e+00,-1.462829736211031240e-01,5.218225419664269005e+00
1.391533208965096158e+01,6.176783812566560145e-02,3.833865814696485463e-02,5.537806176783812567e-02,8.947242206235012318e+00,-9.832134292565947176e-02,4.901678657074340251e+00
1.392028996208799185e+01,4.898828541001064990e-02,2.129925452609158880e-03,2.662406815761448470e-02,8.685851318944843413e+00,-8.177458033573141716e-01,4.448441247002397958e+00
1.392524783452502213e+01,2.768903088391906284e-02,1.277955271565495154e-02,-5.005324813631523151e-02,8.326139088729016535e+00,-1.076738609112709799e+00,4.597122302158273222e+00
1.393020570696205418e+01,2.449414270500532495e-02,5.324813631522896766e-03,-1.139510117145899892e-01,8.225419664268585507e+00,-5.731414868105515481e-01,4.328537170263788703e+00
1.393516357939908445e+01,3.620873269435569836e-02,2.129925452609158706e-02,-1.203407880724174650e-01,8.592326139088729775e+00,-5.515587529976018893e-02,3.479616306954436578e+00
1.394012145183611473e+01,1.490947816826411129e-02,8.626198083067092293e-02,-1.096911608093716767e-01,9.004796163069544335e+00,6.354916067146283432e-01,4.086330935251798913e+00
1.394507932427314501e+01,1.064962726304579353e-02,1.011714589989350377e-01,-8.732694355697551147e-02,9.199040767386090778e+00,1.074340527577937632e+00,4.762589928057553657e+00
