{
  "model": "kannala_brandt (cv2.fisheye, KB4)",
  "image_size": [
    2688,
    2016
  ],
  "fps": 59.94005994005994,
  "K": [
    [
      991.2450285877173,
      0.0,
      1354.2150840293032
    ],
    [
      0.0,
      992.484502195173,
      998.4433942820809
    ],
    [
      0.0,
      0.0,
      1.0
    ]
  ],
  "D": [
    0.17365737183020105,
    -0.020565429930301197,
    -0.009122944947825128,
    0.011179642496456558
  ],
  "rms_px": 0.7478749141737722,
  "n_views": 60,
  "board": {
    "dict": "DICT_ARUCO_ORIGINAL",
    "layout": [
      10,
      8
    ],
    "square_size_m": 0.023,
    "legacy": true
  },
  "video": "data/acepro2/VID_20260706_103354_526.mp4"
}