{
  "image_size": [
    1920,
    1080
  ],
  "rms_px_calib_views": 0.394757193328282,
  "reproj_all_frames": {
    "mean_px": 0.4195059871580074,
    "median_px": 0.28811250093943824,
    "p95_px": 1.1961018064624274
  },
  "radial_error": [
    {
      "r_px": [
        0.0,
        222.25675580302192
      ],
      "mean_px": 0.48101846751793825,
      "n": 6450
    },
    {
      "r_px": [
        222.25675580302192,
        444.51351160604383
      ],
      "mean_px": 0.4853826978476503,
      "n": 11273
    },
    {
      "r_px": [
        444.51351160604383,
        666.7702674090658
      ],
      "mean_px": 0.321542811042727,
      "n": 8577
    },
    {
      "r_px": [
        666.7702674090658,
        889.0270232120877
      ],
      "mean_px": 0.26426286500692375,
      "n": 1927
    }
  ],
  "coverage_cells_gt100": "61/80",
  "radial_coverage_p99": 0.6913414900374725,
  "fov_deg": {
    "H": 155.8,
    "V": 93.8,
    "D": 181.8
  },
  "fov_note": null,
  "fx_fy_ratio": 0.9987049811940439,
  "principal_offset_px": [
    -7.698836797249328,
    6.361234682104055
  ]
}