{
  "rigid (scale=1, metric test)": {
    "scale": 1.0,
    "ate_rmse_cm": 1.22848201149118,
    "ate_mean_cm": 1.0792075954722942,
    "ate_median_cm": 0.9812879606355789,
    "ate_p95_cm": 2.1134819813226424,
    "ate_max_cm": 3.3995771212186714
  },
  "similarity (scale free)": {
    "scale": 1.067134472174615,
    "ate_rmse_cm": 0.4707163267307482,
    "ate_mean_cm": 0.3124582622023823,
    "ate_median_cm": 0.2140199520423119,
    "ate_p95_cm": 0.8283399559799686,
    "ate_max_cm": 2.301473807303658
  }
}