{
  "image_size": [
    2688,
    2016
  ],
  "rms_px_calib_views": 0.7478749141737722,
  "reproj_all_frames": {
    "mean_px": 0.5288695771404236,
    "median_px": 0.3885577966478317,
    "p95_px": 1.4291934554448855
  },
  "radial_error": [
    {
      "r_px": [
        0.0,
        338.7813418506199
      ],
      "mean_px": 0.34290330532300956,
      "n": 4192
    },
    {
      "r_px": [
        338.7813418506199,
        677.5626837012398
      ],
      "mean_px": 0.631167472135109,
      "n": 3752
    },
    {
      "r_px": [
        677.5626837012398,
        1016.3440255518598
      ],
      "mean_px": 0.6684889234927335,
      "n": 2717
    },
    {
      "r_px": [
        1016.3440255518598,
        1355.1253674024797
      ],
      "mean_px": 0.5361986616571872,
      "n": 1490
    }
  ],
  "coverage_cells_gt100": "58/80",
  "radial_coverage_p99": 0.7752187562783955,
  "fov_deg": {
    "H": 130.3,
    "V": 104.1,
    "D": 151.2
  },
  "fx_fy_ratio": 0.998751140592408,
  "principal_offset_px": [
    10.21508402930317,
    -9.55660571791907
  ]
}