{
  "model": "kannala_brandt (cv2.fisheye, KB4)",
  "image_size": [
    1920,
    1080
  ],
  "fps": 30.0,
  "K": [
    [
      846.0007708707154,
      0.0,
      952.9709101429478
    ],
    [
      0.0,
      846.675447997895,
      541.6857170288403
    ],
    [
      0.0,
      0.0,
      1.0
    ]
  ],
  "D": [
    0.10814674711863723,
    0.06830808190647303,
    -0.04359036624597128,
    0.013001816311929837
  ],
  "rms_px": 0.2782192038127529,
  "n_views": 60,
  "board": {
    "dict": "DICT_ARUCO_ORIGINAL",
    "layout": [
      10,
      8
    ],
    "square_size_m": 0.023,
    "legacy": true
  },
  "video": "data/acepro2/webcam_board.mkv"
}