t,gx,gy,gz,ax,ay,az
-9.905895543521271891e-04,-4.685835995740149362e-02,-3.301384451544196047e-02,1.001064962726304630e-01,8.796163069544364888e+00,4.412470023980815115e-01,4.242206235011990678e+00
3.966149741282310251e-03,-5.111821086261980618e-02,-3.407880724174654208e-02,1.118210862619808260e-01,8.896882494004795916e+00,2.326139088729016757e-01,4.093525179856115415e+00
8.922889036916748992e-03,-5.857294994675186356e-02,-2.662406815761448470e-02,1.033013844515442009e-01,8.908872901678657641e+00,1.294964028776978415e-01,4.170263788968824770e+00
1.387962833255118600e-02,-5.218317358892438779e-02,-2.768903088391906284e-02,9.371671991480298725e-02,8.877697841726618577e+00,7.194244604316546443e-02,4.230215827338129841e+00
1.883636762818562474e-02,-4.898828541001064990e-02,-3.301384451544196047e-02,8.945686900958466081e-02,8.923261390887290645e+00,4.076738609112710160e-02,4.110311750599520586e+00
2.379310692382006348e-02,-5.111821086261980618e-02,-2.981895633652822258e-02,7.987220447284344715e-02,9.011990407673861725e+00,9.592326139088728360e-03,4.098321342925659749e+00
2.874984621945449875e-02,-5.111821086261980618e-02,-2.236421725239616520e-02,7.135250266240682204e-02,9.028776978417266008e+00,-2.398081534772182090e-03,4.093525179856115415e+00
3.370658551508894096e-02,-5.324813631522896940e-02,-2.342917997870074681e-02,6.815761448349308416e-02,9.441247002398082344e+00,-9.592326139088729053e-02,4.309352517985611364e+00
3.866332481072337623e-02,-3.940362087326943624e-02,-4.792332268370606829e-02,7.348242811501597138e-02,9.390887290167865942e+00,-2.158273381294963933e-01,3.992805755395683498e+00
4.362006410635781151e-02,-1.916932907348242732e-02,-5.750798722044728195e-02,7.135250266240682204e-02,9.052757793764987682e+00,-3.549160671462829875e-01,3.273381294964028854e+00
4.857680340199225372e-02,-1.064962726304579353e-02,-1.384451544195953142e-02,4.046858359957401785e-02,8.877697841726618577e+00,-3.069544364508393075e-01,2.788968824940047941e+00
5.353354269762668899e-02,-2.449414270500532495e-02,5.431309904153354406e-02,1.064962726304579440e-03,8.729016786570744202e+00,-2.110311750599520308e-01,3.110311750599520586e+00
5.849028199326112426e-02,-1.384451544195953142e-02,1.150159744408945639e-01,-8.519701810436635520e-03,8.954436450839327932e+00,-2.206235011990407557e-01,3.654676258992805682e+00
6.344702128889555259e-02,-2.129925452609158880e-03,1.299254526091586925e-01,-5.324813631522896766e-03,9.335731414868105205e+00,-4.316546762589927866e-01,4.141486810551558762e+00
6.840376058453000174e-02,4.259850905218317760e-03,1.182108626198083018e-01,-2.129925452609158706e-02,9.460431654676259683e+00,-4.676258992805755188e-01,4.695443645083932971e+00
7.336049988016443701e-02,1.916932907348242732e-02,8.839190628328008614e-02,-4.472843450479233041e-02,8.824940047961630896e+00,-1.942446043165467762e-01,4.971223021582733992e+00
7.831723917579887229e-02,2.875399361022364098e-02,3.301384451544196047e-02,-3.833865814696485463e-02,8.527577937649880369e+00,-1.822541966426858562e-01,4.810551558752997892e+00
8.327397847143330756e-02,4.259850905218317413e-02,1.171458998935037341e-02,-4.685835995740149362e-02,8.482014388489208301e+00,-2.973621103117505826e-01,4.110311750599520586e+00
8.823071776706774283e-02,1.277955271565495154e-02,3.940362087326943624e-02,-8.519701810436634826e-02,8.326139088729016535e+00,-1.678657074340527688e-01,4.467625899280575297e+00
9.318745706270219198e-02,7.454739084132055646e-03,4.579339723109691201e-02,-1.107561235356762513e-01,8.381294964028777272e+00,1.199040767386091166e-01,4.872901678657074243e+00
9.814419635833662725e-02,-1.064962726304579440e-03,9.584664536741213658e-03,-1.107561235356762513e-01,8.760191846522781489e+00,1.151079136690647542e-01,5.064748201438848518e+00
1.031009356539710625e-01,-5.324813631522896766e-03,-4.046858359957401785e-02,-1.192758253461128903e-01,9.057553956834532016e+00,2.398081534772182263e-02,4.786570743405276218e+00
1.080576749496054978e-01,-8.519701810436635520e-03,-7.880724174653887248e-02,-1.363152289669861683e-01,9.033573141486810343e+00,1.534772182254196538e-01,4.326139088729016535e+00
1.130144142452399331e-01,4.259850905218317760e-03,-7.880724174653887248e-02,-1.405750798722044670e-01,8.597122302158274110e+00,4.460431654676259017e-01,4.093525179856115415e+00
1.179711535408743683e-01,4.046858359957401785e-02,-4.579339723109691201e-02,-1.235356762513312029e-01,8.482014388489208301e+00,6.067146282973621130e-01,3.848920863309352569e+00
1.229278928365088175e-01,2.768903088391906284e-02,-1.916932907348242732e-02,-1.256656017039403661e-01,8.841726618705035179e+00,7.098321342925659749e-01,3.721822541966426812e+00
1.278846321321432389e-01,-4.685835995740149362e-02,-1.490947816826411129e-02,-1.874334398296059745e-01,9.386091127098321607e+00,9.400479616306954833e-01,3.779376498800959272e+00
1.328413714277776880e-01,-1.384451544195953177e-01,-7.454739084132055646e-03,-2.268370607028754038e-01,9.211031175059952503e+00,1.661870503597122406e+00,4.431654676258992787e+00
1.377981107234121372e-01,-1.831735889243876481e-01,-3.833865814696485463e-02,-1.341853035143769912e-01,8.846522781774579514e+00,2.143884892086330929e+00,4.544364508393285540e+00
1.427548500190465586e-01,-1.991480298189563236e-01,-7.454739084132055993e-02,3.301384451544196047e-02,8.997601918465226944e+00,1.316546762589928088e+00,3.973621103117506159e+00
1.477115893146810077e-01,-1.906283280085196985e-01,-5.431309904153354406e-02,9.052183173588924936e-02,9.047961630695443347e+00,8.633093525179856564e-02,3.187050359712230385e+00
1.526683286103154291e-01,-2.140575079872204523e-01,-4.259850905218317760e-03,-1.064962726304579440e-03,9.134292565947241371e+00,-4.220623501199040617e-01,3.299760191846522694e+00
1.576250679059498783e-01,-2.342917997870074542e-01,3.514376996805111675e-02,-1.309904153354632672e-01,8.932853717026379314e+00,7.673860911270982688e-02,3.786570743405275774e+00
1.625818072015843274e-01,-2.332268370607028796e-01,3.620873269435569836e-02,-1.725239616613418459e-01,8.788968824940047497e+00,7.482014388489208745e-01,4.211031175059951615e+00
1.675385464972187488e-01,-1.895633652822151238e-01,4.366347177848775574e-02,-1.054313099041533502e-01,9.038369304556354678e+00,8.681055155875300189e-01,4.398081534772182444e+00
1.724952857928531980e-01,-1.448349307774227934e-01,4.898828541001064990e-02,-5.324813631522896766e-03,8.928057553956834980e+00,4.796163069544364665e-01,4.575539568345323715e+00
1.774520250884876194e-01,-1.139510117145899892e-01,1.916932907348242732e-02,4.472843450479233041e-02,8.908872901678657641e+00,-1.175059952038369354e-01,4.537170263788969038e+00
1.824087643841220685e-01,-8.200212992545261037e-02,-7.454739084132055646e-03,2.236421725239616520e-02,8.673860911270983465e+00,-3.357314148681055377e-01,4.110311750599520586e+00
1.873655036797565177e-01,-5.111821086261980618e-02,1.384451544195953142e-02,-2.875399361022364098e-02,8.599520383693045389e+00,-2.398081534772182333e-01,4.280575539568345356e+00
1.923222429753909390e-01,-4.259850905218317760e-03,3.833865814696485463e-02,-6.283280085197018305e-02,8.613908872901678393e+00,7.434052757793764565e-02,4.419664268585131950e+00
1.972789822710253882e-01,-2.129925452609158880e-03,2.555910543130990309e-02,-6.283280085197018305e-02,9.083932853717026745e+00,3.597122302158273222e-01,4.597122302158273222e+00
2.022357215666598096e-01,-2.555910543130990309e-02,-2.768903088391906284e-02,-5.324813631522896766e-03,9.107913669064748419e+00,9.112709832134292809e-02,4.570743405275779381e+00
2.071924608622942587e-01,6.389776357827475772e-03,-4.259850905218317413e-02,2.662406815761448470e-02,9.170263788968824770e+00,-4.604316546762590168e-01,3.570743405275779381e+00
2.121492001579287079e-01,-1.384451544195953142e-02,0.000000000000000000e+00,-4.046858359957401785e-02,8.616306954436451448e+00,-5.131894484412470314e-01,4.026378896882493841e+00
2.171059394535631293e-01,1.064962726304579353e-02,7.454739084132055646e-03,-1.182108626198083018e-01,8.611510791366907114e+00,6.235011990407673954e-02,4.014388489208633004e+00
2.220626787491975784e-01,-4.259850905218317760e-03,2.342917997870074681e-02,-1.618743343982960714e-01,8.470023980815348352e+00,8.561151079136690711e-01,4.153477218225419598e+00
2.270194180448319998e-01,-4.366347177848775574e-02,2.129925452609158880e-03,-1.395101171458998923e-01,9.551558752997602042e+00,9.616306954436451004e-01,4.458033573141486627e+00
2.319761573404664490e-01,-7.241746538871139671e-02,-4.792332268370606829e-02,-1.086261980830670881e-01,9.611510791366907114e+00,8.057553956834532238e-01,3.268585131894484519e+00
2.369328966361008704e-01,-1.448349307774227934e-01,-2.129925452609158706e-02,-9.478168264110756192e-02,9.393285371702637221e+00,7.410071942446042614e-01,3.577937649880095883e+00
2.418896359317353195e-01,-1.458998935037273681e-01,3.514376996805111675e-02,-9.265175718849839870e-02,8.033573141486810343e+00,1.292565947242206192e+00,3.434052757793764954e+00
2.468463752273697687e-01,-1.725239616613418459e-01,8.093716719914803570e-02,-3.088391906283280072e-02,7.923261390887289757e+00,1.112709832134292531e+00,4.743405275779376318e+00
2.518031145230042456e-01,-1.277955271565495154e-01,6.176783812566560145e-02,1.277955271565495154e-02,9.685851318944843413e+00,4.340527577937650094e-01,4.280575539568345356e+00
2.567598538186386392e-01,-1.693290734824281218e-01,7.454739084132055646e-03,-9.371671991480298725e-02,1.289448441247002464e+01,6.378896882494005105e-01,4.194244604316546443e+00
2.617165931142730884e-01,-2.012779552715655007e-01,-1.001064962726304630e-01,-3.003194888178913891e-01,1.081055155875299789e+01,4.057553956834532016e+00,2.678657074340527799e+00
2.666733324099075375e-01,-2.534611288604898816e-01,-1.884984025559105492e-01,-1.224707135250266282e-01,7.568345323741007213e+00,6.131894484412470092e+00,1.047961630695443569e+00
2.716300717055419867e-01,-1.565495207667731703e-01,-1.490947816826411129e-02,3.833865814696485463e-01,6.760191846522781489e+00,3.561151079136690711e+00,-1.582733812949640217e+00
2.765868110011764358e-01,-1.299254526091586925e-01,3.067092651757188371e-01,5.974440894568689986e-01,8.378896882494004217e+00,4.964028776978417490e-01,6.019184652278177783e-01
2.815435502968108294e-01,-8.945686900958466081e-02,4.100106496272630241e-01,4.462193823216187294e-01,1.045323741007194229e+01,-1.103117505995203779e-01,3.359712230215827322e+00
2.865002895924452786e-01,-1.171458998935037271e-01,3.471778487752928410e-01,2.768903088391906353e-01,9.688249400479616469e+00,6.762589928057554101e-01,5.297362110311750527e+00
2.914570288880797277e-01,-6.389776357827475772e-02,3.567625133120340686e-01,2.928647497337593109e-01,8.074340527577938076e+00,1.117505995203836866e+00,7.345323741007193874e+00
2.964137681837141769e-01,1.703940362087327104e-02,3.258785942492012921e-01,4.110756123535675988e-01,6.920863309352517589e+00,3.884892086330935523e-01,8.618705035971222728e+00
3.013705074793486260e-01,-3.301384451544196047e-02,8.945686900958466081e-02,4.675186368477103338e-01,7.263788968824940184e+00,-1.175059952038369326e+00,9.170263788968824770e+00
3.063272467749830197e-01,-6.176783812566560145e-02,-1.640042598509052207e-01,3.535676251331203446e-01,8.055155875299760737e+00,-1.647482014388489180e+00,7.143884892086330929e+00
3.112839860706174688e-01,-1.214057507987220397e-01,-2.012779552715655007e-01,1.938232161874334503e-01,7.923261390887289757e+00,-8.848920863309353013e-01,6.654676258992806126e+00
3.162407253662519180e-01,-1.086261980830670881e-01,-1.576144834930777450e-01,1.586794462193823196e-01,7.479616306954436133e+00,-3.333333333333333148e-01,5.851318944844124736e+00
3.211974646618863671e-01,-1.448349307774227934e-01,-1.501597444089456945e-01,2.300319488817891278e-01,7.467625899280575297e+00,-9.280575539568345356e-01,5.505995203836930862e+00
3.261542039575208163e-01,-1.661341853035143701e-01,-1.554845580404685956e-01,2.385516506922257807e-01,8.443645083932853623e+00,-1.613908872901678615e+00,5.067146282973620686e+00
3.311109432531552099e-01,-2.097976570820021258e-01,-1.821086261980830734e-01,1.490947816826411199e-01,9.268585131894484519e+00,-1.810551558752997670e+00,5.517985611510791699e+00
3.360676825487896591e-01,-1.991480298189563236e-01,-2.385516506922257807e-01,1.810436634717784918e-02,9.764988009592325824e+00,-1.402877697841726556e+00,4.884892086330935079e+00
3.410244218444241082e-01,-2.492012779552715551e-01,-3.045793397231096877e-01,-6.815761448349308416e-02,8.714628297362111198e+00,-6.594724220623501276e-01,4.232613908872902009e+00
3.459811611400585574e-01,-2.577209797657081802e-01,-3.226837060702875126e-01,-5.218317358892438779e-02,8.306954436450839196e+00,-5.947242206235011652e-01,3.484412470023980912e+00
3.509379004356930065e-01,-2.002129925452609260e-01,-2.374866879659212060e-01,-1.171458998935037341e-02,8.589928057553956720e+00,-9.424460431654676507e-01,2.856115107913669071e+00
3.558946397313274002e-01,-1.725239616613418459e-01,-1.363152289669861683e-01,-3.194888178913737886e-02,8.992805755395682610e+00,-1.175059952038369326e+00,3.721822541966426812e+00
3.608513790269618493e-01,-1.512247071352502692e-01,-1.458998935037273681e-01,-1.075612353567625135e-01,9.616306954436451448e+00,-9.064748201438849184e-01,3.623501199040767506e+00
3.658081183225962985e-01,-1.757188498402555976e-01,-1.767838125665601723e-01,-1.671991480298189447e-01,1.016306954436450916e+01,-6.354916067146283432e-01,3.508393285371702586e+00
3.707648576182307476e-01,-1.533546325878594185e-01,-1.373801916932907430e-01,-1.906283280085196985e-01,9.841726618705035179e+00,-4.676258992805755188e-01,2.374100719424460326e+00
3.757215969138651968e-01,-1.714589989350372712e-01,-2.555910543130990309e-02,-2.044728434504792247e-01,8.829736211031175230e+00,-5.539568345323740983e-01,2.892086330935251581e+00
3.806783362094995904e-01,-1.458998935037273681e-01,2.129925452609158706e-02,-2.300319488817891278e-01,9.069544364508393741e+00,-7.458033573141487071e-01,2.695443645083932971e+00
3.856350755051340395e-01,-1.629392971246006461e-01,5.324813631522896940e-02,-2.875399361022364375e-01,9.458033573141486627e+00,-6.235011990407673954e-01,3.035971223021582954e+00
3.905918148007684887e-01,-1.395101171458998923e-01,9.904153354632587447e-02,-3.290734824281150162e-01,9.184652278177457774e+00,-2.565947242206235157e-01,3.244604316546762401e+00
3.955485540964029378e-01,-1.064962726304579388e-01,1.373801916932907430e-01,-3.248136315228967175e-01,9.494004796163070026e+00,-3.788968824940047719e-01,3.458033573141486627e+00
4.005052933920373870e-01,-8.200212992545261037e-02,1.576144834930777450e-01,-3.365282215122470943e-01,9.532374100719424703e+00,-5.131894484412470314e-01,3.726618705035971146e+00
4.054620326876717806e-01,-6.815761448349308416e-02,1.480298189563365174e-01,-3.706070287539935948e-01,8.978417266187049606e+00,-3.093525179856115304e-01,3.798561151079136611e+00
4.104187719833062298e-01,-5.005324813631523151e-02,1.373801916932907430e-01,-3.844515441959531210e-01,8.820143884892086561e+00,-4.076738609112710160e-02,3.868105515587529908e+00
4.153755112789406789e-01,-1.810436634717784918e-02,1.586794462193823196e-01,-3.780617678381256730e-01,8.647482014388488736e+00,1.990407673860911386e-01,3.537170263788969038e+00
4.203322505745751281e-01,-2.768903088391906284e-02,2.279020234291799785e-01,-3.780617678381256730e-01,8.940047961630694928e+00,5.107913669064748641e-01,5.199040767386090778e+00
4.252889898702095772e-01,-1.916932907348242732e-02,1.597444089456868943e-01,-3.578274760383386432e-01,8.908872901678657641e+00,1.045563549160671402e+00,6.086330935251798913e+00
4.302457291658439709e-01,-3.194888178913737886e-02,0.000000000000000000e+00,-2.939297124600638855e-01,8.270983213429255798e+00,1.107913669064748197e+00,5.400479616306954611e+00
4.352024684614784200e-01,-2.236421725239616520e-02,-3.194888178913737886e-02,-2.449414270500532564e-01,8.287769784172661858e+00,9.880095923261390523e-01,4.731414868105515481e+00
4.401592077571128692e-01,-2.768903088391906284e-02,-3.833865814696485463e-02,-2.097976570820021258e-01,8.323741007194245256e+00,1.021582733812949728e+00,4.755395683453237154e+00
4.451159470527473183e-01,-9.584664536741213658e-03,-4.685835995740149362e-02,-1.640042598509052207e-01,7.772182254196642326e+00,1.194244604316546665e+00,4.376498800959232938e+00
4.500726863483817675e-01,7.454739084132055646e-03,-4.153354632587859252e-02,-6.922257720979765883e-02,8.472422062350119631e+00,7.913669064748201087e-01,5.050359712230215514e+00
4.550294256440161611e-01,9.584664536741213658e-02,-6.709265175718849561e-02,3.940362087326943624e-02,9.254196642685851515e+00,1.103117505995203779e-01,4.573141486810551548e+00
4.599861649396506103e-01,1.427050053248136441e-01,-9.158679446219382403e-02,5.750798722044728195e-02,1.024460431654676285e+01,-7.505995203836930418e-01,3.863309352517985573e+00
4.649429042352850594e-01,1.586794462193823196e-01,-4.685835995740149362e-02,-5.005324813631523151e-02,1.000239808153477306e+01,-6.450839328537170125e-01,2.791366906474820109e+00
4.698996435309195085e-01,9.797657082002129980e-02,3.514376996805111675e-02,-1.331203407880724165e-01,8.115107913669064033e+00,1.510791366906474864e-01,3.767386091127098435e+00
4.748563828265539022e-01,1.416400425985090417e-01,5.218317358892438779e-02,-9.904153354632587447e-02,7.635491606714627899e+00,6.810551558752997447e-01,3.318944844124700033e+00
4.798131221221883513e-01,1.160809371671991524e-01,9.371671991480298725e-02,-5.537806176783812567e-02,8.611510791366907114e+00,3.405275779376498724e-01,3.657074340527577849e+00
4.847698614178228005e-01,7.987220447284344715e-02,1.182108626198083018e-01,-9.904153354632587447e-02,9.203836930455635112e+00,-4.316546762589928282e-02,5.143884892086330929e+00
4.897266007134572496e-01,7.667731629392970927e-02,3.514376996805111675e-02,-2.034078807241746500e-01,9.659472422062350461e+00,1.031175059952038342e-01,5.318944844124700033e+00
4.946833400090916988e-01,2.342917997870074681e-02,-8.519701810436634826e-02,-3.130990415335463406e-01,9.597122302158274110e+00,8.345323741007194540e-01,5.249400479616307180e+00
4.996400793047261479e-01,-2.236421725239616520e-02,-1.725239616613418459e-01,-3.280085197018104415e-01,8.954436450839327932e+00,1.865707434052757741e+00,3.988009592326139163e+00
5.045968186003605416e-01,-7.987220447284344715e-02,-1.661341853035143701e-01,-2.460063897763578311e-01,8.347721822541966930e+00,2.405275779376498946e+00,3.083932853717026301e+00
5.095535578959949907e-01,-1.214057507987220397e-01,-7.880724174653887248e-02,-1.458998935037273681e-01,8.429256594724220619e+00,2.460431654676258795e+00,2.621103117505995339e+00
5.145102971916293289e-01,-1.906283280085196985e-01,-1.277955271565495154e-02,-8.732694355697551147e-02,9.043165467625899012e+00,2.009592326139088669e+00,3.009592326139088669e+00
5.194670364872637780e-01,-2.396166134185303553e-01,1.810436634717784918e-02,-9.371671991480298725e-02,9.565947242206235046e+00,1.925659472422062368e+00,2.688249400479616469e+00
5.244237757828982271e-01,-3.397231096911608184e-01,3.940362087326943624e-02,-1.001064962726304630e-01,9.424460431654676285e+00,2.359712230215827322e+00,3.323741007194244812e+00
5.293805150785326763e-01,-3.610223642172524228e-01,6.070287539936101984e-02,-3.407880724174654208e-02,8.983213429256593940e+00,2.678657074340527799e+00,3.153477218225419598e+00
5.343372543741671254e-01,-3.791267305644302477e-01,9.371671991480298725e-02,8.626198083067092293e-02,8.884892086330935967e+00,2.103117505995203640e+00,3.477218225419664410e+00
5.392939936698015746e-01,-3.535676251331203446e-01,1.320553780617678419e-01,1.533546325878594185e-01,9.009592326139088669e+00,1.419664268585131950e+00,3.625899280575539674e+00
5.442507329654360237e-01,-3.322683706070287402e-01,1.565495207667731703e-01,1.650692225772097954e-01,8.381294964028777272e+00,1.211031175059952059e+00,4.508393285371703030e+00
5.492074722610704729e-01,-2.332268370607028796e-01,1.629392971246006461e-01,1.980830670926517489e-01,8.695443645083932083e+00,9.568345323741007658e-01,5.556354916067146377e+00
5.541642115567049220e-01,-1.033013844515442009e-01,1.299254526091586925e-01,2.566560170394036056e-01,8.333333333333333925e+00,6.235011990407673954e-01,5.724220623501198979e+00
5.591209508523393712e-01,-4.259850905218317413e-02,6.602768903088392094e-02,2.864749733759318628e-01,8.249400479616307180e+00,5.899280575539568305e-01,5.848920863309352569e+00
5.640776901479737093e-01,-2.875399361022364098e-02,1.277955271565495154e-02,3.013844515441959637e-01,7.930455635491607147e+00,9.664268585131894351e-01,5.647482014388489624e+00
5.690344294436081585e-01,-5.537806176783812567e-02,-6.815761448349308416e-02,3.418530351437699677e-01,8.465227817745804018e+00,4.388489208633093441e-01,5.522781774580336034e+00
5.739911687392426076e-01,-4.898828541001064990e-02,-1.033013844515442009e-01,3.397231096911608184e-01,8.712230215827338142e+00,-1.606714628297362113e-01,4.014388489208633004e+00
5.789479080348770568e-01,-1.405750798722044670e-01,-6.922257720979765883e-02,2.875399361022364375e-01,8.407673860911270225e+00,-3.453237410071942626e-01,5.033573141486810343e+00
5.839046473305115059e-01,-1.139510117145899892e-01,-9.478168264110756192e-02,2.577209797657081802e-01,8.446043165467626679e+00,-2.877697841726618577e-01,4.834532374100719565e+00
5.888613866261459551e-01,-1.054313099041533502e-01,-1.363152289669861683e-01,2.555910543130990309e-01,9.127098321342925757e+00,-6.115107913669064477e-01,4.170263788968824770e+00
5.938181259217804042e-01,-1.096911608093716767e-01,-1.192758253461128903e-01,2.172523961661341763e-01,9.577937649880096771e+00,-7.817745803357314394e-01,3.793764988009592276e+00
5.987748652174148534e-01,-1.277955271565495154e-01,-9.584664536741213658e-02,1.778487752928647470e-01,9.426858513189447564e+00,-7.817745803357314394e-01,3.913669064748201532e+00
6.037316045130493025e-01,-1.352502662406815659e-01,-1.107561235356762513e-01,1.693290734824281218e-01,9.323741007194245256e+00,-1.055155875299760293e+00,3.865707434052757741e+00
6.086883438086837517e-01,-1.033013844515442009e-01,-8.839190628328008614e-02,1.363152289669861683e-01,9.366906474820144268e+00,-1.134292565947242259e+00,3.527577937649879924e+00
6.136450831043180898e-01,-8.839190628328008614e-02,-6.070287539936101984e-02,8.732694355697551147e-02,8.954436450839327932e+00,-9.280575539568345356e-01,3.846522781774580402e+00
6.186018223999525389e-01,-5.431309904153354406e-02,-6.922257720979765883e-02,4.792332268370606829e-02,9.153477218225420486e+00,-8.609112709832134058e-01,3.230215827338129397e+00
6.235585616955869881e-01,-5.111821086261980618e-02,-3.407880724174654208e-02,1.384451544195953142e-02,9.302158273381294862e+00,-7.817745803357314394e-01,3.208633093525179891e+00
6.285153009912214372e-01,-2.768903088391906284e-02,1.916932907348242732e-02,-6.389776357827475772e-03,9.223021582733812451e+00,-5.083932853717025857e-01,3.318944844124700033e+00
6.334720402868558864e-01,-1.703940362087327104e-02,4.685835995740149362e-02,3.194888178913737886e-03,9.177458033573142160e+00,-4.604316546762590168e-01,3.800959232613908778e+00
6.384287795824903355e-01,1.490947816826411129e-02,3.940362087326943624e-02,1.597444089456868943e-02,9.059952038369305072e+00,-6.354916067146283432e-01,3.676258992805755188e+00
6.433855188781247847e-01,4.153354632587859252e-02,4.898828541001064990e-02,1.064962726304579440e-03,8.956834532374100988e+00,-8.657074340527577405e-01,3.460431654676258795e+00
6.483422581737592338e-01,5.324813631522896940e-02,8.200212992545261037e-02,-4.685835995740149362e-02,8.908872901678657641e+00,-8.105515587529975585e-01,3.676258992805755188e+00
6.532989974693936830e-01,6.496272630457934627e-02,1.107561235356762513e-01,-8.839190628328008614e-02,8.851318944844123848e+00,-5.227817745803357008e-01,4.033573141486810343e+00
6.582557367650280211e-01,7.135250266240682204e-02,1.128860489882854146e-01,-9.371671991480298725e-02,8.995203836930455665e+00,-4.004796163069544446e-01,4.426858513189448452e+00
6.632124760606624703e-01,7.987220447284344715e-02,9.158679446219382403e-02,-9.797657082002129980e-02,9.081534772182253690e+00,-4.820143884892086339e-01,4.239808153477218511e+00
6.681692153562969194e-01,5.750798722044728195e-02,9.052183173588924936e-02,-1.203407880724174650e-01,9.460431654676259683e+00,-5.203836930455635335e-01,4.750599520383692820e+00
6.731259546519313686e-01,6.922257720979765883e-02,6.602768903088392094e-02,-1.267305644302449408e-01,8.503597122302158695e+00,-8.153477218225420320e-02,5.107913669064748419e+00
6.780826939475658177e-01,8.519701810436634826e-02,-9.584664536741213658e-03,-1.064962726304579388e-01,8.820143884892086561e+00,-1.798561151079136611e-01,4.374100719424460770e+00
6.830394332432002669e-01,8.200212992545261037e-02,-1.597444089456868943e-02,-1.267305644302449408e-01,8.846522781774579514e+00,-2.877697841726618577e-01,3.640287769784172678e+00
6.879961725388347160e-01,7.135250266240682204e-02,4.153354632587859252e-02,-1.799787007454738963e-01,8.604316546762589724e+00,6.474820143884892076e-02,3.964028776978417046e+00
6.929529118344691652e-01,7.028753993610223350e-02,5.111821086261980618e-02,-2.002129925452609260e-01,8.700239808153476417e+00,4.724220623501199090e-01,4.424460431654676285e+00
6.979096511301036143e-01,9.691160809371672513e-02,4.685835995740149362e-02,-1.810436634717784987e-01,8.844124700239808234e+00,6.762589928057554101e-01,3.944844124700239707e+00
7.028663904257380635e-01,1.022364217252396124e-01,1.139510117145899892e-01,-1.448349307774227934e-01,8.354916067146282543e+00,1.083932853717026301e+00,4.750599520383692820e+00
7.078231297213724016e-01,1.384451544195953177e-01,1.160809371671991524e-01,-7.880724174653887248e-02,8.366906474820144268e+00,1.326139088729016757e+00,5.820143884892086561e+00
7.127798690170068507e-01,2.002129925452609260e-01,1.277955271565495154e-02,8.519701810436635520e-03,8.455635491606715348e+00,1.143884892086330929e+00,5.249400479616307180e+00
7.177366083126412999e-01,2.087326943556975511e-01,-5.005324813631523151e-02,6.496272630457934627e-02,8.868105515587529908e+00,9.208633093525180335e-01,4.366906474820144268e+00
7.226933476082757490e-01,1.874334398296059745e-01,-4.685835995740149362e-02,7.135250266240682204e-02,8.724220623501199867e+00,1.225419664268585063e+00,4.211031175059951615e+00
7.276500869039101982e-01,1.831735889243876481e-01,-4.153354632587859252e-02,1.022364217252396124e-01,8.625899280575540118e+00,1.494004796163069582e+00,3.868105515587529908e+00
7.326068261995446473e-01,1.640042598509052207e-01,-4.259850905218317413e-02,1.597444089456868943e-01,9.043165467625899012e+00,1.158273381294963933e+00,3.539568345323741205e+00
7.375635654951790965e-01,1.512247071352502692e-01,-1.277955271565495154e-02,1.831735889243876481e-01,9.359712230215826878e+00,7.673860911270983243e-01,3.225419664268585063e+00
7.425203047908135456e-01,1.256656017039403661e-01,3.407880724174654208e-02,1.778487752928647470e-01,9.333333333333333925e+00,6.522781774580336256e-01,3.553956834532374209e+00
7.474770440864479948e-01,1.182108626198083018e-01,5.005324813631523151e-02,1.799787007454738963e-01,9.105515587529975363e+00,7.266187050359712574e-01,3.784172661870503607e+00
7.524337833820824439e-01,1.182108626198083018e-01,5.111821086261980618e-02,2.076677316293929765e-01,9.079136690647482411e+00,6.618705035971222950e-01,3.863309352517985573e+00
7.573905226777167821e-01,1.299254526091586925e-01,5.963791267305644517e-02,2.225772097976570774e-01,9.201438848920863833e+00,3.525179856115107646e-01,4.052757793764987682e+00
7.623472619733512312e-01,1.490947816826411199e-01,6.922257720979765883e-02,2.140575079872204523e-01,9.779376498800958828e+00,1.103117505995203779e-01,3.829736211031175230e+00
7.673040012689856804e-01,1.416400425985090417e-01,9.052183173588924936e-02,2.002129925452609260e-01,1.000959232613908867e+01,3.836930455635491344e-02,4.362110311750599934e+00
7.722607405646201295e-01,1.799787007454738963e-01,1.150159744408945639e-01,2.055378061767837994e-01,1.008153477218225369e+01,1.582733812949640162e-01,4.386091127098321607e+00
7.772174798602545787e-01,1.991480298189563236e-01,1.203407880724174650e-01,2.364217252396166036e-01,1.035971223021582688e+01,6.714628297362110199e-02,4.681055155875299967e+00
7.821742191558890278e-01,2.502662406815761575e-01,1.139510117145899892e-01,2.587859424920127549e-01,1.033812949640287826e+01,1.510791366906474864e-01,4.211031175059951615e+00
7.871309584515234770e-01,2.747603833865814860e-01,1.224707135250266282e-01,2.822151224707135087e-01,1.022541966426858551e+01,2.086330935251798635e-01,4.081534772182254578e+00
7.920876977471579261e-01,3.205537806176783633e-01,1.373801916932907430e-01,3.120340788072417659e-01,1.033573141486810520e+01,1.534772182254196538e-01,3.604316546762589724e+00
7.970444370427923753e-01,3.588924387646432179e-01,1.778487752928647470e-01,3.280085197018104415e-01,1.054436450839328465e+01,-7.673860911270982688e-02,3.064748201438848962e+00
8.020011763384268244e-01,3.844515441959531210e-01,2.523961661341853069e-01,3.013844515441959637e-01,1.049880095923261436e+01,-8.153477218225420320e-02,2.906474820143885029e+00
8.069579156340611625e-01,3.908413205537806245e-01,3.312034078807241655e-01,2.566560170394036056e-01,1.021342925659472378e+01,3.237410071942445899e-01,3.352517985611510820e+00
8.119146549296956117e-01,3.791267305644302477e-01,3.493077742279020459e-01,2.406815761448349300e-01,9.942446043165467984e+00,5.227817745803357008e-01,4.047961630695443347e+00
8.168713942253300608e-01,3.727369542066027441e-01,3.120340788072417659e-01,2.460063897763578311e-01,9.784172661870503163e+00,3.621103117505995450e-01,3.577937649880095883e+00
8.218281335209645100e-01,3.322683706070287402e-01,3.194888178913737886e-01,2.225772097976570774e-01,9.705035971223020752e+00,7.673860911270982688e-02,3.270983213429256686e+00
8.267848728165989591e-01,2.875399361022364375e-01,3.844515441959531210e-01,1.608093716719914690e-01,9.635491606714628787e+00,1.294964028776978415e-01,3.410071942446043280e+00
8.317416121122334083e-01,2.225772097976570774e-01,4.227902023429179756e-01,1.118210862619808260e-01,9.510791366906474309e+00,2.733812949640287981e-01,4.115107913669064921e+00
8.366983514078678574e-01,1.703940362087326965e-01,4.014909478168264267e-01,8.306709265175718504e-02,9.419664268585131950e+00,3.333333333333333148e-01,4.316546762589927866e+00
8.416550907035023066e-01,1.224707135250266282e-01,3.631522896698615721e-01,5.750798722044728195e-02,9.249400479616307180e+00,3.573141486810551548e-01,3.928057553956834536e+00
8.466118299991367557e-01,9.797657082002129980e-02,3.791267305644302477e-01,3.194888178913737886e-02,9.163069544364509156e+00,5.491606714628297636e-01,3.539568345323741205e+00
8.515685692947712049e-01,7.987220447284344715e-02,4.440894568690095801e-01,3.407880724174654208e-02,9.194244604316546443e+00,7.673860911270983243e-01,3.458033573141486627e+00
8.565253085904055430e-01,5.857294994675186356e-02,5.047923322683706138e-01,6.922257720979765883e-02,9.314148681055156587e+00,7.553956834532373765e-01,4.086330935251798913e+00
8.614820478860399922e-01,5.431309904153354406e-02,5.335463258785942964e-01,1.011714589989350377e-01,9.230215827338129841e+00,5.227817745803357008e-01,4.232613908872902009e+00
8.664387871816744413e-01,2.449414270500532495e-02,5.356762513312034457e-01,1.107561235356762513e-01,9.266187050359711463e+00,7.673860911270982688e-02,4.772182254196642326e+00
8.713955264773088905e-01,1.916932907348242732e-02,5.228966986155484387e-01,8.200212992545261037e-02,9.083932853717026745e+00,6.474820143884892076e-02,4.738609112709831983e+00
8.763522657729433396e-01,-1.597444089456868943e-02,5.026624068157614644e-01,6.602768903088392094e-02,8.621103117505995783e+00,2.206235011990407557e-01,5.184652278177457774e+00
8.813090050685777888e-01,-2.129925452609158880e-03,4.856230031948881587e-01,7.454739084132055993e-02,8.606714628297362779e+00,2.374100719424460382e-01,5.326139088729016535e+00
8.862657443642122379e-01,-7.454739084132055646e-03,4.526091586794462329e-01,1.011714589989350377e-01,8.498800959232614360e+00,3.357314148681055099e-02,5.736211031175059816e+00
8.912224836598466871e-01,1.171458998935037341e-02,4.100106496272630241e-01,1.171458998935037271e-01,8.685851318944843413e+00,-2.422062350119904006e-01,6.299760191846522694e+00
8.961792229554811362e-01,3.407880724174654208e-02,3.312034078807241655e-01,1.022364217252396124e-01,8.625899280575540118e+00,-2.206235011990407557e-01,6.436450839328537121e+00
9.011359622511155854e-01,3.514376996805111675e-02,2.279020234291799785e-01,8.093716719914803570e-02,8.398081534772181556e+00,-8.153477218225420320e-02,6.707434052757793808e+00
9.060927015467499235e-01,6.922257720979765883e-02,1.384451544195953177e-01,7.774227902023429781e-02,8.117505995203837088e+00,1.438848920863309289e-01,6.287769784172661858e+00
9.110494408423843726e-01,7.667731629392970927e-02,7.348242811501597138e-02,8.732694355697551147e-02,8.213429256594723782e+00,9.832134292565947176e-02,6.621103117505994895e+00
9.160061801380188218e-01,1.096911608093716767e-01,-4.259850905218317760e-03,9.584664536741213658e-02,8.426858513189447564e+00,1.414868105515587615e-01,6.436450839328537121e+00
9.209629194336532709e-01,1.096911608093716767e-01,-1.011714589989350377e-01,9.478168264110756192e-02,8.498800959232614360e+00,3.213429256594724226e-01,6.340527577937649539e+00
9.259196587292877201e-01,1.192758253461128903e-01,-1.884984025559105492e-01,9.904153354632587447e-02,8.573141486810552436e+00,6.642685851318944623e-01,5.762589928057553657e+00
9.308763980249221692e-01,1.128860489882854146e-01,-2.385516506922257807e-01,1.288604898828540901e-01,8.561151079136690711e+00,9.832134292565947176e-01,5.266187050359712352e+00
9.358331373205566184e-01,1.075612353567625135e-01,-2.566560170394036056e-01,1.884984025559105492e-01,8.664268585131894795e+00,9.856115107913668849e-01,5.127098321342925757e+00
9.407898766161910675e-01,1.022364217252396124e-01,-2.673056443024494078e-01,2.481363152289669805e-01,8.964028776978416602e+00,7.218225419664268117e-01,4.937649880095923649e+00
9.457466159118255167e-01,7.454739084132055993e-02,-2.896698615548455868e-01,2.726304579339723366e-01,9.199040767386090778e+00,4.700239808153477417e-01,5.040767386091126845e+00
9.507033552074598548e-01,4.792332268370606829e-02,-3.194888178913737886e-01,2.726304579339723366e-01,9.167865707434053490e+00,5.011990407673860837e-01,4.676258992805755632e+00
9.556600945030943040e-01,2.129925452609158880e-03,-3.397231096911608184e-01,2.768903088391906353e-01,9.112709832134292753e+00,5.587529976019184330e-01,4.573141486810551548e+00
9.606168337987287531e-01,-2.449414270500532495e-02,-3.343982960596378895e-01,2.907348242811501615e-01,9.290167865707434913e+00,4.052757793764987793e-01,4.237410071942446343e+00
9.655735730943632023e-01,-5.857294994675186356e-02,-3.077742279020234117e-01,3.035143769968051131e-01,9.486810551558752636e+00,2.637889688249400386e-02,4.419664268585131950e+00
9.705303123899976514e-01,-7.774227902023429781e-02,-2.886048988285410122e-01,2.907348242811501615e-01,9.477218225419663966e+00,-2.398081534772182333e-01,4.616306954436450560e+00
9.754870516856321006e-01,-1.064962726304579388e-01,-3.003194888178913891e-01,2.566560170394036056e-01,9.292565947242206192e+00,-2.901678657074340251e-01,4.863309352517985573e+00
9.804437909812665497e-01,-1.256656017039403661e-01,-3.301384451544195908e-01,2.236421725239616520e-01,9.064748201438849406e+00,-2.494004796163069582e-01,4.836930455635491732e+00
9.854005302769009988e-01,-1.331203407880724165e-01,-3.546325878594249192e-01,2.055378061767837994e-01,8.980815347721822661e+00,-2.805755395683453002e-01,4.623501199040767062e+00
9.903572695725354480e-01,-1.416400425985090417e-01,-3.695420660276890201e-01,1.853035143769967974e-01,9.076738609112709355e+00,-4.076738609112710021e-01,4.609112709832134058e+00
9.953140088681698971e-01,-1.427050053248136441e-01,-3.844515441959531210e-01,1.544195953141639932e-01,9.225419664268585507e+00,-4.820143884892086339e-01,4.419664268585131950e+00
1.000270748163804457e+00,-1.490947816826411199e-01,-4.057507987220447254e-01,1.182108626198083018e-01,9.282973621103117523e+00,-4.268585131894484519e-01,4.386091127098321607e+00
1.005227487459438906e+00,-1.373801916932907430e-01,-4.185303514376996770e-01,8.626198083067092293e-02,9.304556354916067917e+00,-3.141486810551558650e-01,4.026378896882493841e+00
1.010184226755073356e+00,-1.341853035143769912e-01,-4.110756123535675988e-01,7.135250266240682204e-02,9.306954436450839196e+00,-3.141486810551558650e-01,3.812949640287769615e+00
1.015140966050707805e+00,-1.171458998935037271e-01,-3.823216187433439717e-01,6.176783812566560145e-02,9.465227817745804018e+00,-2.997601918465228055e-01,3.616306954436451004e+00
1.020097705346342254e+00,-1.107561235356762513e-01,-3.525026624068157699e-01,4.685835995740149362e-02,9.645083932853717457e+00,-2.973621103117505826e-01,3.561151079136690711e+00
1.025054444641976481e+00,-1.107561235356762513e-01,-3.333333333333333148e-01,2.449414270500532495e-02,9.599520383693045389e+00,-1.390887290167865664e-01,3.446043165467625791e+00
1.030011183937610930e+00,-1.182108626198083018e-01,-3.099041533546325611e-01,9.584664536741213658e-03,9.568345323741006325e+00,1.031175059952038342e-01,3.151079136690647431e+00
1.034967923233245379e+00,-1.341853035143769912e-01,-2.694355697550585571e-01,8.519701810436635520e-03,9.601918465227818444e+00,2.038369304556355011e-01,3.043165467625899456e+00
1.039924662528879828e+00,-1.437699680511182188e-01,-2.129925452609158776e-01,1.384451544195953142e-02,9.597122302158274110e+00,8.153477218225420320e-02,3.079136690647481966e+00
1.044881401824514278e+00,-1.490947816826411199e-01,-1.629392971246006461e-01,1.597444089456868943e-02,9.589928057553956720e+00,-1.534772182254196538e-01,3.412470023980815448e+00
1.049838141120148727e+00,-1.458998935037273681e-01,-1.363152289669861683e-01,6.389776357827475772e-03,9.520383693045562978e+00,-2.494004796163069582e-01,3.637889688249400511e+00
1.054794880415783176e+00,-1.384451544195953177e-01,-1.299254526091586925e-01,-6.389776357827475772e-03,9.314148681055156587e+00,-2.134292565947242259e-01,3.829736211031175230e+00
1.059751619711417625e+00,-1.128860489882854146e-01,-1.267305644302449408e-01,-5.324813631522896766e-03,9.175059952038369104e+00,-1.486810551558752913e-01,3.851318944844124736e+00
1.064708359007052074e+00,-8.200212992545261037e-02,-1.203407880724174650e-01,8.519701810436635520e-03,9.179856115107913439e+00,-2.565947242206235157e-01,3.870503597122302075e+00
1.069665098302686523e+00,-5.111821086261980618e-02,-1.139510117145899892e-01,1.277955271565495154e-02,9.247002398081534125e+00,-4.196642685851318944e-01,3.937649880095923205e+00
1.074621837598320973e+00,-1.810436634717784918e-02,-1.128860489882854146e-01,-1.064962726304579440e-03,9.251798561151078459e+00,-5.227817745803357008e-01,4.062350119904076351e+00
1.079578576893955422e+00,1.064962726304579353e-02,-1.246006389776357776e-01,-2.129925452609158706e-02,9.208633093525179447e+00,-4.700239808153477417e-01,4.134292565947242259e+00
1.084535316189589871e+00,4.153354632587859252e-02,-1.363152289669861683e-01,-3.727369542066027996e-02,9.175059952038369104e+00,-3.908872901678657197e-01,3.992805755395683498e+00
1.089492055485224320e+00,6.602768903088392094e-02,-1.299254526091586925e-01,-4.366347177848775574e-02,9.141486810551558762e+00,-3.860911270983213295e-01,3.944844124700239707e+00
1.094448794780858769e+00,8.945686900958466081e-02,-1.160809371671991524e-01,-5.005324813631523151e-02,9.163069544364509156e+00,-4.580335731414867939e-01,3.930455635491606703e+00
1.099405534076493218e+00,9.904153354632587447e-02,-1.139510117145899892e-01,-7.348242811501597138e-02,9.225419664268585507e+00,-4.268585131894484519e-01,4.081534772182254578e+00
1.104362273372127667e+00,1.064962726304579388e-01,-1.246006389776357776e-01,-1.001064962726304630e-01,9.230215827338129841e+00,-3.021582733812949728e-01,4.050359712230215514e+00
1.109319012667762117e+00,1.054313099041533502e-01,-1.320553780617678419e-01,-1.182108626198083018e-01,9.167865707434053490e+00,-1.894484412470023860e-01,3.904076738609112862e+00
1.114275751963396566e+00,9.904153354632587447e-02,-1.267305644302449408e-01,-1.299254526091586925e-01,9.179856115107913439e+00,-3.836930455635491344e-02,3.755395683453237599e+00
1.119232491259031015e+00,8.839190628328008614e-02,-1.118210862619808260e-01,-1.427050053248136441e-01,9.201438848920863833e+00,1.223021582733812979e-01,3.705035971223021640e+00
1.124189230554665242e+00,7.241746538871139671e-02,-1.001064962726304630e-01,-1.469648562300319428e-01,9.196642685851319499e+00,2.565947242206235157e-01,3.741007194244604150e+00
1.129145969850299691e+00,5.750798722044728195e-02,-9.052183173588924936e-02,-1.416400425985090417e-01,9.151079136690647431e+00,3.669064748201438797e-01,3.741007194244604150e+00
1.134102709145934140e+00,4.153354632587859252e-02,-7.774227902023429781e-02,-1.299254526091586925e-01,9.170263788968824770e+00,4.508393285371702364e-01,3.676258992805755188e+00
1.139059448441568589e+00,2.662406815761448470e-02,-6.070287539936101984e-02,-1.171458998935037271e-01,9.191846522781775164e+00,5.371702637889688159e-01,3.642685851318944845e+00
1.144016187737203039e+00,4.259850905218317760e-03,-3.727369542066027996e-02,-9.691160809371672513e-02,9.179856115107913439e+00,5.779376498800958828e-01,3.685851318944844301e+00
1.148972927032837488e+00,-1.597444089456868943e-02,-1.384451544195953142e-02,-7.667731629392970927e-02,9.153477218225420486e+00,4.844124700239808012e-01,3.748201438848920652e+00
1.153929666328471937e+00,-3.407880724174654208e-02,6.389776357827475772e-03,-6.709265175718849561e-02,9.127098321342925757e+00,2.613908872901678504e-01,3.932853717026378870e+00
1.158886405624106386e+00,-4.046858359957401785e-02,1.597444089456868943e-02,-6.602768903088392094e-02,9.064748201438849406e+00,2.398081534772182263e-02,4.115107913669064921e+00
1.163843144919740835e+00,-3.620873269435569836e-02,1.384451544195953142e-02,-7.561235356762513460e-02,8.992805755395682610e+00,-2.158273381294964141e-02,4.261390887290168017e+00
1.168799884215375284e+00,-2.555910543130990309e-02,8.519701810436635520e-03,-8.519701810436634826e-02,8.952038369304556653e+00,-4.796163069544364527e-02,4.318944844124700033e+00
1.173756623511009733e+00,-5.324813631522896766e-03,5.324813631522896766e-03,-8.626198083067092293e-02,9.057553956834532016e+00,-1.318944844124700366e-01,4.352517985611510376e+00
1.178713362806644183e+00,1.703940362087327104e-02,8.519701810436635520e-03,-8.839190628328008614e-02,9.177458033573142160e+00,-2.757793764988009655e-01,4.398081534772182444e+00
1.183670102102278632e+00,4.472843450479233041e-02,1.703940362087327104e-02,-9.797657082002129980e-02,9.100719424460431028e+00,-3.045563549160671402e-01,4.525179856115108201e+00
1.188626841397913081e+00,7.135250266240682204e-02,1.597444089456868943e-02,-1.118210862619808260e-01,8.889688249400480302e+00,-2.398081534772182333e-01,4.800959232613909222e+00
1.193583580693547530e+00,9.584664536741213658e-02,0.000000000000000000e+00,-1.160809371671991524e-01,8.700239808153476417e+00,-1.462829736211031240e-01,4.990407673860911331e+00
1.198540319989181979e+00,1.182108626198083018e-01,-3.088391906283280072e-02,-1.150159744408945639e-01,8.666666666666666075e+00,-1.151079136690647542e-01,5.031175059952038175e+00
1.203497059284816428e+00,1.277955271565495154e-01,-6.922257720979765883e-02,-1.214057507987220397e-01,8.628297362110311397e+00,-8.872901678657074687e-02,4.983213429256594829e+00
1.208453798580450878e+00,1.246006389776357776e-01,-1.086261980830670881e-01,-1.352502662406815659e-01,8.577937649880096771e+00,9.592326139088728360e-03,4.896882494004795916e+00
1.213410537876085327e+00,1.192758253461128903e-01,-1.458998935037273681e-01,-1.480298189563365174e-01,8.546762589928057707e+00,1.630695443645084064e-01,4.769784172661870159e+00
1.218367277171719776e+00,1.043663471778487756e-01,-1.810436634717784987e-01,-1.554845580404685956e-01,8.594724220623501054e+00,2.422062350119904006e-01,4.587529976019184552e+00
1.223324016467354003e+00,8.839190628328008614e-02,-1.970181043663471743e-01,-1.586794462193823196e-01,8.477218225419663966e+00,3.429256594724220397e-01,4.505995203836930862e+00
1.228280755762988452e+00,6.815761448349308416e-02,-2.034078807241746500e-01,-1.576144834930777450e-01,8.570743405275779381e+00,2.781774580335731328e-01,4.515587529976019532e+00
1.233237495058622901e+00,5.537806176783812567e-02,-2.193823216187433534e-01,-1.608093716719914690e-01,8.649880095923261791e+00,2.398081534772182333e-01,4.414868105515587615e+00
1.238194234354257350e+00,3.620873269435569836e-02,-2.417465388711395047e-01,-1.693290734824281218e-01,8.494004796163070026e+00,3.405275779376498724e-01,4.247002398081535013e+00
1.243150973649891800e+00,1.916932907348242732e-02,-2.481363152289669805e-01,-1.735889243876464205e-01,8.446043165467626679e+00,5.275779376498801465e-01,4.050359712230215514e+00
1.248107712945526249e+00,4.259850905218317760e-03,-2.406815761448349300e-01,-1.618743343982960714e-01,8.541966426858513373e+00,6.354916067146283432e-01,3.877697841726618577e+00
1.253064452241160698e+00,-9.584664536741213658e-03,-2.247071352502662545e-01,-1.469648562300319428e-01,8.676258992805754744e+00,5.875299760191846632e-01,3.846522781774580402e+00
1.258021191536795147e+00,-2.023429179978700893e-02,-2.034078807241746500e-01,-1.320553780617678419e-01,8.714628297362111198e+00,5.203836930455635335e-01,3.880095923261390745e+00
1.262977930832429596e+00,-2.555910543130990309e-02,-1.789137380191693216e-01,-1.192758253461128903e-01,8.681055155875299079e+00,4.172661870503597270e-01,4.067146282973620686e+00
1.267934670128064045e+00,-1.810436634717784918e-02,-1.693290734824281218e-01,-1.086261980830670881e-01,8.575539568345323715e+00,3.525179856115107646e-01,4.187050359712229941e+00
1.272891409423698494e+00,-3.194888178913737886e-03,-1.682641107561235472e-01,-1.022364217252396124e-01,8.453237410071942293e+00,3.093525179856115304e-01,4.287769784172661858e+00
1.277848148719332944e+00,2.023429179978700893e-02,-1.746538871139510229e-01,-9.158679446219382403e-02,8.335731414868105205e+00,3.261390887290168128e-01,4.316546762589927866e+00
1.282804888014967393e+00,4.579339723109691201e-02,-1.831735889243876481e-01,-7.454739084132055993e-02,8.266187050359711463e+00,3.285371702637889801e-01,4.390887290167865942e+00
1.287761627310601842e+00,7.241746538871139671e-02,-1.959531416400425996e-01,-6.070287539936101984e-02,8.218225419664268117e+00,2.997601918465228055e-01,4.400479616306954611e+00
1.292718366606236291e+00,8.839190628328008614e-02,-2.108626198083067005e-01,-5.431309904153354406e-02,8.237410071942445455e+00,2.949640287769784153e-01,4.347721822541966041e+00
1.297675105901870740e+00,9.158679446219382403e-02,-2.236421725239616520e-01,-5.324813631522896940e-02,8.249400479616307180e+00,3.477218225419664299e-01,4.194244604316546443e+00
1.302631845197505189e+00,9.584664536741213658e-02,-2.332268370607028796e-01,-5.644302449414270728e-02,8.254196642685851515e+00,4.268585131894484519e-01,3.997601918465227833e+00
1.307588584493139638e+00,9.265175718849839870e-02,-2.364217252396166036e-01,-5.111821086261980618e-02,8.249400479616307180e+00,5.155875299760191988e-01,3.882494004796162912e+00
1.312545323788774088e+00,8.413205537806177359e-02,-2.300319488817891278e-01,-4.472843450479233041e-02,8.263788968824940184e+00,5.563549160671462657e-01,3.745803357314148485e+00
1.317502063084408315e+00,7.028753993610223350e-02,-2.193823216187433534e-01,-4.153354632587859252e-02,8.299760191846523583e+00,5.659472422062350461e-01,3.681055155875299967e+00
1.322458802380042764e+00,5.111821086261980618e-02,-2.097976570820021258e-01,-4.153354632587859252e-02,8.333333333333333925e+00,6.091127098321342803e-01,3.577937649880095883e+00
1.327415541675677213e+00,2.662406815761448470e-02,-1.948881789137380249e-01,-3.833865814696485463e-02,8.374100719424459882e+00,6.978417266187050272e-01,3.484412470023980912e+00
1.332372280971311662e+00,9.584664536741213658e-03,-1.703940362087326965e-01,-2.662406815761448470e-02,8.386091127098321607e+00,6.930455635491606925e-01,3.417266187050359783e+00
1.337329020266946111e+00,-3.194888178913737886e-03,-1.373801916932907430e-01,-1.171458998935037341e-02,8.376498800959232938e+00,6.570743405275779603e-01,3.436450839328537121e+00
1.342285759562580560e+00,-5.324813631522896766e-03,-1.054313099041533502e-01,3.194888178913737886e-03,8.345323741007193874e+00,5.875299760191846632e-01,3.553956834532374209e+00
1.347242498858215010e+00,2.129925452609158880e-03,-8.093716719914803570e-02,2.768903088391906284e-02,8.249400479616307180e+00,4.748201438848920763e-01,3.733812949640287648e+00
1.352199238153849459e+00,1.810436634717784918e-02,-6.602768903088392094e-02,4.792332268370606829e-02,8.211031175059952503e+00,3.141486810551558650e-01,3.906474820143885029e+00
1.357155977449483908e+00,3.620873269435569836e-02,-6.389776357827475772e-02,5.324813631522896940e-02,8.211031175059952503e+00,1.390887290167865664e-01,4.038369304556354678e+00
1.362112716745118357e+00,5.537806176783812567e-02,-7.135250266240682204e-02,5.005324813631523151e-02,8.215827338129496837e+00,3.357314148681055099e-02,4.100719424460431917e+00
1.367069456040752806e+00,7.135250266240682204e-02,-8.200212992545261037e-02,4.259850905218317413e-02,8.191846522781775164e+00,2.637889688249400386e-02,4.088729016786571080e+00
1.372026195336387255e+00,8.306709265175718504e-02,-8.732694355697551147e-02,3.301384451544196047e-02,8.131894484412470092e+00,5.995203836930455832e-02,4.083932853717026745e+00
1.376982934632021705e+00,9.265175718849839870e-02,-9.584664536741213658e-02,2.875399361022364098e-02,8.139088729016785706e+00,5.515587529976018893e-02,4.112709832134292753e+00
1.381939673927656154e+00,1.001064962726304630e-01,-1.064962726304579388e-01,2.236421725239616520e-02,8.218225419664268117e+00,3.836930455635491344e-02,4.055155875299759849e+00
1.386896413223290603e+00,1.011714589989350377e-01,-1.192758253461128903e-01,9.584664536741213658e-03,8.270983213429255798e+00,1.318944844124700366e-01,3.925659472422062368e+00
1.391853152518925052e+00,9.265175718849839870e-02,-1.256656017039403661e-01,-2.129925452609158880e-03,8.268585131894484519e+00,3.093525179856115304e-01,3.733812949640287648e+00
1.396809891814559501e+00,8.200212992545261037e-02,-1.224707135250266282e-01,1.064962726304579440e-03,8.323741007194245256e+00,4.940047961630695261e-01,3.539568345323741205e+00
1.401766631110193950e+00,6.070287539936101984e-02,-1.064962726304579388e-01,1.490947816826411129e-02,8.366906474820144268e+00,5.995203836930456109e-01,3.398081534772182444e+00
1.406723370405828399e+00,3.727369542066027996e-02,-7.987220447284344715e-02,2.981895633652822258e-02,8.424460431654676285e+00,6.139088729016786150e-01,3.350119904076738653e+00
1.411680109701462849e+00,1.703940362087327104e-02,-5.431309904153354406e-02,4.579339723109691201e-02,8.470023980815348352e+00,5.779376498800958828e-01,3.455635491606714460e+00
1.416636848997097076e+00,-2.129925452609158880e-03,-4.046858359957401785e-02,5.963791267305644517e-02,8.453237410071942293e+00,5.395683453237409832e-01,3.534772182254196426e+00
1.421593588292731525e+00,-1.384451544195953142e-02,-3.407880724174654208e-02,7.667731629392970927e-02,8.386091127098321607e+00,5.467625899280575963e-01,3.527577937649879924e+00
1.426550327588365974e+00,-2.342917997870074681e-02,-2.129925452609158706e-02,9.904153354632587447e-02,8.328537170263789591e+00,5.203836930455635335e-01,3.522781774580335590e+00
1.431507066884000423e+00,-2.555910543130990309e-02,-6.389776357827475772e-03,1.214057507987220397e-01,8.306954436450839196e+00,4.652278177458033515e-01,3.642685851318944845e+00
1.436463806179634872e+00,-2.981895633652822258e-02,-1.064962726304579440e-03,1.363152289669861683e-01,8.364508393285371213e+00,3.261390887290168128e-01,3.788968824940047941e+00
1.441420545475269321e+00,-3.620873269435569836e-02,-4.259850905218317760e-03,1.448349307774227934e-01,8.407673860911270225e+00,1.702637889688249362e-01,3.896882494004796360e+00
1.446377284770903771e+00,-4.046858359957401785e-02,-1.384451544195953142e-02,1.427050053248136441e-01,8.388489208633092886e+00,6.954436450839328321e-02,3.940047961630695372e+00
1.451334024066538220e+00,-3.727369542066027996e-02,-1.916932907348242732e-02,1.373801916932907430e-01,8.366906474820144268e+00,9.592326139088728360e-03,3.952038369304556209e+00
1.456290763362172669e+00,-3.407880724174654208e-02,-2.449414270500532495e-02,1.309904153354632672e-01,8.402877697841725890e+00,-7.673860911270982688e-02,4.014388489208633004e+00
1.461247502657807118e+00,-2.981895633652822258e-02,-3.301384451544196047e-02,1.235356762513312029e-01,8.395683453237410276e+00,-1.678657074340527688e-01,4.076738609112710243e+00
1.466204241953441567e+00,-2.342917997870074681e-02,-4.685835995740149362e-02,1.096911608093716767e-01,8.431654676258993675e+00,-2.302158273381295084e-01,4.122302158273381423e+00
1.471160981249076016e+00,-1.810436634717784918e-02,-6.922257720979765883e-02,9.478168264110756192e-02,8.374100719424459882e+00,-1.942446043165467762e-01,4.127098321342925757e+00
1.476117720544710465e+00,-8.519701810436635520e-03,-9.265175718849839870e-02,7.880724174653887248e-02,8.390887290167865942e+00,-8.633093525179856564e-02,4.016786570743405171e+00
1.481074459840344915e+00,2.129925452609158880e-03,-1.118210862619808260e-01,7.135250266240682204e-02,8.458033573141486627e+00,7.194244604316547137e-03,3.829736211031175230e+00
1.486031199135979364e+00,8.519701810436635520e-03,-1.203407880724174650e-01,6.815761448349308416e-02,8.541966426858513373e+00,8.633093525179856564e-02,3.664268585131894351e+00
1.490987938431613813e+00,7.454739084132055646e-03,-1.182108626198083018e-01,7.028753993610223350e-02,8.594724220623501054e+00,1.678657074340527688e-01,3.498800959232613916e+00
1.495944677727248262e+00,4.259850905218317760e-03,-1.096911608093716767e-01,7.135250266240682204e-02,8.661870503597121740e+00,1.942446043165467762e-01,3.414868105515587615e+00
1.500901417022882711e+00,-6.389776357827475772e-03,-1.011714589989350377e-01,7.135250266240682204e-02,8.729016786570744202e+00,1.654676258992805737e-01,3.388489208633093330e+00
1.505858156318517160e+00,-1.810436634717784918e-02,-9.265175718849839870e-02,7.028753993610223350e-02,8.697841726618705138e+00,2.038369304556355011e-01,3.412470023980815448e+00
1.510814895614151609e+00,-3.301384451544196047e-02,-8.306709265175718504e-02,7.028753993610223350e-02,8.693045563549160804e+00,1.774580335731414937e-01,3.448441247002397958e+00
1.515771634909785837e+00,-4.685835995740149362e-02,-8.200212992545261037e-02,6.709265175718849561e-02,8.678657074340527799e+00,1.103117505995203779e-01,3.474820143884892243e+00
1.520728374205420286e+00,-6.176783812566560145e-02,-8.093716719914803570e-02,5.750798722044728195e-02,8.690647482014387748e+00,4.076738609112710160e-02,3.494004796163069582e+00
1.525685113501054735e+00,-8.200212992545261037e-02,-8.093716719914803570e-02,4.579339723109691201e-02,8.767386091127098879e+00,1.438848920863309427e-02,3.467625899280575741e+00
1.530641852796689184e+00,-1.001064962726304630e-01,-7.880724174653887248e-02,2.981895633652822258e-02,8.796163069544364888e+00,3.357314148681055099e-02,3.446043165467625791e+00
1.535598592092323633e+00,-1.171458998935037271e-01,-7.561235356762513460e-02,1.916932907348242732e-02,8.829736211031175230e+00,3.836930455635491344e-02,3.462829736211030962e+00
1.540555331387958082e+00,-1.267305644302449408e-01,-6.815761448349308416e-02,8.519701810436635520e-03,8.872901678657074243e+00,-9.592326139088728360e-03,3.508393285371702586e+00
1.545512070683592531e+00,-1.320553780617678419e-01,-6.283280085197018305e-02,-4.259850905218317760e-03,8.872901678657074243e+00,-2.637889688249400386e-02,3.549160671462829875e+00
1.550468809979226981e+00,-1.299254526091586925e-01,-6.389776357827475772e-02,-1.277955271565495154e-02,8.832134292565946510e+00,2.877697841726618855e-02,3.565947242206235046e+00
1.555425549274861430e+00,-1.182108626198083018e-01,-6.389776357827475772e-02,-1.597444089456868943e-02,8.865707434052758629e+00,3.597122302158273222e-02,3.534772182254196426e+00
1.560382288570495879e+00,-1.011714589989350377e-01,-5.644302449414270728e-02,-1.171458998935037341e-02,8.947242206235012318e+00,2.158273381294964141e-02,3.501199040767386084e+00
1.565339027866130328e+00,-8.626198083067092293e-02,-4.579339723109691201e-02,-8.519701810436635520e-03,9.026378896882494729e+00,-1.438848920863309427e-02,3.496402877697841749e+00
1.570295767161764777e+00,-6.709265175718849561e-02,-3.727369542066027996e-02,-9.584664536741213658e-03,9.021582733812950394e+00,-7.194244604316546443e-02,3.573141486810551548e+00
1.575252506457399226e+00,-4.366347177848775574e-02,-3.088391906283280072e-02,-7.454739084132055646e-03,8.990407673860911331e+00,-7.434052757793764565e-02,3.565947242206235046e+00
1.580209245753033676e+00,-1.810436634717784918e-02,-2.981895633652822258e-02,-5.324813631522896766e-03,8.956834532374100988e+00,-1.007194244604316530e-01,3.606714628297361891e+00
1.585165985048668125e+00,7.454739084132055646e-03,-2.875399361022364098e-02,0.000000000000000000e+00,8.935251798561150594e+00,-7.913669064748200810e-02,3.630695443645084008e+00
1.590122724344302574e+00,3.301384451544196047e-02,-2.768903088391906284e-02,8.519701810436635520e-03,8.935251798561150594e+00,-7.913669064748200810e-02,3.585131894484412385e+00
1.595079463639937023e+00,4.898828541001064990e-02,-2.555910543130990309e-02,1.171458998935037341e-02,8.973621103117505271e+00,-1.199040767386091166e-01,3.532374100719424259e+00
1.600036202935571472e+00,5.644302449414270728e-02,-1.916932907348242732e-02,1.490947816826411129e-02,9.043165467625899012e+00,-9.592326139088729053e-02,3.563549160671462879e+00
1.604992942231205921e+00,5.857294994675186356e-02,-1.277955271565495154e-02,1.384451544195953142e-02,9.055155875299760737e+00,-9.352517985611510931e-02,3.594724220623501054e+00
1.609949681526840148e+00,5.750798722044728195e-02,-7.454739084132055646e-03,7.454739084132055646e-03,9.023980815347721673e+00,-9.112709832134292809e-02,3.625899280575539674e+00
1.614906420822474598e+00,5.324813631522896940e-02,-3.194888178913737886e-03,6.389776357827475772e-03,8.990407673860911331e+00,-8.872901678657074687e-02,3.645083932853717013e+00
1.619863160118109047e+00,4.898828541001064990e-02,-4.259850905218317760e-03,7.454739084132055646e-03,8.978417266187049606e+00,-8.393285371702638442e-02,3.702637889688249473e+00
1.624819899413743496e+00,4.046858359957401785e-02,-2.129925452609158880e-03,9.584664536741213658e-03,8.956834532374100988e+00,-9.112709832134292809e-02,3.705035971223021640e+00
1.629776638709377945e+00,2.875399361022364098e-02,-2.129925452609158880e-03,7.454739084132055646e-03,8.992805755395682610e+00,-1.606714628297362113e-01,3.702637889688249473e+00
1.634733378005012394e+00,1.597444089456868943e-02,-1.064962726304579440e-03,0.000000000000000000e+00,9.038369304556354678e+00,-2.038369304556355011e-01,3.673860911270983021e+00
1.639690117300646843e+00,1.064962726304579440e-03,2.129925452609158880e-03,-1.171458998935037341e-02,9.016786570743406060e+00,-1.966426858513189435e-01,3.695443645083932971e+00
1.644646856596281292e+00,-1.064962726304579353e-02,3.194888178913737886e-03,-2.236421725239616520e-02,8.973621103117505271e+00,-1.630695443645084064e-01,3.760191846522781933e+00
1.649603595891915742e+00,-2.236421725239616520e-02,7.454739084132055646e-03,-2.875399361022364098e-02,8.913669064748201976e+00,-1.990407673860911386e-01,3.784172661870503607e+00
1.654560335187550191e+00,-3.088391906283280072e-02,3.194888178913737886e-03,-3.194888178913737886e-02,8.884892086330935967e+00,-2.158273381294963933e-01,3.817745803357313950e+00
1.659517074483184640e+00,-3.833865814696485463e-02,-3.194888178913737886e-03,-3.727369542066027996e-02,8.911270983213428920e+00,-2.302158273381295084e-01,3.793764988009592276e+00
1.664473813778819089e+00,-3.833865814696485463e-02,-1.064962726304579353e-02,-4.579339723109691201e-02,8.930455635491606259e+00,-2.230215827338129508e-01,3.812949640287769615e+00
1.669430553074453538e+00,-4.259850905218317413e-02,-1.384451544195953142e-02,-4.685835995740149362e-02,8.928057553956834980e+00,-2.062350119904076684e-01,3.824940047961630896e+00
1.674387292370087987e+00,-4.366347177848775574e-02,-1.703940362087327104e-02,-4.792332268370606829e-02,8.913669064748201976e+00,-1.918465227817745811e-01,3.822541966426858728e+00
1.679344031665722436e+00,-4.579339723109691201e-02,-2.129925452609158706e-02,-5.111821086261980618e-02,8.908872901678657641e+00,-1.870503597122302186e-01,3.848920863309352569e+00
1.684300770961356886e+00,-5.111821086261980618e-02,-2.875399361022364098e-02,-5.111821086261980618e-02,8.906474820143884585e+00,-1.918465227817745811e-01,3.836930455635491732e+00
1.689257510256991335e+00,-5.537806176783812567e-02,-3.514376996805111675e-02,-5.537806176783812567e-02,8.860911270983214294e+00,-1.654676258992805737e-01,3.820143884892086117e+00
1.694214249552625784e+00,-5.963791267305644517e-02,-4.366347177848775574e-02,-6.070287539936101984e-02,8.836930455635490844e+00,-1.151079136690647542e-01,3.755395683453237599e+00
1.699170988848260233e+00,-7.135250266240682204e-02,-4.898828541001064990e-02,-5.857294994675186356e-02,8.841726618705035179e+00,-7.434052757793764565e-02,3.676258992805755188e+00
1.704127728143894682e+00,-8.413205537806177359e-02,-4.579339723109691201e-02,-5.857294994675186356e-02,8.906474820143884585e+00,-1.438848920863309427e-02,3.633093525179856176e+00
1.709084467439528909e+00,-1.022364217252396124e-01,-4.259850905218317413e-02,-5.963791267305644517e-02,8.961630695443645322e+00,0.000000000000000000e+00,3.575539568345323715e+00
1.714041206735163358e+00,-1.246006389776357776e-01,-3.514376996805111675e-02,-6.070287539936101984e-02,8.954436450839327932e+00,4.556354916067146404e-02,3.508393285371702586e+00
1.718997946030797808e+00,-1.458998935037273681e-01,-2.768903088391906284e-02,-5.644302449414270728e-02,8.944844124700239263e+00,1.247002398081534791e-01,3.402877697841726778e+00
1.723954685326432257e+00,-1.693290734824281218e-01,-1.277955271565495154e-02,-5.005324813631523151e-02,8.964028776978416602e+00,1.342925659472422040e-01,3.366906474820143824e+00
1.728911424622066706e+00,-1.895633652822151238e-01,7.454739084132055646e-03,-4.153354632587859252e-02,8.964028776978416602e+00,8.393285371702638442e-02,3.400479616306954611e+00
1.733868163917701155e+00,-2.034078807241746500e-01,2.449414270500532495e-02,-3.407880724174654208e-02,8.947242206235012318e+00,2.637889688249400386e-02,3.474820143884892243e+00
1.738824903213335604e+00,-2.183173588924387509e-01,3.194888178913737886e-02,-3.194888178913737886e-02,8.918465227817746310e+00,-1.199040767386091132e-02,3.551558752997602042e+00
1.743781642508970053e+00,-2.215122470713525027e-01,3.088391906283280072e-02,-2.449414270500532495e-02,8.860911270983214294e+00,-6.235011990407673954e-02,3.563549160671462879e+00
1.748738381804604503e+00,-2.183173588924387509e-01,3.620873269435569836e-02,-1.597444089456868943e-02,8.884892086330935967e+00,-9.112709832134292809e-02,3.587529976019184552e+00
1.753695121100238952e+00,-2.108626198083067005e-01,4.685835995740149362e-02,-8.519701810436635520e-03,8.940047961630694928e+00,-1.462829736211031240e-01,3.609112709832134502e+00
1.758651860395873401e+00,-2.066027689030884018e-01,5.324813631522896940e-02,-4.259850905218317760e-03,8.985611510791366996e+00,-1.846522781774580235e-01,3.678657074340527799e+00
1.763608599691507850e+00,-1.970181043663471743e-01,5.537806176783812567e-02,-6.389776357827475772e-03,8.964028776978416602e+00,-2.637889688249400733e-01,3.712230215827338142e+00
1.768565338987142299e+00,-1.906283280085196985e-01,5.963791267305644517e-02,-8.519701810436635520e-03,9.002398081534773056e+00,-3.141486810551558650e-01,3.755395683453237599e+00
1.773522078282776748e+00,-1.842385516506922227e-01,6.283280085197018305e-02,-1.810436634717784918e-02,8.997601918465226944e+00,-3.045563549160671402e-01,3.755395683453237599e+00
1.778478817578411197e+00,-1.789137380191693216e-01,6.389776357827475772e-02,-2.662406815761448470e-02,8.992805755395682610e+00,-3.141486810551558650e-01,3.776978417266187105e+00
1.783435556874045647e+00,-1.757188498402555976e-01,6.496272630457934627e-02,-3.194888178913737886e-02,8.992805755395682610e+00,-3.165467625899280324e-01,3.817745803357313950e+00
1.788392296169680096e+00,-1.725239616613418459e-01,6.602768903088392094e-02,-4.366347177848775574e-02,8.978417266187049606e+00,-3.261390887290168128e-01,3.841726618705036067e+00
1.793349035465314545e+00,-1.735889243876464205e-01,6.283280085197018305e-02,-5.750798722044728195e-02,9.004796163069544335e+00,-3.021582733812949728e-01,3.872901678657074243e+00
1.798305774760948994e+00,-1.757188498402555976e-01,6.176783812566560145e-02,-6.283280085197018305e-02,9.000000000000000000e+00,-2.541966426858512929e-01,3.851318944844124736e+00
1.803262514056583443e+00,-1.778487752928647470e-01,5.963791267305644517e-02,-6.602768903088392094e-02,8.985611510791366996e+00,-2.398081534772182333e-01,3.846522781774580402e+00
1.808219253352217670e+00,-1.767838125665601723e-01,6.070287539936101984e-02,-7.028753993610223350e-02,8.995203836930455665e+00,-2.086330935251798635e-01,3.808153477218225280e+00
1.813175992647852119e+00,-1.853035143769967974e-01,6.389776357827475772e-02,-7.135250266240682204e-02,8.997601918465226944e+00,-1.654676258992805737e-01,3.865707434052757741e+00
1.818132731943486569e+00,-1.895633652822151238e-01,6.283280085197018305e-02,-7.135250266240682204e-02,9.004796163069544335e+00,-1.678657074340527688e-01,3.889688249400479414e+00
1.823089471239121018e+00,-1.970181043663471743e-01,5.963791267305644517e-02,-7.348242811501597138e-02,8.980815347721822661e+00,-9.832134292565947176e-02,3.906474820143885029e+00
1.828046210534755467e+00,-2.066027689030884018e-01,5.537806176783812567e-02,-7.348242811501597138e-02,8.928057553956834980e+00,-5.755395683453237710e-02,3.947242206235011874e+00
1.833002949830389916e+00,-2.129925452609158776e-01,5.111821086261980618e-02,-6.922257720979765883e-02,8.918465227817746310e+00,-1.678657074340527550e-02,3.973621103117506159e+00
1.837959689126024365e+00,-2.225772097976570774e-01,4.153354632587859252e-02,-5.857294994675186356e-02,8.925659472422061924e+00,4.556354916067146404e-02,4.000000000000000000e+00
1.842916428421658814e+00,-2.321618743343983049e-01,2.981895633652822258e-02,-5.005324813631523151e-02,8.920863309352517589e+00,7.913669064748200810e-02,3.952038369304556209e+00
1.847873167717293263e+00,-2.470713525026624058e-01,2.023429179978700893e-02,-4.366347177848775574e-02,8.942446043165467984e+00,1.199040767386091166e-01,3.844124700239808234e+00
1.852829907012927713e+00,-2.609158679446219598e-01,1.277955271565495154e-02,-3.194888178913737886e-02,9.038369304556354678e+00,1.534772182254196538e-01,3.750599520383693264e+00
1.857786646308562162e+00,-2.800851970181043593e-01,1.703940362087327104e-02,-2.449414270500532495e-02,9.062350119904076351e+00,1.199040767386091166e-01,3.736211031175059816e+00
1.862743385604196611e+00,-3.035143769968051131e-01,2.342917997870074681e-02,-1.810436634717784918e-02,9.081534772182253690e+00,9.352517985611510931e-02,3.671462829736210853e+00
1.867700124899831060e+00,-3.237486687965921428e-01,3.088391906283280072e-02,-1.277955271565495154e-02,9.110311750599519698e+00,6.954436450839328321e-02,3.673860911270983021e+00
1.872656864195465509e+00,-3.407880724174653930e-01,3.833865814696485463e-02,-3.194888178913737886e-03,9.103117505995204084e+00,1.199040767386091132e-02,3.707434052757793808e+00
1.877613603491099958e+00,-3.503727369542066206e-01,4.366347177848775574e-02,6.389776357827475772e-03,9.083932853717026745e+00,-8.393285371702638442e-02,3.726618705035971146e+00
1.882570342786734408e+00,-3.567625133120340686e-01,4.792332268370606829e-02,1.064962726304579353e-02,9.052757793764987682e+00,-1.894484412470023860e-01,3.784172661870503607e+00
1.887527082082368857e+00,-3.599574014909477926e-01,4.685835995740149362e-02,1.277955271565495154e-02,9.062350119904076351e+00,-2.517985611510791255e-01,3.793764988009592276e+00
1.892483821378003306e+00,-3.556975505857294939e-01,4.792332268370606829e-02,1.171458998935037341e-02,9.055155875299760737e+00,-3.093525179856115304e-01,3.829736211031175230e+00
1.897440560673637755e+00,-3.471778487752928410e-01,4.579339723109691201e-02,1.384451544195953142e-02,9.035971223021583398e+00,-3.261390887290168128e-01,3.860911270983213406e+00
1.902397299969271982e+00,-3.397231096911608184e-01,4.259850905218317413e-02,1.277955271565495154e-02,9.055155875299760737e+00,-3.381294964028777050e-01,3.899280575539568527e+00
1.907354039264906431e+00,-3.333333333333333148e-01,4.472843450479233041e-02,1.064962726304579353e-02,9.055155875299760737e+00,-3.237410071942445899e-01,3.887290167865707247e+00
1.912310778560540880e+00,-3.301384451544195908e-01,3.940362087326943624e-02,7.454739084132055646e-03,9.023980815347721673e+00,-3.093525179856115304e-01,3.863309352517985573e+00
1.917267517856175330e+00,-3.343982960596378895e-01,3.620873269435569836e-02,4.259850905218317760e-03,9.035971223021583398e+00,-2.781774580335731328e-01,3.858513189448441238e+00
1.922224257151809779e+00,-3.418530351437699677e-01,3.301384451544196047e-02,-2.129925452609158880e-03,9.086330935251798024e+00,-2.637889688249400733e-01,3.796163069544364443e+00
1.927180996447444228e+00,-3.546325878594249192e-01,3.514376996805111675e-02,-9.584664536741213658e-03,9.091127098321342359e+00,-2.494004796163069582e-01,3.714628297362110310e+00
1.932137735743078677e+00,-3.695420660276890201e-01,4.472843450479233041e-02,-1.597444089456868943e-02,9.098321342925659749e+00,-2.326139088729016757e-01,3.752997601918465431e+00
1.937094475038713126e+00,-3.823216187433439717e-01,5.431309904153354406e-02,-2.236421725239616520e-02,9.076738609112709355e+00,-2.494004796163069582e-01,3.805755395683453113e+00
1.942051214334347575e+00,-3.951011714589989232e-01,5.963791267305644517e-02,-2.981895633652822258e-02,9.105515587529975363e+00,-3.285371702637889801e-01,3.827338129496403063e+00
1.947007953629982024e+00,-3.993610223642172774e-01,6.389776357827475772e-02,-3.940362087326943624e-02,9.112709832134292753e+00,-4.100719424460431695e-01,3.846522781774580402e+00
1.951964692925616474e+00,-4.014909478168264267e-01,6.922257720979765883e-02,-5.537806176783812567e-02,9.112709832134292753e+00,-4.988009592326139163e-01,3.872901678657074243e+00
1.956921432221250923e+00,-3.961661341853034979e-01,7.454739084132055993e-02,-7.454739084132055993e-02,9.100719424460431028e+00,-5.755395683453237154e-01,3.920863309352518034e+00
1.961878171516885372e+00,-3.823216187433439717e-01,7.454739084132055993e-02,-9.052183173588924936e-02,9.105515587529975363e+00,-6.402877697841726778e-01,3.990407673860911331e+00
1.966834910812519821e+00,-3.588924387646432179e-01,7.667731629392970927e-02,-1.075612353567625135e-01,9.117505995203837088e+00,-6.618705035971222950e-01,4.009592326139088669e+00
1.971791650108154270e+00,-3.312034078807241655e-01,7.667731629392970927e-02,-1.246006389776357776e-01,9.093525179856115415e+00,-6.450839328537170125e-01,4.028776978417266008e+00
1.976748389403788719e+00,-3.077742279020234117e-01,7.348242811501597138e-02,-1.405750798722044670e-01,9.088729016786571080e+00,-5.731414868105515481e-01,4.016786570743405171e+00
1.981705128699423168e+00,-2.864749733759318628e-01,7.028753993610223350e-02,-1.512247071352502692e-01,9.052757793764987682e+00,-4.604316546762590168e-01,3.940047961630695372e+00
1.986661867995057618e+00,-2.768903088391906353e-01,6.922257720979765883e-02,-1.576144834930777450e-01,9.040767386091127733e+00,-3.477218225419664299e-01,3.889688249400479414e+00
1.991618607290692067e+00,-2.790202342917997846e-01,6.922257720979765883e-02,-1.608093716719914690e-01,9.057553956834532016e+00,-2.589928057553956831e-01,3.858513189448441238e+00
1.996575346586326516e+00,-2.886048988285410122e-01,7.241746538871139671e-02,-1.650692225772097954e-01,9.040767386091127733e+00,-1.798561151079136611e-01,3.841726618705036067e+00
2.001532085881960743e+00,-3.045793397231096877e-01,7.667731629392970927e-02,-1.671991480298189447e-01,9.021582733812950394e+00,-1.007194244604316530e-01,3.863309352517985573e+00
2.006488825177595192e+00,-3.269435569755058668e-01,7.987220447284344715e-02,-1.661341853035143701e-01,8.940047961630694928e+00,-1.438848920863309427e-02,3.904076738609112862e+00
2.011445564473229641e+00,-3.482428115015974712e-01,8.093716719914803570e-02,-1.597444089456868943e-01,8.906474820143884585e+00,1.438848920863309427e-02,3.904076738609112862e+00
2.016402303768864090e+00,-3.727369542066027441e-01,7.774227902023429781e-02,-1.522896698615548439e-01,8.896882494004795916e+00,2.158273381294964141e-02,3.942446043165467540e+00
2.021359043064498540e+00,-3.951011714589989232e-01,7.561235356762513460e-02,-1.469648562300319428e-01,8.920863309352517589e+00,2.398081534772182090e-03,3.971223021582733992e+00
2.026315782360132989e+00,-4.185303514376996770e-01,7.241746538871139671e-02,-1.448349307774227934e-01,8.935251798561150594e+00,-1.918465227817745672e-02,3.956834532374100544e+00
2.031272521655767438e+00,-4.355697550585729272e-01,7.454739084132055993e-02,-1.427050053248136441e-01,8.916067146282973255e+00,-3.117505995203836977e-02,3.976019184652278327e+00
2.036229260951401887e+00,-4.430244941427050054e-01,7.454739084132055993e-02,-1.363152289669861683e-01,8.887290167865707247e+00,-8.393285371702638442e-02,3.980815347721822661e+00
2.041186000247036336e+00,-4.472843450479233041e-01,7.135250266240682204e-02,-1.277955271565495154e-01,8.894484412470024637e+00,-1.702637889688249362e-01,4.009592326139088669e+00
2.046142739542670785e+00,-4.483493077742278787e-01,7.028753993610223350e-02,-1.235356762513312029e-01,8.937649880095923649e+00,-2.446043165467625957e-01,4.047961630695443347e+00
2.051099478838304790e+00,-4.430244941427050054e-01,6.283280085197018305e-02,-1.267305644302449408e-01,8.932853717026379314e+00,-2.494004796163069582e-01,4.155875299760191766e+00
2.056056218133939240e+00,-4.334398296059637778e-01,5.005324813631523151e-02,-1.277955271565495154e-01,8.892086330935251581e+00,-2.014388489208633060e-01,4.119904076738609255e+00
2.061012957429573689e+00,-4.206602768903088263e-01,3.833865814696485463e-02,-1.214057507987220397e-01,8.865707434052758629e+00,-2.110311750599520308e-01,4.052757793764987682e+00
2.065969696725208138e+00,-4.078807241746538748e-01,3.301384451544196047e-02,-1.203407880724174650e-01,8.932853717026379314e+00,-2.086330935251798635e-01,3.928057553956834536e+00
2.070926436020842587e+00,-3.993610223642172774e-01,3.833865814696485463e-02,-1.192758253461128903e-01,8.973621103117505271e+00,-1.654676258992805737e-01,3.901678657074340695e+00
2.075883175316477036e+00,-3.951011714589989232e-01,4.046858359957401785e-02,-1.160809371671991524e-01,8.952038369304556653e+00,-8.872901678657074687e-02,3.882494004796162912e+00
2.080839914612111485e+00,-3.961661341853034979e-01,4.259850905218317413e-02,-1.139510117145899892e-01,8.964028776978416602e+00,-7.913669064748200810e-02,3.829736211031175230e+00
2.085796653907745934e+00,-4.004259850905218521e-01,4.792332268370606829e-02,-1.171458998935037271e-01,8.997601918465226944e+00,-9.832134292565947176e-02,3.784172661870503607e+00
2.090753393203380384e+00,-4.036208732694355761e-01,5.537806176783812567e-02,-1.246006389776357776e-01,8.976019184652278327e+00,-7.913669064748200810e-02,3.760191846522781933e+00
2.095710132499014833e+00,-4.068157614483493001e-01,6.389776357827475772e-02,-1.288604898828540901e-01,9.002398081534773056e+00,-5.755395683453237710e-02,3.757793764988009766e+00
2.100666871794649282e+00,-4.057507987220447254e-01,7.241746538871139671e-02,-1.309904153354632672e-01,9.028776978417266008e+00,-7.434052757793764565e-02,3.762589928057554101e+00
2.105623611090283731e+00,-4.078807241746538748e-01,8.626198083067092293e-02,-1.373801916932907430e-01,9.035971223021583398e+00,-9.112709832134292809e-02,3.812949640287769615e+00
2.110580350385918180e+00,-4.142705005324813783e-01,9.691160809371672513e-02,-1.437699680511182188e-01,9.047961630695443347e+00,-1.031175059952038342e-01,3.875299760191846410e+00
2.115537089681552629e+00,-4.174653887113951023e-01,9.797657082002129980e-02,-1.533546325878594185e-01,9.019184652278177339e+00,-1.223021582733812979e-01,3.932853717026378870e+00
2.120493828977187079e+00,-4.259850905218317552e-01,9.691160809371672513e-02,-1.629392971246006461e-01,9.028776978417266008e+00,-9.592326139088729053e-02,3.928057553956834536e+00
2.125450568272821528e+00,-4.323748668796592032e-01,9.797657082002129980e-02,-1.714589989350372712e-01,9.045563549160672068e+00,-5.275779376498800771e-02,3.908872901678657197e+00
2.130407307568455977e+00,-4.334398296059637778e-01,1.033013844515442009e-01,-1.725239616613418459e-01,9.035971223021583398e+00,-2.637889688249400386e-02,3.952038369304556209e+00
2.135364046864090426e+00,-4.345047923322683525e-01,1.075612353567625135e-01,-1.703940362087326965e-01,9.040767386091127733e+00,-1.007194244604316530e-01,4.014388489208633004e+00
2.140320786159724875e+00,-4.323748668796592032e-01,1.043663471778487756e-01,-1.767838125665601723e-01,9.062350119904076351e+00,-1.366906474820143991e-01,4.088729016786571080e+00
2.145277525455359324e+00,-4.313099041533546285e-01,9.584664536741213658e-02,-1.853035143769967974e-01,9.004796163069544335e+00,-1.462829736211031240e-01,4.141486810551558762e+00
2.150234264750993773e+00,-4.291799787007454792e-01,8.413205537806177359e-02,-1.991480298189563236e-01,8.980815347721822661e+00,-7.194244604316546443e-02,4.139088729016786594e+00
2.155191004046628223e+00,-4.238551650692225503e-01,7.454739084132055993e-02,-2.044728434504792247e-01,8.966426858513189657e+00,-2.398081534772182263e-02,4.105515587529976251e+00
2.160147743342262672e+00,-4.164004259850905276e-01,7.028753993610223350e-02,-2.055378061767837994e-01,8.973621103117505271e+00,-4.796163069544364180e-03,4.100719424460431917e+00
2.165104482637897121e+00,-4.089456869009584494e-01,6.496272630457934627e-02,-2.097976570820021258e-01,8.995203836930455665e+00,1.918465227817745672e-02,4.031175059952038175e+00
2.170061221933531570e+00,-4.057507987220447254e-01,6.070287539936101984e-02,-2.183173588924387509e-01,9.002398081534773056e+00,4.556354916067146404e-02,3.959232613908872711e+00
2.175017961229166019e+00,-4.046858359957401508e-01,5.857294994675186356e-02,-2.247071352502662545e-01,8.988009592326138275e+00,1.390887290167865664e-01,3.918465227817745866e+00
2.179974700524800468e+00,-4.025559105431310014e-01,6.389776357827475772e-02,-2.268370607028754038e-01,9.031175059952039064e+00,1.966426858513189435e-01,3.889688249400479414e+00
2.184931439820434917e+00,-3.972310969116080726e-01,7.241746538871139671e-02,-2.225772097976570774e-01,9.059952038369305072e+00,1.726618705035971313e-01,3.860911270983213406e+00
2.189888179116069367e+00,-3.897763578274760499e-01,8.200212992545261037e-02,-2.215122470713525027e-01,9.088729016786571080e+00,1.462829736211031240e-01,3.892086330935251581e+00
2.194844918411703816e+00,-3.812566560170393970e-01,9.052183173588924936e-02,-2.215122470713525027e-01,9.088729016786571080e+00,1.151079136690647542e-01,3.980815347721822661e+00
2.199801657707338265e+00,-3.716719914802981695e-01,8.945686900958466081e-02,-2.268370607028754038e-01,9.071942446043165020e+00,8.633093525179856564e-02,4.076738609112710243e+00
2.204758397002972714e+00,-3.578274760383386432e-01,8.519701810436634826e-02,-2.342917997870074542e-01,9.062350119904076351e+00,6.954436450839328321e-02,4.146282973621103096e+00
2.209715136298607163e+00,-3.439829605963791170e-01,7.987220447284344715e-02,-2.417465388711395047e-01,9.071942446043165020e+00,5.035971223021582649e-02,4.170263788968824770e+00
2.214671875594241612e+00,-3.301384451544195908e-01,7.135250266240682204e-02,-2.513312034078807322e-01,9.095923261390886694e+00,2.877697841726618855e-02,4.129496402877697925e+00
2.219628614889876062e+00,-3.130990415335463406e-01,6.496272630457934627e-02,-2.651757188498402584e-01,9.107913669064748419e+00,7.434052757793764565e-02,4.055155875299759849e+00
2.224585354185510511e+00,-3.003194888178913891e-01,6.496272630457934627e-02,-2.800851970181043593e-01,9.100719424460431028e+00,1.486810551558752913e-01,4.040767386091126845e+00
2.229542093481144960e+00,-2.875399361022364375e-01,6.496272630457934627e-02,-2.917997870074547362e-01,9.098321342925659749e+00,2.206235011990407557e-01,4.040767386091126845e+00
2.234498832776779409e+00,-2.758253461128860606e-01,6.389776357827475772e-02,-3.013844515441959637e-01,9.067146282973620686e+00,3.189448441247002553e-01,3.985611510791366996e+00
2.239455572072413858e+00,-2.641107561235356838e-01,6.602768903088392094e-02,-3.099041533546325611e-01,9.081534772182253690e+00,4.436450839328537343e-01,3.892086330935251581e+00
2.244412311368047863e+00,-2.577209797657081802e-01,7.241746538871139671e-02,-3.141640042598509153e-01,9.088729016786571080e+00,5.683453237410072134e-01,3.772182254196642770e+00
2.249369050663682312e+00,-2.555910543130990309e-01,8.519701810436634826e-02,-3.120340788072417659e-01,9.043165467625899012e+00,6.786570743405275774e-01,3.705035971223021640e+00
2.254325789959316761e+00,-2.587859424920127549e-01,1.001064962726304630e-01,-3.045793397231096877e-01,9.052757793764987682e+00,7.817745803357314394e-01,3.673860911270983021e+00
2.259282529254951211e+00,-2.673056443024494078e-01,1.139510117145899892e-01,-2.949946751863684602e-01,9.026378896882494729e+00,8.609112709832134058e-01,3.748201438848920652e+00
2.264239268550585660e+00,-2.736954206602769113e-01,1.267305644302449408e-01,-2.832800851970180833e-01,9.016786570743406060e+00,8.657074340527577405e-01,3.815347721822541782e+00
2.269196007846220109e+00,-2.822151224707135087e-01,1.363152289669861683e-01,-2.705005324813631318e-01,8.973621103117505271e+00,8.201438848920863389e-01,3.959232613908872711e+00
2.274152747141854558e+00,-2.832800851970180833e-01,1.395101171458998923e-01,-2.587859424920127549e-01,8.940047961630694928e+00,8.273381294964028410e-01,4.050359712230215514e+00
2.279109486437489007e+00,-2.822151224707135087e-01,1.395101171458998923e-01,-2.470713525026624058e-01,8.940047961630694928e+00,8.033573141486810565e-01,4.139088729016786594e+00
2.284066225733123456e+00,-2.811501597444089340e-01,1.309904153354632672e-01,-2.342917997870074542e-01,8.894484412470024637e+00,7.913669064748201087e-01,4.211031175059951615e+00
2.289022965028757906e+00,-2.811501597444089340e-01,1.235356762513312029e-01,-2.183173588924387509e-01,8.860911270983214294e+00,7.937649880095922761e-01,4.287769784172661858e+00
2.293979704324392355e+00,-2.790202342917997846e-01,1.128860489882854146e-01,-2.076677316293929765e-01,8.875299760191847298e+00,7.553956834532373765e-01,4.354916067146282543e+00
2.298936443620026804e+00,-2.758253461128860606e-01,9.584664536741213658e-02,-2.012779552715655007e-01,8.894484412470024637e+00,7.529976019184652092e-01,4.316546762589927866e+00
2.303893182915661253e+00,-2.790202342917997846e-01,8.093716719914803570e-02,-1.948881789137380249e-01,8.880095923261391633e+00,8.273381294964028410e-01,4.299760191846522694e+00
2.308849922211295702e+00,-2.768903088391906353e-01,7.028753993610223350e-02,-1.831735889243876481e-01,8.875299760191847298e+00,9.064748201438849184e-01,4.297362110311750527e+00
2.313806661506930151e+00,-2.747603833865814860e-01,6.496272630457934627e-02,-1.640042598509052207e-01,8.894484412470024637e+00,8.729016786570743536e-01,4.333333333333333037e+00
2.318763400802564600e+00,-2.673056443024494078e-01,5.431309904153354406e-02,-1.512247071352502692e-01,8.930455635491606259e+00,7.913669064748201087e-01,4.386091127098321607e+00
2.323720140098199050e+00,-2.651757188498402584e-01,4.259850905218317413e-02,-1.437699680511182188e-01,8.971223021582733992e+00,7.529976019184652092e-01,4.410071942446043280e+00
2.328676879393833499e+00,-2.587859424920127549e-01,2.875399361022364098e-02,-1.373801916932907430e-01,8.928057553956834980e+00,8.129496402877698369e-01,4.398081534772182444e+00
2.333633618689467948e+00,-2.470713525026624058e-01,1.703940362087327104e-02,-1.224707135250266282e-01,8.872901678657074243e+00,8.729016786570743536e-01,4.347721822541966041e+00
2.338590357985102397e+00,-2.342917997870074542e-01,8.519701810436635520e-03,-1.043663471778487756e-01,8.894484412470024637e+00,8.441247002398081234e-01,4.314148681055155699e+00
2.343547097280736846e+00,-2.215122470713525027e-01,3.194888178913737886e-03,-8.732694355697551147e-02,8.944844124700239263e+00,8.081534772182253912e-01,4.270983213429256686e+00
2.348503836576371295e+00,-2.108626198083067005e-01,0.000000000000000000e+00,-7.135250266240682204e-02,8.964028776978416602e+00,7.769784172661871047e-01,4.321342925659472201e+00
2.353460575872005744e+00,-2.002129925452609260e-01,-7.454739084132055646e-03,-6.070287539936101984e-02,8.959232613908872267e+00,7.482014388489208745e-01,4.354916067146282543e+00
2.358417315167640194e+00,-1.863684771033013721e-01,-1.703940362087327104e-02,-5.005324813631523151e-02,8.947242206235012318e+00,6.978417266187050272e-01,4.318944844124700033e+00
2.363374054463274643e+00,-1.735889243876464205e-01,-2.449414270500532495e-02,-3.620873269435569836e-02,9.000000000000000000e+00,6.546762589928057929e-01,4.199040767386090778e+00
2.368330793758909092e+00,-1.608093716719914690e-01,-2.449414270500532495e-02,-2.981895633652822258e-02,9.023980815347721673e+00,6.354916067146283432e-01,4.129496402877697925e+00
2.373287533054543541e+00,-1.522896698615548439e-01,-2.129925452609158706e-02,-2.449414270500532495e-02,9.011990407673861725e+00,5.947242206235011652e-01,4.189448441247002108e+00
2.378244272350177990e+00,-1.437699680511182188e-01,-2.129925452609158706e-02,-1.916932907348242732e-02,9.014388489208633004e+00,5.587529976019184330e-01,4.278177458033573188e+00
2.383201011645812439e+00,-1.363152289669861683e-01,-2.449414270500532495e-02,-1.703940362087327104e-02,9.023980815347721673e+00,5.251798561151078681e-01,4.280575539568345356e+00
2.388157750941446889e+00,-1.320553780617678419e-01,-3.407880724174654208e-02,-2.023429179978700893e-02,8.988009592326138275e+00,5.107913669064748641e-01,4.258992805755395850e+00
2.393114490237081338e+00,-1.288604898828540901e-01,-3.940362087326943624e-02,-2.129925452609158706e-02,8.930455635491606259e+00,5.851318944844124958e-01,4.211031175059951615e+00
2.398071229532715787e+00,-1.277955271565495154e-01,-4.579339723109691201e-02,-1.597444089456868943e-02,8.918465227817746310e+00,6.402877697841726778e-01,4.172661870503596937e+00
2.403027968828350236e+00,-1.267305644302449408e-01,-5.005324813631523151e-02,-6.389776357827475772e-03,8.944844124700239263e+00,6.378896882494005105e-01,4.117505995203837088e+00
2.407984708123984685e+00,-1.267305644302449408e-01,-4.898828541001064990e-02,-1.064962726304579440e-03,8.952038369304556653e+00,6.091127098321342803e-01,4.093525179856115415e+00
2.412941447419619134e+00,-1.309904153354632672e-01,-4.898828541001064990e-02,3.194888178913737886e-03,8.930455635491606259e+00,6.211031175059952281e-01,4.067146282973620686e+00
2.417898186715253583e+00,-1.352502662406815659e-01,-5.005324813631523151e-02,1.064962726304579353e-02,8.875299760191847298e+00,6.258992805755395628e-01,4.043165467625899012e+00
2.422854926010888033e+00,-1.373801916932907430e-01,-4.792332268370606829e-02,1.916932907348242732e-02,8.889688249400480302e+00,5.971223021582733326e-01,4.026378896882493841e+00
2.427811665306522482e+00,-1.363152289669861683e-01,-4.579339723109691201e-02,2.662406815761448470e-02,8.901678657074340251e+00,4.964028776978417490e-01,4.047961630695443347e+00
2.432768404602156931e+00,-1.288604898828540901e-01,-4.259850905218317413e-02,3.088391906283280072e-02,8.887290167865707247e+00,3.980815347721822772e-01,4.081534772182254578e+00
2.437725143897791380e+00,-1.224707135250266282e-01,-4.259850905218317413e-02,3.088391906283280072e-02,8.920863309352517589e+00,3.117505995203836977e-01,4.110311750599520586e+00
2.442681883193425385e+00,-1.118210862619808260e-01,-4.259850905218317413e-02,2.768903088391906284e-02,8.932853717026379314e+00,2.901678657074340251e-01,4.047961630695443347e+00
2.447638622489059834e+00,-9.691160809371672513e-02,-4.472843450479233041e-02,2.342917997870074681e-02,8.884892086330935967e+00,2.733812949640287981e-01,3.985611510791366996e+00
2.452595361784694283e+00,-8.306709265175718504e-02,-4.153354632587859252e-02,2.342917997870074681e-02,8.904076738609113306e+00,2.446043165467625957e-01,3.952038369304556209e+00
2.457552101080328733e+00,-7.028753993610223350e-02,-3.407880724174654208e-02,2.342917997870074681e-02,8.947242206235012318e+00,2.206235011990407557e-01,3.976019184652278327e+00
2.462508840375963182e+00,-5.963791267305644517e-02,-2.768903088391906284e-02,1.810436634717784918e-02,8.983213429256593940e+00,1.654676258992805737e-01,3.990407673860911331e+00
2.467465579671597631e+00,-5.537806176783812567e-02,-2.768903088391906284e-02,1.064962726304579353e-02,8.976019184652278327e+00,1.918465227817745811e-01,3.966426858513189657e+00
2.472422318967232080e+00,-5.005324813631523151e-02,-2.768903088391906284e-02,3.194888178913737886e-03,8.949640287769783598e+00,2.685851318944844079e-01,3.940047961630695372e+00
2.477379058262866529e+00,-4.579339723109691201e-02,-2.236421725239616520e-02,0.000000000000000000e+00,8.822541966426857840e+00,3.213429256594724226e-01,3.906474820143885029e+00
2.482335797558500978e+00,-3.940362087326943624e-02,-1.171458998935037341e-02,5.324813631522896766e-03,8.784172661870503163e+00,2.949640287769784153e-01,3.971223021582733992e+00
2.487292536854135427e+00,-2.662406815761448470e-02,-9.584664536741213658e-03,1.064962726304579353e-02,8.781774580335731883e+00,2.302158273381295084e-01,4.057553956834532016e+00
2.492249276149769877e+00,-1.916932907348242732e-02,-1.703940362087327104e-02,7.454739084132055646e-03,8.810551558752997892e+00,1.846522781774580235e-01,4.098321342925659749e+00
2.497206015445404326e+00,-1.384451544195953142e-02,-2.449414270500532495e-02,-1.064962726304579440e-03,8.820143884892086561e+00,2.254196642685851182e-01,4.000000000000000000e+00
2.502162754741038775e+00,-9.584664536741213658e-03,-2.449414270500532495e-02,-5.324813631522896766e-03,8.772182254196643214e+00,3.333333333333333148e-01,3.904076738609112862e+00
2.507119494036673224e+00,-1.064962726304579353e-02,-2.023429179978700893e-02,-1.064962726304579440e-03,8.779376498800958828e+00,3.908872901678657197e-01,3.836930455635491732e+00
2.512076233332307673e+00,-9.584664536741213658e-03,-1.064962726304579353e-02,6.389776357827475772e-03,8.829736211031175230e+00,3.525179856115107646e-01,3.776978417266187105e+00
2.517032972627942122e+00,-1.384451544195953142e-02,0.000000000000000000e+00,9.584664536741213658e-03,8.853717026378896904e+00,2.781774580335731328e-01,3.764988009592326268e+00
2.521989711923576571e+00,-1.810436634717784918e-02,7.454739084132055646e-03,2.129925452609158880e-03,8.896882494004795916e+00,2.158273381294963933e-01,3.808153477218225280e+00
2.526946451219211021e+00,-2.236421725239616520e-02,1.703940362087327104e-02,-3.194888178913737886e-03,8.856115107913668183e+00,2.014388489208633060e-01,3.796163069544364443e+00
2.531903190514845470e+00,-2.236421725239616520e-02,2.236421725239616520e-02,-1.064962726304579440e-03,8.805755395683453557e+00,1.894484412470023860e-01,3.817745803357313950e+00
2.536859929810479919e+00,-2.023429179978700893e-02,2.981895633652822258e-02,-1.064962726304579440e-03,8.800959232613909222e+00,1.414868105515587615e-01,3.884892086330935079e+00
2.541816669106114368e+00,-2.236421725239616520e-02,3.194888178913737886e-02,-7.454739084132055646e-03,8.788968824940047497e+00,4.556354916067146404e-02,3.978417266187050494e+00
2.546773408401748817e+00,-2.236421725239616520e-02,2.875399361022364098e-02,-1.597444089456868943e-02,8.736211031175059816e+00,1.199040767386091132e-02,4.007194244604316502e+00
2.551730147697383266e+00,-2.023429179978700893e-02,2.129925452609158706e-02,-2.662406815761448470e-02,8.717026378896882477e+00,5.515587529976018893e-02,3.949640287769784042e+00
2.556686886993017715e+00,-1.810436634717784918e-02,1.703940362087327104e-02,-3.088391906283280072e-02,8.697841726618705138e+00,5.755395683453237710e-02,3.875299760191846410e+00
2.561643626288652165e+00,-1.384451544195953142e-02,2.023429179978700893e-02,-3.514376996805111675e-02,8.707434052757793808e+00,7.194244604316546443e-02,3.815347721822541782e+00
2.566600365584286614e+00,-1.064962726304579353e-02,2.449414270500532495e-02,-3.940362087326943624e-02,8.731414868105515481e+00,8.393285371702638442e-02,3.815347721822541782e+00
2.571557104879921063e+00,-6.389776357827475772e-03,2.981895633652822258e-02,-4.153354632587859252e-02,8.750599520383692820e+00,7.913669064748200810e-02,3.860911270983213406e+00
2.576513844175555512e+00,-5.324813631522896766e-03,3.407880724174654208e-02,-4.579339723109691201e-02,8.755395683453237154e+00,6.474820143884892076e-02,3.839328537170263900e+00
2.581470583471189961e+00,-3.194888178913737886e-03,4.153354632587859252e-02,-5.005324813631523151e-02,8.791366906474820553e+00,7.913669064748200810e-02,3.803357314148680945e+00
2.586427322766824410e+00,-2.129925452609158880e-03,4.792332268370606829e-02,-5.324813631522896940e-02,8.803357314148680501e+00,1.414868105515587615e-01,3.738609112709831983e+00
2.591384062062458860e+00,-5.324813631522896766e-03,5.750798722044728195e-02,-5.111821086261980618e-02,8.829736211031175230e+00,1.510791366906474864e-01,3.733812949640287648e+00
2.596340801358093309e+00,-5.324813631522896766e-03,7.028753993610223350e-02,-4.685835995740149362e-02,8.836930455635490844e+00,1.103117505995203779e-01,3.741007194244604150e+00
2.601297540653727758e+00,-7.454739084132055646e-03,8.306709265175718504e-02,-4.472843450479233041e-02,8.841726618705035179e+00,9.592326139088729053e-02,3.762589928057554101e+00
2.606254279949362207e+00,-1.490947816826411129e-02,9.265175718849839870e-02,-4.685835995740149362e-02,8.822541966426857840e+00,1.007194244604316530e-01,3.815347721822541782e+00
2.611211019244996656e+00,-1.916932907348242732e-02,9.797657082002129980e-02,-4.579339723109691201e-02,8.844124700239808234e+00,1.007194244604316530e-01,3.844124700239808234e+00
2.616167758540631105e+00,-1.916932907348242732e-02,9.904153354632587447e-02,-4.472843450479233041e-02,8.829736211031175230e+00,1.127098321342925591e-01,3.829736211031175230e+00
2.621124497836265554e+00,-1.597444089456868943e-02,1.043663471778487756e-01,-4.153354632587859252e-02,8.796163069544364888e+00,9.352517985611510931e-02,3.798561151079136611e+00
2.626081237131900004e+00,-1.171458998935037341e-02,1.150159744408945639e-01,-3.620873269435569836e-02,8.764988009592325824e+00,7.673860911270982688e-02,3.856115107913669071e+00
2.631037976427534453e+00,-4.259850905218317760e-03,1.203407880724174650e-01,-2.662406815761448470e-02,8.786570743405276218e+00,1.678657074340527550e-02,3.961630695443644878e+00
2.635994715723168458e+00,7.454739084132055646e-03,1.182108626198083018e-01,-2.342917997870074681e-02,8.796163069544364888e+00,-4.796163069544364527e-02,4.021582733812949506e+00
2.640951455018802907e+00,2.662406815761448470e-02,1.075612353567625135e-01,-1.810436634717784918e-02,8.736211031175059816e+00,-1.055155875299760154e-01,4.023980815347721673e+00
2.645908194314437356e+00,5.005324813631523151e-02,9.584664536741213658e-02,-1.064962726304579353e-02,8.733812949640288537e+00,-9.112709832134292809e-02,3.956834532374100544e+00
2.650864933610071805e+00,6.709265175718849561e-02,9.052183173588924936e-02,-1.064962726304579440e-03,8.760191846522781489e+00,-6.235011990407673954e-02,3.913669064748201532e+00
2.655821672905706254e+00,8.093716719914803570e-02,9.052183173588924936e-02,8.519701810436635520e-03,8.815347721822542226e+00,-5.515587529976018893e-02,3.884892086330935079e+00
2.660778412201340704e+00,8.732694355697551147e-02,8.732694355697551147e-02,2.023429179978700893e-02,8.844124700239808234e+00,-5.995203836930455832e-02,3.841726618705036067e+00
2.665735151496975153e+00,8.413205537806177359e-02,8.732694355697551147e-02,2.449414270500532495e-02,8.834532374100719565e+00,-3.836930455635491344e-02,3.815347721822541782e+00
2.670691890792609602e+00,6.815761448349308416e-02,8.519701810436634826e-02,2.342917997870074681e-02,8.810551558752997892e+00,-4.796163069544364527e-02,3.748201438848920652e+00
2.675648630088244051e+00,4.366347177848775574e-02,8.519701810436634826e-02,2.342917997870074681e-02,8.791366906474820553e+00,-2.637889688249400386e-02,3.707434052757793808e+00
2.680605369383878500e+00,1.703940362087327104e-02,8.732694355697551147e-02,2.342917997870074681e-02,8.820143884892086561e+00,-4.076738609112710160e-02,3.685851318944844301e+00
2.685562108679512949e+00,-1.171458998935037341e-02,9.158679446219382403e-02,2.236421725239616520e-02,8.827338129496402175e+00,-9.832134292565947176e-02,3.654676258992805682e+00
2.690518847975147398e+00,-4.898828541001064990e-02,9.478168264110756192e-02,1.597444089456868943e-02,8.803357314148680501e+00,-1.678657074340527688e-01,3.724220623501198979e+00
2.695475587270781848e+00,-8.519701810436634826e-02,9.584664536741213658e-02,3.194888178913737886e-03,8.784172661870503163e+00,-2.709832134292565753e-01,3.832134292565947398e+00
2.700432326566416297e+00,-1.182108626198083018e-01,9.158679446219382403e-02,-1.490947816826411129e-02,8.834532374100719565e+00,-3.573141486810551548e-01,3.889688249400479414e+00
2.705389065862050746e+00,-1.469648562300319428e-01,8.626198083067092293e-02,-3.833865814696485463e-02,8.858513189448441238e+00,-4.172661870503597270e-01,3.906474820143885029e+00
2.710345805157685195e+00,-1.661341853035143701e-01,7.880724174653887248e-02,-6.283280085197018305e-02,8.884892086330935967e+00,-5.011990407673860837e-01,3.908872901678657197e+00
2.715302544453319644e+00,-1.778487752928647470e-01,7.561235356762513460e-02,-8.519701810436634826e-02,8.954436450839327932e+00,-5.539568345323740983e-01,3.894484412470024193e+00
2.720259283748954093e+00,-1.821086261980830734e-01,7.241746538871139671e-02,-1.075612353567625135e-01,9.033573141486810343e+00,-5.515587529976019310e-01,3.846522781774580402e+00
2.725216023044588542e+00,-1.842385516506922227e-01,7.241746538871139671e-02,-1.320553780617678419e-01,9.095923261390886694e+00,-5.707434052757793808e-01,3.827338129496403063e+00
2.730172762340222992e+00,-1.746538871139510229e-01,7.135250266240682204e-02,-1.565495207667731703e-01,9.062350119904076351e+00,-5.467625899280575963e-01,3.827338129496403063e+00
2.735129501635857441e+00,-1.629392971246006461e-01,7.348242811501597138e-02,-1.757188498402555976e-01,9.045563549160672068e+00,-5.035971223021582510e-01,3.772182254196642770e+00
2.740086240931491890e+00,-1.469648562300319428e-01,7.880724174653887248e-02,-1.906283280085196985e-01,9.093525179856115415e+00,-4.940047961630695261e-01,3.697841726618705138e+00
2.745042980227126339e+00,-1.288604898828540901e-01,8.732694355697551147e-02,-2.076677316293929765e-01,9.122302158273381423e+00,-4.172661870503597270e-01,3.637889688249400511e+00
2.749999719522760788e+00,-1.128860489882854146e-01,1.001064962726304630e-01,-2.225772097976570774e-01,9.095923261390886694e+00,-3.597122302158273222e-01,3.657074340527577849e+00
2.754956458818395237e+00,-9.797657082002129980e-02,1.128860489882854146e-01,-2.342917997870074542e-01,9.105515587529975363e+00,-3.285371702637889801e-01,3.637889688249400511e+00
2.759913198114029687e+00,-8.626198083067092293e-02,1.192758253461128903e-01,-2.502662406815761575e-01,9.095923261390886694e+00,-2.949640287769784153e-01,3.613908872901678837e+00
2.764869937409664136e+00,-7.561235356762513460e-02,1.277955271565495154e-01,-2.662406815761448331e-01,9.062350119904076351e+00,-1.966426858513189435e-01,3.575539568345323715e+00
2.769826676705298585e+00,-6.815761448349308416e-02,1.416400425985090417e-01,-2.779552715654952100e-01,9.021582733812950394e+00,-1.055155875299760154e-01,3.570743405275779381e+00
2.774783416000933034e+00,-6.070287539936101984e-02,1.544195953141639932e-01,-2.875399361022364375e-01,8.995203836930455665e+00,-2.398081534772182263e-02,3.561151079136690711e+00
2.779740155296567483e+00,-6.176783812566560145e-02,1.661341853035143701e-01,-2.960596379126730349e-01,9.038369304556354678e+00,1.918465227817745672e-02,3.611510791366906670e+00
2.784696894592201932e+00,-6.283280085197018305e-02,1.746538871139510229e-01,-3.077742279020234117e-01,9.014388489208633004e+00,6.474820143884892076e-02,3.628297362110311841e+00
2.789653633887836381e+00,-6.922257720979765883e-02,1.831735889243876481e-01,-3.216187433439829380e-01,8.976019184652278327e+00,1.822541966426858562e-01,3.657074340527577849e+00
2.794610373183470831e+00,-7.241746538871139671e-02,1.938232161874334503e-01,-3.301384451544195908e-01,8.925659472422061924e+00,2.949640287769784153e-01,3.659472422062350017e+00
2.799567112479105280e+00,-7.774227902023429781e-02,2.076677316293929765e-01,-3.312034078807241655e-01,8.899280575539568972e+00,3.908872901678657197e-01,3.695443645083932971e+00
2.804523851774739729e+00,-8.093716719914803570e-02,2.183173588924387509e-01,-3.301384451544195908e-01,8.918465227817746310e+00,3.956834532374100544e-01,3.772182254196642770e+00
2.809480591070374178e+00,-8.626198083067092293e-02,2.257720979765708291e-01,-3.301384451544195908e-01,8.968824940047960936e+00,3.836930455635491621e-01,3.841726618705036067e+00
2.814437330366008627e+00,-8.945686900958466081e-02,2.279020234291799785e-01,-3.343982960596378895e-01,8.949640287769783598e+00,4.100719424460431695e-01,3.908872901678657197e+00
2.819394069661643076e+00,-8.945686900958466081e-02,2.310969116080937302e-01,-3.407880724174653930e-01,8.906474820143884585e+00,5.155875299760191988e-01,3.952038369304556209e+00
2.824350808957277525e+00,-8.626198083067092293e-02,2.353567625133120289e-01,-3.354632587859425197e-01,8.812949640287769171e+00,6.306954436450838974e-01,4.031175059952038175e+00
2.829307548252911975e+00,-7.880724174653887248e-02,2.374866879659212060e-01,-3.205537806176783633e-01,8.762589928057554545e+00,7.002398081534771945e-01,4.119904076738609255e+00
2.834264287548545980e+00,-6.922257720979765883e-02,2.342917997870074542e-01,-3.035143769968051131e-01,8.767386091127098879e+00,7.242206235011990900e-01,4.223021582733813339e+00
2.839221026844180429e+00,-5.857294994675186356e-02,2.236421725239616520e-01,-2.907348242811501615e-01,8.736211031175059816e+00,7.505995203836930418e-01,4.287769784172661858e+00
2.844177766139814878e+00,-4.579339723109691201e-02,2.119275825346112752e-01,-2.758253461128860606e-01,8.697841726618705138e+00,8.153477218225420042e-01,4.328537170263788703e+00
2.849134505435449327e+00,-3.514376996805111675e-02,1.980830670926517489e-01,-2.555910543130990309e-01,8.637889688249400066e+00,8.920863309352518034e-01,4.328537170263788703e+00
2.854091244731083776e+00,-2.555910543130990309e-02,1.853035143769967974e-01,-2.310969116080937302e-01,8.695443645083932083e+00,9.208633093525180335e-01,4.333333333333333037e+00
2.859047984026718225e+00,-2.342917997870074681e-02,1.789137380191693216e-01,-2.108626198083067005e-01,8.767386091127098879e+00,9.712230215827337698e-01,4.311750599520383531e+00
2.864004723322352675e+00,-2.236421725239616520e-02,1.714589989350372712e-01,-1.916932907348242732e-01,8.781774580335731883e+00,1.002398081534772167e+00,4.395683453237410276e+00
2.868961462617987124e+00,-2.555910543130990309e-02,1.565495207667731703e-01,-1.725239616613418459e-01,8.762589928057554545e+00,1.055155875299760293e+00,4.414868105515587615e+00
2.873918201913621573e+00,-3.088391906283280072e-02,1.437699680511182188e-01,-1.480298189563365174e-01,8.836930455635490844e+00,1.139088729016786594e+00,4.374100719424460770e+00
2.878874941209256022e+00,-4.046858359957401785e-02,1.416400425985090417e-01,-1.267305644302449408e-01,8.906474820143884585e+00,1.235011990407673954e+00,4.333333333333333037e+00
2.883831680504890471e+00,-5.750798722044728195e-02,1.448349307774227934e-01,-1.022364217252396124e-01,8.904076738609113306e+00,1.318944844124700255e+00,4.407673860911271113e+00
2.888788419800524920e+00,-7.561235356762513460e-02,1.469648562300319428e-01,-7.667731629392970927e-02,8.877697841726618577e+00,1.431654676258992787e+00,4.532374100719424703e+00
2.893745159096159369e+00,-9.691160809371672513e-02,1.395101171458998923e-01,-4.792332268370606829e-02,8.882494004796162912e+00,1.426858513189448452e+00,4.640287769784172234e+00
2.898701898391793819e+00,-1.192758253461128903e-01,1.299254526091586925e-01,-2.236421725239616520e-02,8.896882494004795916e+00,1.400479616306954389e+00,4.709832134292565975e+00
2.903658637687428268e+00,-1.373801916932907430e-01,1.182108626198083018e-01,-2.129925452609158880e-03,8.839328537170263900e+00,1.388489208633093552e+00,4.812949640287770059e+00
2.908615376983062717e+00,-1.458998935037273681e-01,1.064962726304579388e-01,2.129925452609158706e-02,8.750599520383692820e+00,1.364508393285371657e+00,4.964028776978417490e+00
2.913572116278697166e+00,-1.437699680511182188e-01,8.945686900958466081e-02,5.111821086261980618e-02,8.705035971223020752e+00,1.311750599520383753e+00,5.095923261390887582e+00
2.918528855574331615e+00,-1.331203407880724165e-01,6.496272630457934627e-02,7.774227902023429781e-02,8.681055155875299079e+00,1.237410071942446121e+00,5.184652278177457774e+00
2.923485594869966064e+00,-1.107561235356762513e-01,3.407880724174654208e-02,1.054313099041533502e-01,8.637889688249400066e+00,1.153477218225419598e+00,5.208633093525179447e+00
2.928442334165600514e+00,-8.626198083067092293e-02,3.194888178913737886e-03,1.320553780617678419e-01,8.671462829736210409e+00,1.119904076738609033e+00,5.177458033573141272e+00
2.933399073461234963e+00,-6.496272630457934627e-02,-2.662406815761448470e-02,1.586794462193823196e-01,8.697841726618705138e+00,1.139088729016786594e+00,5.079136690647482411e+00
2.938355812756869412e+00,-4.792332268370606829e-02,-5.431309904153354406e-02,1.874334398296059745e-01,8.757793764988010210e+00,1.117505995203836866e+00,5.002398081534772167e+00
2.943312552052503861e+00,-3.301384451544196047e-02,-7.561235356762513460e-02,2.140575079872204523e-01,8.848920863309352569e+00,1.059952038369304628e+00,4.875299760191846410e+00
2.948269291348138310e+00,-2.662406815761448470e-02,-9.371671991480298725e-02,2.300319488817891278e-01,8.920863309352517589e+00,1.016786570743405171e+00,4.700239808153477306e+00
2.953226030643772759e+00,-2.768903088391906284e-02,-9.904153354632587447e-02,2.374866879659212060e-01,9.007194244604317390e+00,1.021582733812949728e+00,4.577937649880095883e+00
2.958182769939407208e+00,-3.194888178913737886e-02,-1.001064962726304630e-01,2.481363152289669805e-01,8.990407673860911331e+00,1.062350119904076795e+00,4.529976019184652536e+00
2.963139509235041658e+00,-3.407880724174654208e-02,-1.022364217252396124e-01,2.651757188498402584e-01,8.973621103117505271e+00,1.016786570743405171e+00,4.505995203836930862e+00
2.968096248530676107e+00,-3.727369542066027996e-02,-1.022364217252396124e-01,2.843450479233226580e-01,9.007194244604317390e+00,8.681055155875300189e-01,4.491606714628296970e+00
2.973052987826310556e+00,-3.620873269435569836e-02,-1.033013844515442009e-01,2.939297124600638855e-01,8.983213429256593940e+00,7.505995203836930418e-01,4.491606714628296970e+00
2.978009727121945005e+00,-3.301384451544196047e-02,-1.054313099041533502e-01,2.960596379126730349e-01,8.978417266187049606e+00,6.906474820143885252e-01,4.486810551558752636e+00
2.982966466417579454e+00,-2.662406815761448470e-02,-1.086261980830670881e-01,2.981895633652822397e-01,8.980815347721822661e+00,6.378896882494005105e-01,4.470023980815347464e+00
2.987923205713213903e+00,-1.703940362087327104e-02,-1.118210862619808260e-01,3.099041533546325611e-01,8.976019184652278327e+00,5.443645083932853179e-01,4.422062350119904117e+00
2.992879945008848352e+00,-5.324813631522896766e-03,-1.118210862619808260e-01,3.184238551650692139e-01,8.959232613908872267e+00,3.836930455635491621e-01,4.335731414868105205e+00
2.997836684304482802e+00,1.064962726304579353e-02,-1.064962726304579388e-01,3.162939297124600646e-01,8.973621103117505271e+00,1.726618705035971313e-01,4.369304556354916436e+00
3.002793423600117251e+00,2.449414270500532495e-02,-1.054313099041533502e-01,3.077742279020234117e-01,9.047961630695443347e+00,-3.357314148681055099e-02,4.376498800959232938e+00
3.007750162895751700e+00,3.514376996805111675e-02,-1.107561235356762513e-01,2.896698615548455868e-01,9.103117505995204084e+00,-1.342925659472422040e-01,4.318944844124700033e+00
3.012706902191386149e+00,4.579339723109691201e-02,-1.086261980830670881e-01,2.630457933972311091e-01,9.146282973621103096e+00,-2.230215827338129508e-01,4.218225419664269005e+00
3.017663641487020598e+00,5.750798722044728195e-02,-1.011714589989350377e-01,2.385516506922257807e-01,9.112709832134292753e+00,-3.021582733812949728e-01,4.146282973621103096e+00
3.022620380782655047e+00,6.709265175718849561e-02,-8.732694355697551147e-02,2.129925452609158776e-01,9.124700239808152702e+00,-3.980815347721822772e-01,4.172661870503596937e+00
3.027577120078289052e+00,7.561235356762513460e-02,-7.667731629392970927e-02,1.821086261980830734e-01,9.187050359712230829e+00,-4.580335731414867939e-01,4.211031175059951615e+00
3.032533859373923502e+00,8.626198083067092293e-02,-6.922257720979765883e-02,1.480298189563365174e-01,9.232613908872901121e+00,-4.964028776978417490e-01,4.201438848920862945e+00
3.037490598669557951e+00,9.265175718849839870e-02,-6.070287539936101984e-02,1.107561235356762513e-01,9.201438848920863833e+00,-4.604316546762590168e-01,4.110311750599520586e+00
3.042447337965192400e+00,1.011714589989350377e-01,-4.792332268370606829e-02,7.454739084132055993e-02,9.146282973621103096e+00,-3.597122302158273222e-01,4.095923261390887582e+00
3.047404077260826849e+00,1.064962726304579388e-01,-3.088391906283280072e-02,5.005324813631523151e-02,9.112709832134292753e+00,-2.709832134292565753e-01,4.055155875299759849e+00
3.052360816556461298e+00,1.107561235356762513e-01,-9.584664536741213658e-03,2.981895633652822258e-02,9.115107913669064033e+00,-2.302158273381295084e-01,4.062350119904076351e+00
3.057317555852095747e+00,1.139510117145899892e-01,5.324813631522896766e-03,1.064962726304579353e-02,9.115107913669064033e+00,-2.374100719424460382e-01,4.143884892086330929e+00
3.062274295147730196e+00,1.150159744408945639e-01,1.810436634717784918e-02,-6.389776357827475772e-03,9.076738609112709355e+00,-2.038369304556355011e-01,4.175059952038369104e+00
3.067231034443364646e+00,1.214057507987220397e-01,2.981895633652822258e-02,-2.342917997870074681e-02,9.019184652278177339e+00,-1.486810551558752913e-01,4.203836930455635112e+00
3.072187773738999095e+00,1.267305644302449408e-01,4.153354632587859252e-02,-3.301384451544196047e-02,8.966426858513189657e+00,-7.913669064748200810e-02,4.263788968824940184e+00
3.077144513034633544e+00,1.352502662406815659e-01,5.537806176783812567e-02,-2.981895633652822258e-02,8.966426858513189657e+00,-4.316546762589928282e-02,4.330935251798560870e+00
3.082101252330267993e+00,1.448349307774227934e-01,6.283280085197018305e-02,-2.555910543130990309e-02,8.940047961630694928e+00,-2.398081534772182263e-02,4.465227817745803129e+00
3.087057991625902442e+00,1.490947816826411199e-01,6.283280085197018305e-02,-2.342917997870074681e-02,8.901678657074340251e+00,-4.076738609112710160e-02,4.637889688249400066e+00
3.092014730921536891e+00,1.533546325878594185e-01,5.431309904153354406e-02,-2.449414270500532495e-02,8.846522781774579514e+00,-8.393285371702638442e-02,4.805755395683453557e+00
3.096971470217171341e+00,1.565495207667731703e-01,3.514376996805111675e-02,-2.768903088391906284e-02,8.733812949640288537e+00,-5.275779376498800771e-02,4.896882494004795916e+00
3.101928209512805790e+00,1.565495207667731703e-01,9.584664536741213658e-03,-3.301384451544196047e-02,8.633093525179855732e+00,1.678657074340527550e-02,4.947242206235012318e+00
3.106884948808440239e+00,1.501597444089456945e-01,-1.810436634717784918e-02,-2.875399361022364098e-02,8.621103117505995783e+00,7.673860911270982688e-02,4.930455635491607147e+00
3.111841688104074688e+00,1.427050053248136441e-01,-4.153354632587859252e-02,-2.342917997870074681e-02,8.671462829736210409e+00,1.366906474820143991e-01,4.868105515587529908e+00
3.116798427399709137e+00,1.288604898828540901e-01,-5.963791267305644517e-02,-1.703940362087327104e-02,8.719424460431655532e+00,1.750599520383692986e-01,4.767386091127097991e+00
3.121755166695343586e+00,1.075612353567625135e-01,-7.241746538871139671e-02,-1.916932907348242732e-02,8.736211031175059816e+00,2.446043165467625957e-01,4.717026378896882477e+00
3.126711905990978035e+00,8.519701810436634826e-02,-8.732694355697551147e-02,-2.129925452609158706e-02,8.726618705035971146e+00,2.757793764988009655e-01,4.690647482014388636e+00
3.131668645286612485e+00,6.389776357827475772e-02,-1.033013844515442009e-01,-2.023429179978700893e-02,8.743405275779377206e+00,3.117505995203836977e-01,4.621103117505994895e+00
3.136625384582246934e+00,4.259850905218317413e-02,-1.107561235356762513e-01,-1.916932907348242732e-02,8.772182254196643214e+00,3.645083932853717124e-01,4.467625899280575297e+00
3.141582123877881383e+00,2.768903088391906284e-02,-1.118210862619808260e-01,-1.597444089456868943e-02,8.781774580335731883e+00,3.741007194244604372e-01,4.369304556354916436e+00
3.146538863173515832e+00,1.703940362087327104e-02,-1.054313099041533502e-01,-8.519701810436635520e-03,8.851318944844123848e+00,3.573141486810551548e-01,4.299760191846522694e+00
3.151495602469150281e+00,8.519701810436635520e-03,-9.904153354632587447e-02,0.000000000000000000e+00,8.868105515587529908e+00,3.021582733812949728e-01,4.278177458033573188e+00
3.156452341764784730e+00,4.259850905218317760e-03,-9.584664536741213658e-02,3.194888178913737886e-03,8.832134292565946510e+00,2.589928057553956831e-01,4.230215827338129841e+00
3.161409081060419179e+00,4.259850905218317760e-03,-8.945686900958466081e-02,6.389776357827475772e-03,8.827338129496402175e+00,2.254196642685851182e-01,4.170263788968824770e+00
3.166365820356053629e+00,9.584664536741213658e-03,-8.200212992545261037e-02,9.584664536741213658e-03,8.832134292565946510e+00,2.038369304556355011e-01,4.143884892086330929e+00
3.171322559651688078e+00,1.916932907348242732e-02,-7.561235356762513460e-02,1.597444089456868943e-02,8.865707434052758629e+00,1.726618705035971313e-01,4.122302158273381423e+00
3.176279298947322527e+00,2.981895633652822258e-02,-6.709265175718849561e-02,2.023429179978700893e-02,8.875299760191847298e+00,1.366906474820143991e-01,4.038369304556354678e+00
3.181236038242956976e+00,3.620873269435569836e-02,-5.431309904153354406e-02,1.703940362087327104e-02,8.925659472422061924e+00,8.153477218225420320e-02,3.971223021582733992e+00
3.186192777538591425e+00,3.514376996805111675e-02,-3.727369542066027996e-02,8.519701810436635520e-03,8.882494004796162912e+00,1.342925659472422040e-01,3.980815347721822661e+00
3.191149516834225874e+00,3.194888178913737886e-02,-2.129925452609158706e-02,2.129925452609158880e-03,8.824940047961630896e+00,2.134292565947242259e-01,4.050359712230215514e+00
3.196106256129860324e+00,2.662406815761448470e-02,-1.384451544195953142e-02,-6.389776357827475772e-03,8.793764988009591832e+00,2.110311750599520308e-01,4.127098321342925757e+00
3.201062995425494773e+00,1.703940362087327104e-02,-6.389776357827475772e-03,-1.384451544195953142e-02,8.750599520383692820e+00,1.223021582733812979e-01,4.155875299760191766e+00
3.206019734721129222e+00,1.064962726304579353e-02,-3.194888178913737886e-03,-2.875399361022364098e-02,8.757793764988010210e+00,1.079136690647481966e-01,4.170263788968824770e+00
3.210976474016763671e+00,6.389776357827475772e-03,3.194888178913737886e-03,-4.685835995740149362e-02,8.764988009592325824e+00,1.510791366906474864e-01,4.206235011990407280e+00
3.215933213312398120e+00,8.519701810436635520e-03,1.064962726304579353e-02,-5.963791267305644517e-02,8.721822541966426812e+00,2.278177458033573133e-01,4.208633093525179447e+00
3.220889952608032125e+00,1.703940362087327104e-02,1.810436634717784918e-02,-6.389776357827475772e-02,8.695443645083932083e+00,2.254196642685851182e-01,4.230215827338129841e+00
3.225846691903666574e+00,3.301384451544196047e-02,2.236421725239616520e-02,-6.602768903088392094e-02,8.702637889688249473e+00,1.822541966426858562e-01,4.218225419664269005e+00
3.230803431199301023e+00,5.750798722044728195e-02,2.875399361022364098e-02,-6.815761448349308416e-02,8.673860911270983465e+00,1.558752997601918489e-01,4.247002398081535013e+00
3.235760170494935473e+00,8.945686900958466081e-02,3.620873269435569836e-02,-6.815761448349308416e-02,8.637889688249400066e+00,1.750599520383692986e-01,4.292565947242206192e+00
3.240716909790569922e+00,1.267305644302449408e-01,3.727369542066027996e-02,-5.963791267305644517e-02,8.599520383693045389e+00,2.302158273381295084e-01,4.347721822541966041e+00
3.245673649086204371e+00,1.650692225772097954e-01,3.620873269435569836e-02,-4.579339723109691201e-02,8.661870503597121740e+00,2.278177458033573133e-01,4.359712230215827766e+00
3.250630388381838820e+00,1.927582534611288478e-01,3.727369542066027996e-02,-3.301384451544196047e-02,8.690647482014387748e+00,2.853717026378896904e-01,4.309352517985611364e+00
3.255587127677473269e+00,2.097976570820021258e-01,3.940362087326943624e-02,-2.342917997870074681e-02,8.657074340527577405e+00,3.693045563549160470e-01,4.304556354916067029e+00
3.260543866973107718e+00,2.119275825346112752e-01,4.046858359957401785e-02,-1.703940362087327104e-02,8.570743405275779381e+00,4.340527577937650094e-01,4.395683453237410276e+00
3.265500606268742168e+00,2.108626198083067005e-01,3.514376996805111675e-02,-1.064962726304579353e-02,8.501199040767385640e+00,3.741007194244604372e-01,4.553956834532374209e+00
3.270457345564376617e+00,2.044728434504792247e-01,2.129925452609158706e-02,-5.324813631522896766e-03,8.482014388489208301e+00,3.453237410071942626e-01,4.573141486810551548e+00
3.275414084860011066e+00,1.927582534611288478e-01,4.259850905218317760e-03,-6.389776357827475772e-03,8.482014388489208301e+00,3.453237410071942626e-01,4.609112709832134058e+00
3.280370824155645515e+00,1.778487752928647470e-01,-1.490947816826411129e-02,-1.064962726304579353e-02,8.453237410071942293e+00,3.693045563549160470e-01,4.587529976019184552e+00
3.285327563451279964e+00,1.576144834930777450e-01,-2.875399361022364098e-02,-1.384451544195953142e-02,8.489208633093525691e+00,3.788968824940047719e-01,4.505995203836930862e+00
3.290284302746914413e+00,1.373801916932907430e-01,-3.620873269435569836e-02,-1.490947816826411129e-02,8.556354916067146377e+00,3.860911270983213295e-01,4.388489208633093774e+00
3.295241042042548862e+00,1.150159744408945639e-01,-4.153354632587859252e-02,-1.810436634717784918e-02,8.534772182254195982e+00,4.124700239808153368e-01,4.340527577937649539e+00
3.300197781338183312e+00,9.265175718849839870e-02,-4.366347177848775574e-02,-2.342917997870074681e-02,8.577937649880096771e+00,4.772182254196642437e-01,4.270983213429256686e+00
3.305154520633817761e+00,7.135250266240682204e-02,-4.259850905218317413e-02,-2.236421725239616520e-02,8.640287769784173122e+00,5.251798561151078681e-01,4.191846522781774276e+00
3.310111259929452210e+00,5.218317358892438779e-02,-3.833865814696485463e-02,-1.703940362087327104e-02,8.666666666666666075e+00,5.203836930455635335e-01,4.110311750599520586e+00
3.315067999225086659e+00,3.727369542066027996e-02,-2.981895633652822258e-02,-1.384451544195953142e-02,8.688249400479616469e+00,5.059952038369304184e-01,4.093525179856115415e+00
3.320024738520721108e+00,2.449414270500532495e-02,-2.129925452609158706e-02,-1.277955271565495154e-02,8.719424460431655532e+00,5.083932853717025857e-01,4.141486810551558762e+00
3.324981477816355557e+00,1.916932907348242732e-02,-1.810436634717784918e-02,-5.324813631522896766e-03,8.709832134292565087e+00,5.467625899280575963e-01,4.167865707434052602e+00
3.329938217111990006e+00,2.129925452609158706e-02,-1.064962726304579353e-02,6.389776357827475772e-03,8.666666666666666075e+00,5.179856115107913661e-01,4.189448441247002108e+00
3.334894956407624456e+00,2.981895633652822258e-02,-4.259850905218317760e-03,2.236421725239616520e-02,8.652278177458033070e+00,4.604316546762590168e-01,4.203836930455635112e+00
3.339851695703258905e+00,4.046858359957401785e-02,2.129925452609158880e-03,3.088391906283280072e-02,8.654676258992806126e+00,3.621103117505995450e-01,4.285371702637889690e+00
3.344808434998893354e+00,5.218317358892438779e-02,-1.064962726304579440e-03,3.194888178913737886e-02,8.664268585131894795e+00,3.621103117505995450e-01,4.347721822541966041e+00
3.349765174294527803e+00,6.283280085197018305e-02,-8.519701810436635520e-03,2.981895633652822258e-02,8.630695443645084453e+00,4.412470023980815115e-01,4.333333333333333037e+00
3.354721913590162252e+00,6.922257720979765883e-02,-8.519701810436635520e-03,3.514376996805111675e-02,8.621103117505995783e+00,4.364508393285371768e-01,4.270983213429256686e+00
3.359678652885796701e+00,6.922257720979765883e-02,-5.324813631522896766e-03,3.407880724174654208e-02,8.669064748201439130e+00,4.052757793764987793e-01,4.211031175059951615e+00
3.364635392181431151e+00,6.496272630457934627e-02,1.064962726304579440e-03,2.768903088391906284e-02,8.688249400479616469e+00,3.788968824940047719e-01,4.242206235011990678e+00
3.369592131477065600e+00,5.750798722044728195e-02,3.194888178913737886e-03,1.490947816826411129e-02,8.671462829736210409e+00,4.172661870503597270e-01,4.239808153477218511e+00
3.374548870772700049e+00,4.898828541001064990e-02,3.194888178913737886e-03,3.194888178913737886e-03,8.623501199040767062e+00,4.484412470023980690e-01,4.254196642685851515e+00
3.379505610068334498e+00,4.579339723109691201e-02,2.129925452609158880e-03,-2.129925452609158880e-03,8.623501199040767062e+00,4.748201438848920763e-01,4.194244604316546443e+00
3.384462349363968947e+00,3.940362087326943624e-02,6.389776357827475772e-03,-2.129925452609158880e-03,8.673860911270983465e+00,5.131894484412470314e-01,4.160671462829736100e+00
3.389419088659603396e+00,3.514376996805111675e-02,1.490947816826411129e-02,-7.454739084132055646e-03,8.714628297362111198e+00,5.419664268585131506e-01,4.110311750599520586e+00
3.394375827955237845e+00,2.768903088391906284e-02,2.342917997870074681e-02,-1.064962726304579353e-02,8.721822541966426812e+00,5.779376498800958828e-01,4.146282973621103096e+00
3.399332567250872295e+00,2.129925452609158706e-02,3.088391906283280072e-02,-7.454739084132055646e-03,8.671462829736210409e+00,5.875299760191846632e-01,4.124700239808153590e+00
3.404289306546506744e+00,2.129925452609158706e-02,3.620873269435569836e-02,-3.194888178913737886e-03,8.661870503597121740e+00,5.803357314148680501e-01,4.105515587529976251e+00
3.409246045842141193e+00,2.129925452609158706e-02,3.940362087326943624e-02,-1.064962726304579440e-03,8.652278177458033070e+00,5.659472422062350461e-01,4.122302158273381423e+00
3.414202785137775642e+00,2.981895633652822258e-02,4.579339723109691201e-02,-3.194888178913737886e-03,8.671462829736210409e+00,5.299760191846523139e-01,4.127098321342925757e+00
3.419159524433409647e+00,3.620873269435569836e-02,5.111821086261980618e-02,0.000000000000000000e+00,8.654676258992806126e+00,5.323741007194244812e-01,4.208633093525179447e+00
3.424116263729044096e+00,4.898828541001064990e-02,5.644302449414270728e-02,6.389776357827475772e-03,8.676258992805754744e+00,4.964028776978417490e-01,4.199040767386090778e+00
3.429073003024678545e+00,6.389776357827475772e-02,6.389776357827475772e-02,9.584664536741213658e-03,8.705035971223020752e+00,4.172661870503597270e-01,4.175059952038369104e+00
3.434029742320312995e+00,8.093716719914803570e-02,7.135250266240682204e-02,5.324813631522896766e-03,8.738609112709832871e+00,3.908872901678657197e-01,4.194244604316546443e+00
3.438986481615947444e+00,9.478168264110756192e-02,8.093716719914803570e-02,0.000000000000000000e+00,8.714628297362111198e+00,4.220623501199040617e-01,4.242206235011990678e+00
3.443943220911581893e+00,1.107561235356762513e-01,8.839190628328008614e-02,-4.259850905218317760e-03,8.731414868105515481e+00,4.940047961630695261e-01,4.266187050359712352e+00
3.448899960207216342e+00,1.203407880724174650e-01,9.478168264110756192e-02,-6.389776357827475772e-03,8.745803357314148485e+00,4.892086330935251914e-01,4.287769784172661858e+00
3.453856699502850791e+00,1.288604898828540901e-01,1.043663471778487756e-01,-7.454739084132055646e-03,8.690647482014387748e+00,4.652278177458033515e-01,4.335731414868105205e+00
3.458813438798485240e+00,1.341853035143769912e-01,1.086261980830670881e-01,-1.384451544195953142e-02,8.683453237410072134e+00,4.388489208633093441e-01,4.366906474820144268e+00
3.463770178094119689e+00,1.352502662406815659e-01,1.096911608093716767e-01,-2.768903088391906284e-02,8.652278177458033070e+00,4.628297362110311841e-01,4.491606714628296970e+00
3.468726917389754139e+00,1.352502662406815659e-01,1.043663471778487756e-01,-3.620873269435569836e-02,8.616306954436451448e+00,4.988009592326139163e-01,4.515587529976019532e+00
3.473683656685388588e+00,1.309904153354632672e-01,9.371671991480298725e-02,-3.620873269435569836e-02,8.599520383693045389e+00,5.683453237410072134e-01,4.513189448441247364e+00
3.478640395981023037e+00,1.267305644302449408e-01,8.306709265175718504e-02,-3.194888178913737886e-02,8.601918465227818444e+00,6.235011990407673954e-01,4.462829736211030962e+00
3.483597135276657486e+00,1.203407880724174650e-01,7.987220447284344715e-02,-2.555910543130990309e-02,8.678657074340527799e+00,6.738609112709832427e-01,4.479616306954436133e+00
3.488553874572291935e+00,1.086261980830670881e-01,7.774227902023429781e-02,-1.703940362087327104e-02,8.673860911270983465e+00,6.906474820143885252e-01,4.496402877697841305e+00
3.493510613867926384e+00,8.839190628328008614e-02,7.241746538871139671e-02,-1.384451544195953142e-02,8.690647482014387748e+00,7.505995203836930418e-01,4.465227817745803129e+00
3.498467353163560833e+00,6.389776357827475772e-02,6.496272630457934627e-02,-5.324813631522896766e-03,8.671462829736210409e+00,7.913669064748201087e-01,4.470023980815347464e+00
3.503424092459195283e+00,4.366347177848775574e-02,6.070287539936101984e-02,3.194888178913737886e-03,8.630695443645084453e+00,8.081534772182253912e-01,4.479616306954436133e+00
3.508380831754829732e+00,2.449414270500532495e-02,5.857294994675186356e-02,1.597444089456868943e-02,8.659472422062350461e+00,8.225419664268585063e-01,4.522781774580336034e+00
3.513337571050464181e+00,1.064962726304579353e-02,5.857294994675186356e-02,2.768903088391906284e-02,8.729016786570744202e+00,7.721822541966426590e-01,4.517985611510791699e+00
3.518294310346098630e+00,-1.064962726304579440e-03,5.324813631522896940e-02,3.833865814696485463e-02,8.764988009592325824e+00,6.810551558752997447e-01,4.537170263788969038e+00
3.523251049641733079e+00,-6.389776357827475772e-03,5.431309904153354406e-02,4.792332268370606829e-02,8.772182254196643214e+00,6.306954436450838974e-01,4.570743405275779381e+00
3.528207788937367528e+00,-5.324813631522896766e-03,5.218317358892438779e-02,5.750798722044728195e-02,8.731414868105515481e+00,5.875299760191846632e-01,4.625899280575539230e+00
3.533164528233001977e+00,9.584664536741213658e-03,4.472843450479233041e-02,6.922257720979765883e-02,8.673860911270983465e+00,5.515587529976019310e-01,4.683453237410072134e+00
3.538121267528636427e+00,2.662406815761448470e-02,3.833865814696485463e-02,8.413205537806177359e-02,8.717026378896882477e+00,4.988009592326139163e-01,4.671462829736211297e+00
3.543078006824270876e+00,4.153354632587859252e-02,3.194888178913737886e-02,9.478168264110756192e-02,8.743405275779377206e+00,4.244604316546762846e-01,4.673860911270983465e+00
3.548034746119905325e+00,5.644302449414270728e-02,1.916932907348242732e-02,1.022364217252396124e-01,8.772182254196643214e+00,3.980815347721822772e-01,4.623501199040767062e+00
3.552991485415539774e+00,6.815761448349308416e-02,8.519701810436635520e-03,1.022364217252396124e-01,8.788968824940047497e+00,4.220623501199040617e-01,4.503597122302158695e+00
3.557948224711174223e+00,7.774227902023429781e-02,6.389776357827475772e-03,1.033013844515442009e-01,8.810551558752997892e+00,4.868105515587530241e-01,4.422062350119904117e+00
3.562904964006808672e+00,7.880724174653887248e-02,1.171458998935037341e-02,1.118210862619808260e-01,8.796163069544364888e+00,5.227817745803357008e-01,4.417266187050359783e+00
3.567861703302443122e+00,8.093716719914803570e-02,1.597444089456868943e-02,1.214057507987220397e-01,8.829736211031175230e+00,4.748201438848920763e-01,4.443645083932853623e+00
3.572818442598077571e+00,7.667731629392970927e-02,1.916932907348242732e-02,1.235356762513312029e-01,8.870503597122302963e+00,4.076738609112710021e-01,4.458033573141486627e+00
3.577775181893712020e+00,7.028753993610223350e-02,1.916932907348242732e-02,1.224707135250266282e-01,8.911270983213428920e+00,4.100719424460431695e-01,4.460431654676258795e+00
3.582731921189346469e+00,6.389776357827475772e-02,2.129925452609158706e-02,1.224707135250266282e-01,8.829736211031175230e+00,4.796163069544364665e-01,4.498800959232613472e+00
3.587688660484980918e+00,5.963791267305644517e-02,2.449414270500532495e-02,1.299254526091586925e-01,8.810551558752997892e+00,4.916067146282973588e-01,4.522781774580336034e+00
3.592645399780615367e+00,5.218317358892438779e-02,2.981895633652822258e-02,1.427050053248136441e-01,8.827338129496402175e+00,3.956834532374100544e-01,4.582733812949640217e+00
3.597602139076249816e+00,3.833865814696485463e-02,2.981895633652822258e-02,1.416400425985090417e-01,8.872901678657074243e+00,2.949640287769784153e-01,4.726618705035971146e+00
3.602558878371884266e+00,2.023429179978700893e-02,1.597444089456868943e-02,1.267305644302449408e-01,8.824940047961630896e+00,2.853717026378896904e-01,4.808153477218225724e+00
3.607515617667518715e+00,2.129925452609158880e-03,-1.064962726304579440e-03,1.171458998935037271e-01,8.707434052757793808e+00,3.645083932853717124e-01,4.863309352517985573e+00
3.612472356963152720e+00,-1.916932907348242732e-02,-1.703940362087327104e-02,1.182108626198083018e-01,8.664268585131894795e+00,3.908872901678657197e-01,4.887290167865707247e+00
3.617429096258787169e+00,-3.301384451544196047e-02,-3.514376996805111675e-02,1.235356762513312029e-01,8.709832134292565087e+00,3.093525179856115304e-01,4.928057553956834091e+00
3.622385835554421618e+00,-4.792332268370606829e-02,-5.324813631522896940e-02,1.224707135250266282e-01,8.791366906474820553e+00,2.877697841726618577e-01,4.964028776978417490e+00
3.627342574850056067e+00,-6.815761448349308416e-02,-7.774227902023429781e-02,1.160809371671991524e-01,8.760191846522781489e+00,3.717026378896882699e-01,4.966426858513189657e+00
3.632299314145690516e+00,-8.732694355697551147e-02,-1.022364217252396124e-01,1.160809371671991524e-01,8.695443645083932083e+00,4.844124700239808012e-01,4.882494004796162912e+00
3.637256053441324966e+00,-1.054313099041533502e-01,-1.277955271565495154e-01,1.256656017039403661e-01,8.709832134292565087e+00,5.635491606714628787e-01,4.772182254196642326e+00
3.642212792736959415e+00,-1.235356762513312029e-01,-1.437699680511182188e-01,1.437699680511182188e-01,8.731414868105515481e+00,5.899280575539568305e-01,4.652278177458033959e+00
3.647169532032593864e+00,-1.437699680511182188e-01,-1.544195953141639932e-01,1.629392971246006461e-01,8.810551558752997892e+00,5.731414868105515481e-01,4.589928057553956720e+00
3.652126271328228313e+00,-1.682641107561235472e-01,-1.640042598509052207e-01,1.735889243876464205e-01,8.865707434052758629e+00,6.187050359712230607e-01,4.553956834532374209e+00
3.657083010623862762e+00,-1.927582534611288478e-01,-1.757188498402555976e-01,1.884984025559105492e-01,8.803357314148680501e+00,6.043165467625899456e-01,4.515587529976019532e+00
3.662039749919497211e+00,-2.140575079872204523e-01,-1.799787007454738963e-01,2.108626198083067005e-01,8.820143884892086561e+00,5.299760191846523139e-01,4.386091127098321607e+00
3.666996489215131660e+00,-2.279020234291799785e-01,-1.810436634717784987e-01,2.321618743343983049e-01,8.882494004796162912e+00,3.764988009592326046e-01,4.287769784172661858e+00
3.671953228510766110e+00,-2.353567625133120289e-01,-1.789137380191693216e-01,2.417465388711395047e-01,8.930455635491606259e+00,2.134292565947242259e-01,4.258992805755395850e+00
3.676909967806400559e+00,-2.406815761448349300e-01,-1.746538871139510229e-01,2.428115015974440793e-01,8.949640287769783598e+00,1.127098321342925591e-01,4.304556354916067029e+00
3.681866707102035008e+00,-2.428115015974440793e-01,-1.735889243876464205e-01,2.438764643237486818e-01,8.976019184652278327e+00,-1.918465227817745672e-02,4.290167865707434025e+00
3.686823446397669457e+00,-2.417465388711395047e-01,-1.735889243876464205e-01,2.406815761448349300e-01,9.002398081534773056e+00,-1.798561151079136611e-01,4.218225419664269005e+00
3.691780185693303906e+00,-2.396166134185303553e-01,-1.650692225772097954e-01,2.215122470713525027e-01,9.055155875299760737e+00,-2.949640287769784153e-01,4.134292565947242259e+00
3.696736924988938355e+00,-2.310969116080937302e-01,-1.565495207667731703e-01,1.927582534611288478e-01,9.059952038369305072e+00,-3.333333333333333148e-01,4.119904076738609255e+00
3.701693664284572804e+00,-2.225772097976570774e-01,-1.458998935037273681e-01,1.671991480298189447e-01,9.055155875299760737e+00,-3.477218225419664299e-01,4.110311750599520586e+00
3.706650403580207254e+00,-2.087326943556975511e-01,-1.384451544195953177e-01,1.427050053248136441e-01,9.076738609112709355e+00,-4.124700239808153368e-01,4.079136690647482411e+00
3.711607142875841703e+00,-1.884984025559105492e-01,-1.299254526091586925e-01,1.160809371671991524e-01,9.083932853717026745e+00,-4.148681055155875042e-01,4.011990407673860837e+00
3.716563882171476152e+00,-1.671991480298189447e-01,-1.192758253461128903e-01,9.158679446219382403e-02,9.091127098321342359e+00,-3.717026378896882699e-01,3.935251798561151038e+00
3.721520621467110601e+00,-1.458998935037273681e-01,-1.043663471778487756e-01,6.922257720979765883e-02,9.098321342925659749e+00,-3.477218225419664299e-01,3.884892086330935079e+00
3.726477360762745050e+00,-1.203407880724174650e-01,-8.626198083067092293e-02,5.218317358892438779e-02,9.091127098321342359e+00,-3.549160671462829875e-01,3.853717026378896904e+00
3.731434100058379499e+00,-9.584664536741213658e-02,-6.709265175718849561e-02,3.833865814696485463e-02,9.057553956834532016e+00,-3.741007194244604372e-01,3.846522781774580402e+00
3.736390839354013949e+00,-7.454739084132055993e-02,-5.111821086261980618e-02,1.597444089456868943e-02,9.057553956834532016e+00,-4.052757793764987793e-01,3.889688249400479414e+00
3.741347578649648398e+00,-5.431309904153354406e-02,-4.046858359957401785e-02,-9.584664536741213658e-03,9.033573141486810343e+00,-3.693045563549160470e-01,3.918465227817745866e+00
3.746304317945282847e+00,-3.088391906283280072e-02,-2.981895633652822258e-02,-3.514376996805111675e-02,9.004796163069544335e+00,-3.357314148681055377e-01,3.928057553956834536e+00
3.751261057240917296e+00,-9.584664536741213658e-03,-1.703940362087327104e-02,-5.218317358892438779e-02,8.990407673860911331e+00,-3.141486810551558650e-01,3.856115107913669071e+00
3.756217796536551745e+00,1.384451544195953142e-02,0.000000000000000000e+00,-6.922257720979765883e-02,9.016786570743406060e+00,-2.997601918465228055e-01,3.798561151079136611e+00
3.761174535832186194e+00,3.301384451544196047e-02,2.023429179978700893e-02,-8.413205537806177359e-02,9.014388489208633004e+00,-1.870503597122302186e-01,3.834532374100719565e+00
3.766131275127820643e+00,4.792332268370606829e-02,3.940362087326943624e-02,-9.158679446219382403e-02,8.995203836930455665e+00,-7.913669064748200810e-02,3.904076738609112862e+00
3.771088014423455093e+00,5.857294994675186356e-02,5.324813631522896940e-02,-9.265175718849839870e-02,8.973621103117505271e+00,-2.637889688249400386e-02,3.928057553956834536e+00
3.776044753719089542e+00,5.750798722044728195e-02,6.602768903088392094e-02,-9.371671991480298725e-02,8.940047961630694928e+00,3.836930455635491344e-02,3.956834532374100544e+00
3.781001493014723991e+00,5.005324813631523151e-02,7.774227902023429781e-02,-9.478168264110756192e-02,8.880095923261391633e+00,9.352517985611510931e-02,4.033573141486810343e+00
3.785958232310358440e+00,3.514376996805111675e-02,8.413205537806177359e-02,-9.691160809371672513e-02,8.839328537170263900e+00,7.434052757793764565e-02,4.177458033573141272e+00
3.790914971605992889e+00,2.342917997870074681e-02,7.880724174653887248e-02,-1.022364217252396124e-01,8.791366906474820553e+00,7.194244604316546443e-02,4.321342925659472201e+00
3.795871710901627338e+00,9.584664536741213658e-03,6.496272630457934627e-02,-1.075612353567625135e-01,8.774580335731414493e+00,6.714628297362110199e-02,4.338129496402877372e+00
3.800828450197261787e+00,-2.129925452609158880e-03,5.111821086261980618e-02,-1.128860489882854146e-01,8.738609112709832871e+00,1.079136690647481966e-01,4.263788968824940184e+00
3.805785189492895793e+00,-1.171458998935037341e-02,4.366347177848775574e-02,-1.128860489882854146e-01,8.748201438848921541e+00,2.326139088729016757e-01,4.206235011990407280e+00
3.810741928788530242e+00,-1.916932907348242732e-02,4.366347177848775574e-02,-1.033013844515442009e-01,8.793764988009591832e+00,2.973621103117505826e-01,4.127098321342925757e+00
3.815698668084164691e+00,-3.088391906283280072e-02,4.898828541001064990e-02,-9.265175718849839870e-02,8.846522781774579514e+00,2.374100719424460382e-01,4.110311750599520586e+00
3.820655407379799140e+00,-4.366347177848775574e-02,5.963791267305644517e-02,-8.732694355697551147e-02,8.860911270983214294e+00,2.254196642685851182e-01,4.083932853717026745e+00
3.825612146675433589e+00,-5.431309904153354406e-02,6.709265175718849561e-02,-8.732694355697551147e-02,8.810551558752997892e+00,1.894484412470023860e-01,4.105515587529976251e+00
3.830568885971068038e+00,-6.496272630457934627e-02,7.028753993610223350e-02,-8.732694355697551147e-02,8.793764988009591832e+00,2.302158273381295084e-01,4.163069544364508268e+00
3.835525625266702487e+00,-7.561235356762513460e-02,7.774227902023429781e-02,-8.306709265175718504e-02,8.817745803357313505e+00,2.110311750599520308e-01,4.160671462829736100e+00
3.840482364562336937e+00,-8.839190628328008614e-02,8.732694355697551147e-02,-8.200212992545261037e-02,8.693045563549160804e+00,7.913669064748200810e-02,4.258992805755395850e+00
3.845439103857971386e+00,-2.768903088391906284e-02,1.650692225772097954e-01,-5.005324813631523151e-02,8.366906474820144268e+00,-2.206235011990407557e-01,6.611510791366906226e+00
3.850395843153605835e+00,1.799787007454738963e-01,1.650692225772097954e-01,-4.685835995740149362e-02,1.000719424460431739e+01,-3.429256594724220397e-01,4.462829736211030962e+00
3.855352582449240284e+00,-9.904153354632587447e-02,-9.158679446219382403e-02,-1.597444089456868943e-01,9.436450839328538009e+00,-5.467625899280575963e-01,5.400479616306954611e+00
3.860309321744874733e+00,-5.537806176783812567e-02,-1.086261980830670881e-01,-2.907348242811501615e-01,7.292565947242206192e+00,1.167865707434052824e+00,2.431654676258992787e+00
3.865266061040509182e+00,-1.086261980830670881e-01,1.064962726304579388e-01,-1.799787007454738963e-01,8.112709832134292753e+00,1.175059952038369326e+00,4.678657074340527799e+00
3.870222800336143631e+00,3.088391906283280072e-02,1.810436634717784987e-01,-6.070287539936101984e-02,9.486810551558752636e+00,1.990407673860911386e-01,5.685851318944844301e+00
3.875179539631778081e+00,1.810436634717784918e-02,2.981895633652822258e-02,-7.028753993610223350e-02,9.657074340527577405e+00,-5.947242206235011652e-01,4.983213429256594829e+00
3.880136278927412530e+00,-7.774227902023429781e-02,-9.478168264110756192e-02,-2.055378061767837994e-01,8.870503597122302963e+00,-2.374100719424460382e-01,5.002398081534772167e+00
3.885093018223046979e+00,-1.703940362087327104e-02,-5.750798722044728195e-02,-2.768903088391906353e-01,7.664268585131894795e+00,1.436450839328537121e+00,3.172661870503596937e+00
3.890049757518681428e+00,-6.922257720979765883e-02,2.449414270500532495e-02,-1.746538871139510229e-01,8.805755395683453557e+00,1.448441247002398180e+00,4.625899280575539230e+00
3.895006496814315877e+00,-2.875399361022364098e-02,5.324813631522896766e-03,-8.413205537806177359e-02,8.364508393285371213e+00,9.592326139088729331e-01,3.796163069544364443e+00
3.899963236109950326e+00,-4.685835995740149362e-02,3.514376996805111675e-02,-3.620873269435569836e-02,9.062350119904076351e+00,-5.515587529976018893e-02,5.007194244604316502e+00
3.904919975405584776e+00,-1.384451544195953142e-02,1.064962726304579353e-02,-1.043663471778487756e-01,9.294964028776979248e+00,6.954436450839328321e-02,3.889688249400479414e+00
3.909876714701219225e+00,-1.277955271565495154e-01,-2.768903088391906284e-02,-1.778487752928647470e-01,8.227817745803356786e+00,9.280575539568345356e-01,5.393285371702638109e+00
3.914833453996853674e+00,-2.662406815761448470e-02,-2.981895633652822258e-02,-1.118210862619808260e-01,8.541966426858513373e+00,1.256594724220623460e+00,4.184652278177457774e+00
3.919790193292488123e+00,-6.283280085197018305e-02,-3.088391906283280072e-02,-3.833865814696485463e-02,9.031175059952039064e+00,7.146282973621103096e-01,4.179856115107913439e+00
3.924746932588122572e+00,-6.389776357827475772e-02,-2.449414270500532495e-02,-3.301384451544196047e-02,8.561151079136690711e+00,5.035971223021582510e-01,4.050359712230215514e+00
3.929703671883757021e+00,-5.644302449414270728e-02,2.555910543130990309e-02,-3.833865814696485463e-02,8.829736211031175230e+00,6.163069544364508934e-01,4.251798561151079348e+00
3.934660411179391470e+00,-7.561235356762513460e-02,2.768903088391906284e-02,-2.981895633652822258e-02,8.899280575539568972e+00,7.122302158273381423e-01,5.546762589928057707e+00
3.939617150475025920e+00,-2.768903088391906284e-02,-3.514376996805111675e-02,-1.064962726304579440e-03,8.942446043165467984e+00,7.721822541966426590e-01,4.529976019184652536e+00
3.944573889770660369e+00,-8.732694355697551147e-02,-7.987220447284344715e-02,2.129925452609158706e-02,8.683453237410072134e+00,5.995203836930456109e-01,4.580335731414868050e+00
3.949530629066294818e+00,-5.963791267305644517e-02,-5.750798722044728195e-02,2.023429179978700893e-02,8.294964028776979248e+00,7.577937649880095439e-01,3.690647482014388636e+00
3.954487368361929267e+00,-9.691160809371672513e-02,-7.454739084132055646e-03,4.792332268370606829e-02,8.705035971223020752e+00,5.371702637889688159e-01,5.100719424460431917e+00
3.959444107657563716e+00,-5.431309904153354406e-02,-3.301384451544196047e-02,6.496272630457934627e-02,8.966426858513189657e+00,4.172661870503597270e-01,5.134292565947242259e+00
3.964400846953198165e+00,-9.478168264110756192e-02,-1.171458998935037271e-01,6.070287539936101984e-02,8.904076738609113306e+00,2.254196642685851182e-01,4.932853717026379314e+00
3.969357586248832614e+00,-1.022364217252396124e-01,-1.533546325878594185e-01,3.620873269435569836e-02,8.549160671462828986e+00,3.309352517985611475e-01,4.443645083932853623e+00
3.974314325544467064e+00,-8.945686900958466081e-02,-1.277955271565495154e-01,2.875399361022364098e-02,8.688249400479616469e+00,5.299760191846523139e-01,3.908872901678657197e+00
3.979271064840101513e+00,-1.171458998935037271e-01,-1.043663471778487756e-01,3.620873269435569836e-02,8.829736211031175230e+00,5.227817745803357008e-01,4.517985611510791699e+00
3.984227804135735962e+00,-9.904153354632587447e-02,-1.128860489882854146e-01,4.898828541001064990e-02,8.832134292565946510e+00,4.340527577937650094e-01,4.021582733812949506e+00
3.989184543431370411e+00,-1.246006389776357776e-01,-1.107561235356762513e-01,5.537806176783812567e-02,8.899280575539568972e+00,1.390887290167865664e-01,4.290167865707434025e+00
3.994141282727004860e+00,-9.478168264110756192e-02,-9.371671991480298725e-02,3.727369542066027996e-02,8.889688249400480302e+00,1.678657074340527688e-01,3.805755395683453113e+00
3.999098022022639309e+00,-1.033013844515442009e-01,-7.135250266240682204e-02,2.342917997870074681e-02,8.877697841726618577e+00,2.661870503597122406e-01,4.225419664268585507e+00
4.004054761318274203e+00,-7.241746538871139671e-02,-6.389776357827475772e-02,2.875399361022364098e-02,8.932853717026379314e+00,3.357314148681055377e-01,3.983213429256594829e+00
4.009011500613908652e+00,-7.774227902023429781e-02,-5.857294994675186356e-02,4.153354632587859252e-02,8.880095923261391633e+00,2.398081534772182333e-01,4.011990407673860837e+00
4.013968239909543101e+00,-7.028753993610223350e-02,-4.153354632587859252e-02,4.046858359957401785e-02,8.868105515587529908e+00,1.055155875299760154e-01,3.925659472422062368e+00
4.018924979205177550e+00,-6.709265175718849561e-02,-2.129925452609158706e-02,2.981895633652822258e-02,8.808153477218224836e+00,1.270983213429256464e-01,3.971223021582733992e+00
4.023881718500811999e+00,-7.241746538871139671e-02,-2.129925452609158706e-02,1.810436634717784918e-02,8.860911270983214294e+00,1.726618705035971313e-01,4.069544364508392853e+00
4.028838457796446448e+00,-7.348242811501597138e-02,-2.129925452609158706e-02,1.384451544195953142e-02,8.760191846522781489e+00,1.918465227817745811e-01,4.093525179856115415e+00
4.033795197092080898e+00,-6.922257720979765883e-02,-1.277955271565495154e-02,1.384451544195953142e-02,8.839328537170263900e+00,1.127098321342925591e-01,3.947242206235011874e+00
4.038751936387715347e+00,-8.200212992545261037e-02,-7.454739084132055646e-03,4.259850905218317760e-03,8.858513189448441238e+00,1.918465227817745672e-02,4.129496402877697925e+00
4.043708675683349796e+00,-7.667731629392970927e-02,-4.259850905218317760e-03,-1.384451544195953142e-02,8.803357314148680501e+00,1.223021582733812979e-01,4.045563549160671180e+00
4.048665414978984245e+00,-8.732694355697551147e-02,-4.259850905218317760e-03,-2.129925452609158706e-02,8.788968824940047497e+00,2.278177458033573133e-01,4.004796163069544335e+00
4.053622154274618694e+00,-9.478168264110756192e-02,3.194888178913737886e-03,-1.916932907348242732e-02,8.788968824940047497e+00,2.422062350119904006e-01,4.028776978417266008e+00
4.058578893570253143e+00,-8.626198083067092293e-02,1.597444089456868943e-02,-1.703940362087327104e-02,8.800959232613909222e+00,2.182254196642685884e-01,3.659472422062350017e+00
4.063535632865887592e+00,-1.086261980830670881e-01,3.727369542066027996e-02,-2.875399361022364098e-02,8.853717026378896904e+00,1.582733812949640162e-01,3.875299760191846410e+00
4.068492372161522042e+00,-1.033013844515442009e-01,5.537806176783812567e-02,-3.727369542066027996e-02,8.875299760191847298e+00,2.422062350119904006e-01,3.762589928057554101e+00
4.073449111457156491e+00,-1.128860489882854146e-01,7.028753993610223350e-02,-3.514376996805111675e-02,8.824940047961630896e+00,3.045563549160671402e-01,3.846522781774580402e+00
4.078405850752790940e+00,-1.043663471778487756e-01,8.732694355697551147e-02,-1.916932907348242732e-02,8.853717026378896904e+00,2.685851318944844079e-01,3.812949640287769615e+00
4.083362590048425389e+00,-1.011714589989350377e-01,1.107561235356762513e-01,-3.194888178913737886e-03,8.904076738609113306e+00,2.038369304556355011e-01,3.870503597122302075e+00
4.088319329344059838e+00,-1.086261980830670881e-01,1.309904153354632672e-01,5.324813631522896766e-03,8.884892086330935967e+00,9.352517985611510931e-02,4.182254196642685606e+00
4.093276068639694287e+00,-1.118210862619808260e-01,1.320553780617678419e-01,5.324813631522896766e-03,8.827338129496402175e+00,-4.796163069544364180e-03,4.314148681055155699e+00
4.098232807935328736e+00,-1.256656017039403661e-01,1.192758253461128903e-01,-4.259850905218317760e-03,8.786570743405276218e+00,-1.342925659472422040e-01,4.573141486810551548e+00
4.103189547230962297e+00,-1.267305644302449408e-01,1.022364217252396124e-01,-1.384451544195953142e-02,8.772182254196643214e+00,-1.318944844124700366e-01,4.546762589928057707e+00
4.108146286526596747e+00,-1.341853035143769912e-01,8.413205537806177359e-02,-2.875399361022364098e-02,8.645083932853717457e+00,-1.079136690647481966e-01,4.570743405275779381e+00
4.113103025822231196e+00,-1.352502662406815659e-01,7.454739084132055993e-02,-3.620873269435569836e-02,8.736211031175059816e+00,-7.913669064748200810e-02,4.592326139088728887e+00
4.118059765117865645e+00,-1.416400425985090417e-01,6.070287539936101984e-02,-4.153354632587859252e-02,8.858513189448441238e+00,-1.175059952038369354e-01,4.604316546762589724e+00
4.123016504413500094e+00,-1.501597444089456945e-01,4.472843450479233041e-02,-5.963791267305644517e-02,8.863309352517985573e+00,-1.103117505995203779e-01,4.484412470023980468e+00
4.127973243709134543e+00,-1.618743343982960714e-01,3.940362087326943624e-02,-7.667731629392970927e-02,8.841726618705035179e+00,-1.199040767386091132e-02,4.275779376498801021e+00
4.132929983004768992e+00,-1.735889243876464205e-01,4.472843450479233041e-02,-8.626198083067092293e-02,8.762589928057554545e+00,1.007194244604316530e-01,4.199040767386090778e+00
4.137886722300403441e+00,-1.757188498402555976e-01,5.857294994675186356e-02,-8.626198083067092293e-02,8.822541966426857840e+00,9.352517985611510931e-02,4.213429256594723782e+00
4.142843461596037891e+00,-1.767838125665601723e-01,6.602768903088392094e-02,-8.519701810436634826e-02,8.930455635491606259e+00,3.357314148681055099e-02,4.309352517985611364e+00
4.147800200891672340e+00,-1.650692225772097954e-01,6.283280085197018305e-02,-9.158679446219382403e-02,8.858513189448441238e+00,3.836930455635491344e-02,4.158273381294963933e+00
4.152756940187306789e+00,-1.597444089456868943e-01,6.922257720979765883e-02,-9.265175718849839870e-02,8.673860911270983465e+00,1.031175059952038342e-01,4.052757793764987682e+00
4.157713679482941238e+00,-1.554845580404685956e-01,8.626198083067092293e-02,-8.945686900958466081e-02,8.820143884892086561e+00,9.112709832134292809e-02,4.292565947242206192e+00
4.162670418778575687e+00,-1.427050053248136441e-01,8.519701810436634826e-02,-8.200212992545261037e-02,8.997601918465226944e+00,1.678657074340527550e-02,4.470023980815347464e+00
4.167627158074210136e+00,-1.352502662406815659e-01,6.709265175718849561e-02,-8.413205537806177359e-02,8.815347721822542226e+00,5.275779376498800771e-02,4.304556354916067029e+00
4.172583897369844586e+00,-1.352502662406815659e-01,6.602768903088392094e-02,-8.626198083067092293e-02,8.673860911270983465e+00,1.007194244604316530e-01,4.086330935251798913e+00
4.177540636665479035e+00,-1.416400425985090417e-01,8.306709265175718504e-02,-8.839190628328008614e-02,8.810551558752997892e+00,7.913669064748200810e-02,4.285371702637889690e+00
4.182497375961113484e+00,-1.480298189563365174e-01,7.987220447284344715e-02,-9.158679446219382403e-02,8.964028776978416602e+00,4.556354916067146404e-02,4.606714628297361891e+00
4.187454115256747933e+00,-1.576144834930777450e-01,5.324813631522896940e-02,-9.797657082002129980e-02,8.940047961630694928e+00,6.235011990407673954e-02,4.589928057553956720e+00
4.192410854552382382e+00,-1.693290734824281218e-01,3.407880724174654208e-02,-1.075612353567625135e-01,8.757793764988010210e+00,1.702637889688249362e-01,4.194244604316546443e+00
4.197367593848016831e+00,-1.810436634717784987e-01,4.685835995740149362e-02,-1.118210862619808260e-01,8.774580335731414493e+00,2.853717026378896904e-01,4.031175059952038175e+00
4.202324333143651280e+00,-1.948881789137380249e-01,7.454739084132055993e-02,-1.118210862619808260e-01,8.853717026378896904e+00,3.213429256594724226e-01,4.211031175059951615e+00
4.207281072439285730e+00,-1.991480298189563236e-01,7.987220447284344715e-02,-1.075612353567625135e-01,8.661870503597121740e+00,2.853717026378896904e-01,4.642685851318944401e+00
4.212237811734920179e+00,-1.661341853035143701e-01,7.454739084132055993e-02,-9.371671991480298725e-02,8.899280575539568972e+00,4.556354916067146404e-02,4.741007194244604150e+00
4.217194551030554628e+00,-1.565495207667731703e-01,6.496272630457934627e-02,-1.150159744408945639e-01,9.093525179856115415e+00,-3.836930455635491344e-02,4.702637889688249473e+00
4.222151290326189077e+00,-1.863684771033013721e-01,3.833865814696485463e-02,-1.554845580404685956e-01,9.105515587529975363e+00,1.630695443645084064e-01,5.124700239808153590e+00
4.227108029621823526e+00,-1.863684771033013721e-01,-4.259850905218317760e-03,-1.640042598509052207e-01,8.824940047961630896e+00,5.179856115107913661e-01,4.697841726618705138e+00
4.232064768917457975e+00,-1.959531416400425996e-01,-1.810436634717784918e-02,-1.352502662406815659e-01,8.724220623501199867e+00,5.227817745803357008e-01,4.453237410071942293e+00
4.237021508213092424e+00,-1.746538871139510229e-01,6.389776357827475772e-03,-1.043663471778487756e-01,8.971223021582733992e+00,3.309352517985611475e-01,4.175059952038369104e+00
4.241978247508726874e+00,-1.693290734824281218e-01,2.981895633652822258e-02,-9.797657082002129980e-02,9.160671462829736100e+00,2.685851318944844079e-01,4.546762589928057707e+00
4.246934986804361323e+00,-1.533546325878594185e-01,2.129925452609158706e-02,-1.086261980830670881e-01,8.829736211031175230e+00,5.539568345323740983e-01,4.460431654676258795e+00
4.251891726099995772e+00,-1.501597444089456945e-01,1.064962726304579353e-02,-9.797657082002129980e-02,8.645083932853717457e+00,6.690647482014387970e-01,4.381294964028777272e+00
4.256848465395630221e+00,-1.416400425985090417e-01,1.171458998935037341e-02,-7.241746538871139671e-02,8.755395683453237154e+00,5.035971223021582510e-01,4.436450839328537121e+00
4.261805204691264670e+00,-1.320553780617678419e-01,1.384451544195953142e-02,-6.496272630457934627e-02,8.925659472422061924e+00,3.165467625899280324e-01,4.498800959232613472e+00
4.266761943986899119e+00,-1.384451544195953177e-01,-2.129925452609158880e-03,-8.093716719914803570e-02,8.892086330935251581e+00,2.973621103117505826e-01,4.700239808153477306e+00
4.271718683282533569e+00,-1.246006389776357776e-01,-2.768903088391906284e-02,-9.265175718849839870e-02,8.580335731414868050e+00,5.203836930455635335e-01,4.354916067146282543e+00
4.276675422578168018e+00,-1.267305644302449408e-01,-2.449414270500532495e-02,-7.987220447284344715e-02,8.688249400479616469e+00,5.419664268585131506e-01,4.366906474820144268e+00
4.281632161873802467e+00,-1.341853035143769912e-01,-1.597444089456868943e-02,-6.496272630457934627e-02,8.940047961630694928e+00,3.812949640287769948e-01,4.606714628297361891e+00
4.286588901169436916e+00,-1.405750798722044670e-01,-3.301384451544196047e-02,-6.389776357827475772e-02,8.940047961630694928e+00,3.573141486810551548e-01,4.606714628297361891e+00
4.291545640465071365e+00,-1.480298189563365174e-01,-5.005324813631523151e-02,-6.496272630457934627e-02,8.767386091127098879e+00,4.508393285371702364e-01,4.426858513189448452e+00
4.296502379760705814e+00,-1.554845580404685956e-01,-4.579339723109691201e-02,-5.537806176783812567e-02,8.812949640287769171e+00,5.203836930455635335e-01,4.376498800959232938e+00
4.301459119056340263e+00,-1.597444089456868943e-01,-3.833865814696485463e-02,-3.727369542066027996e-02,8.875299760191847298e+00,5.227817745803357008e-01,4.446043165467625791e+00
4.306415858351974713e+00,-1.395101171458998923e-01,-3.194888178913737886e-02,-6.389776357827475772e-03,8.884892086330935967e+00,3.597122302158273222e-01,4.767386091127097991e+00
4.311372597647609162e+00,-9.371671991480298725e-02,-3.514376996805111675e-02,3.194888178913737886e-03,9.218225419664268117e+00,2.829736211031175230e-01,4.088729016786571080e+00
4.316329336943243611e+00,-1.512247071352502692e-01,-4.792332268370606829e-02,-2.342917997870074681e-02,8.793764988009591832e+00,5.395683453237409832e-01,4.426858513189448452e+00
4.321286076238878060e+00,-1.458998935037273681e-01,-4.579339723109691201e-02,-1.064962726304579353e-02,8.652278177458033070e+00,8.201438848920863389e-01,4.321342925659472201e+00
4.326242815534512509e+00,-1.469648562300319428e-01,-3.301384451544196047e-02,4.259850905218317413e-02,8.884892086330935967e+00,6.858513189448440794e-01,4.328537170263788703e+00
4.331199554830146958e+00,-1.522896698615548439e-01,-2.981895633652822258e-02,7.667731629392970927e-02,9.011990407673861725e+00,3.261390887290168128e-01,4.582733812949640217e+00
4.336156294125781407e+00,-1.384451544195953177e-01,-2.875399361022364098e-02,7.561235356762513460e-02,9.000000000000000000e+00,2.781774580335731328e-01,4.124700239808153590e+00
4.341113033421415857e+00,-1.853035143769967974e-01,-3.088391906283280072e-02,5.963791267305644517e-02,8.832134292565946510e+00,3.501199040767385973e-01,4.793764988009592720e+00
4.346069772717050306e+00,-1.661341853035143701e-01,-4.366347177848775574e-02,6.922257720979765883e-02,8.676258992805754744e+00,5.299760191846523139e-01,4.465227817745803129e+00
4.351026512012684755e+00,-1.853035143769967974e-01,-4.898828541001064990e-02,1.001064962726304630e-01,8.865707434052758629e+00,2.230215827338129508e-01,4.772182254196642326e+00
4.355983251308319204e+00,-1.767838125665601723e-01,-5.431309904153354406e-02,1.022364217252396124e-01,9.196642685851319499e+00,5.755395683453237710e-02,4.112709832134292753e+00
4.360939990603953653e+00,-2.310969116080937302e-01,-6.070287539936101984e-02,6.815761448349308416e-02,8.606714628297362779e+00,3.405275779376498724e-01,4.158273381294963933e+00
4.365896729899588102e+00,-2.172523961661341763e-01,-3.194888178913737886e-02,7.880724174653887248e-02,8.390887290167865942e+00,5.515587529976019310e-01,3.839328537170263900e+00
4.370853469195222551e+00,-2.161874334398296016e-01,1.277955271565495154e-02,1.267305644302449408e-01,8.774580335731414493e+00,2.422062350119904006e-01,4.237410071942446343e+00
4.375810208490857001e+00,-2.066027689030884018e-01,2.875399361022364098e-02,1.458998935037273681e-01,9.083932853717026745e+00,-1.702637889688249362e-01,4.621103117505994895e+00
4.380766947786491450e+00,-2.002129925452609260e-01,1.064962726304579353e-02,1.235356762513312029e-01,8.872901678657074243e+00,-2.278177458033573133e-01,4.359712230215827766e+00
4.385723687082125899e+00,-2.034078807241746500e-01,2.129925452609158880e-03,9.904153354632587447e-02,8.419664268585131950e+00,-9.592326139088728360e-03,4.479616306954436133e+00
4.390680426377760348e+00,-1.597444089456868943e-01,2.662406815761448470e-02,1.043663471778487756e-01,8.568345323741006325e+00,2.398081534772182263e-02,4.237410071942446343e+00
4.395637165673394797e+00,-1.586794462193823196e-01,3.620873269435569836e-02,1.171458998935037271e-01,8.899280575539568972e+00,-2.685851318944844079e-01,4.959232613908873155e+00
4.400593904969029246e+00,-1.373801916932907430e-01,9.584664536741213658e-03,1.001064962726304630e-01,8.901678657074340251e+00,-3.117505995203836977e-01,4.683453237410072134e+00
4.405550644264663696e+00,-1.618743343982960714e-01,-2.129925452609158706e-02,6.709265175718849561e-02,8.702637889688249473e+00,-2.829736211031175230e-01,4.726618705035971146e+00
4.410507383560298145e+00,-1.586794462193823196e-01,-2.768903088391906284e-02,4.259850905218317413e-02,8.580335731414868050e+00,-1.822541966426858562e-01,4.496402877697841305e+00
4.415464122855932594e+00,-1.746538871139510229e-01,-2.023429179978700893e-02,3.727369542066027996e-02,8.796163069544364888e+00,-2.709832134292565753e-01,4.810551558752997892e+00
4.420420862151567043e+00,-1.853035143769967974e-01,-4.153354632587859252e-02,2.449414270500532495e-02,8.925659472422061924e+00,-4.244604316546762846e-01,5.124700239808153590e+00
4.425377601447201492e+00,-1.874334398296059745e-01,-8.200212992545261037e-02,-5.324813631522896766e-03,8.851318944844123848e+00,-4.148681055155875042e-01,4.812949640287770059e+00
4.430334340742835941e+00,-2.002129925452609260e-01,-1.043663471778487756e-01,-3.514376996805111675e-02,8.721822541966426812e+00,-3.357314148681055377e-01,4.764988009592325824e+00
4.435291080038470390e+00,-1.821086261980830734e-01,-1.075612353567625135e-01,-5.324813631522896940e-02,8.776978417266187549e+00,-1.918465227817745811e-01,4.501199040767386528e+00
4.440247819334104840e+00,-1.853035143769967974e-01,-1.064962726304579388e-01,-5.857294994675186356e-02,8.899280575539568972e+00,-1.678657074340527688e-01,4.664268585131894795e+00
4.445204558629739289e+00,-1.682641107561235472e-01,-1.075612353567625135e-01,-5.750798722044728195e-02,8.908872901678657641e+00,-1.223021582733812979e-01,4.383693045563549440e+00
4.450161297925373738e+00,-1.767838125665601723e-01,-1.011714589989350377e-01,-6.389776357827475772e-02,8.944844124700239263e+00,-1.390887290167865664e-01,4.426858513189448452e+00
4.455118037221008187e+00,-1.778487752928647470e-01,-8.945686900958466081e-02,-7.454739084132055993e-02,8.973621103117505271e+00,-1.079136690647481966e-01,4.522781774580336034e+00
4.460074776516642636e+00,-1.895633652822151238e-01,-8.839190628328008614e-02,-7.987220447284344715e-02,8.961630695443645322e+00,-2.877697841726618855e-02,4.707434052757793808e+00
4.465031515812277085e+00,-1.916932907348242732e-01,-1.043663471778487756e-01,-8.306709265175718504e-02,8.988009592326138275e+00,-1.055155875299760154e-01,4.669064748201439130e+00
4.469988255107911534e+00,-1.884984025559105492e-01,-1.107561235356762513e-01,-8.626198083067092293e-02,9.035971223021583398e+00,-1.199040767386091166e-01,4.381294964028777272e+00
4.474944994403545984e+00,-1.916932907348242732e-01,-1.033013844515442009e-01,-9.584664536741213658e-02,8.937649880095923649e+00,-2.158273381294964141e-02,4.414868105515587615e+00
4.479901733699180433e+00,-1.842385516506922227e-01,-9.052183173588924936e-02,-9.691160809371672513e-02,8.928057553956834980e+00,3.597122302158273222e-02,4.388489208633093774e+00
4.484858472994814882e+00,-1.906283280085196985e-01,-9.371671991480298725e-02,-9.691160809371672513e-02,9.043165467625899012e+00,-2.158273381294964141e-02,4.611510791366906226e+00
4.489815212290448443e+00,-1.906283280085196985e-01,-1.107561235356762513e-01,-1.001064962726304630e-01,8.928057553956834980e+00,-7.194244604316547137e-03,4.390887290167865942e+00
4.494771951586082892e+00,-2.055378061767837994e-01,-1.214057507987220397e-01,-1.033013844515442009e-01,8.940047961630694928e+00,2.637889688249400386e-02,4.347721822541966041e+00
4.499728690881717341e+00,-2.151224707135250269e-01,-1.246006389776357776e-01,-1.160809371671991524e-01,8.827338129496402175e+00,1.846522781774580235e-01,4.287769784172661858e+00
4.504685430177351790e+00,-2.215122470713525027e-01,-1.331203407880724165e-01,-1.118210862619808260e-01,8.748201438848921541e+00,2.805755395683453002e-01,4.278177458033573188e+00
4.509642169472986239e+00,-2.183173588924387509e-01,-1.373801916932907430e-01,-1.001064962726304630e-01,8.880095923261391633e+00,2.062350119904076684e-01,4.129496402877697925e+00
4.514598908768620689e+00,-2.204472843450479280e-01,-1.352502662406815659e-01,-1.033013844515442009e-01,9.023980815347721673e+00,1.630695443645084064e-01,4.079136690647482411e+00
4.519555648064255138e+00,-2.215122470713525027e-01,-1.299254526091586925e-01,-1.139510117145899892e-01,8.949640287769783598e+00,2.829736211031175230e-01,4.000000000000000000e+00
4.524512387359889587e+00,-2.183173588924387509e-01,-1.128860489882854146e-01,-1.118210862619808260e-01,8.932853717026379314e+00,3.788968824940047719e-01,3.848920863309352569e+00
4.529469126655524036e+00,-2.193823216187433534e-01,-8.519701810436634826e-02,-9.478168264110756192e-02,8.954436450839327932e+00,3.285371702637889801e-01,3.944844124700239707e+00
4.534425865951158485e+00,-2.204472843450479280e-01,-5.963791267305644517e-02,-7.774227902023429781e-02,8.904076738609113306e+00,2.062350119904076684e-01,4.143884892086330929e+00
4.539382605246792934e+00,-2.204472843450479280e-01,-4.898828541001064990e-02,-7.135250266240682204e-02,8.964028776978416602e+00,-1.438848920863309427e-02,4.453237410071942293e+00
4.544339344542427384e+00,-2.129925452609158776e-01,-6.070287539936101984e-02,-7.028753993610223350e-02,8.952038369304556653e+00,-1.151079136690647542e-01,4.633093525179855732e+00
4.549296083838061833e+00,-1.916932907348242732e-01,-7.561235356762513460e-02,-7.348242811501597138e-02,8.913669064748201976e+00,-4.076738609112710160e-02,4.503597122302158695e+00
4.554252823133696282e+00,-1.682641107561235472e-01,-8.093716719914803570e-02,-6.070287539936101984e-02,8.815347721822542226e+00,1.438848920863309427e-02,4.422062350119904117e+00
4.559209562429330731e+00,-1.373801916932907430e-01,-7.348242811501597138e-02,-3.833865814696485463e-02,8.916067146282973255e+00,-5.995203836930455832e-02,4.275779376498801021e+00
4.564166301724965180e+00,-1.267305644302449408e-01,-6.389776357827475772e-02,-2.768903088391906284e-02,8.947242206235012318e+00,-1.438848920863309289e-01,4.410071942446043280e+00
4.569123041020599629e+00,-1.171458998935037271e-01,-6.176783812566560145e-02,-2.768903088391906284e-02,8.966426858513189657e+00,-2.014388489208633060e-01,4.458033573141486627e+00
4.574079780316234078e+00,-1.171458998935037271e-01,-6.922257720979765883e-02,-3.194888178913737886e-02,8.935251798561150594e+00,-2.110311750599520308e-01,4.649880095923261791e+00
4.579036519611868528e+00,-1.011714589989350377e-01,-8.093716719914803570e-02,-4.153354632587859252e-02,8.743405275779377206e+00,-1.007194244604316530e-01,4.431654676258992787e+00
4.583993258907502977e+00,-9.052183173588924936e-02,-7.880724174653887248e-02,-4.153354632587859252e-02,8.697841726618705138e+00,-4.556354916067146404e-02,4.225419664268585507e+00
4.588949998203137426e+00,-8.732694355697551147e-02,-6.283280085197018305e-02,-4.153354632587859252e-02,8.796163069544364888e+00,-9.592326139088729053e-02,4.223021582733813339e+00
4.593906737498771875e+00,-9.265175718849839870e-02,-5.324813631522896940e-02,-4.685835995740149362e-02,8.856115107913668183e+00,-9.352517985611510931e-02,4.330935251798560870e+00
4.598863476794406324e+00,-9.584664536741213658e-02,-4.259850905218317413e-02,-5.537806176783812567e-02,8.932853717026379314e+00,-1.774580335731414937e-01,4.340527577937649539e+00
4.603820216090040773e+00,-1.001064962726304630e-01,-2.875399361022364098e-02,-6.602768903088392094e-02,8.848920863309352569e+00,-2.086330935251798635e-01,4.330935251798560870e+00
4.608776955385675222e+00,-1.011714589989350377e-01,-8.519701810436635520e-03,-7.880724174653887248e-02,8.767386091127098879e+00,-2.565947242206235157e-01,4.438848920863309289e+00
4.613733694681309672e+00,-8.945686900958466081e-02,1.597444089456868943e-02,-8.732694355697551147e-02,8.788968824940047497e+00,-4.004796163069544446e-01,4.532374100719424703e+00
4.618690433976944121e+00,-8.413205537806177359e-02,2.662406815761448470e-02,-1.139510117145899892e-01,8.781774580335731883e+00,-5.323741007194244812e-01,4.829736211031175230e+00
4.623647173272578570e+00,-8.200212992545261037e-02,2.023429179978700893e-02,-1.490947816826411199e-01,8.798561151079136167e+00,-6.187050359712230607e-01,4.992805755395683498e+00
4.628603912568213019e+00,-8.626198083067092293e-02,-3.194888178913737886e-03,-1.884984025559105492e-01,8.705035971223020752e+00,-5.971223021582733326e-01,5.107913669064748419e+00
4.633560651863847468e+00,-6.709265175718849561e-02,-2.236421725239616520e-02,-2.204472843450479280e-01,8.539568345323740317e+00,-4.892086330935251914e-01,4.908872901678656753e+00
4.638517391159481917e+00,-5.111821086261980618e-02,-2.236421725239616520e-02,-2.406815761448349300e-01,8.577937649880096771e+00,-4.268585131894484519e-01,4.844124700239808234e+00
4.643474130455116367e+00,-4.153354632587859252e-02,-1.916932907348242732e-02,-2.651757188498402584e-01,8.577937649880096771e+00,-3.788968824940047719e-01,4.920863309352517589e+00
4.648430869750750816e+00,-3.833865814696485463e-02,-3.514376996805111675e-02,-2.907348242811501615e-01,8.630695443645084453e+00,-3.645083932853717124e-01,5.055155875299759849e+00
4.653387609046385265e+00,-3.407880724174654208e-02,-5.963791267305644517e-02,-3.184238551650692139e-01,8.616306954436451448e+00,-2.206235011990407557e-01,4.964028776978417490e+00
4.658344348342019714e+00,-2.449414270500532495e-02,-7.561235356762513460e-02,-3.407880724174653930e-01,8.606714628297362779e+00,4.076738609112710160e-02,4.630695443645083564e+00
4.663301087637654163e+00,-1.490947816826411129e-02,-7.241746538871139671e-02,-3.525026624068157699e-01,8.479616306954437022e+00,3.621103117505995450e-01,4.443645083932853623e+00
4.668257826933288612e+00,3.194888178913737886e-03,-4.898828541001064990e-02,-3.407880724174653930e-01,8.472422062350119631e+00,5.683453237410072134e-01,4.230215827338129841e+00
4.673214566228923061e+00,-2.129925452609158880e-03,-2.555910543130990309e-02,-3.216187433439829380e-01,8.642685851318944401e+00,5.659472422062350461e-01,4.417266187050359783e+00
4.678171305524557511e+00,-7.454739084132055646e-03,-1.810436634717784918e-02,-3.141640042598509153e-01,8.642685851318944401e+00,6.163069544364508934e-01,4.553956834532374209e+00
4.683128044820191960e+00,-8.519701810436635520e-03,-2.768903088391906284e-02,-3.045793397231096877e-01,8.513189448441247364e+00,7.050359712230215292e-01,4.565947242206235046e+00
4.688084784115826409e+00,8.519701810436635520e-03,-2.555910543130990309e-02,-2.854100106496272882e-01,8.400479616306954611e+00,8.633093525179855732e-01,4.278177458033573188e+00
4.693041523411460858e+00,2.555910543130990309e-02,0.000000000000000000e+00,-2.523961661341853069e-01,8.314148681055156587e+00,9.712230215827337698e-01,4.242206235011990678e+00
4.697998262707095307e+00,3.940362087326943624e-02,2.023429179978700893e-02,-2.140575079872204523e-01,8.400479616306954611e+00,9.496402877697841527e-01,4.455635491606714460e+00
4.702955002002729756e+00,5.324813631522896940e-02,1.490947816826411129e-02,-1.853035143769967974e-01,8.371702637889688603e+00,9.256594724220623682e-01,4.544364508393285540e+00
4.707911741298364205e+00,6.070287539936101984e-02,6.389776357827475772e-03,-1.565495207667731703e-01,8.376498800959232938e+00,9.160671462829735878e-01,4.525179856115108201e+00
4.712868480593998655e+00,5.750798722044728195e-02,5.324813631522896766e-03,-1.246006389776357776e-01,8.330935251798560870e+00,9.736211031175060482e-01,4.551558752997602042e+00
4.717825219889633104e+00,4.366347177848775574e-02,-1.064962726304579440e-03,-8.519701810436634826e-02,8.292565947242206192e+00,1.000000000000000000e+00,4.661870503597122628e+00
4.722781959185267553e+00,3.940362087326943624e-02,-1.171458998935037341e-02,-4.366347177848775574e-02,8.299760191846523583e+00,9.616306954436451004e-01,4.642685851318944401e+00
4.727738698480902002e+00,2.662406815761448470e-02,-2.129925452609158706e-02,-1.064962726304579353e-02,8.275779376498800133e+00,8.872901678657074687e-01,4.654676258992806126e+00
4.732695437776536451e+00,1.384451544195953142e-02,-3.088391906283280072e-02,1.703940362087327104e-02,8.323741007194245256e+00,8.009592326139088891e-01,4.767386091127097991e+00
4.737652177072170900e+00,-1.064962726304579440e-03,-4.898828541001064990e-02,4.472843450479233041e-02,8.292565947242206192e+00,7.817745803357314394e-01,4.832134292565947398e+00
4.742608916367805350e+00,-6.389776357827475772e-03,-7.135250266240682204e-02,6.815761448349308416e-02,8.287769784172661858e+00,6.762589928057554101e-01,4.832134292565947398e+00
4.747565655663439799e+00,5.324813631522896766e-03,-8.945686900958466081e-02,8.413205537806177359e-02,8.333333333333333925e+00,5.899280575539568305e-01,4.642685851318944401e+00
4.752522394959074248e+00,1.171458998935037341e-02,-9.584664536741213658e-02,9.052183173588924936e-02,8.405275779376498946e+00,5.587529976019184330e-01,4.625899280575539230e+00
4.757479134254708697e+00,2.023429179978700893e-02,-9.904153354632587447e-02,9.265175718849839870e-02,8.431654676258993675e+00,5.827338129496403285e-01,4.508393285371703030e+00
4.762435873550343146e+00,2.236421725239616520e-02,-1.011714589989350377e-01,9.478168264110756192e-02,8.431654676258993675e+00,5.635491606714628787e-01,4.434052757793764954e+00
4.767392612845977595e+00,2.555910543130990309e-02,-9.158679446219382403e-02,1.022364217252396124e-01,8.522781774580336034e+00,4.868105515587530241e-01,4.330935251798560870e+00
4.772349352141612044e+00,2.129925452609158706e-02,-7.987220447284344715e-02,1.043663471778487756e-01,8.582733812949641106e+00,3.693045563549160470e-01,4.340527577937649539e+00
4.777306091437246494e+00,2.129925452609158706e-02,-6.922257720979765883e-02,1.043663471778487756e-01,8.623501199040767062e+00,3.069544364508393075e-01,4.378896882494005105e+00
4.782262830732880943e+00,2.768903088391906284e-02,-6.070287539936101984e-02,1.001064962726304630e-01,8.625899280575540118e+00,2.494004796163069582e-01,4.369304556354916436e+00
4.787219570028515392e+00,3.407880724174654208e-02,-5.857294994675186356e-02,1.001064962726304630e-01,8.597122302158274110e+00,1.390887290167865664e-01,4.422062350119904117e+00
4.792176309324149841e+00,5.857294994675186356e-02,-5.537806176783812567e-02,1.001064962726304630e-01,8.616306954436451448e+00,5.035971223021582649e-02,4.378896882494005105e+00
4.797133048619784290e+00,8.732694355697551147e-02,-5.218317358892438779e-02,9.797657082002129980e-02,8.700239808153476417e+00,-5.995203836930455832e-02,4.448441247002397958e+00
4.802089787915418739e+00,1.192758253461128903e-01,-4.898828541001064990e-02,9.265175718849839870e-02,8.721822541966426812e+00,-4.556354916067146404e-02,4.496402877697841305e+00
4.807046527211053188e+00,1.469648562300319428e-01,-5.005324813631523151e-02,8.732694355697551147e-02,8.709832134292565087e+00,-1.438848920863309427e-02,4.529976019184652536e+00
4.812003266506687638e+00,1.778487752928647470e-01,-5.644302449414270728e-02,8.626198083067092293e-02,8.683453237410072134e+00,-9.592326139088728360e-03,4.508393285371703030e+00
4.816960005802322087e+00,2.044728434504792247e-01,-6.070287539936101984e-02,7.987220447284344715e-02,8.700239808153476417e+00,-4.796163069544364180e-03,4.460431654676258795e+00
4.821916745097956536e+00,2.204472843450479280e-01,-6.283280085197018305e-02,7.135250266240682204e-02,8.736211031175059816e+00,7.194244604316547137e-03,4.486810551558752636e+00
4.826873484393590985e+00,2.353567625133120289e-01,-6.602768903088392094e-02,5.750798722044728195e-02,8.719424460431655532e+00,6.235011990407673954e-02,4.460431654676258795e+00
4.831830223689225434e+00,2.406815761448349300e-01,-7.454739084132055993e-02,4.685835995740149362e-02,8.717026378896882477e+00,1.318944844124700366e-01,4.443645083932853623e+00
4.836786962984859883e+00,2.438764643237486818e-01,-7.987220447284344715e-02,4.153354632587859252e-02,8.757793764988010210e+00,2.182254196642685884e-01,4.354916067146282543e+00
4.841743702280494333e+00,2.406815761448349300e-01,-7.561235356762513460e-02,3.514376996805111675e-02,8.745803357314148485e+00,3.069544364508393075e-01,4.292565947242206192e+00
4.846700441576128782e+00,2.332268370607028796e-01,-6.922257720979765883e-02,3.194888178913737886e-02,8.750599520383692820e+00,3.741007194244604372e-01,4.275779376498801021e+00
4.851657180871763231e+00,2.193823216187433534e-01,-6.389776357827475772e-02,2.981895633652822258e-02,8.745803357314148485e+00,4.748201438848920763e-01,4.266187050359712352e+00
4.856613920167397680e+00,2.055378061767837994e-01,-6.176783812566560145e-02,3.088391906283280072e-02,8.731414868105515481e+00,4.964028776978417490e-01,4.244604316546762846e+00
4.861570659463032129e+00,1.916932907348242732e-01,-5.431309904153354406e-02,3.514376996805111675e-02,8.748201438848921541e+00,5.035971223021582510e-01,4.172661870503596937e+00
4.866527398758666578e+00,1.789137380191693216e-01,-4.259850905218317413e-02,3.940362087326943624e-02,8.736211031175059816e+00,4.484412470023980690e-01,4.232613908872902009e+00
4.871484138054301027e+00,1.735889243876464205e-01,-4.046858359957401785e-02,4.472843450479233041e-02,8.755395683453237154e+00,4.076738609112710021e-01,4.256594724220623682e+00
4.876440877349935477e+00,1.725239616613418459e-01,-4.366347177848775574e-02,4.898828541001064990e-02,8.774580335731414493e+00,3.980815347721822772e-01,4.290167865707434025e+00
4.881397616645569038e+00,1.746538871139510229e-01,-4.685835995740149362e-02,5.324813631522896940e-02,8.757793764988010210e+00,4.484412470023980690e-01,4.273381294964028854e+00
4.886354355941203487e+00,1.767838125665601723e-01,-4.579339723109691201e-02,6.815761448349308416e-02,8.743405275779377206e+00,5.059952038369304184e-01,4.273381294964028854e+00
4.891311095236837936e+00,1.778487752928647470e-01,-4.792332268370606829e-02,8.413205537806177359e-02,8.760191846522781489e+00,4.796163069544364665e-01,4.244604316546762846e+00
4.896267834532472385e+00,1.789137380191693216e-01,-5.005324813631523151e-02,9.691160809371672513e-02,8.808153477218224836e+00,4.460431654676259017e-01,4.235011990407674176e+00
4.901224573828106834e+00,1.746538871139510229e-01,-5.537806176783812567e-02,1.011714589989350377e-01,8.791366906474820553e+00,4.580335731414867939e-01,4.254196642685851515e+00
4.906181313123741283e+00,1.693290734824281218e-01,-6.283280085197018305e-02,1.054313099041533502e-01,8.748201438848921541e+00,4.868105515587530241e-01,4.278177458033573188e+00
4.911138052419375732e+00,1.661341853035143701e-01,-6.602768903088392094e-02,1.107561235356762513e-01,8.796163069544364888e+00,4.604316546762590168e-01,4.251798561151079348e+00
4.916094791715010182e+00,1.640042598509052207e-01,-7.028753993610223350e-02,1.150159744408945639e-01,8.848920863309352569e+00,3.932853717026378870e-01,4.182254196642685606e+00
4.921051531010644631e+00,1.629392971246006461e-01,-7.241746538871139671e-02,1.171458998935037271e-01,8.882494004796162912e+00,4.316546762589927866e-01,4.148681055155875264e+00
4.926008270306279080e+00,1.597444089456868943e-01,-6.922257720979765883e-02,1.182108626198083018e-01,8.896882494004795916e+00,4.772182254196642437e-01,4.146282973621103096e+00
4.930965009601913529e+00,1.501597444089456945e-01,-6.176783812566560145e-02,1.235356762513312029e-01,8.884892086330935967e+00,5.491606714628297636e-01,4.083932853717026745e+00
4.935921748897547978e+00,1.341853035143769912e-01,-5.218317358892438779e-02,1.288604898828540901e-01,8.896882494004795916e+00,5.563549160671462657e-01,4.007194244604316502e+00
4.940878488193182427e+00,1.171458998935037271e-01,-4.579339723109691201e-02,1.299254526091586925e-01,8.942446043165467984e+00,5.131894484412470314e-01,4.009592326139088669e+00
4.945835227488816876e+00,1.022364217252396124e-01,-3.833865814696485463e-02,1.256656017039403661e-01,8.916067146282973255e+00,4.652278177458033515e-01,4.059952038369304184e+00
4.950791966784451326e+00,8.839190628328008614e-02,-3.407880724174654208e-02,1.246006389776357776e-01,8.853717026378896904e+00,4.532374100719424592e-01,4.110311750599520586e+00
4.955748706080085775e+00,8.626198083067092293e-02,-3.514376996805111675e-02,1.267305644302449408e-01,8.829736211031175230e+00,4.196642685851318944e-01,4.136690647482014427e+00
4.960705445375720224e+00,9.158679446219382403e-02,-3.620873269435569836e-02,1.320553780617678419e-01,8.872901678657074243e+00,3.333333333333333148e-01,4.127098321342925757e+00
4.965662184671354673e+00,9.904153354632587447e-02,-3.833865814696485463e-02,1.320553780617678419e-01,8.894484412470024637e+00,2.925659472422062479e-01,4.127098321342925757e+00
4.970618923966989122e+00,1.096911608093716767e-01,-4.153354632587859252e-02,1.277955271565495154e-01,8.908872901678657641e+00,2.757793764988009655e-01,4.136690647482014427e+00
4.975575663262623571e+00,1.267305644302449408e-01,-4.685835995740149362e-02,1.277955271565495154e-01,8.894484412470024637e+00,3.141486810551558650e-01,4.079136690647482411e+00
4.980532402558258021e+00,1.416400425985090417e-01,-5.111821086261980618e-02,1.320553780617678419e-01,8.872901678657074243e+00,4.148681055155875042e-01,3.959232613908872711e+00
4.985489141853892470e+00,1.554845580404685956e-01,-4.898828541001064990e-02,1.395101171458998923e-01,8.882494004796162912e+00,5.635491606714628787e-01,3.880095923261390745e+00
4.990445881149526919e+00,1.586794462193823196e-01,-3.940362087326943624e-02,1.586794462193823196e-01,8.858513189448441238e+00,6.115107913669064477e-01,3.827338129496403063e+00
4.995402620445161368e+00,1.554845580404685956e-01,-2.768903088391906284e-02,1.735889243876464205e-01,8.865707434052758629e+00,5.467625899280575963e-01,3.848920863309352569e+00
5.000359359740795817e+00,1.437699680511182188e-01,-2.129925452609158706e-02,1.799787007454738963e-01,8.872901678657074243e+00,4.916067146282973588e-01,3.892086330935251581e+00
5.005316099036430266e+00,1.309904153354632672e-01,-2.023429179978700893e-02,1.799787007454738963e-01,8.875299760191847298e+00,4.436450839328537343e-01,3.937649880095923205e+00
5.010272838332064715e+00,1.192758253461128903e-01,-2.449414270500532495e-02,1.735889243876464205e-01,8.858513189448441238e+00,4.196642685851318944e-01,3.949640287769784042e+00
5.015229577627699165e+00,1.054313099041533502e-01,-2.129925452609158706e-02,1.714589989350372712e-01,8.884892086330935967e+00,4.028776978417266119e-01,3.892086330935251581e+00
5.020186316923333614e+00,9.371671991480298725e-02,-1.171458998935037341e-02,1.714589989350372712e-01,8.925659472422061924e+00,4.076738609112710021e-01,3.834532374100719565e+00
5.025143056218968063e+00,8.200212992545261037e-02,2.129925452609158880e-03,1.693290734824281218e-01,8.985611510791366996e+00,4.508393285371702364e-01,3.832134292565947398e+00
5.030099795514602512e+00,6.389776357827475772e-02,1.597444089456868943e-02,1.703940362087326965e-01,8.971223021582733992e+00,4.844124700239808012e-01,3.822541966426858728e+00
5.035056534810236961e+00,5.005324813631523151e-02,2.129925452609158706e-02,1.735889243876464205e-01,8.882494004796162912e+00,4.076738609112710021e-01,3.880095923261390745e+00
5.040013274105871410e+00,4.366347177848775574e-02,2.342917997870074681e-02,1.757188498402555976e-01,8.906474820143884585e+00,3.189448441247002553e-01,3.896882494004796360e+00
5.044970013401505859e+00,3.833865814696485463e-02,2.981895633652822258e-02,1.714589989350372712e-01,8.935251798561150594e+00,2.302158273381295084e-01,4.000000000000000000e+00
5.049926752697140309e+00,3.940362087326943624e-02,2.129925452609158706e-02,1.671991480298189447e-01,8.964028776978416602e+00,1.966426858513189435e-01,4.081534772182254578e+00
5.054883491992774758e+00,4.579339723109691201e-02,9.584664536741213658e-03,1.629392971246006461e-01,8.983213429256593940e+00,1.462829736211031240e-01,4.067146282973620686e+00
5.059840231288409207e+00,5.963791267305644517e-02,6.389776357827475772e-03,1.597444089456868943e-01,8.978417266187049606e+00,1.294964028776978415e-01,3.976019184652278327e+00
5.064796970584043656e+00,7.561235356762513460e-02,6.389776357827475772e-03,1.586794462193823196e-01,8.952038369304556653e+00,9.352517985611510931e-02,3.961630695443644878e+00
5.069753709879678105e+00,8.626198083067092293e-02,5.324813631522896766e-03,1.554845580404685956e-01,8.966426858513189657e+00,1.270983213429256464e-01,3.968824940047961825e+00
5.074710449175312554e+00,9.904153354632587447e-02,0.000000000000000000e+00,1.522896698615548439e-01,9.009592326139088669e+00,2.134292565947242259e-01,3.923261390887290201e+00
5.079667188470947004e+00,1.033013844515442009e-01,-4.259850905218317760e-03,1.490947816826411199e-01,8.983213429256593940e+00,2.781774580335731328e-01,3.798561151079136611e+00
5.084623927766581453e+00,1.064962726304579388e-01,-1.064962726304579440e-03,1.490947816826411199e-01,8.964028776978416602e+00,3.237410071942445899e-01,3.616306954436451004e+00
5.089580667062215902e+00,1.022364217252396124e-01,1.384451544195953142e-02,1.501597444089456945e-01,8.990407673860911331e+00,3.621103117505995450e-01,3.561151079136690711e+00
5.094537406357850351e+00,9.691160809371672513e-02,3.194888178913737886e-02,1.522896698615548439e-01,9.026378896882494729e+00,3.764988009592326046e-01,3.613908872901678837e+00
5.099494145653484800e+00,8.945686900958466081e-02,4.579339723109691201e-02,1.597444089456868943e-01,9.033573141486810343e+00,3.213429256594724226e-01,3.719424460431654644e+00
5.104450884949119249e+00,8.626198083067092293e-02,5.644302449414270728e-02,1.640042598509052207e-01,9.033573141486810343e+00,2.565947242206235157e-01,3.798561151079136611e+00
5.109407624244753698e+00,8.093716719914803570e-02,6.389776357827475772e-02,1.608093716719914690e-01,9.033573141486810343e+00,2.350119904076738708e-01,3.832134292565947398e+00
5.114364363540388148e+00,7.135250266240682204e-02,6.922257720979765883e-02,1.544195953141639932e-01,8.964028776978416602e+00,2.446043165467625957e-01,3.916067146282973699e+00
5.119321102836022597e+00,6.176783812566560145e-02,7.028753993610223350e-02,1.544195953141639932e-01,8.918465227817746310e+00,2.134292565947242259e-01,3.968824940047961825e+00
5.124277842131657046e+00,5.324813631522896940e-02,6.496272630457934627e-02,1.501597444089456945e-01,8.971223021582733992e+00,1.558752997601918489e-01,3.997601918465227833e+00
5.129234581427291495e+00,4.898828541001064990e-02,5.750798722044728195e-02,1.405750798722044670e-01,9.019184652278177339e+00,7.194244604316546443e-02,4.028776978417266008e+00
5.134191320722925944e+00,4.472843450479233041e-02,5.005324813631523151e-02,1.309904153354632672e-01,9.002398081534773056e+00,3.117505995203836977e-02,4.088729016786571080e+00
5.139148060018560393e+00,4.685835995740149362e-02,4.046858359957401785e-02,1.246006389776357776e-01,9.031175059952039064e+00,-1.918465227817745672e-02,4.047961630695443347e+00
5.144104799314194842e+00,5.431309904153354406e-02,2.768903088391906284e-02,1.182108626198083018e-01,9.079136690647482411e+00,-3.836930455635491344e-02,3.973621103117506159e+00
5.149061538609829292e+00,6.070287539936101984e-02,2.449414270500532495e-02,1.096911608093716767e-01,9.095923261390886694e+00,-3.117505995203836977e-02,3.944844124700239707e+00
5.154018277905463741e+00,6.815761448349308416e-02,2.236421725239616520e-02,1.054313099041533502e-01,9.119904076738608367e+00,-3.597122302158273222e-02,3.985611510791366996e+00
5.158975017201098190e+00,7.561235356762513460e-02,1.703940362087327104e-02,1.043663471778487756e-01,9.112709832134292753e+00,-2.398081534772182263e-02,4.009592326139088669e+00
5.163931756496732639e+00,8.413205537806177359e-02,1.064962726304579353e-02,1.064962726304579388e-01,9.086330935251798024e+00,-2.158273381294964141e-02,3.947242206235011874e+00
5.168888495792367088e+00,9.158679446219382403e-02,5.324813631522896766e-03,1.043663471778487756e-01,9.081534772182253690e+00,4.796163069544364180e-03,3.875299760191846410e+00
5.173845235088001537e+00,9.584664536741213658e-02,2.129925452609158880e-03,1.054313099041533502e-01,9.112709832134292753e+00,1.678657074340527550e-02,3.834532374100719565e+00
5.178801974383635986e+00,9.691160809371672513e-02,0.000000000000000000e+00,1.064962726304579388e-01,9.141486810551558762e+00,5.755395683453237710e-02,3.824940047961630896e+00
5.183758713679270436e+00,9.371671991480298725e-02,1.064962726304579440e-03,1.075612353567625135e-01,9.177458033573142160e+00,5.995203836930455832e-02,3.774580335731414937e+00
5.188715452974904885e+00,8.626198083067092293e-02,5.324813631522896766e-03,1.107561235356762513e-01,9.124700239808152702e+00,9.832134292565947176e-02,3.724220623501198979e+00
5.193672192270539334e+00,7.348242811501597138e-02,9.584664536741213658e-03,1.139510117145899892e-01,9.105515587529975363e+00,1.247002398081534791e-01,3.781774580335731439e+00
5.198628931566173783e+00,5.857294994675186356e-02,1.171458998935037341e-02,1.182108626198083018e-01,9.107913669064748419e+00,1.247002398081534791e-01,3.808153477218225280e+00
5.203585670861808232e+00,4.472843450479233041e-02,1.064962726304579353e-02,1.203407880724174650e-01,9.103117505995204084e+00,1.007194244604316530e-01,3.851318944844124736e+00
5.208542410157442681e+00,3.088391906283280072e-02,7.454739084132055646e-03,1.246006389776357776e-01,9.124700239808152702e+00,4.796163069544364527e-02,3.844124700239808234e+00
5.213499149453077131e+00,1.597444089456868943e-02,3.194888178913737886e-03,1.235356762513312029e-01,9.122302158273381423e+00,-3.117505995203836977e-02,3.815347721822541782e+00
5.218455888748711580e+00,5.324813631522896766e-03,-2.129925452609158880e-03,1.214057507987220397e-01,9.129496402877697037e+00,0.000000000000000000e+00,3.776978417266187105e+00
5.223412628044346029e+00,-5.324813631522896766e-03,0.000000000000000000e+00,1.203407880724174650e-01,9.105515587529975363e+00,-2.158273381294964141e-02,3.774580335731414937e+00
5.228369367339980478e+00,-1.384451544195953142e-02,0.000000000000000000e+00,1.192758253461128903e-01,9.117505995203837088e+00,-7.913669064748200810e-02,3.796163069544364443e+00
5.233326106635614927e+00,-1.916932907348242732e-02,2.129925452609158880e-03,1.182108626198083018e-01,9.153477218225420486e+00,-1.606714628297362113e-01,3.798561151079136611e+00
5.238282845931249376e+00,-1.703940362087327104e-02,2.129925452609158880e-03,1.075612353567625135e-01,9.143884892086331817e+00,-2.470023980815347631e-01,3.798561151079136611e+00
5.243239585226883825e+00,-1.490947816826411129e-02,0.000000000000000000e+00,9.371671991480298725e-02,9.165467625899280435e+00,-2.302158273381295084e-01,3.803357314148680945e+00
5.248196324522518275e+00,-7.454739084132055646e-03,2.129925452609158880e-03,8.626198083067092293e-02,9.143884892086331817e+00,-1.894484412470023860e-01,3.793764988009592276e+00
5.253153063818152724e+00,-4.259850905218317760e-03,9.584664536741213658e-03,8.093716719914803570e-02,9.155875299760191766e+00,-1.798561151079136611e-01,3.729016786570743314e+00
5.258109803113787173e+00,-2.129925452609158880e-03,1.597444089456868943e-02,7.454739084132055993e-02,9.196642685851319499e+00,-1.942446043165467762e-01,3.695443645083932971e+00
5.263066542409421622e+00,-3.194888178913737886e-03,2.342917997870074681e-02,6.496272630457934627e-02,9.160671462829736100e+00,-1.894484412470023860e-01,3.729016786570743314e+00
5.268023281705056071e+00,-2.129925452609158880e-03,2.981895633652822258e-02,5.644302449414270728e-02,9.122302158273381423e+00,-1.774580335731414937e-01,3.764988009592326268e+00
5.272980021000689632e+00,-1.064962726304579440e-03,3.194888178913737886e-02,5.111821086261980618e-02,9.117505995203837088e+00,-1.654676258992805737e-01,3.760191846522781933e+00
5.277936760296324081e+00,5.324813631522896766e-03,3.407880724174654208e-02,4.366347177848775574e-02,9.103117505995204084e+00,-1.894484412470023860e-01,3.779376498800959272e+00
5.282893499591958530e+00,9.584664536741213658e-03,3.620873269435569836e-02,4.046858359957401785e-02,9.119904076738608367e+00,-1.918465227817745811e-01,3.800959232613908778e+00
5.287850238887592980e+00,1.384451544195953142e-02,3.727369542066027996e-02,3.620873269435569836e-02,9.076738609112709355e+00,-1.726618705035971313e-01,3.815347721822541782e+00
5.292806978183227429e+00,1.703940362087327104e-02,3.301384451544196047e-02,3.088391906283280072e-02,9.050359712230216402e+00,-1.702637889688249362e-01,3.865707434052757741e+00
5.297763717478861878e+00,1.810436634717784918e-02,2.875399361022364098e-02,2.875399361022364098e-02,9.045563549160672068e+00,-1.462829736211031240e-01,3.877697841726618577e+00
5.302720456774496327e+00,2.129925452609158706e-02,2.555910543130990309e-02,2.555910543130990309e-02,9.016786570743406060e+00,-1.510791366906474864e-01,3.877697841726618577e+00
5.307677196070130776e+00,2.768903088391906284e-02,2.236421725239616520e-02,2.236421725239616520e-02,9.059952038369305072e+00,-1.582733812949640162e-01,3.820143884892086117e+00
5.312633935365765225e+00,3.088391906283280072e-02,2.023429179978700893e-02,1.810436634717784918e-02,9.093525179856115415e+00,-1.582733812949640162e-01,3.791366906474820109e+00
5.317590674661399675e+00,2.875399361022364098e-02,2.236421725239616520e-02,1.064962726304579353e-02,9.088729016786571080e+00,-1.510791366906474864e-01,3.779376498800959272e+00
5.322547413957034124e+00,2.768903088391906284e-02,2.342917997870074681e-02,2.129925452609158880e-03,9.047961630695443347e+00,-1.079136690647481966e-01,3.786570743405275774e+00
5.327504153252668573e+00,2.449414270500532495e-02,2.662406815761448470e-02,1.064962726304579440e-03,9.014388489208633004e+00,-5.755395683453237710e-02,3.784172661870503607e+00
5.332460892548303022e+00,2.236421725239616520e-02,3.301384451544196047e-02,0.000000000000000000e+00,9.035971223021583398e+00,-5.275779376498800771e-02,3.812949640287769615e+00
5.337417631843937471e+00,2.342917997870074681e-02,3.727369542066027996e-02,-1.064962726304579440e-03,9.055155875299760737e+00,-7.913669064748200810e-02,3.851318944844124736e+00
5.342374371139571920e+00,2.555910543130990309e-02,3.940362087326943624e-02,-2.129925452609158880e-03,9.076738609112709355e+00,-1.007194244604316530e-01,3.858513189448441238e+00
5.347331110435206369e+00,2.662406815761448470e-02,4.259850905218317413e-02,-4.259850905218317760e-03,9.031175059952039064e+00,-9.112709832134292809e-02,3.870503597122302075e+00
5.352287849730840819e+00,3.194888178913737886e-02,4.472843450479233041e-02,-5.324813631522896766e-03,8.980815347721822661e+00,-2.398081534772182263e-02,3.904076738609112862e+00
5.357244589026475268e+00,3.727369542066027996e-02,4.366347177848775574e-02,1.064962726304579440e-03,8.928057553956834980e+00,-3.597122302158273222e-02,3.985611510791366996e+00
5.362201328322109717e+00,4.153354632587859252e-02,3.727369542066027996e-02,7.454739084132055646e-03,8.923261390887290645e+00,-4.076738609112710160e-02,4.057553956834532016e+00
5.367158067617744166e+00,4.792332268370606829e-02,2.342917997870074681e-02,9.584664536741213658e-03,8.918465227817746310e+00,-7.673860911270982688e-02,4.071942446043165909e+00
5.372114806913378615e+00,5.111821086261980618e-02,1.171458998935037341e-02,9.584664536741213658e-03,8.928057553956834980e+00,-5.275779376498800771e-02,3.985611510791366996e+00
5.377071546209013064e+00,5.005324813631523151e-02,3.194888178913737886e-03,7.454739084132055646e-03,8.935251798561150594e+00,6.714628297362110199e-02,3.913669064748201532e+00
5.382028285504647513e+00,4.472843450479233041e-02,3.194888178913737886e-03,1.277955271565495154e-02,8.966426858513189657e+00,1.342925659472422040e-01,3.824940047961630896e+00
5.386985024800281963e+00,3.727369542066027996e-02,6.389776357827475772e-03,2.449414270500532495e-02,8.952038369304556653e+00,1.462829736211031240e-01,3.769784172661870603e+00
5.391941764095916412e+00,2.449414270500532495e-02,1.064962726304579353e-02,3.301384451544196047e-02,8.947242206235012318e+00,1.606714628297362113e-01,3.812949640287769615e+00
5.396898503391550861e+00,1.064962726304579353e-02,1.490947816826411129e-02,3.620873269435569836e-02,8.952038369304556653e+00,8.872901678657074687e-02,3.908872901678657197e+00
5.401855242687185310e+00,2.129925452609158880e-03,8.519701810436635520e-03,3.940362087326943624e-02,8.937649880095923649e+00,7.194244604316547137e-03,3.944844124700239707e+00
5.406811981982819759e+00,-5.324813631522896766e-03,3.194888178913737886e-03,4.259850905218317413e-02,8.901678657074340251e+00,-2.637889688249400386e-02,3.964028776978417046e+00
5.411768721278454208e+00,-7.454739084132055646e-03,4.259850905218317760e-03,4.685835995740149362e-02,8.988009592326138275e+00,-7.434052757793764565e-02,3.920863309352518034e+00
5.416725460574088657e+00,-7.454739084132055646e-03,7.454739084132055646e-03,4.792332268370606829e-02,9.045563549160672068e+00,-8.393285371702638442e-02,3.925659472422062368e+00
5.421682199869723107e+00,-1.384451544195953142e-02,8.519701810436635520e-03,4.898828541001064990e-02,9.019184652278177339e+00,-1.007194244604316530e-01,3.968824940047961825e+00
5.426638939165357556e+00,-1.703940362087327104e-02,6.389776357827475772e-03,4.898828541001064990e-02,9.023980815347721673e+00,-7.913669064748200810e-02,4.014388489208633004e+00
5.431595678460992005e+00,-1.916932907348242732e-02,0.000000000000000000e+00,5.005324813631523151e-02,8.944844124700239263e+00,-1.462829736211031240e-01,3.935251798561151038e+00
5.436552417756626454e+00,-1.064962726304579353e-02,0.000000000000000000e+00,5.005324813631523151e-02,9.009592326139088669e+00,-2.182254196642685884e-01,3.911270983213429364e+00
5.441509157052260903e+00,-2.129925452609158880e-03,1.064962726304579440e-03,4.898828541001064990e-02,9.028776978417266008e+00,-2.541966426858512929e-01,3.935251798561151038e+00
5.446465896347895352e+00,2.129925452609158880e-03,-1.064962726304579440e-03,4.579339723109691201e-02,9.009592326139088669e+00,-2.661870503597122406e-01,4.002398081534772167e+00
5.451422635643529802e+00,1.490947816826411129e-02,-3.194888178913737886e-03,3.940362087326943624e-02,9.052757793764987682e+00,-3.285371702637889801e-01,3.923261390887290201e+00
5.456379374939164251e+00,2.875399361022364098e-02,3.194888178913737886e-03,3.301384451544196047e-02,9.091127098321342359e+00,-3.213429256594724226e-01,3.956834532374100544e+00
5.461336114234798700e+00,3.833865814696485463e-02,8.519701810436635520e-03,1.703940362087327104e-02,8.877697841726618577e+00,-2.853717026378896904e-01,3.971223021582733992e+00
5.466292853530433149e+00,4.366347177848775574e-02,1.703940362087327104e-02,6.389776357827475772e-03,9.052757793764987682e+00,-2.254196642685851182e-01,4.093525179856115415e+00
5.471249592826067598e+00,3.833865814696485463e-02,-3.194888178913737886e-03,-2.129925452609158880e-03,8.769784172661870159e+00,-1.894484412470023860e-01,3.961630695443644878e+00
5.476206332121702047e+00,4.366347177848775574e-02,9.584664536741213658e-03,-9.584664536741213658e-03,9.079136690647482411e+00,-1.942446043165467762e-01,3.964028776978417046e+00
5.481163071417336496e+00,3.620873269435569836e-02,1.597444089456868943e-02,-2.875399361022364098e-02,9.000000000000000000e+00,-1.318944844124700366e-01,3.916067146282973699e+00
5.486119810712970946e+00,2.342917997870074681e-02,1.916932907348242732e-02,-4.153354632587859252e-02,8.918465227817746310e+00,-8.153477218225420320e-02,4.117505995203837088e+00
5.491076550008605395e+00,2.768903088391906284e-02,1.703940362087327104e-02,-4.259850905218317413e-02,8.968824940047960936e+00,-7.194244604316546443e-02,3.932853717026378870e+00
5.496033289304239844e+00,1.064962726304579353e-02,1.490947816826411129e-02,-4.792332268370606829e-02,8.992805755395682610e+00,-1.151079136690647542e-01,4.071942446043165909e+00
5.500990028599874293e+00,1.597444089456868943e-02,1.597444089456868943e-02,-5.644302449414270728e-02,8.964028776978416602e+00,-2.158273381294964141e-02,3.913669064748201532e+00
5.505946767895508742e+00,4.259850905218317760e-03,1.597444089456868943e-02,-5.750798722044728195e-02,8.899280575539568972e+00,1.199040767386091132e-02,4.122302158273381423e+00
5.510903507191143191e+00,1.703940362087327104e-02,1.064962726304579353e-02,-5.111821086261980618e-02,8.908872901678657641e+00,5.515587529976018893e-02,3.971223021582733992e+00
5.515860246486777640e+00,2.023429179978700893e-02,9.584664536741213658e-03,-4.366347177848775574e-02,8.947242206235012318e+00,4.556354916067146404e-02,3.944844124700239707e+00
5.520816985782412090e+00,2.662406815761448470e-02,1.384451544195953142e-02,-3.514376996805111675e-02,8.904076738609113306e+00,1.151079136690647542e-01,3.853717026378896904e+00
5.525773725078046539e+00,1.703940362087327104e-02,2.555910543130990309e-02,-2.449414270500532495e-02,8.880095923261391633e+00,1.414868105515587615e-01,3.942446043165467540e+00
5.530730464373680988e+00,1.597444089456868943e-02,2.555910543130990309e-02,-1.277955271565495154e-02,8.856115107913668183e+00,7.434052757793764565e-02,4.165467625899280435e+00
5.535687203669315437e+00,2.236421725239616520e-02,1.597444089456868943e-02,-6.389776357827475772e-03,8.815347721822542226e+00,-7.194244604316547137e-03,4.153477218225419598e+00
5.540643942964949886e+00,2.129925452609158706e-02,2.129925452609158880e-03,-7.454739084132055646e-03,8.805755395683453557e+00,0.000000000000000000e+00,4.218225419664269005e+00
5.545600682260584335e+00,2.555910543130990309e-02,-9.584664536741213658e-03,-7.454739084132055646e-03,8.791366906474820553e+00,1.199040767386091166e-01,4.115107913669064921e+00
5.550557421556218785e+00,1.916932907348242732e-02,-1.597444089456868943e-02,0.000000000000000000e+00,8.774580335731414493e+00,1.654676258992805737e-01,4.160671462829736100e+00
5.555514160851853234e+00,2.023429179978700893e-02,-2.023429179978700893e-02,8.519701810436635520e-03,8.788968824940047497e+00,1.414868105515587615e-01,4.000000000000000000e+00
5.560470900147487683e+00,3.194888178913737886e-03,-2.129925452609158706e-02,1.064962726304579353e-02,8.872901678657074243e+00,5.275779376498800771e-02,4.115107913669064921e+00
5.565427639443122132e+00,0.000000000000000000e+00,-2.342917997870074681e-02,-1.064962726304579440e-03,8.856115107913668183e+00,5.995203836930455832e-02,3.944844124700239707e+00
5.570384378738756581e+00,-1.384451544195953142e-02,-2.662406815761448470e-02,-1.064962726304579353e-02,8.820143884892086561e+00,1.175059952038369354e-01,3.964028776978417046e+00
5.575341118034391030e+00,-1.064962726304579353e-02,-3.088391906283280072e-02,-8.519701810436635520e-03,8.796163069544364888e+00,1.918465227817745811e-01,3.815347721822541782e+00
5.580297857330025479e+00,-7.454739084132055646e-03,-2.449414270500532495e-02,2.129925452609158880e-03,8.880095923261391633e+00,2.182254196642685884e-01,3.599520383693045389e+00
5.585254596625659929e+00,-8.519701810436635520e-03,-1.064962726304579440e-03,1.171458998935037341e-02,9.026378896882494729e+00,1.055155875299760154e-01,3.657074340527577849e+00
5.590211335921294378e+00,-4.259850905218317760e-03,2.342917997870074681e-02,1.171458998935037341e-02,9.071942446043165020e+00,5.995203836930455832e-02,3.633093525179856176e+00
5.595168075216928827e+00,-1.171458998935037341e-02,3.727369542066027996e-02,9.584664536741213658e-03,9.074340527577938076e+00,9.352517985611510931e-02,3.803357314148680945e+00
5.600124814512563276e+00,-1.171458998935037341e-02,4.153354632587859252e-02,1.171458998935037341e-02,8.983213429256593940e+00,1.438848920863309289e-01,3.880095923261390745e+00
5.605081553808197725e+00,-4.259850905218317760e-03,4.685835995740149362e-02,1.703940362087327104e-02,8.820143884892086561e+00,2.062350119904076684e-01,3.798561151079136611e+00
5.610038293103832174e+00,3.194888178913737886e-03,6.070287539936101984e-02,3.194888178913737886e-02,8.808153477218224836e+00,1.678657074340527688e-01,3.875299760191846410e+00
5.614995032399466623e+00,1.171458998935037341e-02,6.815761448349308416e-02,4.153354632587859252e-02,8.899280575539568972e+00,7.194244604316547137e-03,4.098321342925659749e+00
5.619951771695101073e+00,2.129925452609158706e-02,5.963791267305644517e-02,3.833865814696485463e-02,8.942446043165467984e+00,-1.342925659472422040e-01,4.167865707434052602e+00
5.624908510990735522e+00,2.342917997870074681e-02,4.259850905218317413e-02,2.449414270500532495e-02,8.882494004796162912e+00,-1.103117505995203779e-01,4.261390887290168017e+00
5.629865250286369971e+00,3.727369542066027996e-02,2.555910543130990309e-02,1.171458998935037341e-02,8.760191846522781489e+00,-1.438848920863309427e-02,4.076738609112710243e+00
5.634821989582004420e+00,4.366347177848775574e-02,2.342917997870074681e-02,1.703940362087327104e-02,8.755395683453237154e+00,8.393285371702638442e-02,3.988009592326139163e+00
5.639778728877638869e+00,4.898828541001064990e-02,3.088391906283280072e-02,2.662406815761448470e-02,8.887290167865707247e+00,4.796163069544364527e-02,4.052757793764987682e+00
5.644735468173273318e+00,5.324813631522896940e-02,3.088391906283280072e-02,2.342917997870074681e-02,8.956834532374100988e+00,-2.637889688249400386e-02,4.057553956834532016e+00
5.649692207468907768e+00,4.685835995740149362e-02,2.981895633652822258e-02,1.277955271565495154e-02,9.028776978417266008e+00,-7.194244604316547137e-03,3.932853717026378870e+00
5.654648946764542217e+00,1.810436634717784918e-02,3.833865814696485463e-02,4.259850905218317760e-03,8.932853717026379314e+00,9.352517985611510931e-02,3.971223021582733992e+00
5.659605686060176666e+00,-3.194888178913737886e-03,4.792332268370606829e-02,-1.064962726304579440e-03,8.880095923261391633e+00,1.918465227817745811e-01,3.983213429256594829e+00
5.664562425355810227e+00,-2.342917997870074681e-02,5.111821086261980618e-02,4.259850905218317760e-03,8.913669064748201976e+00,1.294964028776978415e-01,4.050359712230215514e+00
5.669519164651444676e+00,-3.088391906283280072e-02,4.898828541001064990e-02,9.584664536741213658e-03,8.937649880095923649e+00,5.275779376498800771e-02,4.143884892086330929e+00
5.674475903947079125e+00,-3.301384451544196047e-02,4.579339723109691201e-02,7.454739084132055646e-03,8.971223021582733992e+00,8.393285371702638442e-02,4.131894484412470092e+00
5.679432643242713574e+00,-4.792332268370606829e-02,4.153354632587859252e-02,7.454739084132055646e-03,8.932853717026379314e+00,1.175059952038369354e-01,4.297362110311750527e+00
5.684389382538348023e+00,-5.005324813631523151e-02,3.301384451544196047e-02,1.277955271565495154e-02,8.956834532374100988e+00,1.031175059952038342e-01,4.201438848920862945e+00
5.689346121833982473e+00,-5.750798722044728195e-02,2.236421725239616520e-02,1.916932907348242732e-02,9.000000000000000000e+00,2.877697841726618855e-02,4.235011990407674176e+00
5.694302861129616922e+00,-5.537806176783812567e-02,2.129925452609158706e-02,1.810436634717784918e-02,8.980815347721822661e+00,1.678657074340527550e-02,4.175059952038369104e+00
5.699259600425251371e+00,-5.324813631522896940e-02,2.875399361022364098e-02,2.023429179978700893e-02,8.959232613908872267e+00,-7.194244604316547137e-03,4.323741007194244368e+00
5.704216339720885820e+00,-5.111821086261980618e-02,2.129925452609158706e-02,1.916932907348242732e-02,8.932853717026379314e+00,-6.714628297362110199e-02,4.422062350119904117e+00
5.709173079016520269e+00,-5.218317358892438779e-02,2.129925452609158880e-03,1.703940362087327104e-02,8.908872901678657641e+00,-9.352517985611510931e-02,4.316546762589927866e+00
5.714129818312154718e+00,-5.963791267305644517e-02,-1.490947816826411129e-02,9.584664536741213658e-03,8.980815347721822661e+00,-9.112709832134292809e-02,4.225419664268585507e+00
5.719086557607789167e+00,-5.750798722044728195e-02,-8.519701810436635520e-03,0.000000000000000000e+00,9.139088729016785706e+00,0.000000000000000000e+00,3.978417266187050494e+00
5.724043296903423617e+00,-7.667731629392970927e-02,8.519701810436635520e-03,-3.194888178913737886e-03,8.848920863309352569e+00,1.055155875299760154e-01,4.163069544364508268e+00
5.729000036199058066e+00,-8.732694355697551147e-02,1.064962726304579353e-02,7.454739084132055646e-03,8.709832134292565087e+00,7.913669064748200810e-02,4.374100719424460770e+00
5.733956775494692515e+00,-9.158679446219382403e-02,-8.519701810436635520e-03,1.597444089456868943e-02,8.928057553956834980e+00,-8.872901678657074687e-02,4.422062350119904117e+00
5.738913514790326964e+00,-9.691160809371672513e-02,-2.449414270500532495e-02,2.129925452609158880e-03,8.937649880095923649e+00,-1.247002398081534791e-01,4.321342925659472201e+00
5.743870254085961413e+00,-1.182108626198083018e-01,-2.875399361022364098e-02,-1.703940362087327104e-02,8.997601918465226944e+00,2.398081534772182263e-02,4.184652278177457774e+00
5.748826993381595862e+00,-1.469648562300319428e-01,-3.727369542066027996e-02,-2.236421725239616520e-02,8.707434052757793808e+00,1.366906474820143991e-01,4.630695443645083564e+00
5.753783732677230311e+00,-1.203407880724174650e-01,-5.111821086261980618e-02,-5.324813631522896766e-03,8.685851318944843413e+00,2.398081534772182263e-02,4.263788968824940184e+00
5.758740471972864761e+00,-1.384451544195953177e-01,-6.815761448349308416e-02,-1.064962726304579440e-03,8.767386091127098879e+00,-3.165467625899280324e-01,4.683453237410072134e+00
5.763697211268499210e+00,-1.171458998935037271e-01,-9.052183173588924936e-02,-1.916932907348242732e-02,9.000000000000000000e+00,-4.196642685851318944e-01,4.388489208633093774e+00
5.768653950564133659e+00,-1.277955271565495154e-01,-1.182108626198083018e-01,-5.324813631522896940e-02,8.983213429256593940e+00,-3.141486810551558650e-01,4.640287769784172234e+00
5.773610689859768108e+00,-9.265175718849839870e-02,-1.427050053248136441e-01,-6.709265175718849561e-02,8.860911270983214294e+00,-6.235011990407673954e-02,4.189448441247002108e+00
5.778567429155402557e+00,-8.093716719914803570e-02,-1.416400425985090417e-01,-4.685835995740149362e-02,8.956834532374100988e+00,-4.316546762589928282e-02,3.889688249400479414e+00
5.783524168451037006e+00,-5.857294994675186356e-02,-1.182108626198083018e-01,-3.620873269435569836e-02,9.047961630695443347e+00,-1.894484412470023860e-01,3.822541966426858728e+00
5.788480907746671456e+00,-4.153354632587859252e-02,-8.732694355697551147e-02,-5.005324813631523151e-02,9.165467625899280435e+00,-2.278177458033573133e-01,3.705035971223021640e+00
5.793437647042305905e+00,-5.324813631522896940e-02,-6.922257720979765883e-02,-7.561235356762513460e-02,9.175059952038369104e+00,-1.702637889688249362e-01,4.091127098321343247e+00
5.798394386337940354e+00,-3.407880724174654208e-02,-7.135250266240682204e-02,-9.052183173588924936e-02,9.088729016786571080e+00,3.357314148681055099e-02,3.690647482014388636e+00
5.803351125633574803e+00,-3.088391906283280072e-02,-6.709265175718849561e-02,-8.413205537806177359e-02,8.997601918465226944e+00,1.247002398081534791e-01,3.601918465227817556e+00
5.808307864929209252e+00,0.000000000000000000e+00,-3.727369542066027996e-02,-7.135250266240682204e-02,8.990407673860911331e+00,2.709832134292565753e-01,3.237410071942445899e+00
5.813264604224843701e+00,-2.129925452609158880e-03,5.324813631522896766e-03,-4.792332268370606829e-02,9.100719424460431028e+00,2.949640287769784153e-01,3.561151079136690711e+00
5.818221343520478150e+00,0.000000000000000000e+00,2.342917997870074681e-02,-3.407880724174654208e-02,9.062350119904076351e+00,2.781774580335731328e-01,3.995203836930455665e+00
5.823178082816112600e+00,0.000000000000000000e+00,1.916932907348242732e-02,-2.236421725239616520e-02,9.122302158273381423e+00,2.206235011990407557e-01,3.954436450839328376e+00
5.828134822111747049e+00,-2.662406815761448470e-02,6.389776357827475772e-03,-2.342917997870074681e-02,8.954436450839327932e+00,2.230215827338129508e-01,4.050359712230215514e+00
5.833091561407381498e+00,-3.727369542066027996e-02,9.584664536741213658e-03,-2.023429179978700893e-02,8.812949640287769171e+00,3.453237410071942626e-01,3.685851318944844301e+00
5.838048300703015947e+00,-6.283280085197018305e-02,2.662406815761448470e-02,-1.064962726304579353e-02,8.719424460431655532e+00,3.669064748201438797e-01,4.326139088729016535e+00
5.843005039998650396e+00,-3.727369542066027996e-02,2.662406815761448470e-02,1.064962726304579440e-03,8.800959232613909222e+00,3.717026378896882699e-01,3.817745803357313950e+00
5.847961779294284845e+00,-9.265175718849839870e-02,2.555910543130990309e-02,1.490947816826411129e-02,8.800959232613909222e+00,1.199040767386091166e-01,4.529976019184652536e+00
5.852918518589919294e+00,-8.519701810436634826e-02,4.259850905218317760e-03,-1.064962726304579440e-03,8.769784172661870159e+00,4.556354916067146404e-02,4.100719424460431917e+00
5.857875257885553744e+00,-1.427050053248136441e-01,-2.555910543130990309e-02,-1.703940362087327104e-02,8.714628297362111198e+00,-2.877697841726618855e-02,4.352517985611510376e+00
5.862831997181188193e+00,-1.320553780617678419e-01,-3.833865814696485463e-02,-3.620873269435569836e-02,8.657074340527577405e+00,1.774580335731414937e-01,3.935251798561151038e+00
5.867788736476822642e+00,-1.501597444089456945e-01,-1.810436634717784918e-02,-3.194888178913737886e-02,8.673860911270983465e+00,1.942446043165467762e-01,3.985611510791366996e+00
5.872745475772457091e+00,-1.533546325878594185e-01,1.916932907348242732e-02,-2.236421725239616520e-02,8.868105515587529908e+00,1.678657074340527550e-02,4.026378896882493841e+00
5.877702215068091540e+00,-1.810436634717784987e-01,2.662406815761448470e-02,-3.088391906283280072e-02,9.038369304556354678e+00,-2.134292565947242259e-01,4.335731414868105205e+00
5.882658954363725989e+00,-1.640042598509052207e-01,-8.519701810436635520e-03,-5.644302449414270728e-02,8.992805755395682610e+00,-2.565947242206235157e-01,4.211031175059951615e+00
5.887615693659360439e+00,-1.192758253461128903e-01,-1.171458998935037341e-02,-7.135250266240682204e-02,8.858513189448441238e+00,2.877697841726618855e-02,3.189448441247002553e+00
5.892572432954994888e+00,-1.267305644302449408e-01,3.514376996805111675e-02,-5.431309904153354406e-02,8.884892086330935967e+00,1.079136690647481966e-01,3.901678657074340695e+00
5.897529172250629337e+00,-4.153354632587859252e-02,7.987220447284344715e-02,-2.023429179978700893e-02,9.124700239808152702e+00,5.035971223021582649e-02,3.731414868105515481e+00
5.902485911546263786e+00,-1.384451544195953142e-02,9.584664536741213658e-02,9.584664536741213658e-03,9.328537170263789591e+00,-2.470023980815347631e-01,4.016786570743405171e+00
5.907442650841898235e+00,5.324813631522896766e-03,9.904153354632587447e-02,-2.129925452609158880e-03,9.249400479616307180e+00,-2.733812949640287981e-01,3.966426858513189657e+00
5.912399390137532684e+00,1.916932907348242732e-02,9.265175718849839870e-02,-2.449414270500532495e-02,8.853717026378896904e+00,-1.270983213429256464e-01,4.074340527577938076e+00
5.917356129433167133e+00,5.111821086261980618e-02,1.075612353567625135e-01,-2.129925452609158706e-02,8.786570743405276218e+00,7.194244604316546443e-02,3.796163069544364443e+00
5.922312868728801583e+00,3.301384451544196047e-02,1.192758253461128903e-01,-7.454739084132055646e-03,8.810551558752997892e+00,-4.796163069544364527e-02,4.369304556354916436e+00
5.927269608024436032e+00,5.218317358892438779e-02,1.214057507987220397e-01,-9.584664536741213658e-03,9.002398081534773056e+00,-3.189448441247002553e-01,4.381294964028777272e+00
5.932226347320070481e+00,5.218317358892438779e-02,1.224707135250266282e-01,-4.792332268370606829e-02,8.906474820143884585e+00,-2.901678657074340251e-01,4.601918465227817556e+00
5.937183086615704930e+00,5.963791267305644517e-02,1.064962726304579388e-01,-7.028753993610223350e-02,8.791366906474820553e+00,-9.112709832134292809e-02,4.537170263788969038e+00
5.942139825911339379e+00,6.283280085197018305e-02,8.519701810436634826e-02,-8.200212992545261037e-02,8.633093525179855732e+00,9.832134292565947176e-02,4.043165467625899012e+00
5.947096565206973828e+00,5.750798722044728195e-02,8.200212992545261037e-02,-7.454739084132055993e-02,8.846522781774579514e+00,3.357314148681055099e-02,3.796163069544364443e+00
5.952053304502608277e+00,6.602768903088392094e-02,1.160809371671991524e-01,-6.922257720979765883e-02,8.985611510791366996e+00,5.275779376498800771e-02,3.640287769784172678e+00
5.957010043798242727e+00,4.472843450479233041e-02,1.586794462193823196e-01,-6.176783812566560145e-02,9.170263788968824770e+00,1.199040767386091132e-02,4.129496402877697925e+00
5.961966783093877176e+00,2.236421725239616520e-02,1.597444089456868943e-01,-5.857294994675186356e-02,9.091127098321342359e+00,1.438848920863309427e-02,4.587529976019184552e+00
5.966923522389511625e+00,2.236421725239616520e-02,1.267305644302449408e-01,-5.537806176783812567e-02,8.812949640287769171e+00,1.055155875299760154e-01,4.553956834532374209e+00
5.971880261685146074e+00,4.259850905218317760e-03,1.384451544195953177e-01,-4.898828541001064990e-02,8.724220623501199867e+00,1.990407673860911386e-01,4.038369304556354678e+00
5.976837000980780523e+00,-8.945686900958466081e-02,1.618743343982960714e-01,-5.005324813631523151e-02,8.489208633093525691e+00,4.556354916067146404e-02,5.458033573141486627e+00
5.981793740276414972e+00,-5.324813631522896940e-02,1.341853035143769912e-01,-4.685835995740149362e-02,8.597122302158274110e+00,-1.127098321342925591e-01,5.551558752997602042e+00
5.986750479572049422e+00,-5.324813631522896766e-03,5.644302449414270728e-02,-2.981895633652822258e-02,8.541966426858513373e+00,-3.860911270983213295e-01,6.441247002398081456e+00
5.991707218867683871e+00,2.066027689030884018e-01,-1.277955271565495154e-02,-5.644302449414270728e-02,8.537170263788969038e+00,-1.582733812949640162e-01,4.669064748201439130e+00
5.996663958163318320e+00,2.428115015974440793e-01,-2.236421725239616520e-02,-1.086261980830670881e-01,8.988009592326138275e+00,2.398081534772182333e-01,4.232613908872902009e+00
6.001620697458952769e+00,1.874334398296059745e-01,-8.519701810436635520e-03,-1.490947816826411199e-01,9.443645083932853623e+00,9.232613908872902009e-01,3.035971223021582954e+00
6.006577436754587218e+00,-1.448349307774227934e-01,5.431309904153354406e-02,-1.650692225772097954e-01,8.868105515587529908e+00,1.266187050359712130e+00,2.151079136690647431e+00
6.011534176050221667e+00,-4.920127795527156622e-01,7.987220447284344715e-02,-1.107561235356762513e-01,8.004796163069544335e+00,4.868105515587530241e-01,7.978417266187050494e+00
6.016490915345856116e+00,-9.797657082002129980e-02,-3.194888178913737886e-03,-8.519701810436635520e-03,7.858513189448441238e+00,2.422062350119904006e-01,4.743405275779376318e+00
6.021447654641490566e+00,-4.685835995740149362e-02,-7.454739084132055646e-03,3.088391906283280072e-02,9.177458033573142160e+00,-9.280575539568345356e-01,4.146282973621103096e+00
6.026404393937125015e+00,-8.093716719914803570e-02,-1.597444089456868943e-02,-9.691160809371672513e-02,9.419664268585131950e+00,-6.378896882494005105e-01,4.203836930455635112e+00
6.031361133232759464e+00,-1.054313099041533502e-01,-1.022364217252396124e-01,-2.012779552715655007e-01,7.904076738609112418e+00,1.112709832134292531e+00,4.232613908872902009e+00
6.036317872528393913e+00,-2.555910543130990309e-02,-8.732694355697551147e-02,-6.389776357827475772e-02,8.532374100719424703e+00,1.489208633093525247e+00,3.580335731414868050e+00
6.041274611824028362e+00,3.301384451544196047e-02,-4.046858359957401785e-02,1.150159744408945639e-01,9.306954436450839196e+00,4.892086330935251914e-01,3.091127098321342803e+00
6.046231351119662811e+00,5.431309904153354406e-02,4.366347177848775574e-02,1.363152289669861683e-01,9.115107913669064033e+00,1.534772182254196538e-01,3.134292565947242259e+00
6.051188090415296372e+00,2.129925452609158880e-03,1.203407880724174650e-01,1.096911608093716767e-01,8.645083932853717457e+00,2.781774580335731328e-01,4.525179856115108201e+00
6.056144829710930821e+00,2.023429179978700893e-02,1.086261980830670881e-01,1.182108626198083018e-01,8.532374100719424703e+00,1.031175059952038342e-01,5.841726618705036067e+00
6.061101569006565271e+00,9.052183173588924936e-02,4.472843450479233041e-02,1.384451544195953177e-01,8.875299760191847298e+00,-2.014388489208633060e-01,5.105515587529976251e+00
6.066058308302199720e+00,4.366347177848775574e-02,-4.153354632587859252e-02,1.214057507987220397e-01,9.129496402877697037e+00,-6.906474820143885252e-01,5.505995203836930862e+00
6.071015047597834169e+00,6.815761448349308416e-02,-1.203407880724174650e-01,7.241746538871139671e-02,9.213429256594723782e+00,-4.964028776978417490e-01,4.412470023980815448e+00
6.075971786893468618e+00,6.922257720979765883e-02,-1.576144834930777450e-01,5.431309904153354406e-02,8.906474820143884585e+00,-1.414868105515587615e-01,3.944844124700239707e+00
6.080928526189103067e+00,1.086261980830670881e-01,-1.001064962726304630e-01,1.182108626198083018e-01,9.052757793764987682e+00,-2.709832134292565753e-01,2.769784172661870603e+00
6.085885265484737516e+00,1.096911608093716767e-01,2.023429179978700893e-02,1.320553780617678419e-01,9.117505995203837088e+00,-8.633093525179855732e-01,3.474820143884892243e+00
6.090842004780371965e+00,1.608093716719914690e-01,1.309904153354632672e-01,6.496272630457934627e-02,8.757793764988010210e+00,-8.225419664268585063e-01,3.738609112709831983e+00
6.095798744076006415e+00,1.139510117145899892e-01,1.427050053248136441e-01,-1.597444089456868943e-02,8.918465227817746310e+00,-7.721822541966426590e-01,5.273381294964028854e+00
6.100755483371640864e+00,1.224707135250266282e-01,5.750798722044728195e-02,-7.880724174653887248e-02,8.815347721822542226e+00,-5.083932853717025857e-01,5.155875299760191766e+00
6.105712222667275313e+00,9.265175718849839870e-02,-4.366347177848775574e-02,-9.904153354632587447e-02,8.853717026378896904e+00,-3.117505995203836977e-01,4.956834532374100988e+00
6.110668961962909762e+00,1.203407880724174650e-01,-1.033013844515442009e-01,-1.001064962726304630e-01,9.203836930455635112e+00,-6.954436450839328321e-02,4.191846522781774276e+00
6.115625701258544211e+00,1.373801916932907430e-01,-1.096911608093716767e-01,-8.519701810436634826e-02,9.309352517985612252e+00,3.573141486810551548e-01,2.688249400479616469e+00
6.120582440554178660e+00,8.306709265175718504e-02,-2.023429179978700893e-02,-6.496272630457934627e-02,8.781774580335731883e+00,6.043165467625899456e-01,3.196642685851319055e+00
6.125539179849813110e+00,1.192758253461128903e-01,9.691160809371672513e-02,-2.981895633652822258e-02,8.649880095923261791e+00,7.410071942446042614e-01,3.333333333333333481e+00
6.130495919145447559e+00,1.075612353567625135e-01,1.597444089456868943e-01,0.000000000000000000e+00,8.834532374100719565e+00,5.563549160671462657e-01,4.484412470023980468e+00
6.135452658441082008e+00,8.945686900958466081e-02,1.214057507987220397e-01,-8.519701810436635520e-03,9.062350119904076351e+00,3.932853717026378870e-01,4.928057553956834091e+00
6.140409397736716457e+00,5.005324813631523151e-02,3.727369542066027996e-02,-2.449414270500532495e-02,9.043165467625899012e+00,4.292565947242206192e-01,4.942446043165467984e+00
6.145366137032350906e+00,4.792332268370606829e-02,-1.171458998935037341e-02,-1.384451544195953142e-02,8.721822541966426812e+00,6.378896882494005105e-01,4.510791366906475197e+00
6.150322876327985355e+00,6.496272630457934627e-02,-1.703940362087327104e-02,4.046858359957401785e-02,9.103117505995204084e+00,6.666666666666666297e-01,3.968824940047961825e+00
6.155279615623619804e+00,7.454739084132055993e-02,-5.324813631522896766e-03,8.732694355697551147e-02,9.273381294964028854e+00,5.563549160671462657e-01,3.918465227817745866e+00
6.160236354919254254e+00,6.815761448349308416e-02,2.768903088391906284e-02,1.182108626198083018e-01,8.978417266187049606e+00,3.669064748201438797e-01,3.398081534772182444e+00
6.165193094214888703e+00,2.342917997870074681e-02,8.626198083067092293e-02,1.139510117145899892e-01,8.796163069544364888e+00,-1.031175059952038342e-01,4.405275779376498946e+00
6.170149833510523152e+00,8.306709265175718504e-02,1.448349307774227934e-01,7.561235356762513460e-02,8.589928057553956720e+00,7.673860911270982688e-02,4.251798561151079348e+00
6.175106572806157601e+00,3.407880724174654208e-02,1.182108626198083018e-01,6.602768903088392094e-02,8.865707434052758629e+00,-7.673860911270982688e-02,5.685851318944844301e+00
6.180063312101792050e+00,7.241746538871139671e-02,2.449414270500532495e-02,5.857294994675186356e-02,9.016786570743406060e+00,-2.134292565947242259e-01,4.637889688249400066e+00
6.185020051397426499e+00,3.194888178913737886e-02,-2.023429179978700893e-02,4.259850905218317413e-02,9.028776978417266008e+00,-2.949640287769784153e-01,4.520383693045563867e+00
6.189976790693060948e+00,5.644302449414270728e-02,-1.916932907348242732e-02,2.662406815761448470e-02,8.853717026378896904e+00,-2.158273381294964141e-02,4.069544364508392853e+00
6.194933529988695398e+00,5.750798722044728195e-02,-1.064962726304579353e-02,3.514376996805111675e-02,8.764988009592325824e+00,1.103117505995203779e-01,3.719424460431654644e+00
6.199890269284329847e+00,4.792332268370606829e-02,1.064962726304579440e-03,4.153354632587859252e-02,8.673860911270983465e+00,4.076738609112710160e-02,3.733812949640287648e+00
6.204847008579964296e+00,4.472843450479233041e-02,2.662406815761448470e-02,3.194888178913737886e-02,8.561151079136690711e+00,5.995203836930455832e-02,3.494004796163069582e+00
6.209803747875598745e+00,2.236421725239616520e-02,5.857294994675186356e-02,1.597444089456868943e-02,8.558752997601917656e+00,5.755395683453237710e-02,4.196642685851318610e+00
6.214760487171233194e+00,3.833865814696485463e-02,6.815761448349308416e-02,7.454739084132055646e-03,8.609112709832134058e+00,1.223021582733812979e-01,4.206235011990407280e+00
6.219717226466867643e+00,1.384451544195953142e-02,4.898828541001064990e-02,0.000000000000000000e+00,8.738609112709832871e+00,-9.592326139088728360e-03,4.774580335731414493e+00
6.224673965762502093e+00,2.768903088391906284e-02,3.301384451544196047e-02,-1.384451544195953142e-02,8.755395683453237154e+00,6.714628297362110199e-02,4.426858513189448452e+00
6.229630705058136542e+00,1.384451544195953142e-02,3.620873269435569836e-02,-2.342917997870074681e-02,8.736211031175059816e+00,1.175059952038369354e-01,4.856115107913669071e+00
6.234587444353770991e+00,4.153354632587859252e-02,2.449414270500532495e-02,-2.023429179978700893e-02,8.681055155875299079e+00,2.470023980815347631e-01,4.678657074340527799e+00
6.239544183649405440e+00,2.662406815761448470e-02,-2.981895633652822258e-02,-1.384451544195953142e-02,8.887290167865707247e+00,2.158273381294963933e-01,4.664268585131894795e+00
6.244500922945039889e+00,3.833865814696485463e-02,-9.371671991480298725e-02,-7.454739084132055646e-03,9.275779376498800133e+00,3.549160671462829875e-01,3.611510791366906670e+00
6.249457662240674338e+00,-2.023429179978700893e-02,-8.519701810436634826e-02,3.620873269435569836e-02,9.215827338129496837e+00,5.155875299760191988e-01,2.944844124700239707e+00
6.254414401536308787e+00,-3.194888178913737886e-02,3.514376996805111675e-02,6.389776357827475772e-02,8.597122302158274110e+00,4.940047961630695261e-01,3.959232613908872711e+00
6.259371140831943237e+00,7.028753993610223350e-02,1.576144834930777450e-01,8.945686900958466081e-02,8.225419664268585507e+00,4.556354916067146266e-01,4.074340527577938076e+00
6.264327880127577686e+00,7.454739084132055646e-03,1.363152289669861683e-01,8.413205537806177359e-02,9.011990407673861725e+00,-2.350119904076738708e-01,5.724220623501198979e+00
6.269284619423212135e+00,8.519701810436635520e-03,1.064962726304579440e-03,1.277955271565495154e-02,8.846522781774579514e+00,-1.294964028776978415e-01,5.292565947242206192e+00
6.274241358718846584e+00,-1.384451544195953142e-02,-7.667731629392970927e-02,-3.088391906283280072e-02,8.661870503597121740e+00,4.724220623501199090e-01,4.760191846522781489e+00
6.279198098014481033e+00,-1.810436634717784918e-02,-8.839190628328008614e-02,6.389776357827475772e-03,8.498800959232614360e+00,7.146282973621103096e-01,4.081534772182254578e+00
6.284154837310115482e+00,-1.277955271565495154e-02,-5.324813631522896940e-02,7.348242811501597138e-02,8.601918465227818444e+00,3.525179856115107646e-01,3.827338129496403063e+00
6.289111576605749931e+00,-1.277955271565495154e-02,-2.662406815761448470e-02,8.413205537806177359e-02,8.865707434052758629e+00,-6.954436450839328321e-02,3.781774580335731439e+00
6.294068315901384381e+00,-3.833865814696485463e-02,-2.236421725239616520e-02,3.620873269435569836e-02,8.719424460431655532e+00,-2.398081534772182263e-02,3.858513189448441238e+00
6.299025055197018830e+00,-5.537806176783812567e-02,-5.324813631522896766e-03,1.064962726304579440e-03,8.414868105515587615e+00,3.764988009592326046e-01,3.913669064748201532e+00
6.303981794492653279e+00,-6.389776357827475772e-02,3.088391906283280072e-02,2.129925452609158706e-02,8.323741007194245256e+00,5.035971223021582510e-01,4.254196642685851515e+00
6.308938533788287728e+00,-5.537806176783812567e-02,5.005324813631523151e-02,6.070287539936101984e-02,8.882494004796162912e+00,5.275779376498800771e-02,4.877697841726618577e+00
6.313895273083922177e+00,-4.472843450479233041e-02,1.597444089456868943e-02,5.644302449414270728e-02,9.199040767386090778e+00,-3.764988009592326046e-01,5.100719424460431917e+00
6.318852012379556626e+00,-4.685835995740149362e-02,-4.259850905218317413e-02,1.171458998935037341e-02,8.887290167865707247e+00,-2.757793764988009655e-01,4.983213429256594829e+00
6.323808751675191075e+00,-3.620873269435569836e-02,-8.306709265175718504e-02,-1.597444089456868943e-02,8.752997601918465875e+00,6.954436450839328321e-02,4.491606714628296970e+00
6.328765490970825525e+00,-3.301384451544196047e-02,-9.371671991480298725e-02,4.259850905218317760e-03,8.800959232613909222e+00,1.175059952038369354e-01,4.117505995203837088e+00
6.333722230266459974e+00,-1.597444089456868943e-02,-7.454739084132055993e-02,2.236421725239616520e-02,8.894484412470024637e+00,-9.352517985611510931e-02,3.558752997601918544e+00
6.338678969562094423e+00,-2.342917997870074681e-02,-3.620873269435569836e-02,1.171458998935037341e-02,8.889688249400480302e+00,-2.302158273381295084e-01,3.755395683453237599e+00
6.343635708857728872e+00,-2.023429179978700893e-02,-1.171458998935037341e-02,-1.490947816826411129e-02,8.700239808153476417e+00,-5.755395683453237710e-02,3.911270983213429364e+00
6.348592448153363321e+00,-3.088391906283280072e-02,-1.277955271565495154e-02,-2.662406815761448470e-02,8.623501199040767062e+00,1.007194244604316530e-01,4.263788968824940184e+00
6.353549187448997770e+00,-2.555910543130990309e-02,-2.981895633652822258e-02,-2.129925452609158706e-02,8.652278177458033070e+00,1.654676258992805737e-01,4.292565947242206192e+00
6.358505926744632220e+00,-3.194888178913737886e-02,-3.940362087326943624e-02,-2.023429179978700893e-02,8.808153477218224836e+00,8.872901678657074687e-02,4.357314148681055599e+00
6.363462666040266669e+00,-3.833865814696485463e-02,-4.153354632587859252e-02,-2.875399361022364098e-02,8.772182254196643214e+00,1.247002398081534791e-01,4.220623501199041172e+00
6.368419405335901118e+00,-4.685835995740149362e-02,-3.833865814696485463e-02,-4.153354632587859252e-02,8.824940047961630896e+00,2.062350119904076684e-01,4.302158273381294862e+00
6.373376144631535567e+00,-4.046858359957401785e-02,-4.046858359957401785e-02,-4.472843450479233041e-02,8.952038369304556653e+00,3.405275779376498724e-01,4.258992805755395850e+00
6.378332883927170016e+00,-3.833865814696485463e-02,-4.898828541001064990e-02,-3.194888178913737886e-02,8.978417266187049606e+00,4.364508393285371768e-01,4.093525179856115415e+00
6.383289623222804465e+00,-3.940362087326943624e-02,-4.579339723109691201e-02,-1.171458998935037341e-02,9.040767386091127733e+00,4.316546762589927866e-01,4.062350119904076351e+00
6.388246362518438914e+00,-2.875399361022364098e-02,-3.301384451544196047e-02,5.324813631522896766e-03,9.074340527577938076e+00,3.956834532374100544e-01,3.932853717026378870e+00
6.393203101814073364e+00,-3.194888178913737886e-02,-1.597444089456868943e-02,2.023429179978700893e-02,9.076738609112709355e+00,3.189448441247002553e-01,4.007194244604316502e+00
6.398159841109707813e+00,-3.194888178913737886e-02,-2.129925452609158880e-03,2.981895633652822258e-02,9.146282973621103096e+00,2.877697841726618577e-01,4.134292565947242259e+00
6.403116580405342262e+00,-3.301384451544196047e-02,-3.194888178913737886e-03,3.940362087326943624e-02,9.158273381294964821e+00,2.925659472422062479e-01,4.287769784172661858e+00
6.408073319700976711e+00,-3.301384451544196047e-02,-1.277955271565495154e-02,5.111821086261980618e-02,9.091127098321342359e+00,3.069544364508393075e-01,4.242206235011990678e+00
6.413030058996611160e+00,-3.620873269435569836e-02,-1.810436634717784918e-02,6.922257720979765883e-02,9.057553956834532016e+00,2.470023980815347631e-01,4.208633093525179447e+00
6.417986798292245609e+00,-3.727369542066027996e-02,-1.384451544195953142e-02,8.093716719914803570e-02,9.040767386091127733e+00,1.079136690647481966e-01,4.218225419664269005e+00
6.422943537587880058e+00,-3.620873269435569836e-02,-7.454739084132055646e-03,8.093716719914803570e-02,9.052757793764987682e+00,5.275779376498800771e-02,4.237410071942446343e+00
6.427900276883514508e+00,-4.366347177848775574e-02,-1.277955271565495154e-02,7.241746538871139671e-02,8.968824940047960936e+00,1.486810551558752913e-01,4.244604316546762846e+00
6.432857016179148957e+00,-6.070287539936101984e-02,-2.342917997870074681e-02,7.348242811501597138e-02,8.810551558752997892e+00,1.678657074340527688e-01,4.218225419664269005e+00
6.437813755474783406e+00,-6.709265175718849561e-02,-3.194888178913737886e-02,7.667731629392970927e-02,8.791366906474820553e+00,1.918465227817745672e-02,4.019184652278177339e+00
6.442770494770416967e+00,-7.348242811501597138e-02,-2.023429179978700893e-02,7.348242811501597138e-02,8.868105515587529908e+00,-7.913669064748200810e-02,3.952038369304556209e+00
6.447727234066051416e+00,-8.626198083067092293e-02,-6.389776357827475772e-03,6.070287539936101984e-02,8.808153477218224836e+00,-7.913669064748200810e-02,3.959232613908872711e+00
6.452683973361685865e+00,-1.096911608093716767e-01,2.129925452609158880e-03,5.111821086261980618e-02,8.731414868105515481e+00,-2.134292565947242259e-01,4.004796163069544335e+00
6.457640712657320314e+00,-1.160809371671991524e-01,1.703940362087327104e-02,4.792332268370606829e-02,8.853717026378896904e+00,-4.412470023980815115e-01,4.299760191846522694e+00
6.462597451952954763e+00,-9.371671991480298725e-02,2.023429179978700893e-02,3.514376996805111675e-02,8.973621103117505271e+00,-5.419664268585131506e-01,4.326139088729016535e+00
6.467554191248589213e+00,-8.945686900958466081e-02,9.584664536741213658e-03,1.171458998935037341e-02,8.947242206235012318e+00,-5.995203836930456109e-01,4.508393285371703030e+00
6.472510930544223662e+00,-7.028753993610223350e-02,-1.064962726304579353e-02,-9.584664536741213658e-03,8.880095923261391633e+00,-4.148681055155875042e-01,4.407673860911271113e+00
6.477467669839858111e+00,-5.111821086261980618e-02,-2.662406815761448470e-02,-1.171458998935037341e-02,8.918465227817746310e+00,-2.781774580335731328e-01,4.225419664268585507e+00
6.482424409135492560e+00,-2.449414270500532495e-02,-2.342917997870074681e-02,-2.129925452609158880e-03,9.019184652278177339e+00,-2.422062350119904006e-01,3.901678657074340695e+00
6.487381148431127009e+00,-1.384451544195953142e-02,-4.259850905218317760e-03,4.259850905218317760e-03,9.122302158273381423e+00,-2.565947242206235157e-01,3.853717026378896904e+00
6.492337887726761458e+00,-2.129925452609158880e-03,1.597444089456868943e-02,-4.259850905218317760e-03,9.112709832134292753e+00,-2.062350119904076684e-01,3.889688249400479414e+00
6.497294627022395908e+00,-8.519701810436635520e-03,2.768903088391906284e-02,-8.519701810436635520e-03,9.035971223021583398e+00,-9.352517985611510931e-02,4.074340527577938076e+00
6.502251366318030357e+00,-1.703940362087327104e-02,3.088391906283280072e-02,-7.454739084132055646e-03,8.944844124700239263e+00,1.199040767386091132e-02,4.247002398081535013e+00
6.507208105613664806e+00,-2.875399361022364098e-02,2.662406815761448470e-02,-1.064962726304579440e-03,8.925659472422061924e+00,9.592326139088728360e-03,4.282973621103117523e+00
6.512164844909299255e+00,-5.111821086261980618e-02,1.810436634717784918e-02,1.064962726304579440e-03,8.884892086330935967e+00,-4.796163069544364527e-02,4.340527577937649539e+00
6.517121584204933704e+00,-7.774227902023429781e-02,8.519701810436635520e-03,-6.389776357827475772e-03,8.800959232613909222e+00,-5.755395683453237710e-02,4.381294964028777272e+00
6.522078323500568153e+00,-1.033013844515442009e-01,-2.129925452609158880e-03,-1.703940362087327104e-02,8.772182254196643214e+00,-4.556354916067146404e-02,4.448441247002397958e+00
6.527035062796202602e+00,-1.235356762513312029e-01,-2.342917997870074681e-02,-2.449414270500532495e-02,8.824940047961630896e+00,3.357314148681055099e-02,4.256594724220623682e+00
6.531991802091837052e+00,-1.458998935037273681e-01,-4.259850905218317413e-02,-1.916932907348242732e-02,8.776978417266187549e+00,4.556354916067146404e-02,3.990407673860911331e+00
6.536948541387471501e+00,-1.522896698615548439e-01,-3.407880724174654208e-02,-9.584664536741213658e-03,8.856115107913668183e+00,-9.592326139088728360e-03,3.791366906474820109e+00
6.541905280683105950e+00,-1.490947816826411199e-01,-8.519701810436635520e-03,6.389776357827475772e-03,9.031175059952039064e+00,-1.318944844124700366e-01,3.752997601918465431e+00
6.546862019978740399e+00,-1.395101171458998923e-01,1.916932907348242732e-02,1.384451544195953142e-02,9.093525179856115415e+00,-3.045563549160671402e-01,3.877697841726618577e+00
6.551818759274374848e+00,-1.235356762513312029e-01,3.407880724174654208e-02,1.490947816826411129e-02,9.184652278177457774e+00,-3.645083932853717124e-01,4.146282973621103096e+00
6.556775498570009297e+00,-1.064962726304579388e-01,2.875399361022364098e-02,1.064962726304579353e-02,9.208633093525179447e+00,-4.220623501199040617e-01,4.309352517985611364e+00
6.561732237865643746e+00,-8.413205537806177359e-02,2.023429179978700893e-02,7.454739084132055646e-03,9.160671462829736100e+00,-4.292565947242206192e-01,4.258992805755395850e+00
6.566688977161278196e+00,-6.709265175718849561e-02,2.236421725239616520e-02,5.324813631522896766e-03,9.074340527577938076e+00,-3.549160671462829875e-01,4.189448441247002108e+00
6.571645716456912645e+00,-5.750798722044728195e-02,2.768903088391906284e-02,0.000000000000000000e+00,9.047961630695443347e+00,-3.764988009592326046e-01,4.266187050359712352e+00
6.576602455752547094e+00,-5.537806176783812567e-02,2.342917997870074681e-02,-1.064962726304579353e-02,9.016786570743406060e+00,-4.580335731414867939e-01,4.328537170263788703e+00
6.581559195048181543e+00,-5.857294994675186356e-02,1.810436634717784918e-02,-3.194888178913737886e-02,8.940047961630694928e+00,-3.956834532374100544e-01,4.299760191846522694e+00
6.586515934343815992e+00,-7.028753993610223350e-02,8.519701810436635520e-03,-5.537806176783812567e-02,8.853717026378896904e+00,-3.093525179856115304e-01,4.357314148681055599e+00
6.591472673639450441e+00,-8.200212992545261037e-02,-2.129925452609158880e-03,-6.922257720979765883e-02,8.796163069544364888e+00,-1.822541966426858562e-01,4.345323741007193874e+00
6.596429412935084891e+00,-9.478168264110756192e-02,-1.171458998935037341e-02,-7.348242811501597138e-02,8.841726618705035179e+00,-1.630695443645084064e-01,4.350119904076738209e+00
6.601386152230719340e+00,-1.043663471778487756e-01,-2.023429179978700893e-02,-7.454739084132055993e-02,8.949640287769783598e+00,-1.366906474820143991e-01,4.342925659472421707e+00
6.606342891526353789e+00,-1.128860489882854146e-01,-2.129925452609158706e-02,-7.774227902023429781e-02,9.035971223021583398e+00,-9.112709832134292809e-02,4.359712230215827766e+00
6.611299630821988238e+00,-1.139510117145899892e-01,-1.916932907348242732e-02,-7.348242811501597138e-02,9.071942446043165020e+00,-9.832134292565947176e-02,4.371702637889688603e+00
6.616256370117622687e+00,-1.118210862619808260e-01,-2.662406815761448470e-02,-6.922257720979765883e-02,9.151079136690647431e+00,-1.702637889688249362e-01,4.342925659472421707e+00
6.621213109413257136e+00,-1.043663471778487756e-01,-4.153354632587859252e-02,-6.922257720979765883e-02,9.172661870503597825e+00,-2.254196642685851182e-01,4.074340527577938076e+00
6.626169848708891585e+00,-9.158679446219382403e-02,-3.088391906283280072e-02,-7.028753993610223350e-02,9.124700239808152702e+00,-1.750599520383692986e-01,3.937649880095923205e+00
6.631126588004526035e+00,-7.241746538871139671e-02,-4.259850905218317760e-03,-5.750798722044728195e-02,9.136690647482014427e+00,-1.199040767386091166e-01,3.980815347721822661e+00
6.636083327300160484e+00,-5.431309904153354406e-02,1.703940362087327104e-02,-4.366347177848775574e-02,9.151079136690647431e+00,-1.726618705035971313e-01,4.146282973621103096e+00
6.641040066595794933e+00,-4.579339723109691201e-02,1.703940362087327104e-02,-4.472843450479233041e-02,9.117505995203837088e+00,-2.254196642685851182e-01,4.371702637889688603e+00
6.645996805891429382e+00,-4.259850905218317413e-02,1.064962726304579440e-03,-5.324813631522896940e-02,9.076738609112709355e+00,-1.678657074340527688e-01,4.496402877697841305e+00
6.650953545187063831e+00,-4.472843450479233041e-02,-2.023429179978700893e-02,-6.283280085197018305e-02,9.011990407673861725e+00,-1.055155875299760154e-01,4.496402877697841305e+00
6.655910284482698280e+00,-4.579339723109691201e-02,-3.407880724174654208e-02,-6.922257720979765883e-02,8.976019184652278327e+00,3.597122302158273222e-02,4.330935251798560870e+00
6.660867023778332729e+00,-5.644302449414270728e-02,-4.472843450479233041e-02,-7.135250266240682204e-02,8.983213429256593940e+00,2.134292565947242259e-01,4.223021582733813339e+00
6.665823763073967179e+00,-7.241746538871139671e-02,-4.472843450479233041e-02,-6.922257720979765883e-02,8.942446043165467984e+00,2.997601918465228055e-01,4.158273381294963933e+00
6.670780502369601628e+00,-8.519701810436634826e-02,-3.833865814696485463e-02,-6.070287539936101984e-02,8.990407673860911331e+00,3.357314148681055377e-01,4.189448441247002108e+00
6.675737241665236077e+00,-9.797657082002129980e-02,-3.727369542066027996e-02,-5.005324813631523151e-02,9.100719424460431028e+00,3.405275779376498724e-01,4.258992805755395850e+00
6.680693980960870526e+00,-1.096911608093716767e-01,-5.005324813631523151e-02,-3.833865814696485463e-02,9.062350119904076351e+00,3.645083932853717124e-01,4.208633093525179447e+00
6.685650720256504975e+00,-1.182108626198083018e-01,-5.431309904153354406e-02,-2.342917997870074681e-02,9.019184652278177339e+00,3.693045563549160470e-01,4.165467625899280435e+00
6.690607459552139424e+00,-1.203407880724174650e-01,-5.005324813631523151e-02,-6.389776357827475772e-03,9.043165467625899012e+00,2.949640287769784153e-01,4.165467625899280435e+00
6.695564198847773874e+00,-1.182108626198083018e-01,-4.792332268370606829e-02,8.519701810436635520e-03,8.973621103117505271e+00,1.990407673860911386e-01,4.218225419664269005e+00
6.700520938143408323e+00,-1.150159744408945639e-01,-4.472843450479233041e-02,1.703940362087327104e-02,9.038369304556354678e+00,6.954436450839328321e-02,4.268585131894484519e+00
6.705477677439042772e+00,-1.096911608093716767e-01,-4.898828541001064990e-02,1.490947816826411129e-02,9.088729016786571080e+00,-8.633093525179856564e-02,4.371702637889688603e+00
6.710434416734677221e+00,-1.001064962726304630e-01,-5.963791267305644517e-02,6.389776357827475772e-03,9.105515587529975363e+00,-1.103117505995203779e-01,4.376498800959232938e+00
6.715391156030311670e+00,-8.839190628328008614e-02,-7.028753993610223350e-02,0.000000000000000000e+00,9.105515587529975363e+00,-1.055155875299760154e-01,4.261390887290168017e+00
6.720347895325946119e+00,-7.135250266240682204e-02,-7.348242811501597138e-02,0.000000000000000000e+00,9.079136690647482411e+00,-9.832134292565947176e-02,4.131894484412470092e+00
6.725304634621580568e+00,-5.431309904153354406e-02,-6.283280085197018305e-02,-1.064962726304579440e-03,9.134292565947241371e+00,-1.103117505995203779e-01,4.117505995203837088e+00
6.730261373917215018e+00,-3.620873269435569836e-02,-5.750798722044728195e-02,-2.129925452609158880e-03,9.141486810551558762e+00,-6.474820143884892076e-02,4.143884892086330929e+00
6.735218113212849467e+00,-2.129925452609158706e-02,-6.176783812566560145e-02,-8.519701810436635520e-03,9.103117505995204084e+00,3.836930455635491344e-02,4.093525179856115415e+00
6.740174852508483916e+00,-1.277955271565495154e-02,-6.602768903088392094e-02,-7.454739084132055646e-03,9.045563549160672068e+00,2.278177458033573133e-01,4.035971223021582510e+00
6.745131591804118365e+00,-6.389776357827475772e-03,-6.176783812566560145e-02,-1.064962726304579440e-03,9.055155875299760737e+00,3.645083932853717124e-01,3.954436450839328376e+00
6.750088331099752814e+00,-1.064962726304579440e-03,-5.431309904153354406e-02,1.064962726304579353e-02,9.119904076738608367e+00,4.820143884892086339e-01,3.904076738609112862e+00
6.755045070395387263e+00,-9.584664536741213658e-03,-4.685835995740149362e-02,2.236421725239616520e-02,9.107913669064748419e+00,4.988009592326139163e-01,3.937649880095923205e+00
6.760001809691021712e+00,-2.342917997870074681e-02,-4.366347177848775574e-02,3.194888178913737886e-02,9.043165467625899012e+00,5.707434052757793808e-01,4.016786570743405171e+00
6.764958548986656162e+00,-3.940362087326943624e-02,-4.153354632587859252e-02,4.259850905218317413e-02,9.033573141486810343e+00,6.211031175059952281e-01,4.007194244604316502e+00
6.769915288282290611e+00,-5.963791267305644517e-02,-4.153354632587859252e-02,5.644302449414270728e-02,9.069544364508393741e+00,6.163069544364508934e-01,4.026378896882493841e+00
6.774872027577925060e+00,-7.774227902023429781e-02,-3.940362087326943624e-02,6.815761448349308416e-02,9.050359712230216402e+00,5.299760191846523139e-01,4.000000000000000000e+00
6.779828766873559509e+00,-9.371671991480298725e-02,-2.768903088391906284e-02,7.667731629392970927e-02,9.064748201438849406e+00,4.244604316546762846e-01,4.074340527577938076e+00
6.784785506169193958e+00,-1.011714589989350377e-01,-1.810436634717784918e-02,8.839190628328008614e-02,9.127098321342925757e+00,3.381294964028777050e-01,4.215827338129496837e+00
6.789742245464828407e+00,-1.001064962726304630e-01,-2.023429179978700893e-02,9.904153354632587447e-02,9.117505995203837088e+00,2.278177458033573133e-01,4.251798561151079348e+00
6.794698984760462857e+00,-9.371671991480298725e-02,-2.449414270500532495e-02,1.064962726304579388e-01,9.136690647482014427e+00,7.673860911270982688e-02,4.280575539568345356e+00
6.799655724056097306e+00,-7.880724174653887248e-02,-3.194888178913737886e-02,1.139510117145899892e-01,9.175059952038369104e+00,0.000000000000000000e+00,4.203836930455635112e+00
6.804612463351731755e+00,-6.283280085197018305e-02,-3.407880724174654208e-02,1.150159744408945639e-01,9.143884892086331817e+00,-4.076738609112710160e-02,4.083932853717026745e+00
6.809569202647366204e+00,-4.153354632587859252e-02,-2.662406815761448470e-02,1.171458998935037271e-01,9.151079136690647431e+00,-7.434052757793764565e-02,4.038369304556354678e+00
6.814525941943000653e+00,-2.023429179978700893e-02,-1.597444089456868943e-02,1.171458998935037271e-01,9.201438848920863833e+00,-1.510791366906474864e-01,4.112709832134292753e+00
6.819482681238635102e+00,-6.389776357827475772e-03,-1.277955271565495154e-02,1.150159744408945639e-01,9.239808153477218511e+00,-1.918465227817745811e-01,4.244604316546762846e+00
6.824439420534269551e+00,5.324813631522896766e-03,-2.236421725239616520e-02,9.904153354632587447e-02,9.244604316546762846e+00,-1.822541966426858562e-01,4.294964028776978360e+00
6.829396159829904001e+00,1.064962726304579353e-02,-3.194888178913737886e-02,8.519701810436634826e-02,9.220623501199041172e+00,-1.151079136690647542e-01,4.256594724220623682e+00
6.834352899125537562e+00,1.277955271565495154e-02,-3.620873269435569836e-02,7.561235356762513460e-02,9.206235011990408168e+00,-8.393285371702638442e-02,4.225419664268585507e+00
6.839309638421172011e+00,7.454739084132055646e-03,-3.727369542066027996e-02,6.815761448349308416e-02,9.213429256594723782e+00,-9.832134292565947176e-02,4.232613908872902009e+00
6.844266377716806460e+00,-1.064962726304579440e-03,-2.875399361022364098e-02,5.963791267305644517e-02,9.223021582733812451e+00,-1.223021582733812979e-01,4.285371702637889690e+00
6.849223117012440909e+00,-5.324813631522896766e-03,-3.088391906283280072e-02,4.579339723109691201e-02,9.218225419664268117e+00,-1.318944844124700366e-01,4.436450839328537121e+00
6.854179856308075358e+00,-1.597444089456868943e-02,-4.472843450479233041e-02,2.875399361022364098e-02,9.184652278177457774e+00,-1.630695443645084064e-01,4.570743405275779381e+00
6.859136595603709807e+00,-2.662406815761448470e-02,-6.602768903088392094e-02,1.703940362087327104e-02,9.201438848920863833e+00,-1.151079136690647542e-01,4.510791366906475197e+00
6.864093334899344256e+00,-2.768903088391906284e-02,-7.774227902023429781e-02,1.064962726304579353e-02,9.220623501199041172e+00,-7.434052757793764565e-02,4.374100719424460770e+00
6.869050074194978706e+00,-2.875399361022364098e-02,-7.987220447284344715e-02,1.277955271565495154e-02,9.290167865707434913e+00,-4.556354916067146404e-02,4.285371702637889690e+00
6.874006813490613155e+00,-2.555910543130990309e-02,-7.774227902023429781e-02,1.384451544195953142e-02,9.347721822541966930e+00,-4.796163069544364180e-03,4.177458033573141272e+00
6.878963552786247604e+00,-2.129925452609158706e-02,-7.561235356762513460e-02,1.703940362087327104e-02,9.328537170263789591e+00,3.357314148681055099e-02,4.083932853717026745e+00
6.883920292081882053e+00,-1.597444089456868943e-02,-7.561235356762513460e-02,1.916932907348242732e-02,9.342925659472422595e+00,7.434052757793764565e-02,4.016786570743405171e+00
6.888877031377516502e+00,-1.064962726304579353e-02,-6.922257720979765883e-02,2.449414270500532495e-02,9.292565947242206192e+00,1.342925659472422040e-01,3.964028776978417046e+00
6.893833770673150951e+00,-4.259850905218317760e-03,-6.070287539936101984e-02,3.514376996805111675e-02,9.280575539568344468e+00,1.774580335731414937e-01,3.973621103117506159e+00
6.898790509968785400e+00,0.000000000000000000e+00,-5.431309904153354406e-02,4.685835995740149362e-02,9.206235011990408168e+00,1.486810551558752913e-01,4.040767386091126845e+00
6.903747249264419850e+00,3.194888178913737886e-03,-5.218317358892438779e-02,5.750798722044728195e-02,9.170263788968824770e+00,7.673860911270982688e-02,4.093525179856115415e+00
6.908703988560054299e+00,3.194888178913737886e-03,-5.537806176783812567e-02,5.750798722044728195e-02,9.115107913669064033e+00,7.194244604316546443e-02,4.131894484412470092e+00
6.913660727855688748e+00,3.194888178913737886e-03,-5.324813631522896940e-02,5.537806176783812567e-02,9.038369304556354678e+00,9.112709832134292809e-02,4.263788968824940184e+00
6.918617467151323197e+00,3.194888178913737886e-03,-5.857294994675186356e-02,6.070287539936101984e-02,9.009592326139088669e+00,9.592326139088729053e-02,4.395683453237410276e+00
6.923574206446957646e+00,-3.194888178913737886e-03,-7.454739084132055993e-02,6.389776357827475772e-02,8.956834532374100988e+00,5.275779376498800771e-02,4.438848920863309289e+00
6.928530945742592095e+00,-1.064962726304579353e-02,-9.478168264110756192e-02,5.963791267305644517e-02,8.875299760191847298e+00,5.995203836930455832e-02,4.398081534772182444e+00
6.933487685038226545e+00,-2.129925452609158706e-02,-1.128860489882854146e-01,5.750798722044728195e-02,8.860911270983214294e+00,1.486810551558752913e-01,4.395683453237410276e+00
6.938444424333860994e+00,-2.875399361022364098e-02,-1.256656017039403661e-01,6.283280085197018305e-02,8.899280575539568972e+00,2.374100719424460382e-01,4.278177458033573188e+00
6.943401163629495443e+00,-4.046858359957401785e-02,-1.373801916932907430e-01,7.028753993610223350e-02,8.894484412470024637e+00,2.494004796163069582e-01,4.232613908872902009e+00
6.948357902925129892e+00,-5.005324813631523151e-02,-1.437699680511182188e-01,7.880724174653887248e-02,8.875299760191847298e+00,2.877697841726618577e-01,4.189448441247002108e+00
6.953314642220764341e+00,-5.857294994675186356e-02,-1.480298189563365174e-01,9.478168264110756192e-02,8.846522781774579514e+00,3.333333333333333148e-01,4.184652278177457774e+00
6.958271381516398790e+00,-6.709265175718849561e-02,-1.554845580404685956e-01,1.107561235356762513e-01,8.911270983213428920e+00,3.333333333333333148e-01,4.129496402877697925e+00
6.963228120812033239e+00,-7.561235356762513460e-02,-1.608093716719914690e-01,1.277955271565495154e-01,8.928057553956834980e+00,3.261390887290168128e-01,4.047961630695443347e+00
6.968184860107667689e+00,-8.306709265175718504e-02,-1.522896698615548439e-01,1.458998935037273681e-01,8.896882494004795916e+00,2.422062350119904006e-01,4.052757793764987682e+00
6.973141599403302138e+00,-8.413205537806177359e-02,-1.416400425985090417e-01,1.640042598509052207e-01,8.863309352517985573e+00,1.031175059952038342e-01,4.199040767386090778e+00
6.978098338698936587e+00,-8.519701810436634826e-02,-1.416400425985090417e-01,1.757188498402555976e-01,8.836930455635490844e+00,-5.755395683453237710e-02,4.352517985611510376e+00
6.983055077994571036e+00,-9.158679446219382403e-02,-1.597444089456868943e-01,1.746538871139510229e-01,8.707434052757793808e+00,-1.702637889688249362e-01,4.347721822541966041e+00
6.988011817290205485e+00,-9.584664536741213658e-02,-1.746538871139510229e-01,1.682641107561235472e-01,8.628297362110311397e+00,-2.014388489208633060e-01,4.270983213429256686e+00
6.992968556585839934e+00,-9.052183173588924936e-02,-1.821086261980830734e-01,1.640042598509052207e-01,8.652278177458033070e+00,-2.206235011990407557e-01,4.136690647482014427e+00
6.997925295881474383e+00,-8.626198083067092293e-02,-1.874334398296059745e-01,1.650692225772097954e-01,8.738609112709832871e+00,-2.685851318944844079e-01,3.983213429256594829e+00
7.002882035177108833e+00,-8.093716719914803570e-02,-1.810436634717784987e-01,1.608093716719914690e-01,8.697841726618705138e+00,-3.117505995203836977e-01,3.901678657074340695e+00
7.007838774472743282e+00,-6.815761448349308416e-02,-1.735889243876464205e-01,1.576144834930777450e-01,8.664268585131894795e+00,-3.189448441247002553e-01,3.884892086330935079e+00
7.012795513768377731e+00,-5.857294994675186356e-02,-1.714589989350372712e-01,1.512247071352502692e-01,8.657074340527577405e+00,-2.709832134292565753e-01,3.841726618705036067e+00
7.017752253064012180e+00,-5.324813631522896940e-02,-1.725239616613418459e-01,1.437699680511182188e-01,8.623501199040767062e+00,-1.438848920863309289e-01,3.760191846522781933e+00
7.022708992359646629e+00,-4.792332268370606829e-02,-1.725239616613418459e-01,1.448349307774227934e-01,8.570743405275779381e+00,-4.796163069544364527e-02,3.633093525179856176e+00
7.027665731655281078e+00,-4.472843450479233041e-02,-1.661341853035143701e-01,1.522896698615548439e-01,8.570743405275779381e+00,2.398081534772182263e-02,3.510791366906474753e+00
7.032622470950915528e+00,-4.366347177848775574e-02,-1.512247071352502692e-01,1.618743343982960714e-01,8.549160671462828986e+00,7.434052757793764565e-02,3.465227817745803574e+00
7.037579210246549977e+00,-4.472843450479233041e-02,-1.341853035143769912e-01,1.735889243876464205e-01,8.546762589928057707e+00,1.318944844124700366e-01,3.484412470023980912e+00
7.042535949542184426e+00,-4.685835995740149362e-02,-1.192758253461128903e-01,1.874334398296059745e-01,8.505995203836929974e+00,1.247002398081534791e-01,3.532374100719424259e+00
7.047492688837818875e+00,-4.792332268370606829e-02,-1.033013844515442009e-01,2.023429179978700754e-01,8.472422062350119631e+00,4.796163069544364527e-02,3.697841726618705138e+00
7.052449428133453324e+00,-4.792332268370606829e-02,-1.011714589989350377e-01,2.172523961661341763e-01,8.517985611510791699e+00,-8.393285371702638442e-02,3.738609112709831983e+00
7.057406167429087773e+00,-5.111821086261980618e-02,-1.107561235356762513e-01,2.183173588924387509e-01,8.436450839328538009e+00,-1.678657074340527688e-01,3.707434052757793808e+00
7.062362906724722222e+00,-5.005324813631523151e-02,-1.086261980830670881e-01,2.151224707135250269e-01,8.342925659472422595e+00,-2.038369304556355011e-01,3.582733812949640217e+00
7.067319646020356672e+00,-4.366347177848775574e-02,-9.478168264110756192e-02,2.215122470713525027e-01,8.350119904076738209e+00,-2.541966426858512929e-01,3.582733812949640217e+00
7.072276385315991121e+00,-3.088391906283280072e-02,-7.880724174653887248e-02,2.279020234291799785e-01,8.395683453237410276e+00,-4.100719424460431695e-01,3.652278177458033515e+00
7.077233124611625570e+00,-2.768903088391906284e-02,-7.241746538871139671e-02,2.215122470713525027e-01,8.446043165467626679e+00,-5.947242206235011652e-01,3.786570743405275774e+00
7.082189863907260019e+00,-1.916932907348242732e-02,-7.454739084132055993e-02,2.023429179978700754e-01,8.482014388489208301e+00,-6.906474820143885252e-01,3.860911270983213406e+00
7.087146603202894468e+00,-7.454739084132055646e-03,-7.774227902023429781e-02,1.778487752928647470e-01,8.505995203836929974e+00,-6.474820143884891799e-01,3.896882494004796360e+00
7.092103342498528917e+00,3.194888178913737886e-03,-7.774227902023429781e-02,1.576144834930777450e-01,8.491606714628296970e+00,-5.899280575539568305e-01,3.844124700239808234e+00
7.097060081794163366e+00,1.384451544195953142e-02,-7.667731629392970927e-02,1.501597444089456945e-01,8.486810551558752636e+00,-5.947242206235011652e-01,3.779376498800959272e+00
7.102016821089797816e+00,2.342917997870074681e-02,-6.815761448349308416e-02,1.384451544195953177e-01,8.539568345323740317e+00,-6.642685851318944623e-01,3.796163069544364443e+00
7.106973560385432265e+00,2.768903088391906284e-02,-5.857294994675186356e-02,1.160809371671991524e-01,8.529976019184651648e+00,-6.906474820143885252e-01,3.877697841726618577e+00
7.111930299681066714e+00,2.768903088391906284e-02,-5.431309904153354406e-02,8.626198083067092293e-02,8.551558752997602042e+00,-6.019184652278177783e-01,3.942446043165467540e+00
7.116887038976701163e+00,2.662406815761448470e-02,-5.963791267305644517e-02,6.283280085197018305e-02,8.527577937649880369e+00,-4.508393285371702364e-01,3.923261390887290201e+00
7.121843778272335612e+00,2.129925452609158706e-02,-6.389776357827475772e-02,5.218317358892438779e-02,8.597122302158274110e+00,-3.645083932853717124e-01,3.798561151079136611e+00
7.126800517567970061e+00,1.597444089456868943e-02,-5.963791267305644517e-02,4.472843450479233041e-02,8.661870503597121740e+00,-3.117505995203836977e-01,3.661870503597122184e+00
7.131757256863604510e+00,7.454739084132055646e-03,-4.579339723109691201e-02,3.620873269435569836e-02,8.683453237410072134e+00,-2.661870503597122406e-01,3.625899280575539674e+00
7.136713996159238960e+00,1.064962726304579440e-03,-2.768903088391906284e-02,2.981895633652822258e-02,8.683453237410072134e+00,-2.565947242206235157e-01,3.630695443645084008e+00
7.141670735454873409e+00,-7.454739084132055646e-03,-1.597444089456868943e-02,2.449414270500532495e-02,8.657074340527577405e+00,-2.637889688249400733e-01,3.714628297362110310e+00
7.146627474750507858e+00,-1.064962726304579353e-02,-6.389776357827475772e-03,1.703940362087327104e-02,8.678657074340527799e+00,-3.069544364508393075e-01,3.726618705035971146e+00
7.151584214046142307e+00,-1.064962726304579353e-02,0.000000000000000000e+00,1.703940362087327104e-02,8.772182254196643214e+00,-3.549160671462829875e-01,3.755395683453237599e+00
7.156540953341776756e+00,-4.259850905218317760e-03,7.454739084132055646e-03,9.584664536741213658e-03,8.829736211031175230e+00,-3.836930455635491621e-01,3.762589928057554101e+00
7.161497692637411205e+00,-1.064962726304579440e-03,1.703940362087327104e-02,5.324813631522896766e-03,8.856115107913668183e+00,-4.100719424460431695e-01,3.788968824940047941e+00
7.166454431933045655e+00,9.584664536741213658e-03,2.768903088391906284e-02,-3.194888178913737886e-03,8.860911270983214294e+00,-4.604316546762590168e-01,3.810551558752997447e+00
7.171411171228680104e+00,2.129925452609158706e-02,3.514376996805111675e-02,-1.597444089456868943e-02,8.908872901678657641e+00,-4.724220623501199090e-01,3.899280575539568527e+00
7.176367910524314553e+00,3.194888178913737886e-02,3.833865814696485463e-02,-2.981895633652822258e-02,8.932853717026379314e+00,-4.196642685851318944e-01,3.918465227817745866e+00
7.181324649819949002e+00,3.940362087326943624e-02,4.046858359957401785e-02,-4.259850905218317413e-02,8.892086330935251581e+00,-3.669064748201438797e-01,3.928057553956834536e+00
7.186281389115583451e+00,4.259850905218317413e-02,4.685835995740149362e-02,-5.324813631522896940e-02,8.853717026378896904e+00,-3.285371702637889801e-01,3.961630695443644878e+00
7.191238128411217900e+00,4.579339723109691201e-02,4.472843450479233041e-02,-6.176783812566560145e-02,8.846522781774579514e+00,-2.757793764988009655e-01,4.009592326139088669e+00
7.196194867706852349e+00,4.366347177848775574e-02,3.833865814696485463e-02,-7.667731629392970927e-02,8.865707434052758629e+00,-2.038369304556355011e-01,3.985611510791366996e+00
7.201151607002486799e+00,4.153354632587859252e-02,2.875399361022364098e-02,-8.732694355697551147e-02,8.841726618705035179e+00,-7.673860911270982688e-02,3.892086330935251581e+00
7.206108346298121248e+00,4.153354632587859252e-02,2.875399361022364098e-02,-8.839190628328008614e-02,8.860911270983214294e+00,2.398081534772182263e-02,3.824940047961630896e+00
7.211065085593755697e+00,4.046858359957401785e-02,3.833865814696485463e-02,-8.306709265175718504e-02,8.944844124700239263e+00,2.877697841726618855e-02,3.853717026378896904e+00
7.216021824889390146e+00,3.620873269435569836e-02,4.579339723109691201e-02,-7.880724174653887248e-02,8.968824940047960936e+00,4.076738609112710160e-02,3.947242206235011874e+00
7.220978564185024595e+00,2.981895633652822258e-02,3.833865814696485463e-02,-8.093716719914803570e-02,8.952038369304556653e+00,1.007194244604316530e-01,4.028776978417266008e+00
7.225935303480658156e+00,2.023429179978700893e-02,2.768903088391906284e-02,-8.413205537806177359e-02,8.918465227817746310e+00,1.630695443645084064e-01,3.990407673860911331e+00
7.230892042776292605e+00,1.171458998935037341e-02,2.449414270500532495e-02,-7.880724174653887248e-02,8.928057553956834980e+00,2.038369304556355011e-01,3.971223021582733992e+00
7.235848782071927054e+00,7.454739084132055646e-03,2.449414270500532495e-02,-6.922257720979765883e-02,9.026378896882494729e+00,1.870503597122302186e-01,3.937649880095923205e+00
7.240805521367561504e+00,1.064962726304579440e-03,2.342917997870074681e-02,-6.389776357827475772e-02,9.045563549160672068e+00,1.918465227817745811e-01,3.906474820143885029e+00
7.245762260663195953e+00,-2.129925452609158880e-03,2.449414270500532495e-02,-5.537806176783812567e-02,9.043165467625899012e+00,2.374100719424460382e-01,3.872901678657074243e+00
7.250718999958830402e+00,-3.194888178913737886e-03,3.088391906283280072e-02,-4.685835995740149362e-02,9.028776978417266008e+00,2.829736211031175230e-01,3.877697841726618577e+00
7.255675739254464851e+00,-1.064962726304579440e-03,3.407880724174654208e-02,-3.407880724174654208e-02,9.071942446043165020e+00,2.350119904076738708e-01,3.901678657074340695e+00
7.260632478550099300e+00,-1.064962726304579440e-03,3.301384451544196047e-02,-2.129925452609158706e-02,9.050359712230216402e+00,1.918465227817745811e-01,3.829736211031175230e+00
7.265589217845733749e+00,-2.129925452609158880e-03,3.407880724174654208e-02,-1.384451544195953142e-02,8.990407673860911331e+00,1.822541966426858562e-01,3.865707434052757741e+00
7.270545957141368199e+00,4.259850905218317760e-03,3.727369542066027996e-02,-7.454739084132055646e-03,9.009592326139088669e+00,1.438848920863309289e-01,3.870503597122302075e+00
7.275502696437002648e+00,1.064962726304579353e-02,3.833865814696485463e-02,-2.129925452609158880e-03,9.043165467625899012e+00,7.673860911270982688e-02,3.913669064748201532e+00
7.280459435732637097e+00,2.129925452609158706e-02,3.620873269435569836e-02,2.129925452609158880e-03,9.059952038369305072e+00,1.918465227817745672e-02,3.932853717026378870e+00
7.285416175028271546e+00,3.088391906283280072e-02,3.514376996805111675e-02,7.454739084132055646e-03,9.004796163069544335e+00,-2.877697841726618855e-02,3.908872901678657197e+00
7.290372914323905995e+00,4.685835995740149362e-02,3.407880724174654208e-02,9.584664536741213658e-03,8.978417266187049606e+00,-5.275779376498800771e-02,3.918465227817745866e+00
7.295329653619540444e+00,6.389776357827475772e-02,3.514376996805111675e-02,1.384451544195953142e-02,9.007194244604317390e+00,-5.755395683453237710e-02,3.956834532374100544e+00
7.300286392915174893e+00,8.519701810436634826e-02,3.301384451544196047e-02,1.597444089456868943e-02,9.009592326139088669e+00,-1.175059952038369354e-01,3.954436450839328376e+00
7.305243132210809343e+00,1.011714589989350377e-01,2.981895633652822258e-02,1.703940362087327104e-02,9.050359712230216402e+00,-1.798561151079136611e-01,3.940047961630695372e+00
7.310199871506443792e+00,1.182108626198083018e-01,3.194888178913737886e-02,1.597444089456868943e-02,9.074340527577938076e+00,-1.942446043165467762e-01,3.959232613908872711e+00
7.315156610802078241e+00,1.363152289669861683e-01,3.620873269435569836e-02,1.277955271565495154e-02,9.067146282973620686e+00,-2.182254196642685884e-01,3.995203836930455665e+00
7.320113350097712690e+00,1.501597444089456945e-01,3.194888178913737886e-02,6.389776357827475772e-03,9.059952038369305072e+00,-2.158273381294963933e-01,4.038369304556354678e+00
7.325070089393347139e+00,1.576144834930777450e-01,2.981895633652822258e-02,-5.324813631522896766e-03,9.052757793764987682e+00,-1.774580335731414937e-01,4.105515587529976251e+00
7.330026828688981588e+00,1.640042598509052207e-01,2.342917997870074681e-02,-1.171458998935037341e-02,9.021582733812950394e+00,-8.393285371702638442e-02,4.153477218225419598e+00
7.334983567984616037e+00,1.640042598509052207e-01,1.064962726304579353e-02,-1.703940362087327104e-02,9.016786570743406060e+00,4.316546762589928282e-02,4.117505995203837088e+00
7.339940307280250487e+00,1.618743343982960714e-01,3.194888178913737886e-03,-1.703940362087327104e-02,9.035971223021583398e+00,9.112709832134292809e-02,3.992805755395683498e+00
7.344897046575884936e+00,1.586794462193823196e-01,4.259850905218317760e-03,-1.490947816826411129e-02,9.019184652278177339e+00,1.942446043165467762e-01,3.954436450839328376e+00
7.349853785871519385e+00,1.469648562300319428e-01,9.584664536741213658e-03,-1.171458998935037341e-02,8.997601918465226944e+00,2.613908872901678504e-01,4.023980815347721673e+00
7.354810525167153834e+00,1.363152289669861683e-01,6.389776357827475772e-03,-7.454739084132055646e-03,9.047961630695443347e+00,2.973621103117505826e-01,4.069544364508392853e+00
7.359767264462788283e+00,1.224707135250266282e-01,-7.454739084132055646e-03,-4.259850905218317760e-03,8.995203836930455665e+00,3.069544364508393075e-01,3.980815347721822661e+00
7.364724003758422732e+00,1.075612353567625135e-01,-1.703940362087327104e-02,-1.064962726304579440e-03,8.932853717026379314e+00,3.621103117505995450e-01,3.894484412470024193e+00
7.369680743054057181e+00,1.001064962726304630e-01,-1.810436634717784918e-02,9.584664536741213658e-03,8.952038369304556653e+00,4.028776978417266119e-01,3.822541966426858728e+00
7.374637482349691631e+00,9.371671991480298725e-02,-1.703940362087327104e-02,2.342917997870074681e-02,9.019184652278177339e+00,4.268585131894484519e-01,3.774580335731414937e+00
7.379594221645326080e+00,9.158679446219382403e-02,-1.703940362087327104e-02,4.153354632587859252e-02,9.067146282973620686e+00,3.645083932853717124e-01,3.688249400479616469e+00
7.384550960940960529e+00,9.584664536741213658e-02,-1.064962726304579353e-02,5.963791267305644517e-02,9.079136690647482411e+00,2.853717026378896904e-01,3.618705035971223172e+00
7.389507700236594978e+00,1.054313099041533502e-01,-2.129925452609158880e-03,7.561235356762513460e-02,9.119904076738608367e+00,1.942446043165467762e-01,3.628297362110311841e+00
7.394464439532229427e+00,1.139510117145899892e-01,2.129925452609158880e-03,8.626198083067092293e-02,9.088729016786571080e+00,1.414868105515587615e-01,3.671462829736210853e+00
7.399421178827863876e+00,1.246006389776357776e-01,4.259850905218317760e-03,9.584664536741213658e-02,9.023980815347721673e+00,1.606714628297362113e-01,3.681055155875299967e+00
7.404377918123498326e+00,1.363152289669861683e-01,7.454739084132055646e-03,1.075612353567625135e-01,9.023980815347721673e+00,1.366906474820143991e-01,3.642685851318944845e+00
7.409334657419132775e+00,1.501597444089456945e-01,1.384451544195953142e-02,1.203407880724174650e-01,9.074340527577938076e+00,6.474820143884892076e-02,3.613908872901678837e+00
7.414291396714767224e+00,1.640042598509052207e-01,2.449414270500532495e-02,1.288604898828540901e-01,9.103117505995204084e+00,-2.398081534772182090e-03,3.645083932853717013e+00
7.419248136010401673e+00,1.789137380191693216e-01,3.194888178913737886e-02,1.373801916932907430e-01,9.141486810551558762e+00,-2.398081534772182263e-02,3.717026378896882477e+00
7.424204875306036122e+00,1.970181043663471743e-01,3.514376996805111675e-02,1.405750798722044670e-01,9.079136690647482411e+00,-6.474820143884892076e-02,3.784172661870503607e+00
7.429161614601670571e+00,2.108626198083067005e-01,4.472843450479233041e-02,1.448349307774227934e-01,8.978417266187049606e+00,-1.510791366906474864e-01,3.877697841726618577e+00
7.434118353897305020e+00,2.247071352502662545e-01,4.579339723109691201e-02,1.416400425985090417e-01,9.035971223021583398e+00,-2.302158273381295084e-01,4.050359712230215514e+00
7.439075093192939470e+00,2.342917997870074542e-01,2.875399361022364098e-02,1.299254526091586925e-01,9.038369304556354678e+00,-2.781774580335731328e-01,4.026378896882493841e+00
7.444031832488573919e+00,2.364217252396166036e-01,1.597444089456868943e-02,1.118210862619808260e-01,8.928057553956834980e+00,-2.709832134292565753e-01,3.913669064748201532e+00
7.448988571784208368e+00,2.449414270500532564e-01,1.384451544195953142e-02,9.691160809371672513e-02,8.990407673860911331e+00,-2.254196642685851182e-01,3.870503597122302075e+00
7.453945311079842817e+00,2.513312034078807322e-01,1.171458998935037341e-02,8.413205537806177359e-02,9.033573141486810343e+00,-2.230215827338129508e-01,3.889688249400479414e+00
7.458902050375477266e+00,2.513312034078807322e-01,9.584664536741213658e-03,7.135250266240682204e-02,9.033573141486810343e+00,-2.086330935251798635e-01,3.920863309352518034e+00
7.463858789671111715e+00,2.502662406815761575e-01,7.454739084132055646e-03,5.644302449414270728e-02,9.045563549160672068e+00,-1.726618705035971313e-01,3.937649880095923205e+00
7.468815528966746164e+00,2.492012779552715551e-01,1.064962726304579440e-03,4.153354632587859252e-02,9.093525179856115415e+00,-9.112709832134292809e-02,3.966426858513189657e+00
7.473772268262380614e+00,2.417465388711395047e-01,-5.324813631522896766e-03,3.407880724174654208e-02,9.074340527577938076e+00,3.597122302158273222e-02,3.949640287769784042e+00
7.478729007558015063e+00,2.385516506922257807e-01,-5.324813631522896766e-03,2.981895633652822258e-02,9.055155875299760737e+00,1.199040767386091166e-01,3.904076738609112862e+00
7.483685746853649512e+00,2.342917997870074542e-01,-1.064962726304579440e-03,3.407880724174654208e-02,9.045563549160672068e+00,1.774580335731414937e-01,3.875299760191846410e+00
7.488642486149283961e+00,2.310969116080937302e-01,4.259850905218317760e-03,4.685835995740149362e-02,8.995203836930455665e+00,2.254196642685851182e-01,3.889688249400479414e+00
7.493599225444918410e+00,2.247071352502662545e-01,7.454739084132055646e-03,5.857294994675186356e-02,8.978417266187049606e+00,2.350119904076738708e-01,3.944844124700239707e+00
7.498555964740552859e+00,2.215122470713525027e-01,2.129925452609158880e-03,7.135250266240682204e-02,8.992805755395682610e+00,2.254196642685851182e-01,4.011990407673860837e+00
7.503512704036187309e+00,2.183173588924387509e-01,-5.324813631522896766e-03,8.093716719914803570e-02,8.988009592326138275e+00,2.134292565947242259e-01,4.069544364508392853e+00
7.508469443331821758e+00,2.172523961661341763e-01,-1.171458998935037341e-02,9.478168264110756192e-02,8.980815347721822661e+00,1.630695443645084064e-01,4.103117505995204084e+00
7.513426182627456207e+00,2.161874334398296016e-01,-2.236421725239616520e-02,1.054313099041533502e-01,8.990407673860911331e+00,1.199040767386091166e-01,4.119904076738609255e+00
7.518382921923090656e+00,2.183173588924387509e-01,-3.833865814696485463e-02,1.128860489882854146e-01,8.923261390887290645e+00,1.318944844124700366e-01,4.050359712230215514e+00
7.523339661218725105e+00,2.193823216187433534e-01,-5.005324813631523151e-02,1.235356762513312029e-01,8.868105515587529908e+00,1.438848920863309289e-01,4.021582733812949506e+00
7.528296400514359554e+00,2.215122470713525027e-01,-5.857294994675186356e-02,1.341853035143769912e-01,8.908872901678657641e+00,1.366906474820143991e-01,3.954436450839328376e+00
7.533253139809994003e+00,2.236421725239616520e-01,-6.389776357827475772e-02,1.405750798722044670e-01,8.978417266187049606e+00,1.031175059952038342e-01,3.887290167865707247e+00
7.538209879105628453e+00,2.225772097976570774e-01,-6.602768903088392094e-02,1.469648562300319428e-01,9.031175059952039064e+00,7.673860911270982688e-02,3.827338129496403063e+00
7.543166618401262902e+00,2.225772097976570774e-01,-6.922257720979765883e-02,1.512247071352502692e-01,9.088729016786571080e+00,9.592326139088729053e-02,3.781774580335731439e+00
7.548123357696897351e+00,2.268370607028754038e-01,-6.389776357827475772e-02,1.597444089456868943e-01,9.083932853717026745e+00,1.079136690647481966e-01,3.748201438848920652e+00
7.553080096992531800e+00,2.279020234291799785e-01,-5.963791267305644517e-02,1.693290734824281218e-01,9.105515587529975363e+00,7.673860911270982688e-02,3.729016786570743314e+00
7.558036836288166249e+00,2.279020234291799785e-01,-5.537806176783812567e-02,1.757188498402555976e-01,9.122302158273381423e+00,-1.199040767386091132e-02,3.736211031175059816e+00
7.562993575583800698e+00,2.300319488817891278e-01,-5.111821086261980618e-02,1.767838125665601723e-01,9.127098321342925757e+00,-9.352517985611510931e-02,3.724220623501198979e+00
7.567950314879435147e+00,2.300319488817891278e-01,-4.046858359957401785e-02,1.746538871139510229e-01,9.083932853717026745e+00,-1.151079136690647542e-01,3.798561151079136611e+00
7.572907054175069597e+00,2.310969116080937302e-01,-3.514376996805111675e-02,1.735889243876464205e-01,9.067146282973620686e+00,-1.630695443645084064e-01,3.923261390887290201e+00
7.577863793470704046e+00,2.321618743343983049e-01,-3.301384451544196047e-02,1.757188498402555976e-01,8.961630695443645322e+00,-2.158273381294963933e-01,4.057553956834532016e+00
7.582820532766338495e+00,2.310969116080937302e-01,-3.940362087326943624e-02,1.661341853035143701e-01,9.000000000000000000e+00,-3.021582733812949728e-01,4.187050359712229941e+00
7.587777272061972944e+00,2.300319488817891278e-01,-6.070287539936101984e-02,1.501597444089456945e-01,9.016786570743406060e+00,-3.261390887290168128e-01,4.112709832134292753e+00
7.592734011357607393e+00,2.279020234291799785e-01,-8.093716719914803570e-02,1.331203407880724165e-01,8.980815347721822661e+00,-2.134292565947242259e-01,3.942446043165467540e+00
7.597690750653241842e+00,2.257720979765708291e-01,-8.413205537806177359e-02,1.267305644302449408e-01,8.937649880095923649e+00,-1.318944844124700366e-01,3.834532374100719565e+00
7.602647489948876292e+00,2.289669861554845531e-01,-7.667731629392970927e-02,1.277955271565495154e-01,8.988009592326138275e+00,-9.832134292565947176e-02,3.817745803357313950e+00
7.607604229244510741e+00,2.300319488817891278e-01,-7.667731629392970927e-02,1.299254526091586925e-01,9.043165467625899012e+00,-1.366906474820143991e-01,3.788968824940047941e+00
7.612560968540144302e+00,2.268370607028754038e-01,-8.200212992545261037e-02,1.235356762513312029e-01,9.043165467625899012e+00,-1.414868105515587615e-01,3.755395683453237599e+00
7.617517707835778751e+00,2.236421725239616520e-01,-8.306709265175718504e-02,1.150159744408945639e-01,9.095923261390886694e+00,-9.592326139088729053e-02,3.621103117505995339e+00
7.622474447131413200e+00,2.279020234291799785e-01,-7.241746538871139671e-02,1.086261980830670881e-01,9.160671462829736100e+00,-6.235011990407673954e-02,3.517985611510791255e+00
7.627431186427047649e+00,2.332268370607028796e-01,-5.431309904153354406e-02,1.160809371671991524e-01,9.158273381294964821e+00,-8.153477218225420320e-02,3.546762589928057707e+00
7.632387925722682098e+00,2.428115015974440793e-01,-3.514376996805111675e-02,1.235356762513312029e-01,9.175059952038369104e+00,-1.318944844124700366e-01,3.647482014388489180e+00
7.637344665018316547e+00,2.555910543130990309e-01,-2.662406815761448470e-02,1.235356762513312029e-01,9.194244604316546443e+00,-2.350119904076738708e-01,3.685851318944844301e+00
7.642301404313950997e+00,2.619808306709265344e-01,-2.555910543130990309e-02,1.118210862619808260e-01,9.067146282973620686e+00,-2.494004796163069582e-01,3.697841726618705138e+00
7.647258143609585446e+00,2.694355697550585571e-01,-1.810436634717784918e-02,1.043663471778487756e-01,9.011990407673861725e+00,-1.654676258992805737e-01,3.717026378896882477e+00
7.652214882905219895e+00,2.811501597444089340e-01,-7.454739084132055646e-03,1.033013844515442009e-01,9.033573141486810343e+00,-1.486810551558752913e-01,3.755395683453237599e+00
7.657171622200854344e+00,2.875399361022364375e-01,-5.324813631522896766e-03,1.011714589989350377e-01,9.016786570743406060e+00,-2.158273381294963933e-01,3.781774580335731439e+00
7.662128361496488793e+00,2.939297124600638855e-01,-5.324813631522896766e-03,9.158679446219382403e-02,9.038369304556354678e+00,-2.565947242206235157e-01,3.822541966426858728e+00
7.667085100792123242e+00,2.960596379126730349e-01,-4.259850905218317760e-03,7.880724174653887248e-02,9.011990407673861725e+00,-1.606714628297362113e-01,3.836930455635491732e+00
7.672041840087757691e+00,3.003194888178913891e-01,-9.584664536741213658e-03,7.028753993610223350e-02,8.995203836930455665e+00,-8.633093525179856564e-02,3.776978417266187105e+00
7.676998579383392141e+00,2.992545260915868144e-01,-1.171458998935037341e-02,6.602768903088392094e-02,9.004796163069544335e+00,-2.637889688249400386e-02,3.767386091127098435e+00
7.681955318679026590e+00,2.939297124600638855e-01,-1.171458998935037341e-02,6.283280085197018305e-02,8.985611510791366996e+00,-1.438848920863309427e-02,3.685851318944844301e+00
7.686912057974661039e+00,2.917997870074547362e-01,-9.584664536741213658e-03,5.857294994675186356e-02,8.990407673860911331e+00,1.918465227817745672e-02,3.681055155875299967e+00
7.691868797270295488e+00,2.875399361022364375e-01,-2.129925452609158880e-03,5.644302449414270728e-02,8.935251798561150594e+00,7.673860911270982688e-02,3.733812949640287648e+00
7.696825536565929937e+00,2.832800851970180833e-01,-1.064962726304579440e-03,5.963791267305644517e-02,8.937649880095923649e+00,9.592326139088729053e-02,3.815347721822541782e+00
7.701782275861564386e+00,2.790202342917997846e-01,-7.454739084132055646e-03,6.283280085197018305e-02,8.937649880095923649e+00,6.714628297362110199e-02,3.848920863309352569e+00
7.706739015157198835e+00,2.747603833865814860e-01,-1.490947816826411129e-02,6.389776357827475772e-02,8.947242206235012318e+00,5.515587529976018893e-02,3.784172661870503607e+00
7.711695754452833285e+00,2.726304579339723366e-01,-1.597444089456868943e-02,6.070287539936101984e-02,8.997601918465226944e+00,7.673860911270982688e-02,3.752997601918465431e+00
7.716652493748467734e+00,2.736954206602769113e-01,-1.277955271565495154e-02,6.496272630457934627e-02,9.019184652278177339e+00,8.872901678657074687e-02,3.673860911270983021e+00
7.721609233044102183e+00,2.768903088391906353e-01,-5.324813631522896766e-03,7.135250266240682204e-02,9.033573141486810343e+00,7.194244604316546443e-02,3.621103117505995339e+00
7.726565972339736632e+00,2.822151224707135087e-01,3.194888178913737886e-03,7.880724174653887248e-02,9.074340527577938076e+00,4.796163069544364180e-03,3.630695443645084008e+00
7.731522711635371081e+00,2.843450479233226580e-01,9.584664536741213658e-03,7.667731629392970927e-02,9.055155875299760737e+00,-1.918465227817745672e-02,3.688249400479616469e+00
7.736479450931005530e+00,2.886048988285410122e-01,1.171458998935037341e-02,7.135250266240682204e-02,9.014388489208633004e+00,1.678657074340527550e-02,3.741007194244604150e+00
7.741436190226639980e+00,2.928647497337593109e-01,1.064962726304579353e-02,7.028753993610223350e-02,9.014388489208633004e+00,5.515587529976018893e-02,3.793764988009592276e+00
7.746392929522274429e+00,2.981895633652822397e-01,1.064962726304579353e-02,7.348242811501597138e-02,8.966426858513189657e+00,8.633093525179856564e-02,3.781774580335731439e+00
7.751349668817908878e+00,3.035143769968051131e-01,9.584664536741213658e-03,7.774227902023429781e-02,8.959232613908872267e+00,1.103117505995203779e-01,3.841726618705036067e+00
7.756306408113543327e+00,3.077742279020234117e-01,7.454739084132055646e-03,8.200212992545261037e-02,8.932853717026379314e+00,1.294964028776978415e-01,3.851318944844124736e+00
7.761263147409177776e+00,3.088391906283279864e-01,5.324813631522896766e-03,8.732694355697551147e-02,8.904076738609113306e+00,1.462829736211031240e-01,3.841726618705036067e+00
7.766219886704812225e+00,3.130990415335463406e-01,1.064962726304579440e-03,9.158679446219382403e-02,8.894484412470024637e+00,1.678657074340527688e-01,3.808153477218225280e+00
7.771176626000446674e+00,3.152289669861554899e-01,1.064962726304579440e-03,9.904153354632587447e-02,8.877697841726618577e+00,2.062350119904076684e-01,3.827338129496403063e+00
7.776133365296081124e+00,3.173588924387646393e-01,-1.064962726304579440e-03,1.075612353567625135e-01,8.899280575539568972e+00,2.134292565947242259e-01,3.860911270983213406e+00
7.781090104591715573e+00,3.152289669861554899e-01,-6.389776357827475772e-03,1.118210862619808260e-01,8.940047961630694928e+00,2.134292565947242259e-01,3.853717026378896904e+00
7.786046843887350022e+00,3.077742279020234117e-01,-1.384451544195953142e-02,1.128860489882854146e-01,8.911270983213428920e+00,2.110311750599520308e-01,3.796163069544364443e+00
7.791003583182984471e+00,3.045793397231096877e-01,-1.171458998935037341e-02,1.171458998935037271e-01,8.925659472422061924e+00,1.846522781774580235e-01,3.817745803357313950e+00
7.795960322478618920e+00,3.056443024494142624e-01,-1.064962726304579353e-02,1.256656017039403661e-01,8.959232613908872267e+00,1.390887290167865664e-01,3.832134292565947398e+00
7.800917061774253369e+00,3.099041533546325611e-01,-1.064962726304579353e-02,1.288604898828540901e-01,8.997601918465226944e+00,7.673860911270982688e-02,3.846522781774580402e+00
7.805873801069887818e+00,3.120340788072417659e-01,-1.384451544195953142e-02,1.299254526091586925e-01,9.043165467625899012e+00,4.796163069544364527e-02,3.815347721822541782e+00
7.810830540365522268e+00,3.162939297124600646e-01,-1.277955271565495154e-02,1.309904153354632672e-01,9.052757793764987682e+00,6.474820143884892076e-02,3.736211031175059816e+00
7.815787279661156717e+00,3.237486687965921428e-01,-1.064962726304579440e-03,1.363152289669861683e-01,9.019184652278177339e+00,5.995203836930455832e-02,3.786570743405275774e+00
7.820744018956791166e+00,3.333333333333333148e-01,6.389776357827475772e-03,1.458998935037273681e-01,9.071942446043165020e+00,-3.117505995203836977e-02,3.899280575539568527e+00
7.825700758252425615e+00,3.407880724174653930e-01,-3.194888178913737886e-03,1.458998935037273681e-01,9.043165467625899012e+00,-8.393285371702638442e-02,3.916067146282973699e+00
7.830657497548060064e+00,3.450479233226836917e-01,-1.490947816826411129e-02,1.395101171458998923e-01,9.002398081534773056e+00,-2.637889688249400386e-02,3.896882494004796360e+00
7.835614236843694513e+00,3.514376996805111952e-01,-1.810436634717784918e-02,1.363152289669861683e-01,8.973621103117505271e+00,1.055155875299760154e-01,3.870503597122302075e+00
7.840570976139328963e+00,3.578274760383386432e-01,-1.810436634717784918e-02,1.427050053248136441e-01,8.990407673860911331e+00,1.582733812949640162e-01,3.841726618705036067e+00
7.845527715434963412e+00,3.599574014909477926e-01,-2.129925452609158706e-02,1.544195953141639932e-01,9.011990407673861725e+00,1.390887290167865664e-01,3.776978417266187105e+00
7.850484454730597861e+00,3.556975505857294939e-01,-2.555910543130990309e-02,1.565495207667731703e-01,9.019184652278177339e+00,1.366906474820143991e-01,3.781774580335731439e+00
7.855441194026232310e+00,3.503727369542066206e-01,-2.555910543130990309e-02,1.565495207667731703e-01,9.021582733812950394e+00,1.654676258992805737e-01,3.697841726618705138e+00
7.860397933321866759e+00,3.450479233226836917e-01,-2.236421725239616520e-02,1.586794462193823196e-01,9.031175059952039064e+00,2.206235011990407557e-01,3.601918465227817556e+00
7.865354672617501208e+00,3.375931842385516690e-01,-1.597444089456868943e-02,1.650692225772097954e-01,9.086330935251798024e+00,1.966426858513189435e-01,3.575539568345323715e+00
7.870311411913135657e+00,3.333333333333333148e-01,-6.389776357827475772e-03,1.682641107561235472e-01,9.127098321342925757e+00,1.247002398081534791e-01,3.558752997601918544e+00
7.875268151208770107e+00,3.322683706070287402e-01,8.519701810436635520e-03,1.703940362087326965e-01,9.163069544364509156e+00,5.995203836930455832e-02,3.549160671462829875e+00
7.880224890504404556e+00,3.301384451544195908e-01,2.342917997870074681e-02,1.682641107561235472e-01,9.184652278177457774e+00,1.918465227817745672e-02,3.577937649880095883e+00
7.885181629800039005e+00,3.301384451544195908e-01,3.514376996805111675e-02,1.693290734824281218e-01,9.119904076738608367e+00,-1.678657074340527550e-02,3.616306954436451004e+00
7.890138369095673454e+00,3.312034078807241655e-01,4.792332268370606829e-02,1.693290734824281218e-01,9.110311750599519698e+00,-1.414868105515587615e-01,3.676258992805755188e+00
7.895095108391307903e+00,3.312034078807241655e-01,5.005324813631523151e-02,1.586794462193823196e-01,9.083932853717026745e+00,-2.565947242206235157e-01,3.800959232613908778e+00
7.900051847686942352e+00,3.280085197018104415e-01,5.005324813631523151e-02,1.405750798722044670e-01,9.095923261390886694e+00,-2.925659472422062479e-01,3.858513189448441238e+00
7.905008586982576801e+00,3.333333333333333148e-01,4.792332268370606829e-02,1.246006389776357776e-01,9.038369304556354678e+00,-2.565947242206235157e-01,3.894484412470024193e+00
7.909965326278211251e+00,3.397231096911608184e-01,4.898828541001064990e-02,1.139510117145899892e-01,8.995203836930455665e+00,-2.470023980815347631e-01,3.959232613908872711e+00
7.914922065573845700e+00,3.461128860489882664e-01,4.472843450479233041e-02,1.075612353567625135e-01,8.980815347721822661e+00,-2.757793764988009655e-01,3.995203836930455665e+00
7.919878804869480149e+00,3.525026624068157699e-01,3.194888178913737886e-02,9.371671991480298725e-02,8.971223021582733992e+00,-2.877697841726618577e-01,3.990407673860911331e+00
7.924835544165114598e+00,3.588924387646432179e-01,2.342917997870074681e-02,7.774227902023429781e-02,8.992805755395682610e+00,-2.254196642685851182e-01,3.980815347721822661e+00
7.929792283460749047e+00,3.631522896698615721e-01,2.023429179978700893e-02,6.815761448349308416e-02,8.978417266187049606e+00,-1.270983213429256464e-01,3.952038369304556209e+00
7.934749022756383496e+00,3.684771033013844455e-01,2.555910543130990309e-02,6.709265175718849561e-02,9.019184652278177339e+00,-7.913669064748200810e-02,4.016786570743405171e+00
7.939705762052017946e+00,3.695420660276890201e-01,2.662406815761448470e-02,6.815761448349308416e-02,9.093525179856115415e+00,-1.055155875299760154e-01,4.100719424460431917e+00
7.944662501347652395e+00,3.674121405750798708e-01,1.810436634717784918e-02,5.644302449414270728e-02,9.074340527577938076e+00,-9.112709832134292809e-02,4.115107913669064921e+00
7.949619240643286844e+00,3.631522896698615721e-01,7.454739084132055646e-03,4.472843450479233041e-02,9.035971223021583398e+00,-1.438848920863309427e-02,4.093525179856115415e+00
7.954575979938921293e+00,3.620873269435569974e-01,4.259850905218317760e-03,3.940362087326943624e-02,8.997601918465226944e+00,5.515587529976018893e-02,4.038369304556354678e+00
7.959532719234555742e+00,3.620873269435569974e-01,1.064962726304579440e-03,4.366347177848775574e-02,8.980815347721822661e+00,1.151079136690647542e-01,4.000000000000000000e+00
7.964489458530190191e+00,3.652822151224707214e-01,-1.064962726304579440e-03,5.005324813631523151e-02,8.980815347721822661e+00,1.103117505995203779e-01,3.966426858513189657e+00
7.969446197825824640e+00,3.631522896698615721e-01,0.000000000000000000e+00,5.218317358892438779e-02,8.959232613908872267e+00,1.534772182254196538e-01,3.932853717026378870e+00
7.974402937121459090e+00,3.631522896698615721e-01,-1.064962726304579440e-03,5.644302449414270728e-02,8.899280575539568972e+00,2.589928057553956831e-01,3.968824940047961825e+00
7.979359676417093539e+00,3.610223642172524228e-01,-6.389776357827475772e-03,6.602768903088392094e-02,8.920863309352517589e+00,3.189448441247002553e-01,3.959232613908872711e+00
7.984316415712727988e+00,3.525026624068157699e-01,-1.277955271565495154e-02,7.880724174653887248e-02,8.952038369304556653e+00,3.357314148681055377e-01,3.889688249400479414e+00
7.989273155008362437e+00,3.418530351437699677e-01,-1.171458998935037341e-02,8.945686900958466081e-02,8.932853717026379314e+00,3.357314148681055377e-01,3.851318944844124736e+00
7.994229894303996886e+00,3.343982960596378895e-01,-7.454739084132055646e-03,1.001064962726304630e-01,8.858513189448441238e+00,3.525179856115107646e-01,3.884892086330935079e+00
7.999186633599631335e+00,3.248136315228967175e-01,-6.389776357827475772e-03,1.086261980830670881e-01,8.815347721822542226e+00,3.477218225419664299e-01,3.944844124700239707e+00
8.004143372895265784e+00,3.141640042598509153e-01,-1.597444089456868943e-02,1.160809371671991524e-01,8.863309352517985573e+00,2.685851318944844079e-01,3.959232613908872711e+00
8.009100112190900234e+00,3.077742279020234117e-01,-2.449414270500532495e-02,1.224707135250266282e-01,8.882494004796162912e+00,2.230215827338129508e-01,3.865707434052757741e+00
8.014056851486534683e+00,3.056443024494142624e-01,-2.768903088391906284e-02,1.277955271565495154e-01,8.877697841726618577e+00,1.870503597122302186e-01,3.767386091127098435e+00
8.019013590782169132e+00,3.120340788072417659e-01,-2.236421725239616520e-02,1.352502662406815659e-01,8.908872901678657641e+00,1.774580335731414937e-01,3.731414868105515481e+00
8.023970330077803581e+00,3.205537806176783633e-01,-1.703940362087327104e-02,1.480298189563365174e-01,8.923261390887290645e+00,9.112709832134292809e-02,3.745803357314148485e+00
8.028927069373438030e+00,3.269435569755058668e-01,-1.384451544195953142e-02,1.565495207667731703e-01,8.899280575539568972e+00,9.592326139088728360e-03,3.791366906474820109e+00
8.033883808669072479e+00,3.354632587859425197e-01,-1.277955271565495154e-02,1.576144834930777450e-01,8.872901678657074243e+00,-8.153477218225420320e-02,3.827338129496403063e+00
8.038840547964706928e+00,3.429179978700745424e-01,-1.384451544195953142e-02,1.501597444089456945e-01,8.899280575539568972e+00,-8.393285371702638442e-02,3.834532374100719565e+00
8.043797287260341378e+00,3.503727369542066206e-01,-1.490947816826411129e-02,1.469648562300319428e-01,8.899280575539568972e+00,-1.007194244604316530e-01,3.805755395683453113e+00
8.048754026555975827e+00,3.599574014909477926e-01,-1.384451544195953142e-02,1.458998935037273681e-01,8.930455635491606259e+00,-1.510791366906474864e-01,3.769784172661870603e+00
8.053710765851610276e+00,3.706070287539935948e-01,-1.171458998935037341e-02,1.458998935037273681e-01,8.971223021582733992e+00,-1.918465227817745811e-01,3.681055155875299967e+00
8.058667505147244725e+00,3.823216187433439717e-01,-6.389776357827475772e-03,1.405750798722044670e-01,8.932853717026379314e+00,-2.254196642685851182e-01,3.647482014388489180e+00
8.063624244442879174e+00,3.951011714589989232e-01,5.324813631522896766e-03,1.341853035143769912e-01,8.911270983213428920e+00,-2.134292565947242259e-01,3.661870503597122184e+00
8.068580983738513623e+00,4.036208732694355761e-01,1.490947816826411129e-02,1.288604898828540901e-01,8.911270983213428920e+00,-2.470023980815347631e-01,3.736211031175059816e+00
8.073537723034148073e+00,4.089456869009584494e-01,1.703940362087327104e-02,1.203407880724174650e-01,8.906474820143884585e+00,-3.021582733812949728e-01,3.805755395683453113e+00
8.078494462329782522e+00,4.100106496272630241e-01,1.810436634717784918e-02,1.075612353567625135e-01,8.901678657074340251e+00,-3.333333333333333148e-01,3.860911270983213406e+00
8.083451201625416971e+00,4.110756123535675988e-01,1.384451544195953142e-02,8.945686900958466081e-02,8.880095923261391633e+00,-3.021582733812949728e-01,3.858513189448441238e+00
8.088407940921051420e+00,4.110756123535675988e-01,1.384451544195953142e-02,7.348242811501597138e-02,8.817745803357313505e+00,-2.158273381294963933e-01,3.856115107913669071e+00
8.093364680216685869e+00,4.110756123535675988e-01,1.277955271565495154e-02,6.602768903088392094e-02,8.834532374100719565e+00,-1.127098321342925591e-01,3.798561151079136611e+00
8.098321419512320318e+00,4.078807241746538748e-01,1.277955271565495154e-02,6.176783812566560145e-02,8.856115107913668183e+00,-8.872901678657074687e-02,3.781774580335731439e+00
8.103278158807954767e+00,4.046858359957401508e-01,1.384451544195953142e-02,5.431309904153354406e-02,8.937649880095923649e+00,-2.877697841726618855e-02,3.784172661870503607e+00
8.108234898103589217e+00,4.014909478168264267e-01,1.810436634717784918e-02,5.111821086261980618e-02,8.947242206235012318e+00,6.235011990407673954e-02,3.764988009592326268e+00
8.113191637399223666e+00,3.982960596379126472e-01,2.342917997870074681e-02,5.324813631522896940e-02,8.911270983213428920e+00,1.870503597122302186e-01,3.784172661870503607e+00
8.118148376694858115e+00,3.972310969116080726e-01,2.981895633652822258e-02,6.602768903088392094e-02,8.860911270983214294e+00,2.757793764988009655e-01,3.829736211031175230e+00
8.123105115990492564e+00,3.940362087326943485e-01,3.194888178913737886e-02,8.732694355697551147e-02,8.803357314148680501e+00,2.709832134292565753e-01,3.908872901678657197e+00
8.128061855286127013e+00,3.940362087326943485e-01,2.768903088391906284e-02,1.064962726304579388e-01,8.745803357314148485e+00,2.158273381294963933e-01,3.949640287769784042e+00
8.133018594581761462e+00,3.876464323748669005e-01,2.023429179978700893e-02,1.182108626198083018e-01,8.779376498800958828e+00,1.774580335731414937e-01,3.959232613908872711e+00
8.137975333877395911e+00,3.791267305644302477e-01,1.277955271565495154e-02,1.277955271565495154e-01,8.757793764988010210e+00,1.870503597122302186e-01,3.956834532374100544e+00
8.142932073173030361e+00,3.738019169329073743e-01,9.584664536741213658e-03,1.384451544195953177e-01,8.791366906474820553e+00,1.558752997601918489e-01,3.908872901678657197e+00
8.147888812468664810e+00,3.663471778487752961e-01,1.064962726304579353e-02,1.533546325878594185e-01,8.844124700239808234e+00,1.055155875299760154e-01,3.959232613908872711e+00
8.152845551764299259e+00,3.599574014909477926e-01,9.584664536741213658e-03,1.671991480298189447e-01,8.899280575539568972e+00,-4.796163069544364180e-03,4.035971223021582510e+00
8.157802291059933708e+00,3.525026624068157699e-01,0.000000000000000000e+00,1.693290734824281218e-01,8.923261390887290645e+00,-5.995203836930455832e-02,4.057553956834532016e+00
8.162759030355568157e+00,3.386581469648562437e-01,-1.277955271565495154e-02,1.618743343982960714e-01,8.884892086330935967e+00,-1.247002398081534791e-01,4.031175059952038175e+00
8.167715769651202606e+00,3.312034078807241655e-01,-1.597444089456868943e-02,1.576144834930777450e-01,8.892086330935251581e+00,-1.510791366906474864e-01,3.973621103117506159e+00
8.172672508946837056e+00,3.290734824281150162e-01,-1.916932907348242732e-02,1.597444089456868943e-01,8.961630695443645322e+00,-1.918465227817745811e-01,3.966426858513189657e+00
8.177629248242471505e+00,3.301384451544195908e-01,-2.129925452609158706e-02,1.597444089456868943e-01,8.952038369304556653e+00,-2.613908872901678504e-01,3.942446043165467540e+00
8.182585987538105954e+00,3.343982960596378895e-01,-2.129925452609158706e-02,1.533546325878594185e-01,8.937649880095923649e+00,-3.069544364508393075e-01,3.944844124700239707e+00
8.187542726833740403e+00,3.439829605963791170e-01,-1.703940362087327104e-02,1.490947816826411199e-01,8.906474820143884585e+00,-3.045563549160671402e-01,3.980815347721822661e+00
8.192499466129374852e+00,3.514376996805111952e-01,-2.129925452609158706e-02,1.448349307774227934e-01,8.894484412470024637e+00,-3.069544364508393075e-01,3.976019184652278327e+00
8.197456205425009301e+00,3.599574014909477926e-01,-2.662406815761448470e-02,1.416400425985090417e-01,8.920863309352517589e+00,-3.141486810551558650e-01,3.894484412470024193e+00
8.202412944720641974e+00,3.695420660276890201e-01,-2.342917997870074681e-02,1.384451544195953177e-01,8.944844124700239263e+00,-3.045563549160671402e-01,3.851318944844124736e+00
8.207369684016276423e+00,3.759318423855165237e-01,-1.277955271565495154e-02,1.363152289669861683e-01,8.968824940047960936e+00,-3.117505995203836977e-01,3.846522781774580402e+00
8.212326423311910872e+00,3.801916932907348223e-01,-7.454739084132055646e-03,1.288604898828540901e-01,8.980815347721822661e+00,-2.853717026378896904e-01,3.877697841726618577e+00
8.217283162607545322e+00,3.812566560170393970e-01,-7.454739084132055646e-03,1.246006389776357776e-01,8.944844124700239263e+00,-2.685851318944844079e-01,3.846522781774580402e+00
8.222239901903179771e+00,3.801916932907348223e-01,-3.194888178913737886e-03,1.182108626198083018e-01,8.918465227817746310e+00,-2.422062350119904006e-01,3.817745803357313950e+00
8.227196641198814220e+00,3.791267305644302477e-01,0.000000000000000000e+00,1.118210862619808260e-01,8.935251798561150594e+00,-2.517985611510791255e-01,3.779376498800959272e+00
8.232153380494448669e+00,3.748668796592119490e-01,8.519701810436635520e-03,1.064962726304579388e-01,8.925659472422061924e+00,-2.446043165467625957e-01,3.731414868105515481e+00
8.237110119790083118e+00,3.727369542066027441e-01,1.703940362087327104e-02,1.054313099041533502e-01,8.935251798561150594e+00,-2.230215827338129508e-01,3.757793764988009766e+00
8.242066859085717567e+00,3.706070287539935948e-01,2.662406815761448470e-02,1.033013844515442009e-01,8.959232613908872267e+00,-2.494004796163069582e-01,3.820143884892086117e+00
8.247023598381352016e+00,3.706070287539935948e-01,3.407880724174654208e-02,1.022364217252396124e-01,8.956834532374100988e+00,-2.517985611510791255e-01,3.906474820143885029e+00
8.251980337676986466e+00,3.738019169329073743e-01,3.514376996805111675e-02,9.691160809371672513e-02,8.904076738609113306e+00,-2.565947242206235157e-01,3.928057553956834536e+00
8.256937076972620915e+00,3.706070287539935948e-01,3.194888178913737886e-02,9.158679446219382403e-02,8.848920863309352569e+00,-2.134292565947242259e-01,3.918465227817745866e+00
8.261893816268255364e+00,3.684771033013844455e-01,3.194888178913737886e-02,8.945686900958466081e-02,8.815347721822542226e+00,-1.558752997601918489e-01,3.904076738609112862e+00
8.266850555563889813e+00,3.642172523961661468e-01,3.194888178913737886e-02,8.839190628328008614e-02,8.815347721822542226e+00,-9.352517985611510931e-02,3.877697841726618577e+00
8.271807294859524262e+00,3.620873269435569974e-01,3.301384451544196047e-02,9.265175718849839870e-02,8.808153477218224836e+00,-5.755395683453237710e-02,3.841726618705036067e+00
8.276764034155158711e+00,3.546325878594249192e-01,3.620873269435569836e-02,1.001064962726304630e-01,8.769784172661870159e+00,-2.637889688249400386e-02,3.875299760191846410e+00
8.281720773450793160e+00,3.429179978700745424e-01,3.514376996805111675e-02,1.064962726304579388e-01,8.757793764988010210e+00,-2.398081534772182263e-02,3.887290167865707247e+00
8.286677512746427610e+00,3.354632587859425197e-01,3.301384451544196047e-02,1.160809371671991524e-01,8.760191846522781489e+00,5.275779376498800771e-02,3.856115107913669071e+00
8.291634252042062059e+00,3.248136315228967175e-01,3.727369542066027996e-02,1.267305644302449408e-01,8.733812949640288537e+00,2.398081534772182263e-02,3.872901678657074243e+00
8.296590991337696508e+00,3.088391906283279864e-01,4.792332268370606829e-02,1.395101171458998923e-01,8.724220623501199867e+00,-9.112709832134292809e-02,3.937649880095923205e+00
8.301547730633330957e+00,2.981895633652822397e-01,5.218317358892438779e-02,1.490947816826411199e-01,8.779376498800958828e+00,-1.870503597122302186e-01,4.067146282973620686e+00
8.306504469928965406e+00,2.896698615548455868e-01,4.366347177848775574e-02,1.522896698615548439e-01,8.767386091127098879e+00,-2.254196642685851182e-01,4.100719424460431917e+00
8.311461209224599855e+00,2.800851970181043593e-01,3.620873269435569836e-02,1.533546325878594185e-01,8.750599520383692820e+00,-2.949640287769784153e-01,4.093525179856115415e+00
8.316417948520234305e+00,2.758253461128860606e-01,3.088391906283280072e-02,1.490947816826411199e-01,8.714628297362111198e+00,-3.669064748201438797e-01,4.071942446043165909e+00
8.321374687815868754e+00,2.726304579339723366e-01,2.981895633652822258e-02,1.384451544195953177e-01,8.779376498800958828e+00,-4.676258992805755188e-01,4.045563549160671180e+00
8.326331427111503203e+00,2.651757188498402584e-01,3.514376996805111675e-02,1.246006389776357776e-01,8.784172661870503163e+00,-4.868105515587530241e-01,3.976019184652278327e+00
8.331288166407137652e+00,2.598509052183173851e-01,3.940362087326943624e-02,1.054313099041533502e-01,8.824940047961630896e+00,-4.268585131894484519e-01,3.956834532374100544e+00
8.336244905702772101e+00,2.598509052183173851e-01,4.792332268370606829e-02,9.265175718849839870e-02,8.901678657074340251e+00,-3.956834532374100544e-01,4.002398081534772167e+00
8.341201644998406550e+00,2.566560170394036056e-01,5.644302449414270728e-02,8.413205537806177359e-02,8.988009592326138275e+00,-4.316546762589927866e-01,3.964028776978417046e+00
8.346158384294040999e+00,2.481363152289669805e-01,6.176783812566560145e-02,6.709265175718849561e-02,9.038369304556354678e+00,-4.820143884892086339e-01,3.908872901678657197e+00
8.351115123589675449e+00,2.406815761448349300e-01,6.815761448349308416e-02,4.472843450479233041e-02,9.023980815347721673e+00,-4.724220623501199090e-01,3.851318944844124736e+00
8.356071862885309898e+00,2.364217252396166036e-01,7.880724174653887248e-02,2.342917997870074681e-02,8.954436450839327932e+00,-3.860911270983213295e-01,3.752997601918465431e+00
8.361028602180944347e+00,2.310969116080937302e-01,9.584664536741213658e-02,1.384451544195953142e-02,8.952038369304556653e+00,-3.764988009592326046e-01,3.748201438848920652e+00
8.365985341476578796e+00,2.300319488817891278e-01,1.139510117145899892e-01,8.519701810436635520e-03,8.966426858513189657e+00,-3.884892086330935523e-01,3.800959232613908778e+00
8.370942080772213245e+00,2.364217252396166036e-01,1.309904153354632672e-01,3.194888178913737886e-03,8.985611510791366996e+00,-4.940047961630695261e-01,3.882494004796162912e+00
8.375898820067847694e+00,2.417465388711395047e-01,1.490947816826411199e-01,-5.324813631522896766e-03,9.004796163069544335e+00,-5.923261390887289979e-01,4.098321342925659749e+00
8.380855559363482143e+00,2.502662406815761575e-01,1.544195953141639932e-01,-2.023429179978700893e-02,9.004796163069544335e+00,-5.755395683453237154e-01,4.270983213429256686e+00
8.385812298659116593e+00,2.619808306709265344e-01,1.448349307774227934e-01,-3.301384451544196047e-02,8.882494004796162912e+00,-5.107913669064748641e-01,4.266187050359712352e+00
8.390769037954751042e+00,2.726304579339723366e-01,1.331203407880724165e-01,-4.046858359957401785e-02,8.776978417266187549e+00,-4.484412470023980690e-01,4.139088729016786594e+00
8.395725777250385491e+00,2.854100106496272882e-01,1.309904153354632672e-01,-4.579339723109691201e-02,8.774580335731414493e+00,-4.004796163069544446e-01,4.026378896882493841e+00
8.400682516546019940e+00,2.928647497337593109e-01,1.416400425985090417e-01,-4.792332268370606829e-02,8.798561151079136167e+00,-3.333333333333333148e-01,4.016786570743405171e+00
8.405639255841654389e+00,2.992545260915868144e-01,1.544195953141639932e-01,-4.792332268370606829e-02,8.817745803357313505e+00,-2.709832134292565753e-01,4.131894484412470092e+00
8.410595995137288838e+00,2.992545260915868144e-01,1.565495207667731703e-01,-4.685835995740149362e-02,8.803357314148680501e+00,-2.134292565947242259e-01,4.326139088729016535e+00
8.415552734432923287e+00,2.992545260915868144e-01,1.405750798722044670e-01,-4.472843450479233041e-02,8.774580335731414493e+00,-1.390887290167865664e-01,4.422062350119904117e+00
8.420509473728557737e+00,2.939297124600638855e-01,1.139510117145899892e-01,-3.940362087326943624e-02,8.752997601918465875e+00,-5.035971223021582649e-02,4.314148681055155699e+00
8.425466213024192186e+00,2.832800851970180833e-01,1.001064962726304630e-01,-3.088391906283280072e-02,8.695443645083932083e+00,6.954436450839328321e-02,4.112709832134292753e+00
8.430422952319826635e+00,2.705005324813631318e-01,1.011714589989350377e-01,-1.916932907348242732e-02,8.661870503597121740e+00,1.486810551558752913e-01,4.004796163069544335e+00
8.435379691615461084e+00,2.577209797657081802e-01,1.118210862619808260e-01,2.129925452609158880e-03,8.652278177458033070e+00,1.654676258992805737e-01,4.055155875299759849e+00
8.440336430911095533e+00,2.502662406815761575e-01,1.203407880724174650e-01,2.449414270500532495e-02,8.661870503597121740e+00,8.872901678657074687e-02,4.254196642685851515e+00
8.445293170206729982e+00,2.417465388711395047e-01,1.150159744408945639e-01,4.046858359957401785e-02,8.707434052757793808e+00,-3.836930455635491344e-02,4.434052757793764954e+00
8.450249909502364432e+00,2.332268370607028796e-01,9.478168264110756192e-02,5.431309904153354406e-02,8.743405275779377206e+00,-1.510791366906474864e-01,4.434052757793764954e+00
8.455206648797998881e+00,2.342917997870074542e-01,8.200212992545261037e-02,5.750798722044728195e-02,8.815347721822542226e+00,-2.014388489208633060e-01,4.304556354916067029e+00
8.460163388093633330e+00,2.417465388711395047e-01,7.987220447284344715e-02,6.922257720979765883e-02,8.889688249400480302e+00,-2.422062350119904006e-01,4.122302158273381423e+00
8.465120127389267779e+00,2.513312034078807322e-01,8.413205537806177359e-02,8.626198083067092293e-02,8.940047961630694928e+00,-2.877697841726618577e-01,3.990407673860911331e+00
8.470076866684902228e+00,2.673056443024494078e-01,9.584664536741213658e-02,1.022364217252396124e-01,8.851318944844123848e+00,-3.764988009592326046e-01,3.968824940047961825e+00
8.475033605980536677e+00,2.864749733759318628e-01,1.075612353567625135e-01,1.150159744408945639e-01,8.803357314148680501e+00,-4.220623501199040617e-01,4.004796163069544335e+00
8.479990345276171126e+00,3.013844515441959637e-01,1.096911608093716767e-01,1.192758253461128903e-01,8.709832134292565087e+00,-4.388489208633093441e-01,4.098321342925659749e+00
8.484947084571805576e+00,3.067092651757188371e-01,1.054313099041533502e-01,1.171458998935037271e-01,8.635491606714628787e+00,-4.460431654676259017e-01,4.220623501199041172e+00
8.489903823867440025e+00,3.067092651757188371e-01,9.265175718849839870e-02,1.160809371671991524e-01,8.606714628297362779e+00,-4.076738609112710021e-01,4.302158273381294862e+00
8.494860563163074474e+00,2.960596379126730349e-01,7.561235356762513460e-02,1.096911608093716767e-01,8.621103117505995783e+00,-3.836930455635491621e-01,4.292565947242206192e+00
8.499817302458708923e+00,2.790202342917997846e-01,5.750798722044728195e-02,9.904153354632587447e-02,8.642685851318944401e+00,-3.333333333333333148e-01,4.258992805755395850e+00
8.504774041754343372e+00,2.502662406815761575e-01,4.472843450479233041e-02,8.626198083067092293e-02,8.609112709832134058e+00,-2.422062350119904006e-01,4.151079136690647431e+00
8.509730781049977821e+00,2.161874334398296016e-01,3.940362087326943624e-02,7.667731629392970927e-02,8.654676258992806126e+00,-1.534772182254196538e-01,4.083932853717026745e+00
8.514687520345612270e+00,1.842385516506922227e-01,3.833865814696485463e-02,7.348242811501597138e-02,8.726618705035971146e+00,-1.510791366906474864e-01,4.107913669064748419e+00
8.519644259641246720e+00,1.490947816826411199e-01,4.153354632587859252e-02,7.028753993610223350e-02,8.834532374100719565e+00,-2.062350119904076684e-01,4.107913669064748419e+00
8.524600998936881169e+00,1.192758253461128903e-01,5.111821086261980618e-02,6.602768903088392094e-02,8.865707434052758629e+00,-2.565947242206235157e-01,4.191846522781774276e+00
8.529557738232515618e+00,1.075612353567625135e-01,6.602768903088392094e-02,6.389776357827475772e-02,8.911270983213428920e+00,-3.213429256594724226e-01,4.402877697841726778e+00
8.534514477528150067e+00,1.022364217252396124e-01,5.750798722044728195e-02,6.496272630457934627e-02,8.997601918465226944e+00,-4.340527577937650094e-01,4.486810551558752636e+00
8.539471216823784516e+00,1.033013844515442009e-01,3.514376996805111675e-02,6.283280085197018305e-02,8.949640287769783598e+00,-5.371702637889688159e-01,4.266187050359712352e+00
8.544427956119418965e+00,1.203407880724174650e-01,3.407880724174654208e-02,5.963791267305644517e-02,8.848920863309352569e+00,-5.203836930455635335e-01,4.016786570743405171e+00
8.549384695415053415e+00,1.448349307774227934e-01,4.792332268370606829e-02,5.857294994675186356e-02,8.827338129496402175e+00,-4.676258992805755188e-01,3.908872901678657197e+00
8.554341434710687864e+00,1.650692225772097954e-01,6.602768903088392094e-02,6.602768903088392094e-02,8.834532374100719565e+00,-5.203836930455635335e-01,3.964028776978417046e+00
8.559298174006322313e+00,1.831735889243876481e-01,7.454739084132055993e-02,6.176783812566560145e-02,8.856115107913668183e+00,-5.707434052757793808e-01,4.035971223021582510e+00
8.564254913301956762e+00,1.980830670926517489e-01,7.880724174653887248e-02,4.472843450479233041e-02,8.894484412470024637e+00,-5.515587529976019310e-01,4.172661870503596937e+00
8.569211652597591211e+00,2.044728434504792247e-01,6.709265175718849561e-02,2.342917997870074681e-02,8.882494004796162912e+00,-4.388489208633093441e-01,4.292565947242206192e+00
8.574168391893225660e+00,2.002129925452609260e-01,4.792332268370606829e-02,5.324813631522896766e-03,8.829736211031175230e+00,-2.925659472422062479e-01,4.225419664268585507e+00
8.579125131188860109e+00,1.895633652822151238e-01,3.514376996805111675e-02,-1.064962726304579353e-02,8.810551558752997892e+00,-1.870503597122302186e-01,4.004796163069544335e+00
8.584081870484494559e+00,1.693290734824281218e-01,3.620873269435569836e-02,-2.449414270500532495e-02,8.817745803357313505e+00,-6.714628297362110199e-02,3.841726618705036067e+00
8.589038609780129008e+00,1.512247071352502692e-01,4.685835995740149362e-02,-3.301384451544196047e-02,8.769784172661870159e+00,6.714628297362110199e-02,3.805755395683453113e+00
8.593995349075763457e+00,1.309904153354632672e-01,6.176783812566560145e-02,-3.301384451544196047e-02,8.786570743405276218e+00,1.702637889688249362e-01,3.923261390887290201e+00
8.598952088371397906e+00,1.118210862619808260e-01,6.602768903088392094e-02,-3.088391906283280072e-02,8.834532374100719565e+00,2.038369304556355011e-01,4.071942446043165909e+00
8.603908827667032355e+00,9.052183173588924936e-02,6.709265175718849561e-02,-2.555910543130990309e-02,8.889688249400480302e+00,1.774580335731414937e-01,4.160671462829736100e+00
8.608865566962666804e+00,8.306709265175718504e-02,7.028753993610223350e-02,-1.703940362087327104e-02,8.940047961630694928e+00,1.247002398081534791e-01,4.244604316546762846e+00
8.613822306258301253e+00,8.306709265175718504e-02,6.176783812566560145e-02,-7.454739084132055646e-03,8.966426858513189657e+00,8.872901678657074687e-02,4.232613908872902009e+00
8.618779045553935703e+00,8.839190628328008614e-02,4.898828541001064990e-02,4.259850905218317760e-03,8.954436450839327932e+00,1.079136690647481966e-01,4.050359712230215514e+00
8.623735784849570152e+00,1.033013844515442009e-01,5.750798722044728195e-02,1.916932907348242732e-02,8.904076738609113306e+00,1.199040767386091166e-01,3.839328537170263900e+00
8.628692524145204601e+00,1.267305644302449408e-01,8.306709265175718504e-02,3.833865814696485463e-02,8.882494004796162912e+00,1.151079136690647542e-01,3.779376498800959272e+00
8.633649263440839050e+00,1.533546325878594185e-01,1.086261980830670881e-01,5.857294994675186356e-02,8.848920863309352569e+00,1.031175059952038342e-01,3.925659472422062368e+00
8.638606002736473499e+00,1.703940362087326965e-01,1.246006389776357776e-01,7.135250266240682204e-02,8.817745803357313505e+00,4.796163069544364180e-03,4.139088729016786594e+00
8.643562742032107948e+00,1.821086261980830734e-01,1.224707135250266282e-01,7.241746538871139671e-02,8.812949640287769171e+00,-1.918465227817745672e-02,4.330935251798560870e+00
8.648519481327742398e+00,1.884984025559105492e-01,1.139510117145899892e-01,6.709265175718849561e-02,8.808153477218224836e+00,-3.357314148681055099e-02,4.376498800959232938e+00
8.653476220623376847e+00,1.906283280085196985e-01,1.043663471778487756e-01,5.644302449414270728e-02,8.779376498800958828e+00,-2.398081534772182090e-03,4.369304556354916436e+00
8.658432959919011296e+00,1.874334398296059745e-01,1.001064962726304630e-01,4.792332268370606829e-02,8.776978417266187549e+00,4.076738609112710160e-02,4.302158273381294862e+00
8.663389699214645745e+00,1.799787007454738963e-01,1.033013844515442009e-01,3.940362087326943624e-02,8.781774580335731883e+00,5.755395683453237710e-02,4.292565947242206192e+00
8.668346438510280194e+00,1.725239616613418459e-01,1.139510117145899892e-01,2.981895633652822258e-02,8.822541966426857840e+00,3.357314148681055099e-02,4.390887290167865942e+00
8.673303177805914643e+00,1.661341853035143701e-01,1.150159744408945639e-01,1.703940362087327104e-02,8.858513189448441238e+00,3.357314148681055099e-02,4.546762589928057707e+00
8.678259917101549092e+00,1.554845580404685956e-01,1.022364217252396124e-01,2.129925452609158880e-03,8.851318944844123848e+00,1.007194244604316530e-01,4.628297362110311397e+00
8.683216656397183542e+00,1.448349307774227934e-01,8.626198083067092293e-02,-1.277955271565495154e-02,8.834532374100719565e+00,2.134292565947242259e-01,4.604316546762589724e+00
8.688173395692817991e+00,1.405750798722044670e-01,7.667731629392970927e-02,-1.597444089456868943e-02,8.923261390887290645e+00,3.309352517985611475e-01,4.460431654676258795e+00
8.693130134988452440e+00,1.384451544195953177e-01,7.774227902023429781e-02,-1.064962726304579353e-02,8.966426858513189657e+00,4.220623501199040617e-01,4.323741007194244368e+00
8.698086874284086889e+00,1.363152289669861683e-01,9.052183173588924936e-02,1.064962726304579440e-03,8.935251798561150594e+00,5.107913669064748641e-01,4.340527577937649539e+00
8.703043613579721338e+00,1.331203407880724165e-01,1.022364217252396124e-01,1.810436634717784918e-02,8.954436450839327932e+00,5.251798561151078681e-01,4.484412470023980468e+00
8.708000352875355787e+00,1.277955271565495154e-01,1.043663471778487756e-01,2.981895633652822258e-02,8.920863309352517589e+00,5.131894484412470314e-01,4.630695443645083564e+00
8.712957092170990236e+00,1.235356762513312029e-01,1.011714589989350377e-01,4.153354632587859252e-02,8.858513189448441238e+00,4.964028776978417490e-01,4.798561151079137055e+00
8.717913831466624686e+00,1.203407880724174650e-01,9.797657082002129980e-02,5.111821086261980618e-02,8.429256594724220619e+00,5.659472422062350461e-01,4.846522781774580402e+00
8.722870570762259135e+00,1.224707135250266282e-01,1.863684771033013721e-01,6.602768903088392094e-02,8.287769784172661858e+00,8.177458033573141716e-01,7.146282973621103096e+00
8.727827310057893584e+00,1.118210862619808260e-01,5.324813631522896940e-02,1.011714589989350377e-01,9.918465227817746310e+00,4.868105515587530241e-01,8.556354916067146377e+00
8.732784049353528033e+00,4.685835995740149362e-02,-2.076677316293929765e-01,1.288604898828540901e-01,9.599520383693045389e+00,0.000000000000000000e+00,8.422062350119903229e+00
8.737740788649162482e+00,1.022364217252396124e-01,-3.503727369542066206e-01,1.011714589989350377e-01,9.350119904076738209e+00,3.741007194244604372e-01,6.021582733812949506e+00
8.742697527944796931e+00,3.514376996805111675e-02,-4.249201277955271805e-01,8.519701810436634826e-02,9.709832134292565087e+00,8.297362110311750083e-01,4.918465227817745422e+00
8.747654267240431381e+00,3.514376996805111675e-02,-4.100106496272630241e-01,1.352502662406815659e-01,9.213429256594723782e+00,1.151079136690647431e+00,3.635491606714628343e+00
8.752611006536065830e+00,6.815761448349308416e-02,-3.237486687965921428e-01,2.108626198083067005e-01,8.882494004796162912e+00,9.280575539568345356e-01,1.894484412470023971e+00
8.757567745831700279e+00,4.259850905218317413e-02,-1.597444089456868943e-01,2.417465388711395047e-01,9.249400479616307180e+00,3.285371702637889801e-01,2.419664268585131950e+00
8.762524485127334728e+00,5.537806176783812567e-02,-3.727369542066027996e-02,2.225772097976570774e-01,9.235011990407674176e+00,1.534772182254196538e-01,3.333333333333333481e+00
8.767481224422969177e+00,6.283280085197018305e-02,-5.324813631522896766e-03,2.076677316293929765e-01,9.055155875299760737e+00,9.832134292565947176e-02,4.371702637889688603e+00
8.772437963718603626e+00,8.839190628328008614e-02,-1.277955271565495154e-02,2.076677316293929765e-01,8.983213429256593940e+00,5.035971223021582649e-02,4.446043165467625791e+00
8.777394703014238075e+00,8.093716719914803570e-02,-3.620873269435569836e-02,2.076677316293929765e-01,8.980815347721822661e+00,-2.062350119904076684e-01,4.925659472422061924e+00
8.782351442309872525e+00,1.288604898828540901e-01,-5.963791267305644517e-02,1.980830670926517489e-01,8.872901678657074243e+00,-3.045563549160671402e-01,4.088729016786571080e+00
8.787308181605506974e+00,1.277955271565495154e-01,-4.153354632587859252e-02,1.735889243876464205e-01,8.589928057553956720e+00,-3.309352517985611475e-01,3.882494004796162912e+00
8.792264920901141423e+00,1.501597444089456945e-01,3.088391906283280072e-02,1.448349307774227934e-01,8.529976019184651648e+00,-1.247002398081534791e-01,4.338129496402877372e+00
8.797221660196775872e+00,1.576144834930777450e-01,4.792332268370606829e-02,1.427050053248136441e-01,8.748201438848921541e+00,-1.414868105515587615e-01,5.191846522781774276e+00
8.802178399492410321e+00,1.608093716719914690e-01,1.277955271565495154e-02,1.490947816826411199e-01,8.853717026378896904e+00,-4.676258992805755188e-01,5.709832134292565975e+00
8.807135138788044770e+00,1.671991480298189447e-01,-5.218317358892438779e-02,1.118210862619808260e-01,9.177458033573142160e+00,-6.714628297362110754e-01,5.515587529976019532e+00
8.812091878083679219e+00,1.480298189563365174e-01,-1.171458998935037271e-01,4.366347177848775574e-02,8.932853717026379314e+00,-4.988009592326139163e-01,4.875299760191846410e+00
8.817048617379313669e+00,1.501597444089456945e-01,-1.043663471778487756e-01,-4.259850905218317760e-03,8.611510791366907114e+00,5.515587529976018893e-02,4.366906474820144268e+00
8.822005356674948118e+00,1.469648562300319428e-01,-7.241746538871139671e-02,-1.064962726304579440e-03,8.681055155875299079e+00,3.980815347721822772e-01,4.299760191846522694e+00
8.826962095970582567e+00,1.352502662406815659e-01,-5.111821086261980618e-02,4.579339723109691201e-02,9.071942446043165020e+00,-3.836930455635491344e-02,4.520383693045563867e+00
8.831918835266217016e+00,1.512247071352502692e-01,-4.898828541001064990e-02,4.685835995740149362e-02,8.952038369304556653e+00,-4.460431654676259017e-01,3.952038369304556209e+00
8.836875574561851465e+00,1.427050053248136441e-01,-1.277955271565495154e-02,-1.384451544195953142e-02,8.729016786570744202e+00,-1.870503597122302186e-01,4.055155875299759849e+00
8.841832313857485914e+00,1.267305644302449408e-01,1.597444089456868943e-02,-5.644302449414270728e-02,8.489208633093525691e+00,4.700239808153477417e-01,4.695443645083932971e+00
8.846789053153120364e+00,1.224707135250266282e-01,-5.324813631522896766e-03,-1.597444089456868943e-02,8.486810551558752636e+00,4.940047961630695261e-01,4.844124700239808234e+00
8.851745792448754813e+00,1.363152289669861683e-01,-2.981895633652822258e-02,3.514376996805111675e-02,8.695443645083932083e+00,-9.832134292565947176e-02,4.278177458033573188e+00
8.856702531744389262e+00,1.384451544195953177e-01,-1.277955271565495154e-02,1.810436634717784918e-02,8.731414868105515481e+00,-2.470023980815347631e-01,4.218225419664269005e+00
8.861659271040023711e+00,1.416400425985090417e-01,3.194888178913737886e-03,-1.916932907348242732e-02,8.585131894484412385e+00,2.398081534772182333e-01,4.544364508393285540e+00
8.866616010335658160e+00,1.416400425985090417e-01,-1.490947816826411129e-02,4.259850905218317760e-03,8.352517985611511264e+00,5.059952038369304184e-01,4.489208633093524803e+00
8.871572749631292609e+00,1.490947816826411199e-01,-2.342917997870074681e-02,5.963791267305644517e-02,8.460431654676259683e+00,2.014388489208633060e-01,4.105515587529976251e+00
8.876529488926927058e+00,1.597444089456868943e-01,-1.064962726304579440e-03,7.135250266240682204e-02,8.702637889688249473e+00,-1.103117505995203779e-01,3.829736211031175230e+00
8.881486228222561508e+00,1.469648562300319428e-01,2.768903088391906284e-02,4.898828541001064990e-02,8.625899280575540118e+00,3.836930455635491344e-02,4.064748201438848518e+00
8.886442967518195957e+00,1.352502662406815659e-01,3.833865814696485463e-02,4.046858359957401785e-02,8.414868105515587615e+00,3.237410071942445899e-01,4.266187050359712352e+00
8.891399706813830406e+00,1.224707135250266282e-01,3.514376996805111675e-02,6.283280085197018305e-02,8.381294964028777272e+00,2.949640287769784153e-01,4.426858513189448452e+00
8.896356446109464855e+00,1.064962726304579388e-01,2.875399361022364098e-02,8.093716719914803570e-02,8.458033573141486627e+00,6.714628297362110199e-02,4.438848920863309289e+00
8.901313185405099304e+00,8.413205537806177359e-02,1.490947816826411129e-02,7.348242811501597138e-02,8.510791366906474309e+00,-5.995203836930455832e-02,4.494004796163069138e+00
8.906269924700733753e+00,6.496272630457934627e-02,-2.129925452609158880e-03,5.537806176783812567e-02,8.431654676258993675e+00,1.199040767386091132e-02,4.381294964028777272e+00
8.911226663996368202e+00,4.898828541001064990e-02,-1.171458998935037341e-02,5.324813631522896940e-02,8.410071942446043280e+00,1.510791366906474864e-01,4.235011990407674176e+00
8.916183403292002652e+00,3.833865814696485463e-02,-7.454739084132055646e-03,6.922257720979765883e-02,8.412470023980814560e+00,1.223021582733812979e-01,4.148681055155875264e+00
8.921140142587637101e+00,3.088391906283280072e-02,0.000000000000000000e+00,8.519701810436634826e-02,8.503597122302158695e+00,-9.112709832134292809e-02,4.177458033573141272e+00
8.926096881883271550e+00,2.449414270500532495e-02,1.064962726304579440e-03,7.987220447284344715e-02,8.558752997601917656e+00,-2.206235011990407557e-01,4.232613908872902009e+00
8.931053621178905999e+00,1.810436634717784918e-02,-6.389776357827475772e-03,6.389776357827475772e-02,8.489208633093525691e+00,-1.798561151079136611e-01,4.268585131894484519e+00
8.936010360474540448e+00,2.023429179978700893e-02,-1.810436634717784918e-02,5.750798722044728195e-02,8.489208633093525691e+00,-1.007194244604316530e-01,4.194244604316546443e+00
8.940967099770174897e+00,2.449414270500532495e-02,-2.236421725239616520e-02,6.602768903088392094e-02,8.568345323741006325e+00,-1.151079136690647542e-01,4.023980815347721673e+00
8.945923839065809346e+00,3.514376996805111675e-02,-5.324813631522896766e-03,7.987220447284344715e-02,8.666666666666666075e+00,-2.206235011990407557e-01,3.899280575539568527e+00
8.950880578361443796e+00,4.685835995740149362e-02,1.597444089456868943e-02,8.306709265175718504e-02,8.776978417266187549e+00,-3.669064748201438797e-01,3.882494004796162912e+00
8.955837317657078245e+00,5.750798722044728195e-02,3.301384451544196047e-02,7.135250266240682204e-02,8.781774580335731883e+00,-3.573141486810551548e-01,3.978417266187050494e+00
8.960794056952712694e+00,6.709265175718849561e-02,4.366347177848775574e-02,6.070287539936101984e-02,8.717026378896882477e+00,-3.381294964028777050e-01,4.088729016786571080e+00
8.965750796248347143e+00,7.561235356762513460e-02,4.898828541001064990e-02,5.005324813631523151e-02,8.729016786570744202e+00,-3.261390887290168128e-01,4.076738609112710243e+00
8.970707535543981592e+00,8.732694355697551147e-02,5.750798722044728195e-02,4.579339723109691201e-02,8.755395683453237154e+00,-3.764988009592326046e-01,3.988009592326139163e+00
8.975664274839616041e+00,9.478168264110756192e-02,6.922257720979765883e-02,3.620873269435569836e-02,8.762589928057554545e+00,-3.908872901678657197e-01,4.019184652278177339e+00
8.980621014135248714e+00,1.043663471778487756e-01,8.306709265175718504e-02,2.129925452609158706e-02,8.752997601918465875e+00,-3.477218225419664299e-01,4.038369304556354678e+00
8.985577753430883163e+00,1.054313099041533502e-01,9.371671991480298725e-02,7.454739084132055646e-03,8.702637889688249473e+00,-2.446043165467625957e-01,4.086330935251798913e+00
8.990534492726517612e+00,1.043663471778487756e-01,1.011714589989350377e-01,-3.194888178913737886e-03,8.688249400479616469e+00,-1.918465227817745811e-01,4.100719424460431917e+00
8.995491232022152062e+00,1.001064962726304630e-01,1.075612353567625135e-01,-9.584664536741213658e-03,8.731414868105515481e+00,-1.486810551558752913e-01,4.091127098321343247e+00
9.000447971317786511e+00,1.001064962726304630e-01,1.160809371671991524e-01,-1.490947816826411129e-02,8.726618705035971146e+00,-1.175059952038369354e-01,4.119904076738609255e+00
9.005404710613420960e+00,9.584664536741213658e-02,1.288604898828540901e-01,-1.916932907348242732e-02,8.678657074340527799e+00,-4.076738609112710160e-02,4.163069544364508268e+00
9.010361449909055409e+00,8.945686900958466081e-02,1.395101171458998923e-01,-1.916932907348242732e-02,8.604316546762589724e+00,2.637889688249400386e-02,4.268585131894484519e+00
9.015318189204689858e+00,8.200212992545261037e-02,1.405750798722044670e-01,-1.597444089456868943e-02,8.558752997601917656e+00,3.357314148681055099e-02,4.338129496402877372e+00
9.020274928500324307e+00,7.348242811501597138e-02,1.352502662406815659e-01,-1.810436634717784918e-02,8.551558752997602042e+00,6.954436450839328321e-02,4.364508393285372101e+00
9.025231667795958757e+00,6.176783812566560145e-02,1.320553780617678419e-01,-2.023429179978700893e-02,8.549160671462828986e+00,1.151079136690647542e-01,4.378896882494005105e+00
9.030188407091593206e+00,5.537806176783812567e-02,1.331203407880724165e-01,-1.597444089456868943e-02,8.565947242206235046e+00,1.870503597122302186e-01,4.431654676258992787e+00
9.035145146387227655e+00,4.792332268370606829e-02,1.320553780617678419e-01,-5.324813631522896766e-03,8.611510791366907114e+00,1.726618705035971313e-01,4.470023980815347464e+00
9.040101885682862104e+00,3.833865814696485463e-02,1.288604898828540901e-01,-1.064962726304579440e-03,8.657074340527577405e+00,1.486810551558752913e-01,4.553956834532374209e+00
9.045058624978496553e+00,3.088391906283280072e-02,1.171458998935037271e-01,2.129925452609158880e-03,8.676258992805754744e+00,1.630695443645084064e-01,4.529976019184652536e+00
9.050015364274131002e+00,2.129925452609158706e-02,1.064962726304579388e-01,7.454739084132055646e-03,8.654676258992806126e+00,1.942446043165467762e-01,4.520383693045563867e+00
9.054972103569765451e+00,1.703940362087327104e-02,1.001064962726304630e-01,1.597444089456868943e-02,8.654676258992806126e+00,2.565947242206235157e-01,4.465227817745803129e+00
9.059928842865399901e+00,1.384451544195953142e-02,9.797657082002129980e-02,3.194888178913737886e-02,8.750599520383692820e+00,2.613908872901678504e-01,4.393285371702638109e+00
9.064885582161034350e+00,1.171458998935037341e-02,9.797657082002129980e-02,4.898828541001064990e-02,8.781774580335731883e+00,1.966426858513189435e-01,4.402877697841726778e+00
9.069842321456668799e+00,1.064962726304579353e-02,9.904153354632587447e-02,6.070287539936101984e-02,8.834532374100719565e+00,1.151079136690647542e-01,4.434052757793764954e+00
9.074799060752303248e+00,1.064962726304579353e-02,9.478168264110756192e-02,6.496272630457934627e-02,8.824940047961630896e+00,9.112709832134292809e-02,4.462829736211030962e+00
9.079755800047937697e+00,1.064962726304579353e-02,8.626198083067092293e-02,6.602768903088392094e-02,8.800959232613909222e+00,8.872901678657074687e-02,4.462829736211030962e+00
9.084712539343572146e+00,8.519701810436635520e-03,7.880724174653887248e-02,6.602768903088392094e-02,8.863309352517985573e+00,2.158273381294964141e-02,4.424460431654676285e+00
9.089669278639206595e+00,4.259850905218317760e-03,7.561235356762513460e-02,6.496272630457934627e-02,8.911270983213428920e+00,-3.117505995203836977e-02,4.330935251798560870e+00
9.094626017934841045e+00,1.064962726304579440e-03,7.454739084132055993e-02,5.857294994675186356e-02,8.942446043165467984e+00,-4.076738609112710160e-02,4.249400479616307180e+00
9.099582757230475494e+00,0.000000000000000000e+00,8.732694355697551147e-02,5.218317358892438779e-02,8.930455635491606259e+00,-7.194244604316547137e-03,4.299760191846522694e+00
9.104539496526109943e+00,1.064962726304579440e-03,9.691160809371672513e-02,4.898828541001064990e-02,8.930455635491606259e+00,-3.597122302158273222e-02,4.443645083932853623e+00
9.109496235821744392e+00,1.064962726304579440e-03,9.478168264110756192e-02,4.685835995740149362e-02,8.947242206235012318e+00,-1.774580335731414937e-01,4.601918465227817556e+00
9.114452975117378841e+00,-1.064962726304579440e-03,7.880724174653887248e-02,3.301384451544196047e-02,8.930455635491606259e+00,-2.422062350119904006e-01,4.606714628297361891e+00
9.119409714413013290e+00,-4.259850905218317760e-03,6.815761448349308416e-02,1.064962726304579353e-02,8.882494004796162912e+00,-2.661870503597122406e-01,4.599520383693045389e+00
9.124366453708647740e+00,4.259850905218317760e-03,6.070287539936101984e-02,-4.259850905218317760e-03,8.906474820143884585e+00,-2.949640287769784153e-01,4.558752997601918544e+00
9.129323193004282189e+00,1.277955271565495154e-02,5.218317358892438779e-02,-1.384451544195953142e-02,8.954436450839327932e+00,-3.309352517985611475e-01,4.544364508393285540e+00
9.134279932299916638e+00,1.916932907348242732e-02,4.046858359957401785e-02,-3.407880724174654208e-02,8.930455635491606259e+00,-3.501199040767385973e-01,4.539568345323741205e+00
9.139236671595551087e+00,2.981895633652822258e-02,2.981895633652822258e-02,-5.537806176783812567e-02,8.803357314148680501e+00,-2.781774580335731328e-01,4.436450839328537121e+00
9.144193410891185536e+00,4.685835995740149362e-02,7.028753993610223350e-02,-7.241746538871139671e-02,8.438848920863309289e+00,8.393285371702638442e-02,5.705035971223021640e+00
9.149150150186819985e+00,8.200212992545261037e-02,1.703940362087327104e-02,-6.815761448349308416e-02,9.448441247002397958e+00,3.237410071942445899e-01,6.719424460431654644e+00
9.154106889482454434e+00,4.685835995740149362e-02,-1.299254526091586925e-01,-3.833865814696485463e-02,9.764988009592325824e+00,-7.194244604316546443e-02,6.870503597122302075e+00
9.159063628778088884e+00,5.324813631522896940e-02,-2.758253461128860606e-01,-5.218317358892438779e-02,9.642685851318944401e+00,-1.103117505995203779e-01,5.688249400479616469e+00
9.164020368073723333e+00,5.857294994675186356e-02,-3.429179978700745424e-01,-9.691160809371672513e-02,9.501199040767385640e+00,6.570743405275779603e-01,3.769784172661870603e+00
9.168977107369357782e+00,1.490947816826411129e-02,-3.013844515441959637e-01,-8.413205537806177359e-02,9.261390887290167129e+00,1.321342925659472423e+00,3.215827338129496393e+00
9.173933846664992231e+00,4.366347177848775574e-02,-2.076677316293929765e-01,-8.519701810436635520e-03,9.071942446043165020e+00,1.474820143884892021e+00,2.155875299760191766e+00
9.178890585960626680e+00,9.584664536741213658e-03,-9.158679446219382403e-02,6.176783812566560145e-02,9.635491606714628787e+00,8.441247002398081234e-01,2.774580335731414937e+00
9.183847325256261129e+00,-2.129925452609158880e-03,-2.555910543130990309e-02,6.283280085197018305e-02,9.508393285371703030e+00,4.124700239808153368e-01,3.045563549160671624e+00
9.188804064551895578e+00,-3.088391906283280072e-02,5.324813631522896766e-03,3.301384451544196047e-02,8.978417266187049606e+00,5.851318944844124958e-01,3.793764988009592276e+00
9.193760803847530028e+00,-1.171458998935037341e-02,1.490947816826411129e-02,2.555910543130990309e-02,8.904076738609113306e+00,1.040767386091127067e+00,4.100719424460431917e+00
9.198717543143164477e+00,-3.620873269435569836e-02,5.324813631522896766e-03,8.732694355697551147e-02,9.079136690647482411e+00,7.410071942446042614e-01,4.856115107913669071e+00
9.203674282438798926e+00,-6.389776357827475772e-03,-3.194888178913737886e-02,1.352502662406815659e-01,9.160671462829736100e+00,1.582733812949640162e-01,4.690647482014388636e+00
9.208631021734433375e+00,-1.064962726304579440e-03,-6.815761448349308416e-02,1.160809371671991524e-01,9.398081534772181556e+00,-1.079136690647481966e-01,4.513189448441247364e+00
9.213587761030067824e+00,-1.384451544195953142e-02,-1.022364217252396124e-01,6.922257720979765883e-02,9.175059952038369104e+00,1.942446043165467762e-01,4.498800959232613472e+00
9.218544500325702273e+00,5.324813631522896766e-03,-1.341853035143769912e-01,6.389776357827475772e-02,8.853717026378896904e+00,5.683453237410072134e-01,3.731414868105515481e+00
9.223501239621336723e+00,1.171458998935037341e-02,-1.171458998935037271e-01,9.691160809371672513e-02,8.937649880095923649e+00,4.148681055155875042e-01,3.359712230215827322e+00
9.228457978916971172e+00,2.981895633652822258e-02,-6.815761448349308416e-02,1.139510117145899892e-01,9.148681055155876152e+00,6.235011990407673954e-02,3.139088729016786594e+00
9.233414718212605621e+00,3.620873269435569836e-02,-3.088391906283280072e-02,9.371671991480298725e-02,9.134292565947241371e+00,-1.007194244604316530e-01,3.400479616306954611e+00
9.238371457508240070e+00,5.218317358892438779e-02,-8.519701810436635520e-03,6.176783812566560145e-02,8.944844124700239263e+00,1.318944844124700366e-01,3.541966426858513373e+00
9.243328196803874519e+00,5.324813631522896940e-02,3.194888178913737886e-03,4.579339723109691201e-02,8.724220623501199867e+00,3.693045563549160470e-01,3.959232613908872711e+00
9.248284936099508968e+00,6.496272630457934627e-02,-2.129925452609158880e-03,5.218317358892438779e-02,8.781774580335731883e+00,3.932853717026378870e-01,4.127098321342925757e+00
9.253241675395143417e+00,6.389776357827475772e-02,-1.703940362087327104e-02,5.644302449414270728e-02,8.940047961630694928e+00,2.398081534772182333e-01,4.225419664268585507e+00
9.258198414690777867e+00,6.176783812566560145e-02,-3.088391906283280072e-02,4.259850905218317413e-02,9.057553956834532016e+00,2.326139088729016757e-01,4.199040767386090778e+00
9.263155153986412316e+00,6.176783812566560145e-02,-4.579339723109691201e-02,1.916932907348242732e-02,9.081534772182253690e+00,4.796163069544364665e-01,4.107913669064748419e+00
9.268111893282046765e+00,5.963791267305644517e-02,-4.898828541001064990e-02,2.129925452609158706e-02,9.045563549160672068e+00,7.434052757793765398e-01,3.966426858513189657e+00
9.273068632577681214e+00,6.283280085197018305e-02,-3.514376996805111675e-02,5.005324813631523151e-02,9.103117505995204084e+00,7.913669064748201087e-01,3.911270983213429364e+00
9.278025371873315663e+00,6.709265175718849561e-02,-1.597444089456868943e-02,7.880724174653887248e-02,9.278177458033573188e+00,6.522781774580336256e-01,3.961630695443644878e+00
9.282982111168950112e+00,6.922257720979765883e-02,1.064962726304579440e-03,9.584664536741213658e-02,9.318944844124700921e+00,5.299760191846523139e-01,4.071942446043165909e+00
9.287938850464584561e+00,7.348242811501597138e-02,7.454739084132055646e-03,1.033013844515442009e-01,9.206235011990408168e+00,5.179856115107913661e-01,4.299760191846522694e+00
9.292895589760219011e+00,7.880724174653887248e-02,6.389776357827475772e-03,1.150159744408945639e-01,9.059952038369305072e+00,5.611510791366906004e-01,4.446043165467625791e+00
9.297852329055853460e+00,8.200212992545261037e-02,-6.389776357827475772e-03,1.341853035143769912e-01,8.916067146282973255e+00,4.364508393285371768e-01,4.515587529976019532e+00
9.302809068351487909e+00,8.839190628328008614e-02,-1.916932907348242732e-02,1.512247071352502692e-01,8.870503597122302963e+00,1.894484412470023860e-01,4.443645083932853623e+00
9.307765807647122358e+00,9.052183173588924936e-02,-3.407880724174654208e-02,1.416400425985090417e-01,8.829736211031175230e+00,1.678657074340527550e-02,4.342925659472421707e+00
9.312722546942756807e+00,8.945686900958466081e-02,-4.579339723109691201e-02,1.171458998935037271e-01,8.671462829736210409e+00,0.000000000000000000e+00,4.199040767386090778e+00
9.317679286238391256e+00,9.265175718849839870e-02,-5.111821086261980618e-02,9.904153354632587447e-02,8.582733812949641106e+00,4.796163069544364527e-02,4.100719424460431917e+00
9.322636025534025705e+00,1.075612353567625135e-01,-4.898828541001064990e-02,9.371671991480298725e-02,8.565947242206235046e+00,5.275779376498800771e-02,3.875299760191846410e+00
9.327592764829660155e+00,1.150159744408945639e-01,-3.727369542066027996e-02,8.519701810436634826e-02,8.539568345323740317e+00,1.918465227817745672e-02,3.832134292565947398e+00
9.332549504125294604e+00,1.214057507987220397e-01,-2.555910543130990309e-02,6.922257720979765883e-02,8.558752997601917656e+00,7.194244604316547137e-03,3.882494004796162912e+00
9.337506243420929053e+00,1.224707135250266282e-01,-2.129925452609158706e-02,4.685835995740149362e-02,8.628297362110311397e+00,1.151079136690647542e-01,3.997601918465227833e+00
9.342462982716563502e+00,1.182108626198083018e-01,-2.129925452609158706e-02,2.875399361022364098e-02,8.599520383693045389e+00,3.045563549160671402e-01,4.095923261390887582e+00
9.347419722012197951e+00,1.096911608093716767e-01,-2.342917997870074681e-02,2.875399361022364098e-02,8.597122302158274110e+00,4.316546762589927866e-01,4.273381294964028854e+00
9.352376461307832400e+00,1.086261980830670881e-01,-3.301384451544196047e-02,3.833865814696485463e-02,8.673860911270983465e+00,4.652278177458033515e-01,4.352517985611510376e+00
9.357333200603466850e+00,1.001064962726304630e-01,-4.259850905218317413e-02,4.366347177848775574e-02,8.724220623501199867e+00,4.676258992805755188e-01,4.405275779376498946e+00
9.362289939899101299e+00,8.519701810436634826e-02,-5.750798722044728195e-02,4.259850905218317413e-02,8.685851318944843413e+00,5.755395683453237154e-01,4.434052757793764954e+00
9.367246679194735748e+00,7.135250266240682204e-02,-7.241746538871139671e-02,5.005324813631523151e-02,8.652278177458033070e+00,6.930455635491606925e-01,4.366906474820144268e+00
9.372203418490370197e+00,5.963791267305644517e-02,-8.200212992545261037e-02,7.561235356762513460e-02,8.661870503597121740e+00,7.218225419664268117e-01,4.268585131894484519e+00
9.377160157786004646e+00,5.111821086261980618e-02,-8.093716719914803570e-02,1.064962726304579388e-01,8.731414868105515481e+00,6.067146282973621130e-01,4.227817745803357674e+00
9.382116897081639095e+00,4.259850905218317413e-02,-8.093716719914803570e-02,1.309904153354632672e-01,8.796163069544364888e+00,3.860911270983213295e-01,4.191846522781774276e+00
9.387073636377273544e+00,3.833865814696485463e-02,-8.732694355697551147e-02,1.384451544195953177e-01,8.827338129496402175e+00,1.870503597122302186e-01,4.100719424460431917e+00
9.392030375672907994e+00,3.301384451544196047e-02,-8.519701810436634826e-02,1.405750798722044670e-01,8.767386091127098879e+00,8.633093525179856564e-02,4.011990407673860837e+00
9.396987114968542443e+00,3.727369542066027996e-02,-7.667731629392970927e-02,1.437699680511182188e-01,8.745803357314148485e+00,-4.556354916067146404e-02,3.956834532374100544e+00
9.401943854264176892e+00,4.579339723109691201e-02,-6.496272630457934627e-02,1.458998935037273681e-01,8.836930455635490844e+00,-2.565947242206235157e-01,4.023980815347721673e+00
9.406900593559811341e+00,5.644302449414270728e-02,-6.070287539936101984e-02,1.341853035143769912e-01,8.856115107913668183e+00,-3.093525179856115304e-01,4.091127098321343247e+00
9.411857332855445790e+00,6.389776357827475772e-02,-6.602768903088392094e-02,1.224707135250266282e-01,8.757793764988010210e+00,-3.237410071942445899e-01,4.196642685851318610e+00
9.416814072151080239e+00,8.200212992545261037e-02,-6.389776357827475772e-02,1.235356762513312029e-01,9.129496402877697037e+00,-5.131894484412470314e-01,4.139088729016786594e+00
9.421770811446714688e+00,1.054313099041533502e-01,-4.366347177848775574e-02,1.064962726304579388e-01,8.851318944844123848e+00,-5.899280575539568305e-01,4.244604316546762846e+00
9.426727550742349138e+00,1.277955271565495154e-01,-4.472843450479233041e-02,7.667731629392970927e-02,9.203836930455635112e+00,-6.474820143884891799e-01,4.287769784172661858e+00
9.431684290037983587e+00,1.320553780617678419e-01,-7.561235356762513460e-02,4.579339723109691201e-02,9.573141486810552436e+00,-5.299760191846523139e-01,4.362110311750599934e+00
9.436641029333618036e+00,1.480298189563365174e-01,-9.371671991480298725e-02,3.407880724174654208e-02,9.028776978417266008e+00,-1.942446043165467762e-01,3.923261390887290201e+00
9.441597768629252485e+00,1.618743343982960714e-01,-6.389776357827475772e-02,5.431309904153354406e-02,9.213429256594723782e+00,-2.470023980815347631e-01,4.100719424460431917e+00
9.446554507924886934e+00,2.002129925452609260e-01,-4.046858359957401785e-02,6.070287539936101984e-02,9.381294964028777272e+00,-3.501199040767385973e-01,3.762589928057554101e+00
9.451511247220521383e+00,1.799787007454738963e-01,-3.194888178913737886e-02,3.407880724174654208e-02,9.155875299760191766e+00,-2.326139088729016757e-01,4.047961630695443347e+00
9.456467986516155833e+00,1.746538871139510229e-01,-2.449414270500532495e-02,9.584664536741213658e-03,8.942446043165467984e+00,5.755395683453237710e-02,4.160671462829736100e+00
9.461424725811790282e+00,1.640042598509052207e-01,-2.875399361022364098e-02,1.384451544195953142e-02,8.832134292565946510e+00,2.086330935251798635e-01,4.215827338129496837e+00
9.466381465107424731e+00,1.554845580404685956e-01,-3.407880724174654208e-02,2.236421725239616520e-02,8.750599520383692820e+00,2.901678657074340251e-01,4.093525179856115415e+00
9.471338204403059180e+00,1.246006389776357776e-01,-3.088391906283280072e-02,2.236421725239616520e-02,8.786570743405276218e+00,3.836930455635491621e-01,4.333333333333333037e+00
9.476294943698693629e+00,9.904153354632587447e-02,-4.046858359957401785e-02,2.342917997870074681e-02,8.800959232613909222e+00,5.539568345323740983e-01,4.587529976019184552e+00
9.481251682994328078e+00,5.963791267305644517e-02,-7.774227902023429781e-02,4.472843450479233041e-02,8.899280575539568972e+00,6.091127098321342803e-01,4.484412470023980468e+00
9.486208422289962527e+00,2.023429179978700893e-02,-1.139510117145899892e-01,6.389776357827475772e-02,8.676258992805754744e+00,6.810551558752997447e-01,4.218225419664269005e+00
9.491165161585596977e+00,0.000000000000000000e+00,-1.075612353567625135e-01,8.839190628328008614e-02,8.683453237410072134e+00,7.817745803357314394e-01,3.707434052757793808e+00
9.496121900881231426e+00,-5.111821086261980618e-02,-9.691160809371672513e-02,1.235356762513312029e-01,8.851318944844123848e+00,4.700239808153477417e-01,3.980815347721822661e+00
9.501078640176865875e+00,-6.283280085197018305e-02,-8.732694355697551147e-02,1.405750798722044670e-01,8.745803357314148485e+00,2.494004796163069582e-01,3.741007194244604150e+00
9.506035379472500324e+00,-7.774227902023429781e-02,-5.431309904153354406e-02,1.299254526091586925e-01,8.364508393285371213e+00,1.654676258992805737e-01,3.901678657074340695e+00
9.510992118768134773e+00,-8.732694355697551147e-02,-1.810436634717784918e-02,1.341853035143769912e-01,8.477218225419663966e+00,5.995203836930455832e-02,4.266187050359712352e+00
9.515948858063769222e+00,-1.224707135250266282e-01,-6.176783812566560145e-02,1.299254526091586925e-01,8.752997601918465875e+00,-3.213429256594724226e-01,5.525179856115108201e+00
9.520905597359403671e+00,-6.602768903088392094e-02,-1.629392971246006461e-01,1.160809371671991524e-01,8.764988009592325824e+00,-1.606714628297362113e-01,3.805755395683453113e+00
9.525862336655038121e+00,-1.544195953141639932e-01,-2.023429179978700754e-01,1.118210862619808260e-01,8.908872901678657641e+00,-2.374100719424460382e-01,4.141486810551558762e+00
9.530819075950672570e+00,-1.107561235356762513e-01,-1.810436634717784987e-01,1.139510117145899892e-01,8.721822541966426812e+00,-5.275779376498800771e-02,3.410071942446043280e+00
9.535775815246307019e+00,-1.086261980830670881e-01,-1.395101171458998923e-01,1.427050053248136441e-01,8.839328537170263900e+00,-2.254196642685851182e-01,3.601918465227817556e+00
9.540732554541941468e+00,-7.987220447284344715e-02,-8.519701810436634826e-02,1.363152289669861683e-01,8.880095923261391633e+00,-5.203836930455635335e-01,3.565947242206235046e+00
9.545689293837575917e+00,-1.086261980830670881e-01,-4.153354632587859252e-02,9.158679446219382403e-02,8.769784172661870159e+00,-6.450839328537170125e-01,4.182254196642685606e+00
9.550646033133210366e+00,-1.128860489882854146e-01,-5.431309904153354406e-02,2.555910543130990309e-02,8.501199040767385640e+00,-5.347721822541966485e-01,5.498800959232613472e+00
9.555602772428844816e+00,-4.685835995740149362e-02,-1.235356762513312029e-01,4.259850905218317760e-03,8.767386091127098879e+00,-1.414868105515587615e-01,4.187050359712229941e+00
9.560559511724479265e+00,-1.395101171458998923e-01,-2.183173588924387509e-01,1.064962726304579440e-03,9.165467625899280435e+00,-2.565947242206235157e-01,5.081534772182254578e+00
9.565516251020113714e+00,-6.815761448349308416e-02,-2.683706070287539824e-01,1.064962726304579353e-02,9.014388489208633004e+00,1.486810551558752913e-01,2.714628297362110310e+00
9.570472990315748163e+00,-1.182108626198083018e-01,-2.055378061767837994e-01,4.792332268370606829e-02,9.026378896882494729e+00,1.606714628297362113e-01,3.400479616306954611e+00
9.575429729611382612e+00,-2.555910543130990309e-02,-7.987220447284344715e-02,9.052183173588924936e-02,9.040767386091127733e+00,2.973621103117505826e-01,2.621103117505995339e+00
9.580386468907017061e+00,-6.709265175718849561e-02,-9.584664536741213658e-03,1.235356762513312029e-01,9.328537170263789591e+00,0.000000000000000000e+00,4.059952038369304184e+00
9.585343208202651510e+00,-4.153354632587859252e-02,-2.449414270500532495e-02,1.150159744408945639e-01,9.268585131894484519e+00,-2.637889688249400386e-02,4.009592326139088669e+00
9.590299947498285960e+00,-8.413205537806177359e-02,-5.857294994675186356e-02,1.096911608093716767e-01,9.328537170263789591e+00,2.398081534772182090e-03,4.292565947242206192e+00
9.595256686793920409e+00,-6.815761448349308416e-02,-6.283280085197018305e-02,1.086261980830670881e-01,9.004796163069544335e+00,1.870503597122302186e-01,3.988009592326139163e+00
9.600213426089554858e+00,-6.389776357827475772e-02,-1.810436634717784918e-02,1.395101171458998923e-01,8.947242206235012318e+00,2.326139088729016757e-01,3.606714628297361891e+00
9.605170165385189307e+00,-9.904153354632587447e-02,5.324813631522896766e-03,1.597444089456868943e-01,9.306954436450839196e+00,-9.832134292565947176e-02,4.803357314148681390e+00
9.610126904680823756e+00,-6.602768903088392094e-02,-5.857294994675186356e-02,1.586794462193823196e-01,9.414868105515587615e+00,-2.326139088729016757e-01,4.002398081534772167e+00
9.615083643976458205e+00,-8.945686900958466081e-02,-1.064962726304579388e-01,1.533546325878594185e-01,9.292565947242206192e+00,-3.669064748201438797e-01,3.884892086330935079e+00
9.620040383272092654e+00,-4.898828541001064990e-02,-5.963791267305644517e-02,1.384451544195953177e-01,9.035971223021583398e+00,-2.374100719424460382e-01,3.076738609112709799e+00
9.624997122567727104e+00,-8.093716719914803570e-02,1.064962726304579440e-03,1.320553780617678419e-01,9.098321342925659749e+00,-4.508393285371702364e-01,4.153477218225419598e+00
9.629953861863361553e+00,-5.431309904153354406e-02,1.171458998935037341e-02,1.043663471778487756e-01,9.000000000000000000e+00,-5.683453237410072134e-01,4.105515587529976251e+00
9.634910601158996002e+00,-7.987220447284344715e-02,0.000000000000000000e+00,6.283280085197018305e-02,8.882494004796162912e+00,-6.810551558752997447e-01,4.474820143884891799e+00
9.639867340454630451e+00,-8.306709265175718504e-02,-1.384451544195953142e-02,1.171458998935037341e-02,8.940047961630694928e+00,-6.091127098321342803e-01,4.870503597122302075e+00
9.644824079750264900e+00,-6.389776357827475772e-02,-7.348242811501597138e-02,-2.129925452609158706e-02,9.009592326139088669e+00,-4.148681055155875042e-01,4.726618705035971146e+00
9.649780819045899349e+00,-3.301384451544196047e-02,-1.288604898828540901e-01,-1.810436634717784918e-02,8.906474820143884585e+00,-1.247002398081534791e-01,3.673860911270983021e+00
9.654737558341533799e+00,-3.514376996805111675e-02,-1.160809371671991524e-01,5.324813631522896766e-03,8.928057553956834980e+00,-9.832134292565947176e-02,3.270983213429256686e+00
9.659694297637168248e+00,-1.384451544195953142e-02,-5.005324813631523151e-02,3.514376996805111675e-02,8.966426858513189657e+00,-1.726618705035971313e-01,3.316546762589927866e+00
9.664651036932802697e+00,5.324813631522896766e-03,2.129925452609158880e-03,6.176783812566560145e-02,9.011990407673861725e+00,-2.949640287769784153e-01,3.928057553956834536e+00
9.669607776228437146e+00,3.727369542066027996e-02,1.064962726304579353e-02,7.028753993610223350e-02,8.916067146282973255e+00,-3.261390887290168128e-01,4.107913669064748419e+00
9.674564515524071595e+00,4.579339723109691201e-02,-1.064962726304579353e-02,7.135250266240682204e-02,8.952038369304556653e+00,-3.812949640287769948e-01,4.143884892086330929e+00
9.679521254819706044e+00,5.005324813631523151e-02,-4.366347177848775574e-02,6.496272630457934627e-02,8.755395683453237154e+00,-3.381294964028777050e-01,3.251798561151079348e+00
9.684477994115340493e+00,1.490947816826411129e-02,-3.514376996805111675e-02,5.750798722044728195e-02,8.604316546762589724e+00,-2.805755395683453002e-01,3.208633093525179891e+00
9.689434733410974943e+00,4.472843450479233041e-02,1.277955271565495154e-02,6.709265175718849561e-02,8.527577937649880369e+00,-4.796163069544364527e-02,3.136690647482014427e+00
9.694391472706609392e+00,4.046858359957401785e-02,6.283280085197018305e-02,1.064962726304579388e-01,8.700239808153476417e+00,-1.199040767386091166e-01,3.683453237410072134e+00
9.699348212002243841e+00,3.301384451544196047e-02,7.667731629392970927e-02,1.256656017039403661e-01,8.959232613908872267e+00,-3.980815347721822772e-01,4.455635491606714460e+00
9.704304951297878290e+00,3.194888178913737886e-02,4.898828541001064990e-02,1.054313099041533502e-01,8.976019184652278327e+00,-5.443645083932853179e-01,4.057553956834532016e+00
9.709261690593512739e+00,-7.454739084132055646e-03,3.514376996805111675e-02,7.348242811501597138e-02,8.671462829736210409e+00,-6.762589928057554101e-01,3.882494004796162912e+00
9.714218429889147188e+00,7.454739084132055646e-03,4.046858359957401785e-02,2.342917997870074681e-02,8.453237410071942293e+00,-4.556354916067146266e-01,3.947242206235011874e+00
9.719175169184781637e+00,1.054313099041533502e-01,3.088391906283280072e-02,8.519701810436635520e-03,8.338129496402878260e+00,-1.390887290167865664e-01,3.393285371702638109e+00
9.724131908480416087e+00,1.671991480298189447e-01,1.033013844515442009e-01,5.963791267305644517e-02,8.983213429256593940e+00,-1.774580335731414937e-01,2.781774580335731439e+00
9.729088647776050536e+00,1.288604898828540901e-01,1.650692225772097954e-01,7.135250266240682204e-02,9.038369304556354678e+00,-6.858513189448440794e-01,4.592326139088728887e+00
9.734045387071684985e+00,2.012779552715655007e-01,1.490947816826411199e-01,4.153354632587859252e-02,9.306954436450839196e+00,-7.553956834532373765e-01,3.316546762589927866e+00
9.739002126367319434e+00,1.128860489882854146e-01,1.288604898828540901e-01,-2.875399361022364098e-02,8.868105515587529908e+00,-4.628297362110311841e-01,4.201438848920862945e+00
9.743958865662953883e+00,1.640042598509052207e-01,1.437699680511182188e-01,-5.431309904153354406e-02,8.513189448441247364e+00,2.973621103117505826e-01,3.131894484412470092e+00
9.748915604958588332e+00,1.001064962726304630e-01,2.034078807241746500e-01,-8.519701810436635520e-03,8.853717026378896904e+00,1.942446043165467762e-01,3.853717026378896904e+00
9.753872344254222782e+00,9.371671991480298725e-02,2.449414270500532564e-01,3.088391906283280072e-02,9.091127098321342359e+00,-2.973621103117505826e-01,4.393285371702638109e+00
9.758829083549857231e+00,6.709265175718849561e-02,2.257720979765708291e-01,1.810436634717784918e-02,9.153477218225420486e+00,-6.474820143884891799e-01,4.729016786570743314e+00
9.763785822845489903e+00,6.176783812566560145e-02,1.703940362087326965e-01,-3.407880724174654208e-02,8.762589928057554545e+00,-4.340527577937650094e-01,4.954436450839328820e+00
9.768742562141124353e+00,8.519701810436634826e-02,1.363152289669861683e-01,-5.111821086261980618e-02,8.482014388489208301e+00,5.755395683453237710e-02,4.038369304556354678e+00
9.773699301436758802e+00,5.537806176783812567e-02,1.448349307774227934e-01,-1.916932907348242732e-02,8.534772182254195982e+00,-2.637889688249400386e-02,4.683453237410072134e+00
9.778656040732393251e+00,8.200212992545261037e-02,1.661341853035143701e-01,2.129925452609158880e-03,8.858513189448441238e+00,-2.182254196642685884e-01,4.237410071942446343e+00
9.783612780028027700e+00,5.324813631522896766e-03,1.437699680511182188e-01,-1.064962726304579353e-02,8.997601918465226944e+00,-5.419664268585131506e-01,5.520383693045563867e+00
9.788569519323662149e+00,3.940362087326943624e-02,5.857294994675186356e-02,-6.389776357827475772e-02,8.935251798561150594e+00,-3.141486810551558650e-01,4.913669064748201087e+00
9.793526258619296598e+00,5.750798722044728195e-02,1.064962726304579440e-03,-8.626198083067092293e-02,8.611510791366907114e+00,1.990407673860911386e-01,4.362110311750599934e+00
9.798482997914931047e+00,7.987220447284344715e-02,5.005324813631523151e-02,-6.176783812566560145e-02,8.681055155875299079e+00,4.964028776978417490e-01,3.628297362110311841e+00
9.803439737210565497e+00,2.875399361022364098e-02,9.265175718849839870e-02,-3.088391906283280072e-02,8.961630695443645322e+00,1.007194244604316530e-01,4.793764988009592720e+00
9.808396476506199946e+00,5.537806176783812567e-02,7.454739084132055993e-02,-3.620873269435569836e-02,9.215827338129496837e+00,-1.774580335731414937e-01,4.258992805755395850e+00
9.813353215801834395e+00,-1.064962726304579353e-02,3.407880724174654208e-02,-8.093716719914803570e-02,9.124700239808152702e+00,-8.153477218225420320e-02,4.616306954436450560e+00
9.818309955097468844e+00,-1.703940362087327104e-02,6.389776357827475772e-03,-1.054313099041533502e-01,8.726618705035971146e+00,4.148681055155875042e-01,4.201438848920862945e+00
9.823266694393103293e+00,-2.236421725239616520e-02,2.129925452609158880e-03,-7.348242811501597138e-02,8.904076738609113306e+00,4.004796163069544446e-01,4.172661870503596937e+00
9.828223433688737742e+00,1.916932907348242732e-02,2.449414270500532495e-02,-3.301384451544196047e-02,9.071942446043165020e+00,2.278177458033573133e-01,3.868105515587529908e+00
9.833180172984372192e+00,2.662406815761448470e-02,6.602768903088392094e-02,-2.342917997870074681e-02,9.261390887290167129e+00,6.954436450839328321e-02,4.266187050359712352e+00
9.838136912280006641e+00,3.194888178913737886e-02,6.602768903088392094e-02,-3.301384451544196047e-02,9.230215827338129841e+00,5.995203836930455832e-02,4.577937649880095883e+00
9.843093651575641090e+00,4.259850905218317413e-02,3.088391906283280072e-02,-4.046858359957401785e-02,9.129496402877697037e+00,1.534772182254196538e-01,4.273381294964028854e+00
9.848050390871275539e+00,5.324813631522896940e-02,1.810436634717784918e-02,-3.620873269435569836e-02,8.839328537170263900e+00,3.381294964028777050e-01,3.848920863309352569e+00
9.853007130166909988e+00,6.283280085197018305e-02,4.046858359957401785e-02,-2.129925452609158706e-02,8.990407673860911331e+00,3.884892086330935523e-01,3.829736211031175230e+00
9.857963869462544437e+00,7.454739084132055993e-02,6.496272630457934627e-02,-6.389776357827475772e-03,9.179856115107913439e+00,2.494004796163069582e-01,4.153477218225419598e+00
9.862920608758178886e+00,8.945686900958466081e-02,6.389776357827475772e-02,-1.064962726304579440e-03,9.244604316546762846e+00,2.422062350119904006e-01,4.215827338129496837e+00
9.867877348053813336e+00,8.200212992545261037e-02,4.366347177848775574e-02,-8.519701810436635520e-03,9.124700239808152702e+00,3.045563549160671402e-01,4.146282973621103096e+00
9.872834087349447785e+00,8.200212992545261037e-02,3.514376996805111675e-02,-9.584664536741213658e-03,9.002398081534773056e+00,4.268585131894484519e-01,3.870503597122302075e+00
9.877790826645082234e+00,7.880724174653887248e-02,5.644302449414270728e-02,8.519701810436635520e-03,8.889688249400480302e+00,5.419664268585131506e-01,3.918465227817745866e+00
9.882747565940716683e+00,6.496272630457934627e-02,7.028753993610223350e-02,3.194888178913737886e-02,8.988009592326138275e+00,4.820143884892086339e-01,4.278177458033573188e+00
9.887704305236351132e+00,6.602768903088392094e-02,4.259850905218317413e-02,4.046858359957401785e-02,8.990407673860911331e+00,3.453237410071942626e-01,4.633093525179855732e+00
9.892661044531985581e+00,9.158679446219382403e-02,1.810436634717784918e-02,4.898828541001064990e-02,8.980815347721822661e+00,3.788968824940047719e-01,3.988009592326139163e+00
9.897617783827620030e+00,5.324813631522896940e-02,1.810436634717784918e-02,5.324813631522896940e-02,8.894484412470024637e+00,3.980815347721822772e-01,4.335731414868105205e+00
9.902574523123254480e+00,5.324813631522896940e-02,1.171458998935037341e-02,6.496272630457934627e-02,8.853717026378896904e+00,3.764988009592326046e-01,4.208633093525179447e+00
9.907531262418888929e+00,4.472843450479233041e-02,1.064962726304579440e-03,8.093716719914803570e-02,9.002398081534773056e+00,2.733812949640287981e-01,4.364508393285372101e+00
9.912488001714523378e+00,4.898828541001064990e-02,-1.490947816826411129e-02,8.945686900958466081e-02,8.980815347721822661e+00,2.374100719424460382e-01,4.256594724220623682e+00
9.917444741010157827e+00,3.727369542066027996e-02,-2.555910543130990309e-02,9.265175718849839870e-02,9.014388489208633004e+00,2.613908872901678504e-01,4.258992805755395850e+00
9.922401480305792276e+00,3.194888178913737886e-02,-4.259850905218317413e-02,9.797657082002129980e-02,8.952038369304556653e+00,3.045563549160671402e-01,4.196642685851318610e+00
9.927358219601426725e+00,3.088391906283280072e-02,-4.685835995740149362e-02,1.139510117145899892e-01,9.079136690647482411e+00,3.069544364508393075e-01,3.853717026378896904e+00
9.932314958897061175e+00,3.194888178913737886e-03,-4.153354632587859252e-02,1.224707135250266282e-01,9.086330935251798024e+00,2.086330935251798635e-01,4.055155875299759849e+00
9.937271698192695624e+00,0.000000000000000000e+00,-3.940362087326943624e-02,1.246006389776357776e-01,9.127098321342925757e+00,1.894484412470023860e-01,3.834532374100719565e+00
9.942228437488330073e+00,-2.342917997870074681e-02,-3.620873269435569836e-02,1.203407880724174650e-01,9.127098321342925757e+00,1.199040767386091166e-01,4.093525179856115415e+00
9.947185176783964522e+00,-1.277955271565495154e-02,-2.875399361022364098e-02,1.160809371671991524e-01,9.194244604316546443e+00,1.270983213429256464e-01,3.836930455635491732e+00
9.952141916079598971e+00,-1.703940362087327104e-02,-1.916932907348242732e-02,1.203407880724174650e-01,9.194244604316546443e+00,1.678657074340527550e-02,3.971223021582733992e+00
9.957098655375233420e+00,2.023429179978700893e-02,-4.259850905218317760e-03,1.256656017039403661e-01,9.227817745803356786e+00,-5.515587529976018893e-02,3.812949640287769615e+00
9.962055394670867869e+00,5.218317358892438779e-02,1.384451544195953142e-02,1.309904153354632672e-01,9.235011990407674176e+00,-1.918465227817745811e-01,3.848920863309352569e+00
9.967012133966502319e+00,9.478168264110756192e-02,2.875399361022364098e-02,1.235356762513312029e-01,9.292565947242206192e+00,-2.853717026378896904e-01,4.033573141486810343e+00
9.971968873262136768e+00,1.427050053248136441e-01,4.153354632587859252e-02,1.182108626198083018e-01,9.263788968824940184e+00,-2.565947242206235157e-01,3.836930455635491732e+00
9.976925612557771217e+00,1.427050053248136441e-01,5.750798722044728195e-02,1.096911608093716767e-01,9.268585131894484519e+00,-3.045563549160671402e-01,4.311750599520383531e+00
9.981882351853405666e+00,1.597444089456868943e-01,4.898828541001064990e-02,9.478168264110756192e-02,9.158273381294964821e+00,-2.685851318944844079e-01,4.086330935251798913e+00
9.986839091149040115e+00,1.501597444089456945e-01,4.153354632587859252e-02,7.987220447284344715e-02,9.083932853717026745e+00,-1.918465227817745811e-01,4.266187050359712352e+00
9.991795830444674564e+00,1.544195953141639932e-01,4.153354632587859252e-02,6.815761448349308416e-02,9.028776978417266008e+00,-6.474820143884892076e-02,4.011990407673860837e+00
9.996752569740309013e+00,1.203407880724174650e-01,4.472843450479233041e-02,6.709265175718849561e-02,9.021582733812950394e+00,-6.235011990407673954e-02,4.275779376498801021e+00
1.000170930903594346e+01,1.086261980830670881e-01,4.259850905218317413e-02,5.857294994675186356e-02,9.067146282973620686e+00,-1.223021582733812979e-01,4.393285371702638109e+00
1.000666604833157791e+01,9.797657082002129980e-02,2.449414270500532495e-02,4.046858359957401785e-02,9.031175059952039064e+00,-1.294964028776978415e-01,4.436450839328537121e+00
1.001162278762721236e+01,8.093716719914803570e-02,2.236421725239616520e-02,3.407880724174654208e-02,8.978417266187049606e+00,1.438848920863309427e-02,4.107913669064748419e+00
1.001657952692284681e+01,6.389776357827475772e-03,2.023429179978700893e-02,2.981895633652822258e-02,8.896882494004795916e+00,0.000000000000000000e+00,4.491606714628296970e+00
1.002153626621848126e+01,-5.324813631522896766e-03,-8.519701810436635520e-03,2.236421725239616520e-02,8.810551558752997892e+00,-1.127098321342925591e-01,4.848920863309352569e+00
1.002649300551411571e+01,1.597444089456868943e-02,-3.940362087326943624e-02,2.342917997870074681e-02,8.944844124700239263e+00,-1.582733812949640162e-01,4.107913669064748419e+00
1.003144974480975016e+01,-2.875399361022364098e-02,-4.898828541001064990e-02,1.384451544195953142e-02,8.894484412470024637e+00,-2.230215827338129508e-01,4.611510791366906226e+00
1.003640648410538461e+01,-1.384451544195953142e-02,-5.750798722044728195e-02,5.324813631522896766e-03,9.127098321342925757e+00,-2.230215827338129508e-01,4.182254196642685606e+00
1.004136322340101906e+01,-2.981895633652822258e-02,-8.306709265175718504e-02,-5.324813631522896766e-03,9.007194244604317390e+00,-3.141486810551558650e-01,4.664268585131894795e+00
1.004631996269665350e+01,3.940362087326943624e-02,-9.265175718849839870e-02,-1.064962726304579440e-03,8.944844124700239263e+00,-7.913669064748200810e-02,3.659472422062350017e+00
1.005127670199228795e+01,2.023429179978700893e-02,-8.306709265175718504e-02,1.597444089456868943e-02,9.002398081534773056e+00,-6.954436450839328321e-02,4.237410071942446343e+00
1.005623344128792240e+01,7.241746538871139671e-02,-7.135250266240682204e-02,2.768903088391906284e-02,9.170263788968824770e+00,-2.158273381294964141e-02,3.719424460431654644e+00
1.006119018058355685e+01,5.324813631522896940e-02,-6.709265175718849561e-02,2.981895633652822258e-02,9.333333333333333925e+00,-1.798561151079136611e-01,4.062350119904076351e+00
1.006614691987919130e+01,8.626198083067092293e-02,-6.496272630457934627e-02,1.810436634717784918e-02,9.247002398081534125e+00,-6.714628297362110199e-02,3.561151079136690711e+00
1.007110365917482575e+01,6.389776357827475772e-02,-3.407880724174654208e-02,2.236421725239616520e-02,9.237410071942445455e+00,5.035971223021582649e-02,3.438848920863309289e+00
1.007606039847046020e+01,4.366347177848775574e-02,0.000000000000000000e+00,3.194888178913737886e-02,9.194244604316546443e+00,1.678657074340527550e-02,4.086330935251798913e+00
1.008101713776609465e+01,7.774227902023429781e-02,2.023429179978700893e-02,4.153354632587859252e-02,9.179856115107913439e+00,3.597122302158273222e-02,3.649880095923261347e+00
1.008597387706172910e+01,3.620873269435569836e-02,3.088391906283280072e-02,4.472843450479233041e-02,9.160671462829736100e+00,-1.247002398081534791e-01,4.414868105515587615e+00
1.009093061635736355e+01,5.750798722044728195e-02,3.194888178913737886e-02,3.833865814696485463e-02,9.002398081534773056e+00,-4.076738609112710160e-02,3.992805755395683498e+00
1.009588735565299800e+01,1.810436634717784918e-02,3.301384451544196047e-02,3.407880724174654208e-02,8.944844124700239263e+00,-1.318944844124700366e-01,4.496402877697841305e+00
1.010084409494863245e+01,3.088391906283280072e-02,2.768903088391906284e-02,3.088391906283280072e-02,8.863309352517985573e+00,-9.112709832134292809e-02,4.316546762589927866e+00
1.010580083424426689e+01,2.449414270500532495e-02,1.490947816826411129e-02,2.875399361022364098e-02,8.911270983213428920e+00,-1.630695443645084064e-01,4.666666666666666963e+00
1.011075757353990134e+01,3.727369542066027996e-02,-5.324813631522896766e-03,2.768903088391906284e-02,8.976019184652278327e+00,-1.678657074340527688e-01,4.388489208633093774e+00
1.011571431283553579e+01,9.584664536741213658e-03,-2.342917997870074681e-02,2.129925452609158706e-02,8.978417266187049606e+00,-1.942446043165467762e-01,4.606714628297361891e+00
1.012067105213117024e+01,1.384451544195953142e-02,-4.153354632587859252e-02,1.064962726304579353e-02,8.892086330935251581e+00,-1.558752997601918489e-01,4.354916067146282543e+00
1.012562779142680469e+01,0.000000000000000000e+00,-5.005324813631523151e-02,7.454739084132055646e-03,8.899280575539568972e+00,-2.014388489208633060e-01,4.306954436450839196e+00
1.013058453072243914e+01,-1.064962726304579440e-03,-5.431309904153354406e-02,1.064962726304579440e-03,8.913669064748201976e+00,-1.678657074340527688e-01,4.455635491606714460e+00
1.013554127001807359e+01,3.194888178913737886e-03,-7.241746538871139671e-02,-4.259850905218317760e-03,8.976019184652278327e+00,-1.414868105515587615e-01,4.227817745803357674e+00
1.014049800931370804e+01,-3.194888178913737886e-03,-7.880724174653887248e-02,-4.259850905218317760e-03,9.009592326139088669e+00,-1.558752997601918489e-01,4.278177458033573188e+00
1.014545474860934249e+01,2.129925452609158880e-03,-7.667731629392970927e-02,-5.324813631522896766e-03,9.031175059952039064e+00,-1.055155875299760154e-01,3.853717026378896904e+00
1.015041148790497694e+01,-2.555910543130990309e-02,-6.922257720979765883e-02,-7.454739084132055646e-03,9.040767386091127733e+00,-1.678657074340527688e-01,4.285371702637889690e+00
1.015536822720061139e+01,1.064962726304579440e-03,-6.389776357827475772e-02,-1.171458998935037341e-02,9.033573141486810343e+00,-5.515587529976018893e-02,3.928057553956834536e+00
1.016032496649624584e+01,-2.023429179978700893e-02,-5.857294994675186356e-02,-9.584664536741213658e-03,9.026378896882494729e+00,-7.434052757793764565e-02,4.153477218225419598e+00
1.016528170579188028e+01,-1.597444089456868943e-02,-5.324813631522896940e-02,-1.064962726304579353e-02,9.028776978417266008e+00,-1.510791366906474864e-01,3.949640287769784042e+00
1.017023844508751473e+01,-2.768903088391906284e-02,-4.259850905218317413e-02,-1.703940362087327104e-02,9.098321342925659749e+00,-1.918465227817745811e-01,4.035971223021582510e+00
1.017519518438314918e+01,-1.916932907348242732e-02,-2.768903088391906284e-02,-2.662406815761448470e-02,9.091127098321342359e+00,-1.151079136690647542e-01,3.952038369304556209e+00
1.018015192367878363e+01,-1.597444089456868943e-02,-1.384451544195953142e-02,-2.662406815761448470e-02,9.033573141486810343e+00,-2.158273381294964141e-02,4.086330935251798913e+00
1.018510866297441808e+01,-6.389776357827475772e-03,2.129925452609158880e-03,-1.384451544195953142e-02,9.043165467625899012e+00,-7.673860911270982688e-02,4.143884892086330929e+00
1.019006540227005253e+01,0.000000000000000000e+00,1.171458998935037341e-02,-7.454739084132055646e-03,9.050359712230216402e+00,-2.086330935251798635e-01,4.532374100719424703e+00
1.019502214156568698e+01,2.449414270500532495e-02,4.259850905218317760e-03,-6.389776357827475772e-03,8.932853717026379314e+00,-1.318944844124700366e-01,4.501199040767386528e+00
1.019997888086132143e+01,1.490947816826411129e-02,-1.064962726304579353e-02,-6.389776357827475772e-03,8.774580335731414493e+00,-2.637889688249400386e-02,4.810551558752997892e+00
1.020493562015695588e+01,2.236421725239616520e-02,-3.514376996805111675e-02,1.064962726304579440e-03,8.743405275779377206e+00,1.199040767386091132e-02,4.661870503597122628e+00
1.020989235945259033e+01,2.129925452609158880e-03,-5.857294994675186356e-02,6.389776357827475772e-03,8.800959232613909222e+00,-4.556354916067146404e-02,4.635491606714627899e+00
1.021484909874822478e+01,-1.064962726304579353e-02,-7.667731629392970927e-02,1.064962726304579440e-03,8.788968824940047497e+00,4.076738609112710160e-02,4.539568345323741205e+00
1.021980583804385923e+01,-2.875399361022364098e-02,-8.732694355697551147e-02,-2.129925452609158880e-03,8.822541966426857840e+00,1.966426858513189435e-01,4.345323741007193874e+00
1.022476257733949367e+01,-5.111821086261980618e-02,-9.584664536741213658e-02,7.454739084132055646e-03,8.884892086330935967e+00,2.470023980815347631e-01,4.323741007194244368e+00
1.022971931663512812e+01,-5.963791267305644517e-02,-9.691160809371672513e-02,2.449414270500532495e-02,8.920863309352517589e+00,2.541966426858512929e-01,4.014388489208633004e+00
1.023467605593076257e+01,-8.200212992545261037e-02,-8.519701810436634826e-02,3.514376996805111675e-02,8.956834532374100988e+00,1.942446043165467762e-01,4.112709832134292753e+00
1.023963279522639702e+01,-8.093716719914803570e-02,-7.667731629392970927e-02,4.259850905218317413e-02,8.973621103117505271e+00,1.606714628297362113e-01,3.997601918465227833e+00
1.024458953452203147e+01,-9.265175718849839870e-02,-7.454739084132055993e-02,5.005324813631523151e-02,8.935251798561150594e+00,8.633093525179856564e-02,4.208633093525179447e+00
1.024954627381766592e+01,-7.880724174653887248e-02,-7.774227902023429781e-02,5.750798722044728195e-02,8.839328537170263900e+00,5.515587529976018893e-02,4.136690647482014427e+00
1.025450301311330037e+01,-7.135250266240682204e-02,-8.200212992545261037e-02,7.135250266240682204e-02,8.798561151079136167e+00,-1.438848920863309427e-02,4.237410071942446343e+00
1.025945975240893482e+01,-5.431309904153354406e-02,-8.626198083067092293e-02,8.093716719914803570e-02,8.779376498800958828e+00,-7.194244604316546443e-02,4.249400479616307180e+00
1.026441649170456927e+01,-3.727369542066027996e-02,-9.478168264110756192e-02,8.839190628328008614e-02,8.788968824940047497e+00,-1.031175059952038342e-01,4.215827338129496837e+00
1.026937323100020372e+01,-2.236421725239616520e-02,-1.022364217252396124e-01,9.052183173588924936e-02,8.776978417266187549e+00,-1.270983213429256464e-01,4.280575539568345356e+00
1.027432997029583817e+01,1.064962726304579440e-03,-1.086261980830670881e-01,9.584664536741213658e-02,8.767386091127098879e+00,-1.630695443645084064e-01,4.079136690647482411e+00
1.027928670959147261e+01,8.519701810436635520e-03,-1.064962726304579388e-01,1.001064962726304630e-01,8.822541966426857840e+00,-2.278177458033573133e-01,4.105515587529976251e+00
1.028424344888710706e+01,2.555910543130990309e-02,-1.033013844515442009e-01,9.265175718849839870e-02,8.870503597122302963e+00,-2.302158273381295084e-01,3.971223021582733992e+00
1.028920018818274151e+01,2.342917997870074681e-02,-9.904153354632587447e-02,8.413205537806177359e-02,8.887290167865707247e+00,-2.014388489208633060e-01,4.019184652278177339e+00
1.029415692747837596e+01,2.768903088391906284e-02,-9.371671991480298725e-02,7.667731629392970927e-02,8.882494004796162912e+00,-1.798561151079136611e-01,3.875299760191846410e+00
1.029911366677401041e+01,1.916932907348242732e-02,-8.306709265175718504e-02,7.028753993610223350e-02,8.906474820143884585e+00,-1.510791366906474864e-01,3.834532374100719565e+00
1.030407040606964486e+01,1.384451544195953142e-02,-6.389776357827475772e-02,6.176783812566560145e-02,8.952038369304556653e+00,-1.414868105515587615e-01,3.796163069544364443e+00
1.030902714536527931e+01,5.324813631522896766e-03,-4.046858359957401785e-02,5.111821086261980618e-02,8.973621103117505271e+00,-1.654676258992805737e-01,3.815347721822541782e+00
1.031398388466091376e+01,-3.194888178913737886e-03,-1.277955271565495154e-02,4.259850905218317413e-02,9.028776978417266008e+00,-1.462829736211031240e-01,3.860911270983213406e+00
1.031894062395654821e+01,-1.490947816826411129e-02,1.277955271565495154e-02,3.620873269435569836e-02,8.964028776978416602e+00,-1.870503597122302186e-01,3.872901678657074243e+00
1.032389736325218266e+01,-2.236421725239616520e-02,3.301384451544196047e-02,2.981895633652822258e-02,8.954436450839327932e+00,-2.589928057553956831e-01,4.007194244604316502e+00
1.032885410254781711e+01,-1.810436634717784918e-02,5.005324813631523151e-02,1.916932907348242732e-02,8.920863309352517589e+00,-3.141486810551558650e-01,3.990407673860911331e+00
1.033381084184345156e+01,-3.194888178913737886e-02,6.283280085197018305e-02,3.194888178913737886e-03,8.937649880095923649e+00,-4.052757793764987793e-01,4.453237410071942293e+00
1.033876758113908600e+01,-5.324813631522896766e-03,5.324813631522896940e-02,-1.384451544195953142e-02,8.872901678657074243e+00,-4.004796163069544446e-01,4.419664268585131950e+00
1.034372432043472045e+01,1.064962726304579440e-03,4.685835995740149362e-02,-2.662406815761448470e-02,8.836930455635490844e+00,-4.148681055155875042e-01,4.508393285371703030e+00
1.034868105973035490e+01,1.703940362087327104e-02,4.579339723109691201e-02,-3.514376996805111675e-02,8.848920863309352569e+00,-4.196642685851318944e-01,4.539568345323741205e+00
1.035363779902598935e+01,3.407880724174654208e-02,4.472843450479233041e-02,-3.940362087326943624e-02,8.829736211031175230e+00,-3.741007194244604372e-01,4.688249400479616469e+00
1.035859453832162380e+01,4.898828541001064990e-02,3.833865814696485463e-02,-4.472843450479233041e-02,8.839328537170263900e+00,-3.141486810551558650e-01,4.894484412470023749e+00
1.036355127761725825e+01,5.324813631522896940e-02,2.023429179978700893e-02,-4.579339723109691201e-02,8.757793764988010210e+00,-2.302158273381295084e-01,4.827338129496403063e+00
1.036850801691289270e+01,4.153354632587859252e-02,-4.259850905218317760e-03,-5.005324813631523151e-02,8.719424460431655532e+00,-2.062350119904076684e-01,4.992805755395683498e+00
1.037346475620852715e+01,4.579339723109691201e-02,-2.555910543130990309e-02,-5.218317358892438779e-02,8.717026378896882477e+00,-7.194244604316546443e-02,4.724220623501198979e+00
1.037842149550416160e+01,1.703940362087327104e-02,-3.727369542066027996e-02,-5.324813631522896940e-02,8.726618705035971146e+00,2.398081534772182090e-03,4.865707434052757741e+00
1.038337823479979605e+01,6.389776357827475772e-03,-4.792332268370606829e-02,-5.431309904153354406e-02,8.750599520383692820e+00,2.877697841726618855e-02,4.635491606714627899e+00
1.038833497409543050e+01,-2.236421725239616520e-02,-5.644302449414270728e-02,-5.324813631522896940e-02,8.745803357314148485e+00,4.076738609112710160e-02,4.647482014388489624e+00
1.039329171339106495e+01,-3.727369542066027996e-02,-5.857294994675186356e-02,-5.111821086261980618e-02,8.745803357314148485e+00,1.007194244604316530e-01,4.585131894484412385e+00
1.039824845268669939e+01,-5.218317358892438779e-02,-6.176783812566560145e-02,-4.685835995740149362e-02,8.757793764988010210e+00,1.558752997601918489e-01,4.517985611510791699e+00
1.040320519198233384e+01,-6.496272630457934627e-02,-6.070287539936101984e-02,-3.514376996805111675e-02,8.757793764988010210e+00,2.230215827338129508e-01,4.541966426858513373e+00
1.040816193127796829e+01,-6.709265175718849561e-02,-5.431309904153354406e-02,-1.916932907348242732e-02,8.729016786570744202e+00,2.182254196642685884e-01,4.340527577937649539e+00
1.041311867057360274e+01,-7.774227902023429781e-02,-4.792332268370606829e-02,-1.064962726304579440e-03,8.776978417266187549e+00,1.175059952038369354e-01,4.470023980815347464e+00
1.041807540986923719e+01,-6.815761448349308416e-02,-4.472843450479233041e-02,1.171458998935037341e-02,8.798561151079136167e+00,1.079136690647481966e-01,4.386091127098321607e+00
1.042303214916487164e+01,-7.667731629392970927e-02,-4.685835995740149362e-02,2.129925452609158706e-02,8.729016786570744202e+00,1.055155875299760154e-01,4.606714628297361891e+00
1.042798888846050609e+01,-7.135250266240682204e-02,-5.644302449414270728e-02,3.940362087326943624e-02,8.709832134292565087e+00,1.870503597122302186e-01,4.515587529976019532e+00
1.043294562775614054e+01,-7.880724174653887248e-02,-6.283280085197018305e-02,6.283280085197018305e-02,8.774580335731414493e+00,1.534772182254196538e-01,4.597122302158273222e+00
1.043790236705177499e+01,-8.093716719914803570e-02,-6.709265175718849561e-02,7.987220447284344715e-02,8.824940047961630896e+00,3.597122302158273222e-02,4.546762589928057707e+00
1.044285910634740944e+01,-8.839190628328008614e-02,-7.348242811501597138e-02,8.945686900958466081e-02,8.856115107913668183e+00,-8.393285371702638442e-02,4.609112709832134058e+00
1.044781584564304389e+01,-9.265175718849839870e-02,-8.626198083067092293e-02,9.478168264110756192e-02,8.844124700239808234e+00,-6.954436450839328321e-02,4.697841726618705138e+00
1.045277258493867834e+01,-8.519701810436634826e-02,-1.001064962726304630e-01,1.022364217252396124e-01,8.841726618705035179e+00,-2.398081534772182263e-02,4.577937649880095883e+00
1.045772932423431278e+01,-8.732694355697551147e-02,-1.064962726304579388e-01,1.182108626198083018e-01,8.894484412470024637e+00,-7.673860911270982688e-02,4.558752997601918544e+00
1.046268606352994723e+01,-7.987220447284344715e-02,-1.086261980830670881e-01,1.299254526091586925e-01,8.961630695443645322e+00,-1.366906474820143991e-01,4.314148681055155699e+00
1.046764280282558168e+01,-7.987220447284344715e-02,-1.022364217252396124e-01,1.331203407880724165e-01,9.016786570743406060e+00,-2.517985611510791255e-01,4.345323741007193874e+00
1.047259954212121613e+01,-6.815761448349308416e-02,-9.797657082002129980e-02,1.309904153354632672e-01,9.007194244604317390e+00,-2.853717026378896904e-01,4.194244604316546443e+00
1.047755628141685058e+01,-6.389776357827475772e-02,-9.052183173588924936e-02,1.320553780617678419e-01,9.045563549160672068e+00,-2.901678657074340251e-01,4.139088729016786594e+00
1.048251302071248503e+01,-5.111821086261980618e-02,-7.028753993610223350e-02,1.416400425985090417e-01,9.045563549160672068e+00,-2.853717026378896904e-01,4.076738609112710243e+00
1.048746976000811948e+01,-4.259850905218317413e-02,-4.259850905218317413e-02,1.533546325878594185e-01,9.047961630695443347e+00,-3.333333333333333148e-01,4.155875299760191766e+00
1.049242649930375393e+01,-3.620873269435569836e-02,-2.555910543130990309e-02,1.608093716719914690e-01,9.062350119904076351e+00,-4.820143884892086339e-01,4.335731414868105205e+00
1.049738323859938838e+01,-2.981895633652822258e-02,-2.023429179978700893e-02,1.586794462193823196e-01,9.023980815347721673e+00,-6.187050359712230607e-01,4.453237410071942293e+00
1.050233997789502283e+01,-3.301384451544196047e-02,-2.449414270500532495e-02,1.448349307774227934e-01,8.968824940047960936e+00,-6.834532374100719121e-01,4.565947242206235046e+00
1.050729671719065728e+01,-3.301384451544196047e-02,-2.981895633652822258e-02,1.277955271565495154e-01,8.880095923261391633e+00,-7.146282973621103096e-01,4.616306954436450560e+00
1.051225345648629173e+01,-2.875399361022364098e-02,-3.727369542066027996e-02,1.182108626198083018e-01,8.856115107913668183e+00,-8.105515587529975585e-01,4.721822541966426812e+00
1.051721019578192617e+01,-1.703940362087327104e-02,-4.792332268370606829e-02,1.011714589989350377e-01,8.901678657074340251e+00,-8.776978417266186883e-01,4.642685851318944401e+00
1.052216693507756062e+01,-1.384451544195953142e-02,-5.963791267305644517e-02,7.774227902023429781e-02,8.918465227817746310e+00,-9.088729016786570858e-01,4.640287769784172234e+00
1.052712367437319507e+01,-5.324813631522896766e-03,-6.602768903088392094e-02,5.431309904153354406e-02,8.868105515587529908e+00,-8.297362110311750083e-01,4.561151079136690711e+00
1.053208041366882952e+01,-7.454739084132055646e-03,-6.922257720979765883e-02,3.514376996805111675e-02,8.877697841726618577e+00,-7.386091127098320941e-01,4.460431654676258795e+00
1.053703715296446397e+01,-1.171458998935037341e-02,-7.028753993610223350e-02,1.490947816826411129e-02,8.877697841726618577e+00,-7.026378896882493619e-01,4.350119904076738209e+00
1.054199389226009664e+01,-2.023429179978700893e-02,-6.496272630457934627e-02,-7.454739084132055646e-03,8.942446043165467984e+00,-6.115107913669064477e-01,4.203836930455635112e+00
1.054695063155573109e+01,-3.833865814696485463e-02,-5.111821086261980618e-02,-2.449414270500532495e-02,8.894484412470024637e+00,-4.652278177458033515e-01,4.191846522781774276e+00
1.055190737085136554e+01,-5.431309904153354406e-02,-4.046858359957401785e-02,-3.620873269435569836e-02,8.896882494004795916e+00,-3.261390887290168128e-01,4.117505995203837088e+00
1.055686411014699999e+01,-7.348242811501597138e-02,-2.875399361022364098e-02,-3.940362087326943624e-02,8.875299760191847298e+00,-2.901678657074340251e-01,4.095923261390887582e+00
1.056182084944263444e+01,-8.626198083067092293e-02,-1.064962726304579353e-02,-4.259850905218317413e-02,8.880095923261391633e+00,-2.973621103117505826e-01,4.131894484412470092e+00
1.056677758873826889e+01,-9.478168264110756192e-02,4.259850905218317760e-03,-4.259850905218317413e-02,8.880095923261391633e+00,-2.949640287769784153e-01,4.282973621103117523e+00
1.057173432803390334e+01,-9.478168264110756192e-02,7.454739084132055646e-03,-4.259850905218317413e-02,8.880095923261391633e+00,-2.661870503597122406e-01,4.402877697841726778e+00
1.057669106732953779e+01,-9.158679446219382403e-02,6.389776357827475772e-03,-3.620873269435569836e-02,8.870503597122302963e+00,-2.014388489208633060e-01,4.465227817745803129e+00
1.058164780662517224e+01,-7.987220447284344715e-02,7.454739084132055646e-03,-1.916932907348242732e-02,8.810551558752997892e+00,-1.846522781774580235e-01,4.465227817745803129e+00
1.058660454592080669e+01,-6.389776357827475772e-02,1.064962726304579353e-02,-1.064962726304579440e-03,8.796163069544364888e+00,-1.870503597122302186e-01,4.513189448441247364e+00
1.059156128521644114e+01,-5.005324813631523151e-02,1.064962726304579353e-02,1.597444089456868943e-02,8.781774580335731883e+00,-1.942446043165467762e-01,4.649880095923261791e+00
1.059651802451207558e+01,-3.833865814696485463e-02,1.064962726304579440e-03,2.981895633652822258e-02,8.733812949640288537e+00,-2.014388489208633060e-01,4.709832134292565975e+00
1.060147476380771003e+01,-3.301384451544196047e-02,-1.597444089456868943e-02,3.940362087326943624e-02,8.745803357314148485e+00,-1.894484412470023860e-01,4.714628297362110310e+00
1.060643150310334448e+01,-3.301384451544196047e-02,-3.088391906283280072e-02,5.005324813631523151e-02,8.757793764988010210e+00,-2.110311750599520308e-01,4.647482014388489624e+00
1.061138824239897893e+01,-3.940362087326943624e-02,-3.940362087326943624e-02,4.898828541001064990e-02,8.767386091127098879e+00,-1.822541966426858562e-01,4.553956834532374209e+00
1.061634498169461338e+01,-4.898828541001064990e-02,-4.366347177848775574e-02,4.685835995740149362e-02,8.752997601918465875e+00,-1.726618705035971313e-01,4.489208633093524803e+00
1.062130172099024783e+01,-5.857294994675186356e-02,-4.366347177848775574e-02,4.579339723109691201e-02,8.762589928057554545e+00,-1.678657074340527688e-01,4.436450839328537121e+00
1.062625846028588228e+01,-6.709265175718849561e-02,-4.792332268370606829e-02,4.579339723109691201e-02,8.832134292565946510e+00,-1.582733812949640162e-01,4.318944844124700033e+00
1.063121519958151673e+01,-7.774227902023429781e-02,-4.259850905218317413e-02,4.579339723109691201e-02,8.896882494004795916e+00,-1.414868105515587615e-01,4.196642685851318610e+00
1.063617193887715118e+01,-8.839190628328008614e-02,-2.555910543130990309e-02,4.792332268370606829e-02,8.944844124700239263e+00,-8.872901678657074687e-02,4.153477218225419598e+00
1.064112867817278563e+01,-9.904153354632587447e-02,-6.389776357827475772e-03,5.111821086261980618e-02,8.930455635491606259e+00,-5.755395683453237710e-02,4.184652278177457774e+00
1.064608541746842008e+01,-1.075612353567625135e-01,1.490947816826411129e-02,6.070287539936101984e-02,8.952038369304556653e+00,-1.199040767386091166e-01,4.321342925659472201e+00
1.065104215676405452e+01,-1.160809371671991524e-01,2.875399361022364098e-02,6.283280085197018305e-02,8.925659472422061924e+00,-2.134292565947242259e-01,4.402877697841726778e+00
1.065599889605968897e+01,-1.288604898828540901e-01,3.407880724174654208e-02,5.644302449414270728e-02,8.892086330935251581e+00,-2.733812949640287981e-01,4.549160671462829875e+00
1.066095563535532342e+01,-1.320553780617678419e-01,3.727369542066027996e-02,5.111821086261980618e-02,8.839328537170263900e+00,-3.525179856115107646e-01,4.652278177458033959e+00
1.066591237465095787e+01,-1.288604898828540901e-01,4.046858359957401785e-02,4.685835995740149362e-02,8.882494004796162912e+00,-4.652278177458033515e-01,4.788968824940048385e+00
1.067086911394659232e+01,-1.192758253461128903e-01,4.046858359957401785e-02,3.301384451544196047e-02,8.868105515587529908e+00,-5.899280575539568305e-01,4.822541966426858728e+00
1.067582585324222677e+01,-1.118210862619808260e-01,3.833865814696485463e-02,1.384451544195953142e-02,8.872901678657074243e+00,-6.282973621103117301e-01,4.901678657074340251e+00
1.068078259253786122e+01,-1.011714589989350377e-01,3.833865814696485463e-02,-1.171458998935037341e-02,8.834532374100719565e+00,-6.570743405275779603e-01,4.937649880095923649e+00
1.068573933183349567e+01,-9.052183173588924936e-02,3.514376996805111675e-02,-3.514376996805111675e-02,8.817745803357313505e+00,-6.306954436450838974e-01,4.884892086330935079e+00
1.069069607112913012e+01,-8.200212992545261037e-02,3.727369542066027996e-02,-6.283280085197018305e-02,8.803357314148680501e+00,-6.139088729016786150e-01,4.894484412470023749e+00
1.069565281042476457e+01,-7.561235356762513460e-02,4.366347177848775574e-02,-8.945686900958466081e-02,8.757793764988010210e+00,-6.043165467625899456e-01,4.884892086330935079e+00
1.070060954972039902e+01,-7.241746538871139671e-02,4.685835995740149362e-02,-1.182108626198083018e-01,8.741007194244604150e+00,-5.875299760191846632e-01,4.932853717026379314e+00
1.070556628901603347e+01,-6.922257720979765883e-02,4.366347177848775574e-02,-1.501597444089456945e-01,8.721822541966426812e+00,-5.587529976019184330e-01,4.997601918465227833e+00
1.071052302831166791e+01,-6.709265175718849561e-02,3.940362087326943624e-02,-1.853035143769967974e-01,8.752997601918465875e+00,-5.371702637889688159e-01,4.944844124700240151e+00
1.071547976760730236e+01,-6.176783812566560145e-02,3.514376996805111675e-02,-2.236421725239616520e-01,8.808153477218224836e+00,-4.892086330935251914e-01,4.856115107913669071e+00
1.072043650690293681e+01,-5.324813631522896940e-02,3.514376996805111675e-02,-2.555910543130990309e-01,8.774580335731414493e+00,-3.645083932853717124e-01,4.796163069544364888e+00
1.072539324619857126e+01,-3.620873269435569836e-02,3.940362087326943624e-02,-2.715654952076677064e-01,8.731414868105515481e+00,-2.086330935251798635e-01,4.736211031175059816e+00
1.073034998549420571e+01,-1.384451544195953142e-02,4.472843450479233041e-02,-2.747603833865814860e-01,8.628297362110311397e+00,-3.836930455635491344e-02,4.721822541966426812e+00
1.073530672478984016e+01,5.324813631522896766e-03,4.366347177848775574e-02,-2.715654952076677064e-01,8.522781774580336034e+00,1.774580335731414937e-01,4.764988009592325824e+00
1.074026346408547461e+01,2.342917997870074681e-02,3.620873269435569836e-02,-2.545260915867944562e-01,8.505995203836929974e+00,3.669064748201438797e-01,4.805755395683453557e+00
1.074522020338110906e+01,4.046858359957401785e-02,1.810436634717784918e-02,-2.247071352502662545e-01,8.477218225419663966e+00,5.107913669064748641e-01,4.788968824940048385e+00
1.075017694267674351e+01,5.218317358892438779e-02,0.000000000000000000e+00,-1.853035143769967974e-01,8.465227817745804018e+00,6.786570743405275774e-01,4.678657074340527799e+00
1.075513368197237796e+01,5.857294994675186356e-02,-7.454739084132055646e-03,-1.331203407880724165e-01,8.429256594724220619e+00,8.081534772182253912e-01,4.570743405275779381e+00
1.076009042126801241e+01,5.857294994675186356e-02,-1.064962726304579353e-02,-7.135250266240682204e-02,8.400479616306954611e+00,8.705035971223021862e-01,4.592326139088728887e+00
1.076504716056364686e+01,5.218317358892438779e-02,-1.490947816826411129e-02,-6.389776357827475772e-03,8.378896882494004217e+00,8.585131894484412385e-01,4.621103117505994895e+00
1.077000389985928130e+01,3.088391906283280072e-02,-2.981895633652822258e-02,4.792332268370606829e-02,8.350119904076738209e+00,7.697841726618704916e-01,4.719424460431654644e+00
1.077496063915491575e+01,1.064962726304579440e-03,-5.324813631522896940e-02,9.371671991480298725e-02,8.261390887290167129e+00,6.402877697841726778e-01,4.731414868105515481e+00
1.077991737845055020e+01,-3.940362087326943624e-02,-7.561235356762513460e-02,1.277955271565495154e-01,8.294964028776979248e+00,5.803357314148680501e-01,4.645083932853717457e+00
1.078487411774618465e+01,-8.200212992545261037e-02,-9.371671991480298725e-02,1.586794462193823196e-01,8.328537170263789591e+00,4.748201438848920763e-01,4.477218225419663966e+00
1.078983085704181910e+01,-1.171458998935037271e-01,-1.011714589989350377e-01,1.842385516506922227e-01,8.386091127098321607e+00,3.021582733812949728e-01,4.347721822541966041e+00
1.079478759633745355e+01,-1.522896698615548439e-01,-9.797657082002129980e-02,2.002129925452609260e-01,8.446043165467626679e+00,4.076738609112710160e-02,4.323741007194244368e+00
1.079974433563308800e+01,-1.853035143769967974e-01,-9.158679446219382403e-02,2.044728434504792247e-01,8.508393285371703030e+00,-2.158273381294963933e-01,4.302158273381294862e+00
1.080470107492872245e+01,-2.108626198083067005e-01,-8.839190628328008614e-02,1.916932907348242732e-01,8.553956834532373321e+00,-4.004796163069544446e-01,4.287769784172661858e+00
1.080965781422435690e+01,-2.257720979765708291e-01,-8.413205537806177359e-02,1.650692225772097954e-01,8.558752997601917656e+00,-4.964028776978417490e-01,4.203836930455635112e+00
1.081461455351999135e+01,-2.310969116080937302e-01,-7.028753993610223350e-02,1.416400425985090417e-01,8.589928057553956720e+00,-6.163069544364508934e-01,4.163069544364508268e+00
1.081957129281562580e+01,-2.289669861554845531e-01,-5.537806176783812567e-02,1.107561235356762513e-01,8.611510791366907114e+00,-7.266187050359712574e-01,4.223021582733813339e+00
1.082452803211126025e+01,-2.193823216187433534e-01,-4.898828541001064990e-02,7.241746538871139671e-02,8.637889688249400066e+00,-8.537170263788969038e-01,4.328537170263788703e+00
1.082948477140689469e+01,-1.927582534611288478e-01,-5.750798722044728195e-02,3.407880724174654208e-02,8.642685851318944401e+00,-8.729016786570743536e-01,4.383693045563549440e+00
1.083444151070252914e+01,-1.501597444089456945e-01,-6.922257720979765883e-02,5.324813631522896766e-03,8.599520383693045389e+00,-7.290167865707434247e-01,4.258992805755395850e+00
1.083939824999816359e+01,-9.797657082002129980e-02,-7.348242811501597138e-02,-4.259850905218317760e-03,8.623501199040767062e+00,-5.491606714628297636e-01,4.069544364508392853e+00
1.084435498929379804e+01,-4.472843450479233041e-02,-5.963791267305644517e-02,0.000000000000000000e+00,8.618705035971222728e+00,-4.556354916067146266e-01,3.995203836930455665e+00
1.084931172858943249e+01,8.519701810436635520e-03,-4.579339723109691201e-02,1.171458998935037341e-02,8.664268585131894795e+00,-4.316546762589927866e-01,4.031175059952038175e+00
1.085426846788506694e+01,4.579339723109691201e-02,-4.259850905218317413e-02,1.703940362087327104e-02,8.642685851318944401e+00,-3.812949640287769948e-01,4.000000000000000000e+00
1.085922520718070139e+01,7.348242811501597138e-02,-4.366347177848775574e-02,1.703940362087327104e-02,8.541966426858513373e+00,-3.069544364508393075e-01,3.976019184652278327e+00
1.086418194647633584e+01,9.052183173588924936e-02,-5.111821086261980618e-02,1.703940362087327104e-02,8.482014388489208301e+00,-1.606714628297362113e-01,3.882494004796162912e+00
1.086913868577197029e+01,9.478168264110756192e-02,-5.644302449414270728e-02,2.342917997870074681e-02,8.434052757793764954e+00,-3.836930455635491344e-02,3.796163069544364443e+00
1.087409542506760474e+01,9.052183173588924936e-02,-5.324813631522896940e-02,3.088391906283280072e-02,8.479616306954437022e+00,0.000000000000000000e+00,3.669064748201438686e+00
1.087905216436323919e+01,7.348242811501597138e-02,-5.005324813631523151e-02,3.514376996805111675e-02,8.515587529976018644e+00,4.796163069544364180e-03,3.575539568345323715e+00
1.088400890365887363e+01,4.898828541001064990e-02,-4.685835995740149362e-02,3.407880724174654208e-02,8.508393285371703030e+00,6.474820143884892076e-02,3.515587529976019088e+00
1.088896564295450808e+01,2.129925452609158706e-02,-3.833865814696485463e-02,3.194888178913737886e-02,8.501199040767385640e+00,9.352517985611510931e-02,3.414868105515587615e+00
1.089392238225014253e+01,-6.389776357827475772e-03,-2.342917997870074681e-02,3.301384451544196047e-02,8.498800959232614360e+00,8.153477218225420320e-02,3.359712230215827322e+00
1.089887912154577698e+01,-3.194888178913737886e-02,-6.389776357827475772e-03,4.046858359957401785e-02,8.501199040767385640e+00,-2.158273381294964141e-02,3.374100719424460326e+00
1.090383586084141143e+01,-5.111821086261980618e-02,9.584664536741213658e-03,4.046858359957401785e-02,8.527577937649880369e+00,-1.247002398081534791e-01,3.443645083932853623e+00
1.090879260013704588e+01,-6.176783812566560145e-02,9.584664536741213658e-03,3.514376996805111675e-02,8.522781774580336034e+00,-2.398081534772182333e-01,3.517985611510791255e+00
1.091374933943268033e+01,-6.709265175718849561e-02,0.000000000000000000e+00,2.981895633652822258e-02,8.510791366906474309e+00,-2.901678657074340251e-01,3.556354916067146377e+00
1.091870607872831478e+01,-6.070287539936101984e-02,-3.194888178913737886e-03,2.129925452609158706e-02,8.503597122302158695e+00,-2.925659472422062479e-01,3.508393285371702586e+00
1.092366281802394923e+01,-4.792332268370606829e-02,-4.259850905218317760e-03,1.384451544195953142e-02,8.534772182254195982e+00,-3.141486810551558650e-01,3.501199040767386084e+00
1.092861955731958368e+01,-2.768903088391906284e-02,-5.324813631522896766e-03,2.023429179978700893e-02,8.585131894484412385e+00,-3.309352517985611475e-01,3.489208633093525247e+00
1.093357629661521813e+01,-1.064962726304579440e-03,-1.171458998935037341e-02,2.662406815761448470e-02,8.553956834532373321e+00,-3.213429256594724226e-01,3.443645083932853623e+00
1.093853303591085258e+01,2.662406815761448470e-02,-2.342917997870074681e-02,3.727369542066027996e-02,8.565947242206235046e+00,-2.302158273381295084e-01,3.378896882494004661e+00
1.094348977520648702e+01,5.324813631522896940e-02,-3.620873269435569836e-02,5.324813631522896940e-02,8.546762589928057707e+00,-1.247002398081534791e-01,3.249400479616306736e+00
1.094844651450212147e+01,7.241746538871139671e-02,-3.940362087326943624e-02,7.774227902023429781e-02,8.544364508393284652e+00,-2.398081534772182090e-03,3.026378896882493841e+00
1.095340325379775592e+01,8.093716719914803570e-02,-3.833865814696485463e-02,1.054313099041533502e-01,8.573141486810552436e+00,8.633093525179856564e-02,2.820143884892086117e+00
1.095835999309339037e+01,7.987220447284344715e-02,-3.194888178913737886e-02,1.341853035143769912e-01,8.609112709832134058e+00,1.486810551558752913e-01,2.633093525179856176e+00
1.096331673238902482e+01,6.815761448349308416e-02,-1.916932907348242732e-02,1.597444089456868943e-01,8.630695443645084453e+00,1.582733812949640162e-01,2.474820143884892243e+00
1.096827347168465927e+01,4.366347177848775574e-02,-1.064962726304579440e-03,1.821086261980830734e-01,8.695443645083932083e+00,1.630695443645084064e-01,2.330935251798561314e+00
1.097323021098029372e+01,9.584664536741213658e-03,2.023429179978700893e-02,2.023429179978700754e-01,8.767386091127098879e+00,1.582733812949640162e-01,2.211031175059952059e+00
1.097818695027592817e+01,-2.981895633652822258e-02,5.218317358892438779e-02,2.193823216187433534e-01,8.887290167865707247e+00,4.796163069544364527e-02,2.187050359712230385e+00
1.098314368957156262e+01,-7.028753993610223350e-02,9.052183173588924936e-02,2.310969116080937302e-01,9.014388489208633004e+00,-1.318944844124700366e-01,2.155875299760191766e+00
1.098810042886719707e+01,-1.118210862619808260e-01,1.309904153354632672e-01,2.289669861554845531e-01,9.107913669064748419e+00,-3.141486810551558650e-01,2.230215827338129397e+00
1.099305716816283152e+01,-1.501597444089456945e-01,1.735889243876464205e-01,2.172523961661341763e-01,9.127098321342925757e+00,-4.364508393285371768e-01,2.450839328537170125e+00
1.099801390745846597e+01,-1.778487752928647470e-01,2.097976570820021258e-01,2.044728434504792247e-01,9.057553956834532016e+00,-6.282973621103117301e-01,2.748201438848920652e+00
1.100297064675410041e+01,-1.959531416400425996e-01,2.353567625133120289e-01,1.842385516506922227e-01,9.052757793764987682e+00,-8.513189448441247364e-01,3.086330935251798468e+00
1.100792738604973486e+01,-2.087326943556975511e-01,2.417465388711395047e-01,1.448349307774227934e-01,9.052757793764987682e+00,-1.086330935251798468e+00,3.342925659472422151e+00
1.101288412534536931e+01,-2.076677316293929765e-01,2.385516506922257807e-01,9.904153354632587447e-02,9.023980815347721673e+00,-1.206235011990407724e+00,3.582733812949640217e+00
1.101784086464100376e+01,-1.938232161874334503e-01,2.279020234291799785e-01,5.431309904153354406e-02,8.988009592326138275e+00,-1.199040767386091222e+00,3.721822541966426812e+00
1.102279760393663821e+01,-1.682641107561235472e-01,2.140575079872204523e-01,2.023429179978700893e-02,8.947242206235012318e+00,-1.199040767386091222e+00,3.805755395683453113e+00
1.102775434323227266e+01,-1.267305644302449408e-01,2.044728434504792247e-01,-6.389776357827475772e-03,8.940047961630694928e+00,-1.201438848920863389e+00,3.839328537170263900e+00
1.103271108252790711e+01,-8.093716719914803570e-02,1.938232161874334503e-01,-2.875399361022364098e-02,9.019184652278177339e+00,-1.131894484412470092e+00,3.846522781774580402e+00
1.103766782182354156e+01,-3.727369542066027996e-02,1.853035143769967974e-01,-5.218317358892438779e-02,9.035971223021583398e+00,-9.592326139088729331e-01,3.788968824940047941e+00
1.104262456111917601e+01,-2.129925452609158880e-03,1.778487752928647470e-01,-6.815761448349308416e-02,9.095923261390886694e+00,-7.673860911270983243e-01,3.681055155875299967e+00
1.104758130041481046e+01,2.342917997870074681e-02,1.789137380191693216e-01,-7.880724174653887248e-02,9.148681055155876152e+00,-6.498800959232613472e-01,3.470023980815347908e+00
1.105253803971044491e+01,3.833865814696485463e-02,1.959531416400425996e-01,-8.732694355697551147e-02,9.194244604316546443e+00,-6.019184652278177783e-01,3.323741007194244812e+00
1.105749477900607936e+01,4.259850905218317413e-02,2.183173588924387509e-01,-1.001064962726304630e-01,9.239808153477218511e+00,-5.515587529976019310e-01,3.412470023980815448e+00
1.106245151830171380e+01,3.514376996805111675e-02,2.396166134185303553e-01,-1.203407880724174650e-01,9.263788968824940184e+00,-4.652278177458033515e-01,3.522781774580335590e+00
1.106740825759734825e+01,1.490947816826411129e-02,2.513312034078807322e-01,-1.384451544195953177e-01,9.225419664268585507e+00,-3.741007194244604372e-01,3.630695443645084008e+00
1.107236499689298270e+01,-4.259850905218317760e-03,2.609158679446219598e-01,-1.554845580404685956e-01,9.141486810551558762e+00,-3.573141486810551548e-01,3.731414868105515481e+00
1.107732173618861715e+01,-1.810436634717784918e-02,2.726304579339723366e-01,-1.714589989350372712e-01,9.091127098321342359e+00,-3.381294964028777050e-01,3.820143884892086117e+00
1.108227847548425160e+01,-3.194888178913737886e-02,2.811501597444089340e-01,-1.853035143769967974e-01,9.071942446043165020e+00,-3.117505995203836977e-01,4.007194244604316502e+00
1.108723521477988605e+01,-3.940362087326943624e-02,2.790202342917997846e-01,-1.938232161874334503e-01,9.045563549160672068e+00,-2.973621103117505826e-01,4.160671462829736100e+00
1.109219195407552050e+01,-3.940362087326943624e-02,2.673056443024494078e-01,-1.970181043663471743e-01,9.033573141486810343e+00,-2.637889688249400733e-01,4.239808153477218511e+00
1.109714869337115495e+01,-3.620873269435569836e-02,2.566560170394036056e-01,-1.970181043663471743e-01,8.976019184652278327e+00,-1.846522781774580235e-01,4.249400479616307180e+00
1.110210543266678940e+01,-3.194888178913737886e-02,2.502662406815761575e-01,-1.906283280085196985e-01,8.930455635491606259e+00,-8.633093525179856564e-02,4.261390887290168017e+00
1.110706217196242385e+01,-2.555910543130990309e-02,2.417465388711395047e-01,-1.778487752928647470e-01,8.892086330935251581e+00,2.637889688249400386e-02,4.323741007194244368e+00
1.111201891125805830e+01,-1.810436634717784918e-02,2.268370607028754038e-01,-1.629392971246006461e-01,8.872901678657074243e+00,9.832134292565947176e-02,4.470023980815347464e+00
1.111697565055369274e+01,-1.384451544195953142e-02,2.055378061767837994e-01,-1.458998935037273681e-01,8.829736211031175230e+00,1.702637889688249362e-01,4.510791366906475197e+00
1.112193238984932719e+01,-1.490947816826411129e-02,1.863684771033013721e-01,-1.246006389776357776e-01,8.752997601918465875e+00,2.494004796163069582e-01,4.510791366906475197e+00
1.112688912914496164e+01,-1.703940362087327104e-02,1.671991480298189447e-01,-1.022364217252396124e-01,8.690647482014387748e+00,2.997601918465228055e-01,4.537170263788969038e+00
1.113184586844059609e+01,-2.662406815761448470e-02,1.480298189563365174e-01,-8.093716719914803570e-02,8.671462829736210409e+00,2.901678657074340251e-01,4.585131894484412385e+00
1.113680260773623054e+01,-3.727369542066027996e-02,1.277955271565495154e-01,-6.176783812566560145e-02,8.645083932853717457e+00,2.685851318944844079e-01,4.623501199040767062e+00
1.114175934703186499e+01,-5.537806176783812567e-02,1.086261980830670881e-01,-4.792332268370606829e-02,8.609112709832134058e+00,2.997601918465228055e-01,4.623501199040767062e+00
1.114671608632749944e+01,-7.454739084132055993e-02,8.732694355697551147e-02,-3.727369542066027996e-02,8.604316546762589724e+00,2.853717026378896904e-01,4.609112709832134058e+00
1.115167282562313389e+01,-8.626198083067092293e-02,6.602768903088392094e-02,-2.555910543130990309e-02,8.561151079136690711e+00,2.589928057553956831e-01,4.549160671462829875e+00
1.115662956491876834e+01,-9.691160809371672513e-02,5.537806176783812567e-02,-1.597444089456868943e-02,8.618705035971222728e+00,2.062350119904076684e-01,4.474820143884891799e+00
1.116158630421440279e+01,-1.001064962726304630e-01,4.898828541001064990e-02,-8.519701810436635520e-03,8.693045563549160804e+00,1.223021582733812979e-01,4.395683453237410276e+00
1.116654304351003724e+01,-9.691160809371672513e-02,4.366347177848775574e-02,-6.389776357827475772e-03,8.762589928057554545e+00,7.673860911270982688e-02,4.287769784172661858e+00
1.117149978280567169e+01,-8.839190628328008614e-02,4.472843450479233041e-02,-9.584664536741213658e-03,8.817745803357313505e+00,7.673860911270982688e-02,4.182254196642685606e+00
1.117645652210130613e+01,-7.135250266240682204e-02,4.792332268370606829e-02,-8.519701810436635520e-03,8.810551558752997892e+00,1.558752997601918489e-01,4.119904076738609255e+00
1.118141326139694058e+01,-4.579339723109691201e-02,5.431309904153354406e-02,1.064962726304579440e-03,8.757793764988010210e+00,2.757793764988009655e-01,4.059952038369304184e+00
1.118637000069257503e+01,-1.597444089456868943e-02,6.709265175718849561e-02,2.342917997870074681e-02,8.705035971223020752e+00,3.453237410071942626e-01,4.038369304556354678e+00
1.119132673998820948e+01,1.064962726304579353e-02,7.561235356762513460e-02,5.005324813631523151e-02,8.647482014388488736e+00,4.292565947242206192e-01,4.040767386091126845e+00
1.119628347928384393e+01,3.514376996805111675e-02,8.306709265175718504e-02,7.454739084132055993e-02,8.556354916067146377e+00,5.203836930455635335e-01,4.098321342925659749e+00
1.120124021857947838e+01,5.111821086261980618e-02,8.519701810436634826e-02,1.043663471778487756e-01,8.364508393285371213e+00,6.306954436450838974e-01,4.165467625899280435e+00
1.120619695787511283e+01,6.602768903088392094e-02,8.626198083067092293e-02,1.395101171458998923e-01,8.146282973621103096e+00,6.786570743405275774e-01,4.165467625899280435e+00
1.121115369717074728e+01,7.454739084132055993e-02,8.626198083067092293e-02,1.735889243876464205e-01,8.086330935251798024e+00,6.330935251798560648e-01,4.201438848920862945e+00
1.121611043646638173e+01,7.774227902023429781e-02,8.519701810436634826e-02,2.023429179978700754e-01,8.055155875299760737e+00,5.203836930455635335e-01,4.258992805755395850e+00
1.122106717576201618e+01,7.987220447284344715e-02,8.413205537806177359e-02,2.225772097976570774e-01,7.980815347721822661e+00,4.028776978417266119e-01,4.364508393285372101e+00
1.122602391505765063e+01,8.732694355697551147e-02,7.774227902023429781e-02,2.481363152289669805e-01,7.937649880095923649e+00,2.302158273381295084e-01,4.510791366906475197e+00
1.123098065435328508e+01,1.054313099041533502e-01,6.389776357827475772e-02,2.758253461128860606e-01,7.976019184652278327e+00,-3.597122302158273222e-02,4.529976019184652536e+00
1.123593739364891952e+01,1.203407880724174650e-01,4.792332268370606829e-02,2.928647497337593109e-01,8.107913669064748419e+00,-3.237410071942445899e-01,4.489208633093524803e+00
1.124089413294455397e+01,1.256656017039403661e-01,2.981895633652822258e-02,2.939297124600638855e-01,8.326139088729016535e+00,-4.724220623501199090e-01,4.434052757793764954e+00
1.124585087224018842e+01,1.182108626198083018e-01,8.519701810436635520e-03,2.768903088391906353e-01,8.546762589928057707e+00,-5.587529976019184330e-01,4.270983213429256686e+00
1.125080761153582287e+01,1.001064962726304630e-01,-6.389776357827475772e-03,2.587859424920127549e-01,8.630695443645084453e+00,-5.299760191846523139e-01,4.057553956834532016e+00
1.125576435083145732e+01,7.774227902023429781e-02,-5.324813631522896766e-03,2.438764643237486818e-01,8.700239808153476417e+00,-4.604316546762590168e-01,3.901678657074340695e+00
1.126072109012709177e+01,5.431309904153354406e-02,1.064962726304579440e-03,2.353567625133120289e-01,8.781774580335731883e+00,-3.908872901678657197e-01,3.834532374100719565e+00
1.126567782942272622e+01,3.088391906283280072e-02,8.519701810436635520e-03,2.321618743343983049e-01,8.844124700239808234e+00,-3.573141486810551548e-01,3.841726618705036067e+00
1.127063456871836067e+01,7.454739084132055646e-03,7.454739084132055646e-03,2.300319488817891278e-01,8.863309352517985573e+00,-3.045563549160671402e-01,3.772182254196642770e+00
1.127559130801399512e+01,-1.597444089456868943e-02,6.389776357827475772e-03,2.268370607028754038e-01,8.889688249400480302e+00,-2.685851318944844079e-01,3.556354916067146377e+00
1.128054804730962957e+01,-3.833865814696485463e-02,1.703940362087327104e-02,2.268370607028754038e-01,8.911270983213428920e+00,-2.853717026378896904e-01,3.374100719424460326e+00
1.128550478660526402e+01,-5.111821086261980618e-02,4.153354632587859252e-02,2.332268370607028796e-01,8.968824940047960936e+00,-3.237410071942445899e-01,3.371702637889688159e+00
1.129046152590089847e+01,-5.750798722044728195e-02,7.135250266240682204e-02,2.342917997870074542e-01,9.074340527577938076e+00,-4.532374100719424592e-01,3.412470023980815448e+00
1.129541826519653291e+01,-6.176783812566560145e-02,9.478168264110756192e-02,2.257720979765708291e-01,9.131894484412470092e+00,-5.611510791366906004e-01,3.503597122302158251e+00
1.130037500449216736e+01,-5.750798722044728195e-02,1.118210862619808260e-01,2.076677316293929765e-01,9.139088729016785706e+00,-6.474820143884891799e-01,3.558752997601918544e+00
1.130533174378780181e+01,-5.005324813631523151e-02,1.352502662406815659e-01,1.874334398296059745e-01,9.093525179856115415e+00,-6.858513189448440794e-01,3.649880095923261347e+00
1.131028848308343626e+01,-3.088391906283280072e-02,1.565495207667731703e-01,1.703940362087326965e-01,9.098321342925659749e+00,-7.721822541966426590e-01,3.781774580335731439e+00
1.131524522237907071e+01,-7.454739084132055646e-03,1.682641107561235472e-01,1.501597444089456945e-01,9.088729016786571080e+00,-8.585131894484412385e-01,3.992805755395683498e+00
1.132020196167470516e+01,2.129925452609158706e-02,1.671991480298189447e-01,1.309904153354632672e-01,9.052757793764987682e+00,-8.513189448441247364e-01,4.136690647482014427e+00
1.132515870097033783e+01,5.111821086261980618e-02,1.554845580404685956e-01,1.171458998935037271e-01,9.069544364508393741e+00,-7.817745803357314394e-01,4.184652278177457774e+00
1.133011544026597228e+01,7.561235356762513460e-02,1.427050053248136441e-01,1.086261980830670881e-01,9.050359712230216402e+00,-6.954436450839328598e-01,4.179856115107913439e+00
1.133507217956160673e+01,9.371671991480298725e-02,1.341853035143769912e-01,1.075612353567625135e-01,9.091127098321342359e+00,-6.426858513189448452e-01,4.105515587529976251e+00
1.134002891885724118e+01,1.022364217252396124e-01,1.256656017039403661e-01,1.043663471778487756e-01,9.151079136690647431e+00,-6.067146282973621130e-01,4.007194244604316502e+00
1.134498565815287563e+01,9.904153354632587447e-02,1.203407880724174650e-01,9.478168264110756192e-02,9.191846522781775164e+00,-5.131894484412470314e-01,3.894484412470024193e+00
1.134994239744851008e+01,8.839190628328008614e-02,1.182108626198083018e-01,8.945686900958466081e-02,9.175059952038369104e+00,-3.357314148681055377e-01,3.781774580335731439e+00
1.135489913674414453e+01,7.028753993610223350e-02,1.235356762513312029e-01,9.158679446219382403e-02,9.177458033573142160e+00,-2.278177458033573133e-01,3.673860911270983021e+00
1.135985587603977898e+01,4.792332268370606829e-02,1.384451544195953177e-01,1.022364217252396124e-01,9.232613908872901121e+00,-1.990407673860911386e-01,3.611510791366906670e+00
1.136481261533541343e+01,1.916932907348242732e-02,1.586794462193823196e-01,1.096911608093716767e-01,9.220623501199041172e+00,-1.894484412470023860e-01,3.654676258992805682e+00
1.136976935463104788e+01,-8.519701810436635520e-03,1.746538871139510229e-01,1.160809371671991524e-01,9.167865707434053490e+00,-2.038369304556355011e-01,3.743405275779376318e+00
1.137472609392668232e+01,-3.407880724174654208e-02,1.831735889243876481e-01,1.246006389776357776e-01,9.110311750599519698e+00,-2.230215827338129508e-01,3.904076738609112862e+00
1.137968283322231677e+01,-5.537806176783812567e-02,1.874334398296059745e-01,1.331203407880724165e-01,9.083932853717026745e+00,-3.261390887290168128e-01,4.016786570743405171e+00
1.138463957251795122e+01,-6.709265175718849561e-02,1.895633652822151238e-01,1.395101171458998923e-01,9.141486810551558762e+00,-4.820143884892086339e-01,4.112709832134292753e+00
1.138959631181358567e+01,-7.241746538871139671e-02,1.895633652822151238e-01,1.405750798722044670e-01,9.175059952038369104e+00,-6.642685851318944623e-01,4.270983213429256686e+00
1.139455305110922012e+01,-6.389776357827475772e-02,1.831735889243876481e-01,1.384451544195953177e-01,9.237410071942445455e+00,-8.441247002398081234e-01,4.378896882494005105e+00
1.139950979040485457e+01,-4.792332268370606829e-02,1.767838125665601723e-01,1.309904153354632672e-01,9.263788968824940184e+00,-1.031175059952038398e+00,4.458033573141486627e+00
1.140446652970048902e+01,-2.236421725239616520e-02,1.714589989350372712e-01,1.182108626198083018e-01,9.314148681055156587e+00,-1.143884892086330929e+00,4.553956834532374209e+00
1.140942326899612347e+01,1.171458998935037341e-02,1.661341853035143701e-01,1.086261980830670881e-01,9.268585131894484519e+00,-1.136690647482014427e+00,4.664268585131894795e+00
1.141438000829175792e+01,4.366347177848775574e-02,1.501597444089456945e-01,1.022364217252396124e-01,9.206235011990408168e+00,-1.107913669064748197e+00,4.784172661870503163e+00
1.141933674758739237e+01,6.815761448349308416e-02,1.267305644302449408e-01,9.691160809371672513e-02,9.124700239808152702e+00,-1.064748201438848962e+00,4.776978417266186661e+00
1.142429348688302682e+01,8.626198083067092293e-02,9.797657082002129980e-02,9.052183173588924936e-02,9.086330935251798024e+00,-9.280575539568345356e-01,4.741007194244604150e+00
1.142925022617866126e+01,9.265175718849839870e-02,6.815761448349308416e-02,8.306709265175718504e-02,9.026378896882494729e+00,-7.050359712230215292e-01,4.645083932853717457e+00
1.143420696547429571e+01,8.519701810436634826e-02,3.727369542066027996e-02,8.519701810436634826e-02,8.976019184652278327e+00,-5.227817745803357008e-01,4.515587529976019532e+00
1.143916370476993016e+01,7.135250266240682204e-02,1.171458998935037341e-02,9.797657082002129980e-02,9.011990407673861725e+00,-4.028776978417266119e-01,4.299760191846522694e+00
1.144412044406556461e+01,4.898828541001064990e-02,-3.194888178913737886e-03,1.096911608093716767e-01,9.000000000000000000e+00,-3.573141486810551548e-01,4.117505995203837088e+00
1.144907718336119906e+01,1.384451544195953142e-02,-1.171458998935037341e-02,1.203407880724174650e-01,8.961630695443645322e+00,-2.685851318944844079e-01,4.043165467625899012e+00
1.145403392265683351e+01,-2.129925452609158706e-02,-1.703940362087327104e-02,1.363152289669861683e-01,8.956834532374100988e+00,-1.894484412470023860e-01,3.997601918465227833e+00
1.145899066195246796e+01,-5.857294994675186356e-02,-2.236421725239616520e-02,1.565495207667731703e-01,8.995203836930455665e+00,-1.966426858513189435e-01,3.928057553956834536e+00
1.146394740124810241e+01,-9.265175718849839870e-02,-2.342917997870074681e-02,1.735889243876464205e-01,9.021582733812950394e+00,-3.021582733812949728e-01,3.836930455635491732e+00
1.146890414054373686e+01,-1.256656017039403661e-01,-2.023429179978700893e-02,1.831735889243876481e-01,9.059952038369305072e+00,-4.196642685851318944e-01,3.800959232613908778e+00
1.147386087983937131e+01,-1.533546325878594185e-01,-1.810436634717784918e-02,1.821086261980830734e-01,9.088729016786571080e+00,-4.604316546762590168e-01,3.796163069544364443e+00
1.147881761913500576e+01,-1.757188498402555976e-01,-1.810436634717784918e-02,1.831735889243876481e-01,9.083932853717026745e+00,-5.059952038369304184e-01,3.784172661870503607e+00
1.148377435843064021e+01,-1.895633652822151238e-01,-1.597444089456868943e-02,1.821086261980830734e-01,9.158273381294964821e+00,-6.282973621103117301e-01,3.664268585131894351e+00
1.148873109772627465e+01,-1.991480298189563236e-01,-3.194888178913737886e-03,1.799787007454738963e-01,9.227817745803356786e+00,-7.266187050359712574e-01,3.546762589928057707e+00
1.149368783702190910e+01,-1.980830670926517489e-01,1.490947816826411129e-02,1.661341853035143701e-01,9.237410071942445455e+00,-8.657074340527577405e-01,3.573141486810551548e+00
1.149864457631754355e+01,-1.916932907348242732e-01,2.981895633652822258e-02,1.469648562300319428e-01,9.242206235011989790e+00,-9.568345323741007658e-01,3.659472422062350017e+00
1.150360131561317800e+01,-1.757188498402555976e-01,3.940362087326943624e-02,1.309904153354632672e-01,9.235011990407674176e+00,-1.007194244604316502e+00,3.664268585131894351e+00
1.150855805490881245e+01,-1.522896698615548439e-01,4.685835995740149362e-02,1.139510117145899892e-01,9.235011990407674176e+00,-1.026378896882494063e+00,3.573141486810551548e+00
1.151351479420444690e+01,-1.246006389776357776e-01,6.070287539936101984e-02,9.904153354632587447e-02,9.285371702637888802e+00,-9.904076738609112196e-01,3.510791366906474753e+00
1.151847153350008135e+01,-9.158679446219382403e-02,7.987220447284344715e-02,8.306709265175718504e-02,9.203836930455635112e+00,-9.616306954436451004e-01,3.541966426858513373e+00
1.152342827279571580e+01,-6.389776357827475772e-02,9.584664536741213658e-02,7.135250266240682204e-02,9.117505995203837088e+00,-9.400479616306954833e-01,3.640287769784172678e+00
1.152838501209135025e+01,-3.833865814696485463e-02,9.797657082002129980e-02,5.963791267305644517e-02,9.112709832134292753e+00,-9.064748201438849184e-01,3.731414868105515481e+00
1.153334175138698470e+01,-1.810436634717784918e-02,9.478168264110756192e-02,4.472843450479233041e-02,9.100719424460431028e+00,-8.752997601918465209e-01,3.697841726618705138e+00
1.153829849068261915e+01,-2.129925452609158880e-03,9.691160809371672513e-02,2.555910543130990309e-02,9.093525179856115415e+00,-7.697841726618704916e-01,3.611510791366906670e+00
1.154325522997825360e+01,1.064962726304579353e-02,1.022364217252396124e-01,1.384451544195953142e-02,9.091127098321342359e+00,-6.306954436450838974e-01,3.541966426858513373e+00
1.154821196927388804e+01,1.703940362087327104e-02,1.139510117145899892e-01,1.277955271565495154e-02,9.035971223021583398e+00,-5.443645083932853179e-01,3.599520383693045389e+00
1.155316870856952249e+01,1.916932907348242732e-02,1.277955271565495154e-01,1.597444089456868943e-02,9.000000000000000000e+00,-5.107913669064748641e-01,3.628297362110311841e+00
1.155812544786515694e+01,1.384451544195953142e-02,1.331203407880724165e-01,1.490947816826411129e-02,9.000000000000000000e+00,-5.083932853717025857e-01,3.671462829736210853e+00
1.156308218716079139e+01,2.129925452609158880e-03,1.352502662406815659e-01,6.389776357827475772e-03,8.930455635491606259e+00,-4.820143884892086339e-01,3.702637889688249473e+00
1.156803892645642584e+01,-1.597444089456868943e-02,1.363152289669861683e-01,2.129925452609158880e-03,8.884892086330935967e+00,-4.124700239808153368e-01,3.659472422062350017e+00
1.157299566575206029e+01,-2.981895633652822258e-02,1.416400425985090417e-01,3.194888178913737886e-03,8.887290167865707247e+00,-4.052757793764987793e-01,3.676258992805755188e+00
1.157795240504769474e+01,-4.792332268370606829e-02,1.533546325878594185e-01,5.324813631522896766e-03,8.911270983213428920e+00,-4.412470023980815115e-01,3.743405275779376318e+00
1.158290914434332919e+01,-5.857294994675186356e-02,1.650692225772097954e-01,8.519701810436635520e-03,8.896882494004795916e+00,-4.748201438848920763e-01,3.901678657074340695e+00
1.158786588363896364e+01,-6.496272630457934627e-02,1.693290734824281218e-01,7.454739084132055646e-03,8.901678657074340251e+00,-5.467625899280575963e-01,4.040767386091126845e+00
1.159282262293459809e+01,-7.028753993610223350e-02,1.629392971246006461e-01,7.454739084132055646e-03,8.872901678657074243e+00,-5.755395683453237154e-01,4.203836930455635112e+00
1.159777936223023254e+01,-6.709265175718849561e-02,1.533546325878594185e-01,8.519701810436635520e-03,8.836930455635490844e+00,-5.707434052757793808e-01,4.266187050359712352e+00
1.160273610152586699e+01,-6.389776357827475772e-02,1.405750798722044670e-01,1.597444089456868943e-02,8.868105515587529908e+00,-5.443645083932853179e-01,4.268585131894484519e+00
1.160769284082150143e+01,-5.537806176783812567e-02,1.299254526091586925e-01,2.875399361022364098e-02,8.923261390887290645e+00,-5.131894484412470314e-01,4.285371702637889690e+00
1.161264958011713588e+01,-5.218317358892438779e-02,1.246006389776357776e-01,4.366347177848775574e-02,8.976019184652278327e+00,-5.083932853717025857e-01,4.266187050359712352e+00
1.161760631941277033e+01,-5.324813631522896940e-02,1.203407880724174650e-01,6.070287539936101984e-02,8.942446043165467984e+00,-5.011990407673860837e-01,4.275779376498801021e+00
1.162256305870840478e+01,-6.070287539936101984e-02,1.139510117145899892e-01,7.348242811501597138e-02,8.889688249400480302e+00,-5.011990407673860837e-01,4.330935251798560870e+00
1.162751979800403923e+01,-6.815761448349308416e-02,1.064962726304579388e-01,8.413205537806177359e-02,8.827338129496402175e+00,-5.635491606714628787e-01,4.438848920863309289e+00
1.163247653729967368e+01,-7.987220447284344715e-02,8.945686900958466081e-02,9.371671991480298725e-02,8.803357314148680501e+00,-6.043165467625899456e-01,4.496402877697841305e+00
1.163743327659530813e+01,-9.797657082002129980e-02,7.135250266240682204e-02,9.904153354632587447e-02,8.810551558752997892e+00,-6.546762589928057929e-01,4.539568345323741205e+00
1.164239001589094258e+01,-1.171458998935037271e-01,5.005324813631523151e-02,9.584664536741213658e-02,8.786570743405276218e+00,-7.002398081534771945e-01,4.496402877697841305e+00
1.164734675518657703e+01,-1.373801916932907430e-01,3.301384451544196047e-02,9.265175718849839870e-02,8.800959232613909222e+00,-7.769784172661871047e-01,4.505995203836930862e+00
1.165230349448221148e+01,-1.597444089456868943e-01,2.662406815761448470e-02,8.626198083067092293e-02,8.808153477218224836e+00,-8.776978417266186883e-01,4.496402877697841305e+00
1.165726023377784593e+01,-1.789137380191693216e-01,1.490947816826411129e-02,7.561235356762513460e-02,8.863309352517985573e+00,-9.736211031175060482e-01,4.546762589928057707e+00
1.166221697307348037e+01,-1.959531416400425996e-01,1.064962726304579440e-03,6.283280085197018305e-02,8.896882494004795916e+00,-1.093525179856115193e+00,4.534772182254196871e+00
1.166717371236911482e+01,-2.076677316293929765e-01,-9.584664536741213658e-03,4.153354632587859252e-02,8.937649880095923649e+00,-1.206235011990407724e+00,4.522781774580336034e+00
1.167213045166474927e+01,-2.193823216187433534e-01,-1.171458998935037341e-02,1.597444089456868943e-02,8.971223021582733992e+00,-1.199040767386091222e+00,4.496402877697841305e+00
1.167708719096038372e+01,-2.268370607028754038e-01,-1.597444089456868943e-02,-5.324813631522896766e-03,8.916067146282973255e+00,-1.172661870503597159e+00,4.520383693045563867e+00
1.168204393025601817e+01,-2.300319488817891278e-01,-2.129925452609158706e-02,-2.555910543130990309e-02,8.904076738609113306e+00,-1.172661870503597159e+00,4.527577937649880369e+00
1.168700066955165262e+01,-2.310969116080937302e-01,-2.662406815761448470e-02,-4.153354632587859252e-02,8.872901678657074243e+00,-1.129496402877697925e+00,4.460431654676258795e+00
1.169195740884728707e+01,-2.279020234291799785e-01,-3.620873269435569836e-02,-5.857294994675186356e-02,8.880095923261391633e+00,-1.093525179856115193e+00,4.350119904076738209e+00
1.169691414814292152e+01,-2.236421725239616520e-01,-4.259850905218317413e-02,-7.667731629392970927e-02,8.930455635491606259e+00,-1.028776978417266230e+00,4.263788968824940184e+00
1.170187088743855597e+01,-2.204472843450479280e-01,-4.472843450479233041e-02,-8.626198083067092293e-02,8.940047961630694928e+00,-9.448441247002398180e-01,4.151079136690647431e+00
1.170682762673419042e+01,-2.151224707135250269e-01,-3.620873269435569836e-02,-9.371671991480298725e-02,8.918465227817746310e+00,-8.824940047961630230e-01,4.045563549160671180e+00
1.171178436602982487e+01,-2.066027689030884018e-01,-2.555910543130990309e-02,-9.158679446219382403e-02,8.894484412470024637e+00,-8.441247002398081234e-01,4.000000000000000000e+00
1.171674110532545932e+01,-1.991480298189563236e-01,-1.490947816826411129e-02,-8.839190628328008614e-02,8.889688249400480302e+00,-8.369304556354916214e-01,3.947242206235011874e+00
1.172169784462109376e+01,-1.874334398296059745e-01,-2.129925452609158880e-03,-8.519701810436634826e-02,8.882494004796162912e+00,-8.848920863309353013e-01,3.964028776978417046e+00
1.172665458391672821e+01,-1.810436634717784987e-01,1.064962726304579353e-02,-8.093716719914803570e-02,8.860911270983214294e+00,-8.824940047961630230e-01,3.961630695443644878e+00
1.173161132321236266e+01,-1.735889243876464205e-01,2.023429179978700893e-02,-7.774227902023429781e-02,8.841726618705035179e+00,-8.752997601918465209e-01,3.983213429256594829e+00
1.173656806250799711e+01,-1.629392971246006461e-01,2.875399361022364098e-02,-7.348242811501597138e-02,8.805755395683453557e+00,-9.208633093525180335e-01,4.055155875299759849e+00
1.174152480180363156e+01,-1.533546325878594185e-01,4.259850905218317413e-02,-6.496272630457934627e-02,8.844124700239808234e+00,-1.035971223021582732e+00,4.062350119904076351e+00
1.174648154109926601e+01,-1.469648562300319428e-01,5.644302449414270728e-02,-6.283280085197018305e-02,8.836930455635490844e+00,-1.134292565947242259e+00,4.146282973621103096e+00
1.175143828039490046e+01,-1.416400425985090417e-01,5.963791267305644517e-02,-6.709265175718849561e-02,8.781774580335731883e+00,-1.148681055155875264e+00,4.273381294964028854e+00
1.175639501969053491e+01,-1.437699680511182188e-01,5.750798722044728195e-02,-7.348242811501597138e-02,8.788968824940047497e+00,-1.155875299760191766e+00,4.323741007194244368e+00
1.176135175898616936e+01,-1.501597444089456945e-01,5.005324813631523151e-02,-8.093716719914803570e-02,8.791366906474820553e+00,-1.158273381294963933e+00,4.304556354916067029e+00
1.176630849828180381e+01,-1.608093716719914690e-01,4.898828541001064990e-02,-8.732694355697551147e-02,8.822541966426857840e+00,-1.107913669064748197e+00,4.256594724220623682e+00
1.177126523757743826e+01,-1.746538871139510229e-01,5.431309904153354406e-02,-9.478168264110756192e-02,8.839328537170263900e+00,-1.083932853717026301e+00,4.314148681055155699e+00
1.177622197687307271e+01,-1.916932907348242732e-01,5.750798722044728195e-02,-9.904153354632587447e-02,8.810551558752997892e+00,-1.043165467625899234e+00,4.448441247002397958e+00
1.178117871616870715e+01,-2.066027689030884018e-01,5.005324813631523151e-02,-1.022364217252396124e-01,8.666666666666666075e+00,-1.019184652278177561e+00,4.470023980815347464e+00
1.178613545546434160e+01,-2.289669861554845531e-01,4.259850905218317413e-02,-1.011714589989350377e-01,8.637889688249400066e+00,-9.184652278177457552e-01,4.426858513189448452e+00
1.179109219475997605e+01,-2.545260915867944562e-01,4.046858359957401785e-02,-1.022364217252396124e-01,8.621103117505995783e+00,-9.400479616306954833e-01,4.414868105515587615e+00
1.179604893405561050e+01,-2.800851970181043593e-01,3.407880724174654208e-02,-1.054313099041533502e-01,8.568345323741006325e+00,-9.232613908872902009e-01,4.426858513189448452e+00
1.180100567335124495e+01,-3.024494142705005384e-01,2.981895633652822258e-02,-1.043663471778487756e-01,8.515587529976018644e+00,-9.784172661870503829e-01,4.462829736211030962e+00
1.180596241264687940e+01,-3.162939297124600646e-01,2.768903088391906284e-02,-1.001064962726304630e-01,8.589928057553956720e+00,-1.139088729016786594e+00,4.402877697841726778e+00
1.181091915194251385e+01,-3.386581469648562437e-01,2.555910543130990309e-02,-1.064962726304579388e-01,8.544364508393284652e+00,-1.213429256594724226e+00,4.522781774580336034e+00
1.181587589123814830e+01,-3.354632587859425197e-01,1.277955271565495154e-02,-1.160809371671991524e-01,8.609112709832134058e+00,-1.275779376498801021e+00,4.467625899280575297e+00
1.182083263053378275e+01,-3.258785942492012921e-01,1.064962726304579440e-03,-1.203407880724174650e-01,8.616306954436451448e+00,-1.292565947242206192e+00,4.208633093525179447e+00
1.182578936982941720e+01,-3.194888178913737886e-01,9.584664536741213658e-03,-1.192758253461128903e-01,8.621103117505995783e+00,-1.326139088729016757e+00,4.270983213429256686e+00
1.183074610912505165e+01,-3.067092651757188371e-01,2.662406815761448470e-02,-1.203407880724174650e-01,8.717026378896882477e+00,-1.402877697841726556e+00,4.206235011990407280e+00
1.183570284842068610e+01,-3.056443024494142624e-01,3.407880724174654208e-02,-1.331203407880724165e-01,8.745803357314148485e+00,-1.510791366906474753e+00,4.398081534772182444e+00
1.184065958771632054e+01,-3.003194888178913891e-01,3.301384451544196047e-02,-1.544195953141639932e-01,8.752997601918465875e+00,-1.501199040767386084e+00,4.311750599520383531e+00
1.184561632701195499e+01,-3.130990415335463406e-01,3.088391906283280072e-02,-1.821086261980830734e-01,8.707434052757793808e+00,-1.359712230215827322e+00,4.383693045563549440e+00
1.185057306630758944e+01,-3.141640042598509153e-01,2.555910543130990309e-02,-2.012779552715655007e-01,8.659472422062350461e+00,-1.211031175059952059e+00,4.258992805755395850e+00
1.185552980560322389e+01,-3.248136315228967175e-01,2.768903088391906284e-02,-2.066027689030884018e-01,8.657074340527577405e+00,-1.139088729016786594e+00,4.235011990407674176e+00
1.186048654489885834e+01,-3.343982960596378895e-01,3.833865814696485463e-02,-2.055378061767837994e-01,8.659472422062350461e+00,-1.045563549160671402e+00,4.170263788968824770e+00
1.186544328419449279e+01,-3.482428115015974712e-01,4.898828541001064990e-02,-2.076677316293929765e-01,8.637889688249400066e+00,-9.592326139088729331e-01,4.223021582733813339e+00
1.187040002349012724e+01,-3.684771033013844455e-01,5.005324813631523151e-02,-2.087326943556975511e-01,8.599520383693045389e+00,-9.208633093525180335e-01,4.342925659472421707e+00
1.187535676278576169e+01,-3.929712460063897739e-01,5.111821086261980618e-02,-2.055378061767837994e-01,8.470023980815348352e+00,-9.424460431654676507e-01,4.376498800959232938e+00
1.188031350208139614e+01,-4.153354632587859530e-01,4.685835995740149362e-02,-2.066027689030884018e-01,8.441247002398082344e+00,-1.064748201438848962e+00,4.529976019184652536e+00
1.188527024137703059e+01,-4.323748668796592032e-01,3.407880724174654208e-02,-2.140575079872204523e-01,8.460431654676259683e+00,-1.170263788968824992e+00,4.582733812949640217e+00
1.189022698067266504e+01,-4.515441959531416583e-01,1.490947816826411129e-02,-2.268370607028754038e-01,8.458033573141486627e+00,-1.215827338129496393e+00,4.688249400479616469e+00
1.189518371996829949e+01,-4.589989350372736809e-01,-2.129925452609158880e-03,-2.321618743343983049e-01,8.443645083932853623e+00,-1.160671462829736100e+00,4.589928057553956720e+00
1.190014045926393393e+01,-4.685835995740149085e-01,-1.384451544195953142e-02,-2.310969116080937302e-01,8.505995203836929974e+00,-1.213429256594724226e+00,4.508393285371703030e+00
1.190509719855956838e+01,-4.739084132055377818e-01,-1.703940362087327104e-02,-2.374866879659212060e-01,8.606714628297362779e+00,-1.299760191846522694e+00,4.393285371702638109e+00
1.191005393785520283e+01,-4.866879659211927334e-01,-1.384451544195953142e-02,-2.513312034078807322e-01,8.693045563549160804e+00,-1.270983213429256686e+00,4.455635491606714460e+00
1.191501067715083728e+01,-5.015974440894568342e-01,-1.597444089456868943e-02,-2.694355697550585571e-01,8.676258992805754744e+00,-1.189448441247002330e+00,4.482014388489208301e+00
1.191996741644647173e+01,-5.133120340788072111e-01,-2.236421725239616520e-02,-2.758253461128860606e-01,8.647482014388488736e+00,-1.100719424460431695e+00,4.395683453237410276e+00
1.192492415574210618e+01,-5.228966986155484387e-01,-2.236421725239616520e-02,-2.790202342917997846e-01,8.642685851318944401e+00,-1.117505995203836866e+00,4.306954436450839196e+00
1.192988089503774063e+01,-5.356762513312034457e-01,-1.384451544195953142e-02,-2.800851970181043593e-01,8.649880095923261791e+00,-1.059952038369304628e+00,4.225419664268585507e+00
1.193483763433337508e+01,-5.473908413205538226e-01,-1.064962726304579440e-03,-2.832800851970180833e-01,8.664268585131894795e+00,-1.045563549160671402e+00,4.270983213429256686e+00
1.193979437362900953e+01,-5.591054313099041995e-01,5.324813631522896766e-03,-2.843450479233226580e-01,8.681055155875299079e+00,-1.014388489208633004e+00,4.242206235011990678e+00
1.194475111292464398e+01,-5.772097976570820244e-01,1.277955271565495154e-02,-2.875399361022364375e-01,8.647482014388488736e+00,-1.040767386091127067e+00,4.266187050359712352e+00
1.194970785222027843e+01,-5.931842385516506999e-01,2.342917997870074681e-02,-2.960596379126730349e-01,8.568345323741006325e+00,-1.057553956834532460e+00,4.270983213429256686e+00
1.195466459151591287e+01,-6.112886048988285248e-01,3.088391906283280072e-02,-3.024494142705005384e-01,8.522781774580336034e+00,-1.091127098321343025e+00,4.340527577937649539e+00
1.195962133081154732e+01,-6.261980830670926812e-01,3.088391906283280072e-02,-3.067092651757188371e-01,8.539568345323740317e+00,-1.074340527577937632e+00,4.350119904076738209e+00
1.196457807010718177e+01,-6.411075612353567266e-01,3.194888178913737886e-02,-3.152289669861554899e-01,8.601918465227818444e+00,-1.086330935251798468e+00,4.239808153477218511e+00
1.196953480940281622e+01,-6.538871139510117336e-01,3.833865814696485463e-02,-3.258785942492012921e-01,8.618705035971222728e+00,-1.119904076738609033e+00,4.141486810551558762e+00
1.197449154869845067e+01,-6.666666666666666297e-01,5.537806176783812567e-02,-3.397231096911608184e-01,8.661870503597121740e+00,-1.081534772182254134e+00,4.069544364508392853e+00
1.197944828799408512e+01,-6.794462193823216367e-01,7.454739084132055993e-02,-3.450479233226836917e-01,8.575539568345323715e+00,-1.107913669064748197e+00,4.146282973621103096e+00
1.198440502728971957e+01,-6.858359957401490847e-01,8.626198083067092293e-02,-3.461128860489882664e-01,8.570743405275779381e+00,-1.215827338129496393e+00,4.256594724220623682e+00
1.198936176658535402e+01,-6.869009584664537149e-01,8.945686900958466081e-02,-3.503727369542066206e-01,8.724220623501199867e+00,-1.383693045563549218e+00,4.242206235011990678e+00
1.199431850588098847e+01,-6.911608093716720136e-01,9.904153354632587447e-02,-3.780617678381256730e-01,8.784172661870503163e+00,-1.431654676258992787e+00,4.278177458033573188e+00
1.199927524517662292e+01,-6.996805111821086109e-01,1.150159744408945639e-01,-4.089456869009584494e-01,8.764988009592325824e+00,-1.381294964028777050e+00,4.393285371702638109e+00
1.200423198447225737e+01,-6.996805111821086109e-01,1.256656017039403661e-01,-4.313099041533546285e-01,8.681055155875299079e+00,-1.390887290167865720e+00,4.417266187050359783e+00
1.200918872376789182e+01,-6.996805111821086109e-01,1.309904153354632672e-01,-4.526091586794462329e-01,8.592326139088729775e+00,-1.489208633093525247e+00,4.366906474820144268e+00
1.201414546306352626e+01,-7.007454739084132411e-01,1.309904153354632672e-01,-4.771033013844515613e-01,8.647482014388488736e+00,-1.582733812949640217e+00,4.412470023980815448e+00
1.201910220235916071e+01,-6.986155484558040918e-01,1.246006389776357776e-01,-5.037273695420659836e-01,8.642685851318944401e+00,-1.573141486810551548e+00,4.486810551558752636e+00
1.202405894165479516e+01,-6.719914802981895585e-01,1.203407880724174650e-01,-5.346112886048988155e-01,8.666666666666666075e+00,-1.479616306954436356e+00,4.287769784172661858e+00
1.202901568095042961e+01,-6.485623003194888048e-01,1.373801916932907430e-01,-5.537806176783812706e-01,8.748201438848921541e+00,-1.405275779376498724e+00,4.064748201438848518e+00
1.203397242024606406e+01,-6.325878594249201292e-01,1.703940362087326965e-01,-5.708200212992545763e-01,8.805755395683453557e+00,-1.256594724220623460e+00,4.182254196642685606e+00
1.203892915954169851e+01,-6.048988285410010768e-01,1.959531416400425996e-01,-5.750798722044728750e-01,8.654676258992806126e+00,-9.928057553956834980e-01,4.268585131894484519e+00
1.204388589883733296e+01,-5.910543130990415506e-01,2.076677316293929765e-01,-5.601703940362087186e-01,8.486810551558752636e+00,-9.088729016786570858e-01,4.633093525179855732e+00
1.204884263813296741e+01,-5.729499467518637257e-01,2.076677316293929765e-01,-5.452609158679446733e-01,8.520383693045562978e+00,-1.059952038369304628e+00,4.633093525179855732e+00
1.205379937742860186e+01,-5.857294994675186217e-01,1.948881789137380249e-01,-5.623003194888178680e-01,8.585131894484412385e+00,-1.177458033573141494e+00,4.844124700239808234e+00
1.205875611672423631e+01,-5.899893503727369204e-01,1.746538871139510229e-01,-5.985090521831736288e-01,8.407673860911270225e+00,-1.023980815347721895e+00,4.853717026378896904e+00
1.206371285601987076e+01,-5.995740149094781479e-01,1.576144834930777450e-01,-6.176783812566559728e-01,8.261390887290167129e+00,-8.225419664268585063e-01,4.882494004796162912e+00
1.206866959531550521e+01,-5.995740149094781479e-01,1.480298189563365174e-01,-6.166134185303514537e-01,8.235011990407674176e+00,-7.625899280575539896e-01,4.851318944844124736e+00
1.207362633461113965e+01,-6.027689030883919274e-01,1.395101171458998923e-01,-6.112886048988285248e-01,8.335731414868105205e+00,-8.561151079136690711e-01,4.865707434052757741e+00
1.207858307390677410e+01,-5.985090521831736288e-01,1.256656017039403661e-01,-6.198083067092651222e-01,8.199040767386090778e+00,-8.081534772182253912e-01,5.052757793764987682e+00
1.208353981320240855e+01,-5.740149094781682448e-01,1.267305644302449408e-01,-6.166134185303514537e-01,7.633093525179855732e+00,-6.402877697841726778e-01,5.647482014388489624e+00
1.208849655249804300e+01,-5.186368477103301400e-01,1.139510117145899892e-01,-5.697550585729499462e-01,8.940047961630694928e+00,-1.374100719424460326e+00,7.211031175059951615e+00
1.209345329179367745e+01,-4.451544195953141547e-01,-4.259850905218317760e-03,-6.038338658146964466e-01,9.565947242206235046e+00,-1.611510791366906448e+00,7.218225419664269005e+00
1.209841003108931190e+01,-4.579339723109691063e-01,-1.640042598509052207e-01,-6.954206602768903123e-01,9.026378896882494729e+00,-1.023980815347721895e+00,6.793764988009592720e+00
1.210336677038494457e+01,-4.313099041533546285e-01,-2.396166134185303553e-01,-7.358892438764643718e-01,8.700239808153476417e+00,-1.726618705035971313e-01,5.184652278177457774e+00
1.210832350968057902e+01,-4.472843450479233041e-01,-2.151224707135250269e-01,-7.082002129925452083e-01,9.064748201438849406e+00,1.942446043165467762e-01,4.817745803357314394e+00
1.211328024897621347e+01,-4.515441959531416583e-01,-1.884984025559105492e-01,-6.741214057507987079e-01,9.266187050359711463e+00,4.316546762589927866e-01,4.256594724220623682e+00
1.211823698827184792e+01,-5.122470713525026920e-01,-1.725239616613418459e-01,-6.517571884984025843e-01,8.952038369304556653e+00,6.642685851318944623e-01,3.796163069544364443e+00
1.212319372756748237e+01,-5.793397231096911737e-01,-1.331203407880724165e-01,-6.251331203407880510e-01,8.597122302158274110e+00,8.848920863309353013e-01,3.621103117505995339e+00
1.212815046686311682e+01,-6.379126730564430581e-01,-7.454739084132055993e-02,-5.772097976570820244e-01,8.681055155875299079e+00,9.448441247002398180e-01,3.549160671462829875e+00
1.213310720615875127e+01,-7.060702875399360590e-01,-3.407880724174654208e-02,-5.250266240681575880e-01,8.750599520383692820e+00,8.297362110311750083e-01,4.249400479616307180e+00
1.213806394545438572e+01,-7.316293929712459621e-01,-2.875399361022364098e-02,-4.781682641107561360e-01,8.633093525179855732e+00,7.290167865707434247e-01,4.383693045563549440e+00
1.214302068475002017e+01,-7.763578274760383202e-01,-3.620873269435569836e-02,-4.376996805111821320e-01,8.561151079136690711e+00,4.172661870503597270e-01,5.062350119904076351e+00
1.214797742404565462e+01,-7.678381256656017229e-01,-5.431309904153354406e-02,-4.132055378061768036e-01,8.606714628297362779e+00,1.846522781774580235e-01,5.146282973621103096e+00
1.215293416334128906e+01,-7.678381256656017229e-01,-8.732694355697551147e-02,-4.014909478168264267e-01,8.707434052757793808e+00,6.474820143884892076e-02,5.333333333333333037e+00
1.215789090263692351e+01,-7.539936102236421966e-01,-1.267305644302449408e-01,-3.951011714589989232e-01,8.700239808153476417e+00,4.076738609112710160e-02,5.294964028776978360e+00
1.216284764193255796e+01,-7.326943556975505922e-01,-1.586794462193823196e-01,-3.823216187433439717e-01,8.657074340527577405e+00,8.393285371702638442e-02,4.940047961630695816e+00
1.216780438122819241e+01,-7.199148029818955852e-01,-1.746538871139510229e-01,-3.652822151224707214e-01,8.709832134292565087e+00,1.247002398081534791e-01,4.810551558752997892e+00
1.217276112052382686e+01,-6.996805111821086109e-01,-1.789137380191693216e-01,-3.503727369542066206e-01,8.609112709832134058e+00,2.949640287769784153e-01,4.278177458033573188e+00
1.217771785981946131e+01,-7.135250266240681372e-01,-1.693290734824281218e-01,-3.269435569755058668e-01,8.575539568345323715e+00,3.597122302158273222e-01,4.410071942446043280e+00
1.218267459911509576e+01,-6.922257720979765327e-01,-1.608093716719914690e-01,-2.907348242811501615e-01,8.647482014388488736e+00,3.069544364508393075e-01,4.081534772182254578e+00
1.218763133841073021e+01,-6.890308839190628643e-01,-1.341853035143769912e-01,-2.630457933972311091e-01,8.755395683453237154e+00,1.079136690647481966e-01,4.232613908872902009e+00
1.219258807770636466e+01,-6.719914802981895585e-01,-1.064962726304579388e-01,-2.523961661341853069e-01,8.628297362110311397e+00,7.673860911270982688e-02,4.218225419664269005e+00
1.219754481700199911e+01,-6.773162939297124874e-01,-9.584664536741213658e-02,-2.332268370607028796e-01,8.616306954436451448e+00,-5.995203836930455832e-02,4.515587529976019532e+00
1.220250155629763356e+01,-6.698615548455804092e-01,-1.064962726304579388e-01,-2.183173588924387509e-01,8.681055155875299079e+00,-2.853717026378896904e-01,4.880095923261390745e+00
1.220745829559326801e+01,-6.453674121405750252e-01,-1.320553780617678419e-01,-2.215122470713525027e-01,8.769784172661870159e+00,-4.220623501199040617e-01,4.585131894484412385e+00
1.221241503488890245e+01,-6.485623003194888048e-01,-1.469648562300319428e-01,-2.406815761448349300e-01,8.599520383693045389e+00,-3.741007194244604372e-01,4.640287769784172234e+00
1.221737177418453690e+01,-6.251331203407880510e-01,-1.490947816826411199e-01,-2.460063897763578311e-01,8.517985611510791699e+00,-3.165467625899280324e-01,4.448441247002397958e+00
1.222232851348017135e+01,-6.102236421725240056e-01,-1.544195953141639932e-01,-2.353567625133120289e-01,8.714628297362111198e+00,-4.892086330935251914e-01,4.505995203836930862e+00
1.222728525277580580e+01,-5.878594249201277711e-01,-1.576144834930777450e-01,-2.428115015974440793e-01,8.678657074340527799e+00,-4.676258992805755188e-01,3.961630695443644878e+00
1.223224199207144025e+01,-6.027689030883919274e-01,-1.437699680511182188e-01,-2.492012779552715551e-01,8.503597122302158695e+00,-4.484412470023980690e-01,4.280575539568345356e+00
1.223719873136707470e+01,-5.569755058572950501e-01,-1.277955271565495154e-01,-2.353567625133120289e-01,8.582733812949641106e+00,-5.563549160671462657e-01,4.278177458033573188e+00
1.224215547066270915e+01,-5.133120340788072111e-01,-1.192758253461128903e-01,-2.300319488817891278e-01,8.793764988009591832e+00,-8.585131894484412385e-01,4.362110311750599934e+00
1.224711220995834360e+01,-4.589989350372736809e-01,-1.182108626198083018e-01,-2.513312034078807322e-01,8.800959232613909222e+00,-9.760191846522782155e-01,4.508393285371703030e+00
1.225206894925397805e+01,-3.961661341853034979e-01,-1.214057507987220397e-01,-2.875399361022364375e-01,8.856115107913668183e+00,-7.745803357314148263e-01,4.119904076738609255e+00
1.225702568854961250e+01,-3.791267305644302477e-01,-1.022364217252396124e-01,-3.067092651757188371e-01,8.760191846522781489e+00,-5.251798561151078681e-01,4.338129496402877372e+00
1.226198242784524695e+01,-3.429179978700745424e-01,-8.945686900958466081e-02,-2.875399361022364375e-01,8.971223021582733992e+00,-5.755395683453237154e-01,4.621103117505994895e+00
1.226693916714088139e+01,-3.013844515441959637e-01,-8.839190628328008614e-02,-2.747603833865814860e-01,9.131894484412470092e+00,-6.858513189448440794e-01,4.390887290167865942e+00
1.227189590643651584e+01,-3.099041533546325611e-01,-9.584664536741213658e-02,-2.939297124600638855e-01,8.964028776978416602e+00,-6.091127098321342803e-01,4.685851318944844301e+00
1.227685264573215029e+01,-2.949946751863684602e-01,-1.054313099041533502e-01,-3.109691160809371913e-01,8.736211031175059816e+00,-2.398081534772182333e-01,4.426858513189448452e+00
1.228180938502778474e+01,-3.194888178913737886e-01,-1.096911608093716767e-01,-3.003194888178913891e-01,8.661870503597121740e+00,1.918465227817745672e-02,4.491606714628296970e+00
1.228676612432341919e+01,-3.503727369542066206e-01,-1.192758253461128903e-01,-2.800851970181043593e-01,8.635491606714628787e+00,2.398081534772182263e-02,4.347721822541966041e+00
1.229172286361905364e+01,-3.844515441959531210e-01,-1.267305644302449408e-01,-2.619808306709265344e-01,8.669064748201439130e+00,-6.954436450839328321e-02,4.225419664268585507e+00
1.229667960291468809e+01,-4.238551650692225503e-01,-1.299254526091586925e-01,-2.545260915867944562e-01,8.577937649880096771e+00,-4.556354916067146404e-02,4.268585131894484519e+00
1.230163634221032254e+01,-4.568690095846645316e-01,-1.299254526091586925e-01,-2.470713525026624058e-01,8.529976019184651648e+00,5.755395683453237710e-02,4.316546762589927866e+00
1.230659308150595699e+01,-4.749733759318424120e-01,-1.331203407880724165e-01,-2.225772097976570774e-01,8.589928057553956720e+00,-4.316546762589928282e-02,4.407673860911271113e+00
1.231154982080159144e+01,-4.781682641107561360e-01,-1.341853035143769912e-01,-2.002129925452609260e-01,8.472422062350119631e+00,-1.822541966426858562e-01,4.258992805755395850e+00
1.231650656009722589e+01,-4.856230031948881587e-01,-1.331203407880724165e-01,-1.895633652822151238e-01,8.532374100719424703e+00,-4.148681055155875042e-01,4.539568345323741205e+00
1.232146329939286034e+01,-4.643237486687966098e-01,-1.437699680511182188e-01,-1.906283280085196985e-01,8.659472422062350461e+00,-4.436450839328537343e-01,4.282973621103117523e+00
1.232642003868849478e+01,-4.856230031948881587e-01,-1.767838125665601723e-01,-1.959531416400425996e-01,8.561151079136690711e+00,-4.028776978417266119e-01,4.652278177458033959e+00
1.233137677798412923e+01,-4.408945686900958560e-01,-2.066027689030884018e-01,-1.831735889243876481e-01,8.611510791366907114e+00,-4.100719424460431695e-01,4.122302158273381423e+00
1.233633351727976368e+01,-4.195953141640042516e-01,-1.895633652822151238e-01,-1.735889243876464205e-01,8.714628297362111198e+00,-4.076738609112710021e-01,3.741007194244604150e+00
1.234129025657539813e+01,-4.195953141640042516e-01,-1.629392971246006461e-01,-1.714589989350372712e-01,8.659472422062350461e+00,-4.028776978417266119e-01,4.095923261390887582e+00
1.234624699587103258e+01,-3.855165069222576957e-01,-1.533546325878594185e-01,-1.640042598509052207e-01,8.731414868105515481e+00,-4.148681055155875042e-01,3.803357314148680945e+00
1.235120373516666703e+01,-3.951011714589989232e-01,-1.554845580404685956e-01,-1.661341853035143701e-01,8.486810551558752636e+00,-3.956834532374100544e-01,3.755395683453237599e+00
1.235616047446230148e+01,-3.716719914802981695e-01,-1.586794462193823196e-01,-1.522896698615548439e-01,8.184652278177457774e+00,-5.611510791366906004e-01,4.458033573141486627e+00
1.236111721375793593e+01,-2.289669861554845531e-01,-1.405750798722044670e-01,-1.235356762513312029e-01,9.062350119904076351e+00,-8.944844124700239707e-01,3.992805755395683498e+00
1.236607395305357038e+01,-1.948881789137380249e-01,-1.395101171458998923e-01,-1.576144834930777450e-01,9.381294964028777272e+00,-8.776978417266186883e-01,4.671462829736211297e+00
1.237103069234920483e+01,-1.448349307774227934e-01,-1.831735889243876481e-01,-1.874334398296059745e-01,9.040767386091127733e+00,-6.306954436450838974e-01,4.800959232613909222e+00
1.237598743164483928e+01,-5.750798722044728195e-02,-1.938232161874334503e-01,-1.693290734824281218e-01,9.172661870503597825e+00,-6.738609112709832427e-01,4.237410071942446343e+00
1.238094417094047373e+01,1.064962726304579353e-02,-1.629392971246006461e-01,-1.725239616613418459e-01,9.570743405275779381e+00,-7.314148681055155921e-01,3.872901678657074243e+00
1.238590091023610817e+01,-3.194888178913737886e-03,-1.469648562300319428e-01,-2.321618743343983049e-01,9.287769784172661858e+00,-2.350119904076738708e-01,3.318944844124700033e+00
1.239085764953174262e+01,-8.519701810436634826e-02,-1.373801916932907430e-01,-2.555910543130990309e-01,8.860911270983214294e+00,1.318944844124700366e-01,4.127098321342925757e+00
1.239581438882737707e+01,-5.963791267305644517e-02,-1.043663471778487756e-01,-2.055378061767837994e-01,9.165467625899280435e+00,-3.836930455635491344e-02,3.757793764988009766e+00
1.240077112812301152e+01,-8.945686900958466081e-02,-7.561235356762513460e-02,-1.821086261980830734e-01,9.534772182254195982e+00,-5.827338129496403285e-01,4.328537170263788703e+00
1.240572786741864597e+01,-9.904153354632587447e-02,-8.413205537806177359e-02,-2.193823216187433534e-01,9.258992805755395850e+00,-4.628297362110311841e-01,4.378896882494005105e+00
1.241068460671428042e+01,-1.118210862619808260e-01,-1.033013844515442009e-01,-2.481363152289669805e-01,8.923261390887290645e+00,-1.918465227817745811e-01,4.920863309352517589e+00
1.241564134600991487e+01,-7.987220447284344715e-02,-1.405750798722044670e-01,-2.406815761448349300e-01,8.968824940047960936e+00,-6.714628297362110199e-02,4.314148681055155699e+00
1.242059808530554932e+01,-9.797657082002129980e-02,-1.735889243876464205e-01,-2.353567625133120289e-01,9.009592326139088669e+00,-1.438848920863309289e-01,4.110311750599520586e+00
1.242555482460118377e+01,-8.839190628328008614e-02,-1.693290734824281218e-01,-2.396166134185303553e-01,8.880095923261391633e+00,0.000000000000000000e+00,3.693045563549160804e+00
1.243051156389681822e+01,-9.797657082002129980e-02,-1.384451544195953177e-01,-2.215122470713525027e-01,8.848920863309352569e+00,1.678657074340527688e-01,3.642685851318944845e+00
1.243546830319245267e+01,-1.150159744408945639e-01,-1.256656017039403661e-01,-1.948881789137380249e-01,8.800959232613909222e+00,1.990407673860911386e-01,3.875299760191846410e+00
1.244042504248808712e+01,-1.043663471778487756e-01,-1.235356762513312029e-01,-1.597444089456868943e-01,8.752997601918465875e+00,1.175059952038369354e-01,3.642685851318944845e+00
1.244538178178372156e+01,-1.043663471778487756e-01,-9.691160809371672513e-02,-1.267305644302449408e-01,8.877697841726618577e+00,-1.678657074340527550e-02,4.043165467625899012e+00
1.245033852107935601e+01,-7.667731629392970927e-02,-8.200212992545261037e-02,-1.128860489882854146e-01,8.930455635491606259e+00,-2.877697841726618855e-02,4.299760191846522694e+00
1.245529526037499046e+01,-6.709265175718849561e-02,-9.904153354632587447e-02,-1.033013844515442009e-01,8.736211031175059816e+00,4.316546762589928282e-02,4.340527577937649539e+00
1.246025199967062491e+01,-6.389776357827475772e-02,-1.171458998935037271e-01,-8.413205537806177359e-02,8.537170263788969038e+00,7.913669064748200810e-02,4.275779376498801021e+00
1.246520873896625936e+01,-5.963791267305644517e-02,-1.192758253461128903e-01,-5.963791267305644517e-02,8.601918465227818444e+00,-1.294964028776978415e-01,4.302158273381294862e+00
1.247016547826189381e+01,-6.283280085197018305e-02,-1.320553780617678419e-01,-5.431309904153354406e-02,8.714628297362111198e+00,-3.621103117505995450e-01,4.436450839328537121e+00
1.247512221755752826e+01,-6.922257720979765883e-02,-1.597444089456868943e-01,-6.815761448349308416e-02,8.772182254196643214e+00,-3.381294964028777050e-01,4.268585131894484519e+00
1.248007895685316271e+01,-7.667731629392970927e-02,-1.853035143769967974e-01,-9.478168264110756192e-02,8.592326139088729775e+00,-2.254196642685851182e-01,4.462829736211030962e+00
1.248503569614879716e+01,-4.366347177848775574e-02,-1.959531416400425996e-01,-1.054313099041533502e-01,8.791366906474820553e+00,-1.438848920863309427e-02,3.398081534772182444e+00
1.248999243544443161e+01,-9.265175718849839870e-02,-1.373801916932907430e-01,-9.797657082002129980e-02,1.183453237410071957e+01,-4.388489208633093441e-01,3.544364508393285540e+00
1.249494917474006606e+01,-9.265175718849839870e-02,3.301384451544196047e-02,-8.626198083067092293e-02,1.230935251798561225e+01,-4.364508393285371768e-01,4.237410071942446343e+00
1.249990591403570050e+01,-1.906283280085196985e-01,3.194888178913737886e-02,-5.537806176783812567e-02,1.092086330935251759e+01,-6.882494004796163578e-01,6.378896882494005105e+00
1.250486265333133495e+01,-2.087326943556975511e-01,-1.916932907348242732e-01,-6.070287539936101984e-02,9.443645083932853623e+00,-1.086330935251798468e+00,5.916067146282973255e+00
1.250981939262696940e+01,-2.023429179978700754e-01,-3.599574014909477926e-01,-1.427050053248136441e-01,7.995203836930455665e+00,-3.812949640287769948e-01,3.179856115107913883e+00
1.251477613192260385e+01,-2.364217252396166036e-01,-3.684771033013844455e-01,-1.746538871139510229e-01,7.398081534772182444e+00,4.748201438848920763e-01,2.014388489208633004e+00
1.251973287121823830e+01,-1.022364217252396124e-01,-1.554845580404685956e-01,-9.691160809371672513e-02,8.165467625899280435e+00,1.095923261390887360e+00,1.031175059952038342e-01
1.252468961051387275e+01,-1.437699680511182188e-01,8.413205537806177359e-02,2.129925452609158706e-02,9.251798561151078459e+00,3.525179856115107646e-01,2.179856115107913883e+00
1.252964634980950720e+01,-1.320553780617678419e-01,1.650692225772097954e-01,6.389776357827475772e-02,1.001918465227817734e+01,-7.074340527577938076e-01,3.232613908872901565e+00
1.253460308910514165e+01,-1.608093716719914690e-01,1.490947816826411199e-01,3.194888178913737886e-02,9.834532374100719565e+00,-1.498800959232613916e+00,4.995203836930455665e+00
1.253955982840077610e+01,-7.774227902023429781e-02,9.797657082002129980e-02,-3.088391906283280072e-02,9.477218225419663966e+00,-1.587529976019184552e+00,5.258992805755395850e+00
1.254451656769641055e+01,-5.963791267305644517e-02,1.490947816826411129e-02,-1.182108626198083018e-01,9.263788968824940184e+00,-1.189448441247002330e+00,4.966426858513189657e+00
1.254947330699204500e+01,-9.052183173588924936e-02,-8.093716719914803570e-02,-1.767838125665601723e-01,8.515587529976018644e+00,-5.467625899280575963e-01,4.647482014388489624e+00
1.255443004628767945e+01,-5.218317358892438779e-02,-9.265175718849839870e-02,-1.576144834930777450e-01,8.345323741007193874e+00,-2.494004796163069582e-01,3.330935251798561314e+00
1.255938678558331389e+01,-6.602768903088392094e-02,-4.898828541001064990e-02,-1.128860489882854146e-01,8.870503597122302963e+00,-5.251798561151078681e-01,3.438848920863309289e+00
1.256434352487894834e+01,-4.366347177848775574e-02,-8.519701810436635520e-03,-1.160809371671991524e-01,8.985611510791366996e+00,-4.604316546762590168e-01,3.167865707434052602e+00
1.256930026417458279e+01,-5.537806176783812567e-02,2.662406815761448470e-02,-1.118210862619808260e-01,8.695443645083932083e+00,-3.069544364508393075e-01,3.820143884892086117e+00
1.257425700347021724e+01,-2.449414270500532495e-02,5.324813631522896940e-02,-8.200212992545261037e-02,8.944844124700239263e+00,-3.477218225419664299e-01,4.079136690647482411e+00
1.257921374276585169e+01,-2.342917997870074681e-02,3.514376996805111675e-02,-6.176783812566560145e-02,9.247002398081534125e+00,-6.522781774580336256e-01,4.484412470023980468e+00
1.258417048206148614e+01,-9.584664536741213658e-03,-9.584664536741213658e-03,-8.306709265175718504e-02,9.237410071942445455e+00,-6.738609112709832427e-01,4.290167865707434025e+00
1.258912722135712059e+01,-6.389776357827475772e-03,-3.088391906283280072e-02,-1.043663471778487756e-01,9.000000000000000000e+00,-3.333333333333333148e-01,3.995203836930455665e+00
1.259408396065275504e+01,-5.324813631522896766e-03,-2.875399361022364098e-02,-9.052183173588924936e-02,8.932853717026379314e+00,-2.158273381294964141e-02,3.937649880095923205e+00
1.259904069994838949e+01,1.064962726304579440e-03,-2.449414270500532495e-02,-5.005324813631523151e-02,8.935251798561150594e+00,-1.918465227817745672e-02,3.575539568345323715e+00
1.260399743924402394e+01,-9.584664536741213658e-03,-1.277955271565495154e-02,-2.662406815761448470e-02,9.004796163069544335e+00,-3.093525179856115304e-01,3.635491606714628343e+00
1.260895417853965839e+01,6.389776357827475772e-03,1.064962726304579353e-02,-3.301384451544196047e-02,9.093525179856115415e+00,-3.669064748201438797e-01,3.386091127098321163e+00
1.261391091783529284e+01,-3.194888178913737886e-03,3.514376996805111675e-02,-5.111821086261980618e-02,9.062350119904076351e+00,-2.709832134292565753e-01,3.743405275779376318e+00
1.261886765713092728e+01,4.259850905218317760e-03,4.472843450479233041e-02,-6.070287539936101984e-02,9.016786570743406060e+00,-1.822541966426858562e-01,3.796163069544364443e+00
1.262382439642656173e+01,-6.389776357827475772e-03,4.685835995740149362e-02,-5.111821086261980618e-02,9.086330935251798024e+00,-2.494004796163069582e-01,3.882494004796162912e+00
1.262878113572219618e+01,-1.384451544195953142e-02,5.431309904153354406e-02,-4.792332268370606829e-02,9.136690647482014427e+00,-3.501199040767385973e-01,4.098321342925659749e+00
1.263373787501783063e+01,-1.490947816826411129e-02,4.898828541001064990e-02,-5.750798722044728195e-02,9.059952038369305072e+00,-3.261390887290168128e-01,4.266187050359712352e+00
1.263869461431346508e+01,-2.023429179978700893e-02,2.768903088391906284e-02,-6.070287539936101984e-02,8.932853717026379314e+00,-2.829736211031175230e-01,4.330935251798560870e+00
1.264365135360909953e+01,-1.597444089456868943e-02,6.389776357827475772e-03,-5.857294994675186356e-02,8.851318944844123848e+00,-2.733812949640287981e-01,4.057553956834532016e+00
1.264860809290473398e+01,-1.703940362087327104e-02,-2.129925452609158880e-03,-6.389776357827475772e-02,8.913669064748201976e+00,-2.062350119904076684e-01,3.625899280575539674e+00
1.265356483220036843e+01,-3.620873269435569836e-02,1.703940362087327104e-02,-6.709265175718849561e-02,8.889688249400480302e+00,-1.270983213429256464e-01,3.520383693045563422e+00
1.265852157149600288e+01,-2.981895633652822258e-02,6.496272630457934627e-02,-5.431309904153354406e-02,8.918465227817746310e+00,-1.414868105515587615e-01,3.808153477218225280e+00
1.266347831079163733e+01,-1.277955271565495154e-02,8.413205537806177359e-02,-3.727369542066027996e-02,9.023980815347721673e+00,-3.333333333333333148e-01,4.091127098321343247e+00
1.266843505008727178e+01,-2.023429179978700893e-02,6.283280085197018305e-02,-4.046858359957401785e-02,9.023980815347721673e+00,-4.460431654676259017e-01,4.309352517985611364e+00
1.267339178938290623e+01,-2.023429179978700893e-02,3.940362087326943624e-02,-5.537806176783812567e-02,8.884892086330935967e+00,-3.860911270983213295e-01,4.232613908872902009e+00
1.267834852867854067e+01,-8.519701810436635520e-03,3.727369542066027996e-02,-5.644302449414270728e-02,8.781774580335731883e+00,-3.788968824940047719e-01,4.258992805755395850e+00
1.268330526797417512e+01,6.389776357827475772e-03,4.046858359957401785e-02,-5.218317358892438779e-02,8.846522781774579514e+00,-3.860911270983213295e-01,4.249400479616307180e+00
1.268826200726980957e+01,0.000000000000000000e+00,2.555910543130990309e-02,-5.750798722044728195e-02,8.812949640287769171e+00,-3.501199040767385973e-01,4.350119904076738209e+00
1.269321874656544402e+01,4.259850905218317760e-03,3.194888178913737886e-03,-5.750798722044728195e-02,8.762589928057554545e+00,-2.877697841726618577e-01,4.119904076738609255e+00
1.269817548586107847e+01,1.064962726304579440e-03,6.389776357827475772e-03,-4.898828541001064990e-02,8.832134292565946510e+00,-3.645083932853717124e-01,4.086330935251798913e+00
1.270313222515671292e+01,5.324813631522896766e-03,1.064962726304579353e-02,-5.431309904153354406e-02,8.901678657074340251e+00,-4.460431654676259017e-01,4.019184652278177339e+00
1.270808896445234737e+01,-1.064962726304579440e-03,8.519701810436635520e-03,-6.922257720979765883e-02,8.875299760191847298e+00,-4.340527577937650094e-01,4.112709832134292753e+00
1.271304570374798182e+01,-2.129925452609158880e-03,7.454739084132055646e-03,-7.561235356762513460e-02,8.865707434052758629e+00,-4.028776978417266119e-01,4.151079136690647431e+00
1.271800244304361627e+01,2.129925452609158880e-03,3.194888178913737886e-03,-7.667731629392970927e-02,9.007194244604317390e+00,-4.292565947242206192e-01,4.028776978417266008e+00
1.272295918233925072e+01,-7.454739084132055646e-03,1.064962726304579440e-03,-8.519701810436634826e-02,9.067146282973620686e+00,-4.244604316546762846e-01,4.040767386091126845e+00
1.272791592163488517e+01,-1.171458998935037341e-02,0.000000000000000000e+00,-1.022364217252396124e-01,9.055155875299760737e+00,-3.860911270983213295e-01,4.091127098321343247e+00
1.273287266093051961e+01,-1.703940362087327104e-02,-1.597444089456868943e-02,-1.096911608093716767e-01,8.839328537170263900e+00,-3.093525179856115304e-01,4.000000000000000000e+00
1.273782940022615406e+01,-2.129925452609158706e-02,-1.384451544195953142e-02,-1.043663471778487756e-01,8.285371702637888802e+00,-1.990407673860911386e-01,3.573141486810551548e+00
1.274278613952178851e+01,-4.259850905218317413e-02,2.768903088391906284e-02,-8.093716719914803570e-02,8.671462829736210409e+00,-3.908872901678657197e-01,3.870503597122302075e+00
1.274774287881742296e+01,-3.940362087326943624e-02,5.963791267305644517e-02,-8.093716719914803570e-02,9.539568345323740317e+00,-7.482014388489208745e-01,4.340527577937649539e+00
1.275269961811305741e+01,-5.644302449414270728e-02,2.129925452609158706e-02,-1.331203407880724165e-01,9.398081534772181556e+00,-8.345323741007194540e-01,4.630695443645083564e+00
1.275765635740869186e+01,-6.176783812566560145e-02,-4.046858359957401785e-02,-1.789137380191693216e-01,8.884892086330935967e+00,-6.354916067146283432e-01,4.450839328537170125e+00
1.276261309670432631e+01,-2.875399361022364098e-02,-6.070287539936101984e-02,-1.842385516506922227e-01,8.585131894484412385e+00,-4.484412470023980690e-01,3.700239808153477306e+00
1.276756983599996076e+01,-1.597444089456868943e-02,-3.514376996805111675e-02,-1.735889243876464205e-01,8.537170263788969038e+00,-3.788968824940047719e-01,3.340527577937649983e+00
1.277252657529559521e+01,-1.171458998935037341e-02,9.584664536741213658e-03,-1.640042598509052207e-01,8.685851318944843413e+00,-3.980815347721822772e-01,3.592326139088728887e+00
1.277748331459122966e+01,1.597444089456868943e-02,4.153354632587859252e-02,-1.586794462193823196e-01,9.196642685851319499e+00,-5.683453237410072134e-01,3.633093525179856176e+00
1.278244005388686411e+01,1.384451544195953142e-02,4.792332268370606829e-02,-1.757188498402555976e-01,9.767386091127098879e+00,-7.865707434052757741e-01,3.788968824940047941e+00
1.278739679318249856e+01,1.064962726304579440e-03,4.472843450479233041e-02,-2.332268370607028796e-01,9.311750599520383531e+00,-7.146282973621103096e-01,3.697841726618705138e+00
1.279235353247813300e+01,-8.519701810436635520e-03,6.070287539936101984e-02,-2.736954206602769113e-01,8.541966426858513373e+00,-1.635491606714628343e+00,2.920863309352518034e+00
1.279731027177376745e+01,2.449414270500532495e-02,1.490947816826411199e-01,-3.525026624068157699e-01,9.151079136690647431e+00,-2.023980815347721673e+00,3.004796163069544335e+00
1.280226701106940190e+01,1.064962726304579440e-03,1.480298189563365174e-01,-3.972310969116080726e-01,8.846522781774579514e+00,-5.995203836930456109e-01,5.208633093525179447e+00
1.280722375036503635e+01,6.709265175718849561e-02,4.046858359957401785e-02,-3.045793397231096877e-01,9.127098321342925757e+00,-1.208633093525179891e+00,3.908872901678657197e+00
1.281218048966067080e+01,6.496272630457934627e-02,5.218317358892438779e-02,-2.949946751863684602e-01,9.745803357314148485e+00,-2.508393285371702586e+00,2.577937649880095883e+00
1.281713722895630525e+01,2.662406815761448470e-02,1.640042598509052207e-01,-4.345047923322683525e-01,9.007194244604317390e+00,-1.949640287769784264e+00,3.812949640287769615e+00
1.282209396825193970e+01,4.792332268370606829e-02,1.661341853035143701e-01,-5.079872204472843933e-01,8.304556354916067917e+00,-6.858513189448440794e-01,4.364508393285372101e+00
1.282705070754757415e+01,7.135250266240682204e-02,9.265175718849839870e-02,-4.579339723109691063e-01,8.633093525179855732e+00,-8.297362110311750083e-01,3.908872901678657197e+00
1.283200744684320860e+01,1.192758253461128903e-01,1.128860489882854146e-01,-4.355697550585729272e-01,9.067146282973620686e+00,-1.400479616306954389e+00,2.611510791366906670e+00
1.283696418613884305e+01,9.904153354632587447e-02,2.055378061767837994e-01,-4.994675186368476849e-01,9.235011990407674176e+00,-1.258992805755395628e+00,3.690647482014388636e+00
1.284192092543447750e+01,1.384451544195953177e-01,2.396166134185303553e-01,-5.623003194888178680e-01,9.067146282973620686e+00,-4.148681055155875042e-01,4.544364508393285540e+00
1.284687766473011195e+01,1.682641107561235472e-01,1.831735889243876481e-01,-5.441959531416400431e-01,8.899280575539568972e+00,-1.414868105515587615e-01,4.968824940047961825e+00
1.285183440402574639e+01,1.991480298189563236e-01,1.086261980830670881e-01,-5.133120340788072111e-01,9.151079136690647431e+00,-3.285371702637889801e-01,4.095923261390887582e+00
1.285679114332138084e+01,1.895633652822151238e-01,1.150159744408945639e-01,-5.484558040468583417e-01,9.426858513189447564e+00,-1.318944844124700366e-01,4.045563549160671180e+00
1.286174788261701529e+01,1.927582534611288478e-01,1.522896698615548439e-01,-6.059637912673055959e-01,9.028776978417266008e+00,9.016786570743404727e-01,4.405275779376498946e+00
1.286670462191264974e+01,1.682641107561235472e-01,1.171458998935037271e-01,-5.931842385516506999e-01,8.863309352517985573e+00,1.693045563549160581e+00,4.714628297362110310e+00
1.287166136120828419e+01,1.671991480298189447e-01,8.093716719914803570e-02,-5.356762513312034457e-01,8.342925659472422595e+00,2.088729016786570636e+00,4.177458033573141272e+00
1.287661810050391864e+01,1.469648562300319428e-01,1.309904153354632672e-01,-4.941427050053248116e-01,9.141486810551558762e+00,2.462829736211030962e+00,5.366906474820144268e+00
1.288157483979955309e+01,1.437699680511182188e-01,1.033013844515442009e-01,-4.334398296059637778e-01,7.494004796163069138e+00,2.918465227817745866e+00,6.510791366906475197e+00
1.288653157909518576e+01,1.703940362087326965e-01,-3.620873269435569836e-02,-3.322683706070287402e-01,8.611510791366907114e+00,2.203836930455635557e+00,5.788968824940048385e+00
1.289148831839082021e+01,1.842385516506922227e-01,-9.478168264110756192e-02,-3.067092651757188371e-01,7.911270983213428920e+00,1.705035971223021640e+00,4.817745803357314394e+00
1.289644505768645466e+01,1.884984025559105492e-01,-8.093716719914803570e-02,-2.992545260915868144e-01,7.700239808153477306e+00,1.832134292565947176e+00,4.899280575539568083e+00
1.290140179698208911e+01,2.193823216187433534e-01,-8.839190628328008614e-02,-2.460063897763578311e-01,8.033573141486810343e+00,2.035971223021582954e+00,4.517985611510791699e+00
1.290635853627772356e+01,2.119275825346112752e-01,-7.028753993610223350e-02,-1.608093716719914690e-01,9.285371702637888802e+00,1.529976019184652314e+00,4.491606714628296970e+00
1.291131527557335801e+01,1.693290734824281218e-01,-6.496272630457934627e-02,-1.096911608093716767e-01,9.371702637889688603e+00,9.664268585131894351e-01,5.218225419664269005e+00
1.291627201486899246e+01,1.544195953141639932e-01,-1.703940362087326965e-01,-1.096911608093716767e-01,8.594724220623501054e+00,7.290167865707434247e-01,4.498800959232613472e+00
1.292122875416462691e+01,1.160809371671991524e-01,-2.108626198083067005e-01,-1.107561235356762513e-01,8.649880095923261791e+00,5.755395683453237154e-01,2.911270983213429364e+00
1.292618549346026136e+01,5.111821086261980618e-02,-1.395101171458998923e-01,-1.128860489882854146e-01,8.347721822541966930e+00,2.925659472422062479e-01,3.311750599520383531e+00
1.293114223275589580e+01,9.584664536741213658e-02,-5.644302449414270728e-02,-1.096911608093716767e-01,8.827338129496402175e+00,1.438848920863309289e-01,3.232613908872901565e+00
1.293609897205153025e+01,1.054313099041533502e-01,-3.194888178913737886e-03,-1.107561235356762513e-01,9.455635491606715348e+00,7.673860911270982688e-02,4.119904076738609255e+00
1.294105571134716470e+01,1.363152289669861683e-01,-1.810436634717784918e-02,-1.128860489882854146e-01,9.398081534772181556e+00,1.438848920863309427e-02,4.537170263788969038e+00
1.294601245064279915e+01,1.554845580404685956e-01,-7.454739084132055993e-02,-1.182108626198083018e-01,9.410071942446043280e+00,-1.606714628297362113e-01,4.218225419664269005e+00
1.295096918993843360e+01,1.650692225772097954e-01,-9.797657082002129980e-02,-1.352502662406815659e-01,9.074340527577938076e+00,-1.294964028776978415e-01,3.947242206235011874e+00
1.295592592923406805e+01,2.055378061767837994e-01,-7.348242811501597138e-02,-1.544195953141639932e-01,8.755395683453237154e+00,9.352517985611510931e-02,3.422062350119904117e+00
1.296088266852970250e+01,2.119275825346112752e-01,-4.046858359957401785e-02,-1.576144834930777450e-01,8.683453237410072134e+00,1.702637889688249362e-01,3.784172661870503607e+00
1.296583940782533695e+01,2.449414270500532564e-01,-2.129925452609158706e-02,-1.554845580404685956e-01,9.050359712230216402e+00,2.901678657074340251e-01,3.549160671462829875e+00
1.297079614712097140e+01,2.279020234291799785e-01,-1.064962726304579353e-02,-1.576144834930777450e-01,9.057553956834532016e+00,5.419664268585131506e-01,3.973621103117506159e+00
1.297575288641660585e+01,2.374866879659212060e-01,-1.064962726304579353e-02,-1.405750798722044670e-01,8.980815347721822661e+00,8.441247002398081234e-01,4.023980815347721673e+00
1.298070962571224030e+01,2.215122470713525027e-01,-1.703940362087327104e-02,-1.107561235356762513e-01,9.035971223021583398e+00,6.738609112709832427e-01,4.321342925659472201e+00
1.298566636500787475e+01,2.119275825346112752e-01,-3.194888178913737886e-02,-1.150159744408945639e-01,9.076738609112709355e+00,4.676258992805755188e-01,4.347721822541966041e+00
1.299062310430350919e+01,1.831735889243876481e-01,-5.537806176783812567e-02,-1.533546325878594185e-01,8.968824940047960936e+00,6.258992805755395628e-01,4.223021582733813339e+00
1.299557984359914364e+01,1.522896698615548439e-01,-7.454739084132055993e-02,-1.778487752928647470e-01,8.544364508393284652e+00,9.784172661870503829e-01,4.134292565947242259e+00
1.300053658289477809e+01,1.288604898828540901e-01,-7.135250266240682204e-02,-1.767838125665601723e-01,8.460431654676259683e+00,1.208633093525179891e+00,3.726618705035971146e+00
1.300549332219041254e+01,7.987220447284344715e-02,-4.898828541001064990e-02,-1.693290734824281218e-01,8.829736211031175230e+00,1.184652278177457996e+00,3.863309352517985573e+00
1.301045006148604699e+01,4.472843450479233041e-02,-3.088391906283280072e-02,-1.735889243876464205e-01,8.995203836930455665e+00,1.292565947242206192e+00,3.774580335731414937e+00
1.301540680078168144e+01,-1.064962726304579440e-03,-3.407880724174654208e-02,-1.671991480298189447e-01,8.923261390887290645e+00,1.306954436450839419e+00,3.774580335731414937e+00
1.302036354007731589e+01,-1.064962726304579440e-03,-1.703940362087327104e-02,-1.490947816826411199e-01,9.002398081534773056e+00,1.215827338129496393e+00,3.366906474820143824e+00
1.302532027937295034e+01,-1.384451544195953142e-02,2.342917997870074681e-02,-1.395101171458998923e-01,9.007194244604317390e+00,1.151079136690647431e+00,3.685851318944844301e+00
1.303027701866858479e+01,-1.171458998935037341e-02,4.153354632587859252e-02,-1.288604898828540901e-01,9.033573141486810343e+00,1.242206235011990456e+00,3.860911270983213406e+00
1.303523375796421924e+01,-2.023429179978700893e-02,3.088391906283280072e-02,-1.160809371671991524e-01,9.095923261390886694e+00,1.386091127098321385e+00,3.793764988009592276e+00
1.304019049725985369e+01,-2.981895633652822258e-02,2.768903088391906284e-02,-9.158679446219382403e-02,9.076738609112709355e+00,1.529976019184652314e+00,3.848920863309352569e+00
1.304514723655548813e+01,-3.407880724174654208e-02,4.046858359957401785e-02,-5.644302449414270728e-02,8.961630695443645322e+00,1.551558752997601820e+00,3.892086330935251581e+00
1.305010397585112258e+01,-4.792332268370606829e-02,3.940362087326943624e-02,-2.555910543130990309e-02,8.971223021582733992e+00,1.314148681055155921e+00,4.232613908872902009e+00
1.305506071514675703e+01,-4.898828541001064990e-02,2.023429179978700893e-02,-1.171458998935037341e-02,8.940047961630694928e+00,1.177458033573141494e+00,4.170263788968824770e+00
1.306001745444239148e+01,-6.496272630457934627e-02,8.519701810436635520e-03,-7.454739084132055646e-03,8.705035971223020752e+00,1.227817745803357230e+00,4.366906474820144268e+00
1.306497419373802593e+01,-5.750798722044728195e-02,-4.259850905218317760e-03,1.171458998935037341e-02,8.714628297362111198e+00,1.273381294964028854e+00,4.306954436450839196e+00
1.306993093303366038e+01,-6.176783812566560145e-02,-1.064962726304579353e-02,3.833865814696485463e-02,8.774580335731414493e+00,1.148681055155875264e+00,4.470023980815347464e+00
1.307488767232929483e+01,-5.963791267305644517e-02,-2.023429179978700893e-02,5.644302449414270728e-02,8.637889688249400066e+00,1.047961630695443569e+00,4.561151079136690711e+00
1.307984441162492928e+01,-6.389776357827475772e-02,-3.940362087326943624e-02,7.241746538871139671e-02,8.628297362110311397e+00,8.776978417266186883e-01,4.527577937649880369e+00
1.308480115092056373e+01,-5.857294994675186356e-02,-5.005324813631523151e-02,8.945686900958466081e-02,8.657074340527577405e+00,6.235011990407673954e-01,4.342925659472421707e+00
1.308975789021619818e+01,-5.005324813631523151e-02,-4.579339723109691201e-02,9.371671991480298725e-02,8.719424460431655532e+00,5.731414868105515481e-01,4.249400479616307180e+00
1.309471462951183263e+01,-4.472843450479233041e-02,-4.472843450479233041e-02,9.584664536741213658e-02,8.858513189448441238e+00,6.642685851318944623e-01,4.194244604316546443e+00
1.309967136880746708e+01,-3.833865814696485463e-02,-4.366347177848775574e-02,1.043663471778487756e-01,8.940047961630694928e+00,8.225419664268585063e-01,4.014388489208633004e+00
1.310462810810310152e+01,-3.620873269435569836e-02,-4.046858359957401785e-02,1.182108626198083018e-01,8.832134292565946510e+00,1.002398081534772167e+00,3.988009592326139163e+00
1.310958484739873597e+01,-2.342917997870074681e-02,-3.407880724174654208e-02,1.480298189563365174e-01,8.808153477218224836e+00,1.043165467625899234e+00,3.820143884892086117e+00
1.311454158669437042e+01,-1.384451544195953142e-02,-1.810436634717784918e-02,1.767838125665601723e-01,8.860911270983214294e+00,9.184652278177457552e-01,3.841726618705036067e+00
1.311949832599000487e+01,1.171458998935037341e-02,8.519701810436635520e-03,1.874334398296059745e-01,8.995203836930455665e+00,8.273381294964028410e-01,4.047961630695443347e+00
1.312445506528563932e+01,3.301384451544196047e-02,1.490947816826411129e-02,1.906283280085196985e-01,8.844124700239808234e+00,6.618705035971222950e-01,4.402877697841726778e+00
1.312941180458127377e+01,5.963791267305644517e-02,-7.454739084132055646e-03,1.863684771033013721e-01,8.829736211031175230e+00,4.340527577937650094e-01,4.321342925659472201e+00
1.313436854387690822e+01,7.987220447284344715e-02,-2.449414270500532495e-02,1.714589989350372712e-01,8.767386091127098879e+00,4.916067146282973588e-01,4.146282973621103096e+00
1.313932528317254267e+01,9.797657082002129980e-02,-1.810436634717784918e-02,1.682641107561235472e-01,8.628297362110311397e+00,6.091127098321342803e-01,4.354916067146282543e+00
1.314428202246817712e+01,1.160809371671991524e-01,-2.236421725239616520e-02,1.863684771033013721e-01,8.769784172661870159e+00,3.621103117505995450e-01,4.340527577937649539e+00
1.314923876176381157e+01,1.224707135250266282e-01,-3.514376996805111675e-02,1.906283280085196985e-01,8.997601918465226944e+00,4.796163069544364527e-02,4.381294964028777272e+00
1.315419550105944602e+01,1.277955271565495154e-01,-5.005324813631523151e-02,1.778487752928647470e-01,8.872901678657074243e+00,1.966426858513189435e-01,4.422062350119904117e+00
1.315915224035508047e+01,1.203407880724174650e-01,-7.135250266240682204e-02,1.746538871139510229e-01,8.729016786570744202e+00,3.597122302158273222e-01,4.381294964028777272e+00
1.316410897965071491e+01,1.107561235356762513e-01,-8.732694355697551147e-02,1.799787007454738963e-01,8.899280575539568972e+00,3.501199040767385973e-01,4.194244604316546443e+00
1.316906571894634936e+01,8.732694355697551147e-02,-8.839190628328008614e-02,1.693290734824281218e-01,8.937649880095923649e+00,4.988009592326139163e-01,4.076738609112710243e+00
1.317402245824198381e+01,5.857294994675186356e-02,-8.732694355697551147e-02,1.629392971246006461e-01,8.968824940047960936e+00,7.889688249400479414e-01,3.961630695443644878e+00
1.317897919753761826e+01,3.088391906283280072e-02,-8.626198083067092293e-02,1.757188498402555976e-01,8.992805755395682610e+00,1.330935251798561092e+00,3.537170263788969038e+00
1.318393593683325271e+01,6.389776357827475772e-03,-6.709265175718849561e-02,1.906283280085196985e-01,9.172661870503597825e+00,7.769784172661871047e-01,3.316546762589927866e+00
1.318889267612888716e+01,-3.088391906283280072e-02,-4.472843450479233041e-02,1.661341853035143701e-01,9.093525179856115415e+00,1.031175059952038398e+00,3.779376498800959272e+00
1.319384941542452161e+01,-5.324813631522896940e-02,-5.005324813631523151e-02,1.671991480298189447e-01,8.901678657074340251e+00,1.223021582733812895e+00,3.839328537170263900e+00
1.319880615472015606e+01,-6.496272630457934627e-02,-5.111821086261980618e-02,1.927582534611288478e-01,8.966426858513189657e+00,9.232613908872902009e-01,3.647482014388489180e+00
1.320376289401579051e+01,-7.348242811501597138e-02,-3.301384451544196047e-02,1.980830670926517489e-01,8.990407673860911331e+00,5.371702637889688159e-01,4.079136690647482411e+00
1.320871963331142496e+01,-7.028753993610223350e-02,-2.981895633652822258e-02,1.831735889243876481e-01,8.848920863309352569e+00,4.364508393285371768e-01,4.666666666666666963e+00
1.321367637260705941e+01,-6.602768903088392094e-02,-6.815761448349308416e-02,1.874334398296059745e-01,8.779376498800958828e+00,2.853717026378896904e-01,5.119904076738609255e+00
1.321863311190269386e+01,-4.579339723109691201e-02,-1.139510117145899892e-01,1.980830670926517489e-01,8.594724220623501054e+00,-1.199040767386091132e-02,4.968824940047961825e+00
1.322358985119832830e+01,-4.153354632587859252e-02,-1.437699680511182188e-01,1.853035143769967974e-01,8.426858513189447564e+00,-1.774580335731414937e-01,5.127098321342925757e+00
