t,gx,gy,gz,ax,ay,az
-1.274293964422919907e-03,-9.584664536741213658e-03,-3.407880724174654208e-02,-9.584664536741213658e-02,8.726618705035971146e+00,1.328537170263788925e+00,4.410071942446043280e+00
3.683740434548670069e-03,-2.129925452609158706e-02,-4.579339723109691201e-02,-6.389776357827475772e-02,8.760191846522781489e+00,1.366906474820143824e+00,4.117505995203837088e+00
8.641774833520261129e-03,-2.875399361022364098e-02,-4.259850905218317413e-02,-2.981895633652822258e-02,8.952038369304556653e+00,1.227817745803357230e+00,4.000000000000000000e+00
1.359980923249185132e-02,-2.555910543130990309e-02,-3.194888178913737886e-02,-5.324813631522896766e-03,9.175059952038369104e+00,1.129496402877697925e+00,3.676258992805755188e+00
1.855784363146344151e-02,-3.940362087326943624e-02,-8.519701810436635520e-03,3.194888178913737886e-03,9.067146282973620686e+00,1.254196642685851293e+00,3.709832134292565975e+00
2.351587803043503344e-02,-5.537806176783812567e-02,3.194888178913737886e-03,2.342917997870074681e-02,9.014388489208633004e+00,1.314148681055155921e+00,3.834532374100719565e+00
2.847391242940662190e-02,-6.283280085197018305e-02,5.324813631522896766e-03,6.283280085197018305e-02,9.158273381294964821e+00,1.170263788968824992e+00,3.642685851318944845e+00
3.343194682837821036e-02,-6.709265175718849561e-02,2.555910543130990309e-02,9.265175718849839870e-02,9.196642685851319499e+00,9.496402877697841527e-01,3.729016786570743314e+00
3.838998122734980228e-02,-6.070287539936101984e-02,4.366347177848775574e-02,1.096911608093716767e-01,9.045563549160672068e+00,9.064748201438849184e-01,3.832134292565947398e+00
4.334801562632139421e-02,-5.537806176783812567e-02,5.111821086261980618e-02,1.277955271565495154e-01,8.781774580335731883e+00,1.000000000000000000e+00,3.829736211031175230e+00
4.830605002529298614e-02,-5.537806176783812567e-02,6.815761448349308416e-02,1.533546325878594185e-01,8.577937649880096771e+00,9.568345323741007658e-01,4.028776978417266008e+00
5.326408442426457113e-02,-5.644302449414270728e-02,7.561235356762513460e-02,1.853035143769967974e-01,8.705035971223020752e+00,6.738609112709832427e-01,4.407673860911271113e+00
5.822211882323616305e-02,-5.111821086261980618e-02,6.496272630457934627e-02,1.948881789137380249e-01,8.872901678657074243e+00,3.645083932853717124e-01,4.532374100719424703e+00
6.318015322220774110e-02,-5.644302449414270728e-02,4.898828541001064990e-02,1.831735889243876481e-01,8.836930455635490844e+00,2.110311750599520308e-01,4.779376498800958828e+00
6.813818762117933303e-02,-5.005324813631523151e-02,2.662406815761448470e-02,1.640042598509052207e-01,8.685851318944843413e+00,3.069544364508393075e-01,4.683453237410072134e+00
7.309622202015092496e-02,-5.644302449414270728e-02,3.194888178913737886e-03,1.671991480298189447e-01,8.462829736211030962e+00,2.709832134292565753e-01,4.750599520383692820e+00
7.805425641912251689e-02,-4.366347177848775574e-02,-1.810436634717784918e-02,1.831735889243876481e-01,8.693045563549160804e+00,2.398081534772182090e-03,4.354916067146282543e+00
8.301229081809410881e-02,-5.111821086261980618e-02,-1.384451544195953142e-02,1.757188498402555976e-01,8.901678657074340251e+00,-2.589928057553956831e-01,4.235011990407674176e+00
8.797032521706570074e-02,-4.898828541001064990e-02,7.454739084132055646e-03,1.458998935037273681e-01,8.901678657074340251e+00,-2.997601918465228055e-01,4.374100719424460770e+00
9.292835961603729267e-02,-6.389776357827475772e-02,-9.584664536741213658e-03,1.150159744408945639e-01,9.146282973621103096e+00,-3.717026378896882699e-01,4.529976019184652536e+00
9.788639401500888459e-02,-8.519701810436634826e-02,-4.472843450479233041e-02,7.135250266240682204e-02,9.175059952038369104e+00,-3.261390887290168128e-01,4.083932853717026745e+00
1.028444284139804626e-01,-1.288604898828540901e-01,-4.579339723109691201e-02,2.981895633652822258e-02,8.870503597122302963e+00,-5.035971223021582649e-02,3.812949640287769615e+00
1.078024628129520546e-01,-1.608093716719914690e-01,-2.236421725239616520e-02,2.342917997870074681e-02,8.755395683453237154e+00,5.755395683453237710e-02,4.239808153477218511e+00
1.127604972119236465e-01,-1.448349307774227934e-01,-1.064962726304579353e-02,3.833865814696485463e-02,8.949640287769783598e+00,-1.079136690647481966e-01,3.954436450839328376e+00
1.177185316108952384e-01,-1.640042598509052207e-01,-1.171458998935037341e-02,3.088391906283280072e-02,8.997601918465226944e+00,-2.517985611510791255e-01,4.206235011990407280e+00
1.226765660098668304e-01,-1.576144834930777450e-01,-1.384451544195953142e-02,6.389776357827475772e-03,8.808153477218224836e+00,-5.035971223021582649e-02,3.851318944844124736e+00
1.276346004088384223e-01,-1.714589989350372712e-01,6.389776357827475772e-03,7.454739084132055646e-03,8.776978417266187549e+00,-2.398081534772182090e-03,4.294964028776978360e+00
1.325926348078100281e-01,-1.373801916932907430e-01,2.129925452609158706e-02,2.555910543130990309e-02,9.004796163069544335e+00,-1.318944844124700366e-01,4.486810551558752636e+00
1.375506692067816061e-01,-1.246006389776357776e-01,8.519701810436635520e-03,1.916932907348242732e-02,9.258992805755395850e+00,-2.901678657074340251e-01,4.613908872901678393e+00
1.425087036057532119e-01,-1.075612353567625135e-01,3.194888178913737886e-03,-9.584664536741213658e-03,8.764988009592325824e+00,-8.393285371702638442e-02,4.544364508393285540e+00
1.474667380047247900e-01,-7.987220447284344715e-02,1.384451544195953142e-02,-2.023429179978700893e-02,8.357314148681055599e+00,2.446043165467625957e-01,4.131894484412470092e+00
1.524247724036963958e-01,-9.265175718849839870e-02,2.875399361022364098e-02,-1.810436634717784918e-02,8.474820143884892687e+00,3.021582733812949728e-01,3.856115107913669071e+00
1.573828068026679738e-01,-1.299254526091586925e-01,5.537806176783812567e-02,-2.768903088391906284e-02,8.719424460431655532e+00,1.318944844124700366e-01,4.402877697841726778e+00
1.623408412016395519e-01,-1.267305644302449408e-01,6.815761448349308416e-02,-3.727369542066027996e-02,8.767386091127098879e+00,-1.175059952038369354e-01,4.980815347721822661e+00
1.672988756006111577e-01,-1.118210862619808260e-01,5.324813631522896940e-02,-5.644302449414270728e-02,8.637889688249400066e+00,-1.966426858513189435e-01,5.141486810551558762e+00
1.722569099995827357e-01,-1.341853035143769912e-01,-8.519701810436635520e-03,-9.052183173588924936e-02,8.424460431654676285e+00,-1.079136690647481966e-01,5.261390887290168017e+00
1.772149443985543416e-01,-1.363152289669861683e-01,-7.028753993610223350e-02,-1.150159744408945639e-01,8.400479616306954611e+00,7.673860911270982688e-02,4.834532374100719565e+00
1.821729787975259196e-01,-1.416400425985090417e-01,-9.691160809371672513e-02,-1.107561235356762513e-01,8.618705035971222728e+00,1.678657074340527688e-01,4.628297362110311397e+00
1.871310131964975254e-01,-1.437699680511182188e-01,-1.075612353567625135e-01,-9.797657082002129980e-02,9.011990407673861725e+00,2.158273381294963933e-01,4.436450839328537121e+00
1.920890475954691035e-01,-1.554845580404685956e-01,-1.192758253461128903e-01,-8.306709265175718504e-02,8.928057553956834980e+00,2.925659472422062479e-01,4.177458033573141272e+00
1.970470819944407093e-01,-1.533546325878594185e-01,-1.235356762513312029e-01,-6.709265175718849561e-02,9.021582733812950394e+00,2.589928057553956831e-01,3.884892086330935079e+00
2.020051163934122873e-01,-1.395101171458998923e-01,-1.011714589989350377e-01,-5.218317358892438779e-02,8.968824940047960936e+00,3.309352517985611475e-01,3.467625899280575741e+00
2.069631507923838654e-01,-1.373801916932907430e-01,-7.028753993610223350e-02,-2.662406815761448470e-02,8.836930455635490844e+00,4.364508393285371768e-01,3.652278177458033515e+00
2.119211851913554712e-01,-1.043663471778487756e-01,-4.898828541001064990e-02,1.597444089456868943e-02,9.004796163069544335e+00,4.700239808153477417e-01,3.537170263788969038e+00
2.168792195903270492e-01,-7.774227902023429781e-02,-2.236421725239616520e-02,7.028753993610223350e-02,9.328537170263789591e+00,3.165467625899280324e-01,3.688249400479616469e+00
2.218372539892986550e-01,-3.727369542066027996e-02,1.171458998935037341e-02,1.096911608093716767e-01,9.426858513189447564e+00,2.206235011990407557e-01,3.731414868105515481e+00
2.267952883882702331e-01,-1.916932907348242732e-02,3.727369542066027996e-02,1.277955271565495154e-01,9.323741007194245256e+00,1.798561151079136611e-01,3.978417266187050494e+00
2.317533227872418389e-01,2.129925452609158880e-03,5.218317358892438779e-02,1.480298189563365174e-01,9.052757793764987682e+00,2.158273381294963933e-01,4.278177458033573188e+00
2.367113571862134169e-01,2.129925452609158706e-02,3.407880724174654208e-02,1.629392971246006461e-01,8.880095923261391633e+00,1.726618705035971313e-01,3.964028776978417046e+00
2.416693915851849950e-01,2.129925452609158706e-02,4.685835995740149362e-02,1.565495207667731703e-01,9.026378896882494729e+00,9.112709832134292809e-02,3.695443645083932971e+00
2.466274259841566008e-01,2.129925452609158706e-02,1.033013844515442009e-01,1.469648562300319428e-01,9.206235011990408168e+00,1.558752997601918489e-01,4.220623501199041172e+00
2.515854603831281788e-01,2.236421725239616520e-02,1.107561235356762513e-01,1.416400425985090417e-01,9.285371702637888802e+00,9.832134292565947176e-02,4.601918465227817556e+00
2.565434947820997569e-01,-4.259850905218317760e-03,6.815761448349308416e-02,1.001064962726304630e-01,9.788968824940047497e+00,-9.592326139088728360e-03,4.465227817745803129e+00
2.615015291810713904e-01,-5.431309904153354406e-02,4.685835995740149362e-02,4.366347177848775574e-02,9.498800959232614360e+00,1.390887290167865664e-01,4.575539568345323715e+00
2.664595635800429685e-01,-5.857294994675186356e-02,5.537806176783812567e-02,2.129925452609158706e-02,9.342925659472422595e+00,3.021582733812949728e-01,4.474820143884891799e+00
2.714175979790145465e-01,-6.602768903088392094e-02,6.389776357827475772e-02,9.584664536741213658e-03,9.292565947242206192e+00,4.412470023980815115e-01,4.683453237410072134e+00
2.763756323779861246e-01,-7.667731629392970927e-02,4.366347177848775574e-02,7.454739084132055646e-03,9.052757793764987682e+00,5.659472422062350461e-01,4.776978417266186661e+00
2.813336667769577026e-01,-8.306709265175718504e-02,9.584664536741213658e-03,1.916932907348242732e-02,8.621103117505995783e+00,7.482014388489208745e-01,4.405275779376498946e+00
2.862917011759293362e-01,-8.839190628328008614e-02,-1.064962726304579440e-03,4.792332268370606829e-02,8.690647482014387748e+00,7.482014388489208745e-01,4.170263788968824770e+00
2.912497355749009142e-01,-6.602768903088392094e-02,1.810436634717784918e-02,9.371671991480298725e-02,8.719424460431655532e+00,7.026378896882493619e-01,4.098321342925659749e+00
2.962077699738724923e-01,-6.389776357827475772e-02,-3.194888178913737886e-03,1.309904153354632672e-01,8.954436450839327932e+00,5.299760191846523139e-01,3.589928057553956720e+00
3.011658043728440703e-01,-8.093716719914803570e-02,1.810436634717784918e-02,1.309904153354632672e-01,9.191846522781775164e+00,5.275779376498801465e-01,3.398081534772182444e+00
3.061238387718157039e-01,-8.413205537806177359e-02,7.241746538871139671e-02,1.490947816826411199e-01,8.834532374100719565e+00,5.611510791366906004e-01,3.515587529976019088e+00
3.110818731707872820e-01,-6.389776357827475772e-02,1.224707135250266282e-01,1.810436634717784987e-01,8.901678657074340251e+00,3.717026378896882699e-01,3.911270983213429364e+00
3.160399075697588600e-01,-5.431309904153354406e-02,1.277955271565495154e-01,1.970181043663471743e-01,8.932853717026379314e+00,2.038369304556355011e-01,4.158273381294963933e+00
3.209979419687304381e-01,-5.537806176783812567e-02,1.096911608093716767e-01,1.906283280085196985e-01,9.002398081534773056e+00,1.726618705035971313e-01,4.256594724220623682e+00
3.259559763677020161e-01,-5.111821086261980618e-02,1.011714589989350377e-01,1.821086261980830734e-01,8.918465227817746310e+00,3.621103117505995450e-01,4.172661870503596937e+00
3.309140107666736497e-01,-6.070287539936101984e-02,1.022364217252396124e-01,1.863684771033013721e-01,9.038369304556354678e+00,4.148681055155875042e-01,4.522781774580336034e+00
3.358720451656452277e-01,-6.176783812566560145e-02,8.945686900958466081e-02,1.927582534611288478e-01,9.167865707434053490e+00,3.453237410071942626e-01,4.544364508393285540e+00
3.408300795646168058e-01,-7.987220447284344715e-02,6.496272630457934627e-02,1.842385516506922227e-01,9.064748201438849406e+00,2.901678657074340251e-01,4.484412470023980468e+00
3.457881139635883838e-01,-9.158679446219382403e-02,4.685835995740149362e-02,1.682641107561235472e-01,8.791366906474820553e+00,3.884892086330935523e-01,4.354916067146282543e+00
3.507461483625600174e-01,-9.691160809371672513e-02,2.981895633652822258e-02,1.693290734824281218e-01,8.750599520383692820e+00,5.059952038369304184e-01,4.302158273381294862e+00
3.557041827615315954e-01,-9.584664536741213658e-02,9.584664536741213658e-03,1.863684771033013721e-01,8.688249400479616469e+00,4.964028776978417490e-01,4.218225419664269005e+00
3.606622171605031735e-01,-8.413205537806177359e-02,-4.259850905218317760e-03,2.097976570820021258e-01,8.736211031175059816e+00,3.812949640287769948e-01,3.880095923261390745e+00
3.656202515594747515e-01,-6.815761448349308416e-02,3.194888178913737886e-03,2.257720979765708291e-01,8.848920863309352569e+00,2.470023980815347631e-01,3.702637889688249473e+00
3.705782859584463296e-01,-3.940362087326943624e-02,2.555910543130990309e-02,2.417465388711395047e-01,8.760191846522781489e+00,2.110311750599520308e-01,3.649880095923261347e+00
3.755363203574179631e-01,-1.064962726304579353e-02,4.259850905218317413e-02,2.651757188498402584e-01,8.755395683453237154e+00,1.175059952038369354e-01,3.774580335731414937e+00
3.804943547563895412e-01,2.768903088391906284e-02,5.644302449414270728e-02,2.960596379126730349e-01,8.798561151079136167e+00,-1.079136690647481966e-01,3.781774580335731439e+00
3.854523891553611192e-01,5.857294994675186356e-02,6.496272630457934627e-02,3.184238551650692139e-01,8.884892086330935967e+00,-4.580335731414867939e-01,3.776978417266187105e+00
3.904104235543326973e-01,8.626198083067092293e-02,7.348242811501597138e-02,3.056443024494142624e-01,8.968824940047960936e+00,-6.163069544364508934e-01,3.884892086330935079e+00
3.953684579533043308e-01,1.107561235356762513e-01,6.922257720979765883e-02,2.886048988285410122e-01,8.791366906474820553e+00,-5.539568345323740983e-01,4.019184652278177339e+00
4.003264923522759089e-01,1.437699680511182188e-01,6.176783812566560145e-02,2.822151224707135087e-01,8.666666666666666075e+00,-4.820143884892086339e-01,4.167865707434052602e+00
4.052845267512474869e-01,1.799787007454738963e-01,4.579339723109691201e-02,2.896698615548455868e-01,8.762589928057554545e+00,-6.187050359712230607e-01,4.086330935251798913e+00
4.102425611502190650e-01,2.066027689030884018e-01,2.768903088391906284e-02,2.811501597444089340e-01,8.980815347721822661e+00,-8.153477218225420042e-01,4.093525179856115415e+00
4.152005955491906430e-01,2.310969116080937302e-01,1.384451544195953142e-02,2.460063897763578311e-01,8.980815347721822661e+00,-7.482014388489208745e-01,3.853717026378896904e+00
4.201586299481622766e-01,2.428115015974440793e-01,9.584664536741213658e-03,2.140575079872204523e-01,8.928057553956834980e+00,-5.707434052757793808e-01,3.805755395683453113e+00
4.251166643471338547e-01,2.609158679446219598e-01,1.597444089456868943e-02,1.991480298189563236e-01,8.901678657074340251e+00,-4.340527577937650094e-01,3.613908872901678837e+00
4.300746987461054327e-01,2.715654952076677064e-01,3.301384451544196047e-02,2.023429179978700754e-01,9.079136690647482411e+00,-5.587529976019184330e-01,3.625899280575539674e+00
4.350327331450770108e-01,2.822151224707135087e-01,5.431309904153354406e-02,1.874334398296059745e-01,9.235011990407674176e+00,-5.827338129496403285e-01,3.601918465227817556e+00
4.399907675440485888e-01,2.726304579339723366e-01,6.815761448349308416e-02,1.565495207667731703e-01,9.107913669064748419e+00,-3.788968824940047719e-01,3.707434052757793808e+00
4.449488019430202224e-01,2.630457933972311091e-01,7.880724174653887248e-02,1.448349307774227934e-01,8.930455635491606259e+00,-1.630695443645084064e-01,3.829736211031175230e+00
4.499068363419918004e-01,2.513312034078807322e-01,8.413205537806177359e-02,1.544195953141639932e-01,8.983213429256593940e+00,-1.318944844124700366e-01,4.009592326139088669e+00
4.548648707409633785e-01,2.374866879659212060e-01,8.519701810436634826e-02,1.608093716719914690e-01,9.213429256594723782e+00,-2.541966426858512929e-01,4.136690647482014427e+00
4.598229051399349565e-01,2.215122470713525027e-01,8.093716719914803570e-02,1.490947816826411199e-01,9.287769784172661858e+00,-2.494004796163069582e-01,4.115107913669064921e+00
4.647809395389065901e-01,1.874334398296059745e-01,7.880724174653887248e-02,1.352502662406815659e-01,9.158273381294964821e+00,-1.414868105515587615e-01,4.347721822541966041e+00
4.697389739378781681e-01,1.725239616613418459e-01,8.093716719914803570e-02,1.331203407880724165e-01,9.071942446043165020e+00,-4.556354916067146404e-02,4.297362110311750527e+00
4.746970083368497462e-01,1.469648562300319428e-01,7.987220447284344715e-02,1.331203407880724165e-01,9.211031175059952503e+00,-2.733812949640287981e-01,4.505995203836930862e+00
4.796550427358213242e-01,1.331203407880724165e-01,6.389776357827475772e-02,1.150159744408945639e-01,9.285371702637888802e+00,-4.004796163069544446e-01,4.388489208633093774e+00
4.846130771347929023e-01,1.139510117145899892e-01,4.259850905218317413e-02,8.519701810436634826e-02,9.182254196642686495e+00,-3.621103117505995450e-01,4.103117505995204084e+00
4.895711115337645358e-01,1.054313099041533502e-01,4.792332268370606829e-02,6.922257720979765883e-02,9.131894484412470092e+00,-4.052757793764987793e-01,3.839328537170263900e+00
4.945291459327361139e-01,1.214057507987220397e-01,8.839190628328008614e-02,6.283280085197018305e-02,9.247002398081534125e+00,-5.587529976019184330e-01,3.534772182254196426e+00
4.994871803317076919e-01,1.331203407880724165e-01,1.480298189563365174e-01,4.579339723109691201e-02,9.426858513189447564e+00,-7.577937649880095439e-01,3.836930455635491732e+00
5.044452147306792700e-01,1.522896698615548439e-01,1.874334398296059745e-01,4.259850905218317760e-03,9.323741007194245256e+00,-8.009592326139088891e-01,4.323741007194244368e+00
5.094032491296508480e-01,1.650692225772097954e-01,1.831735889243876481e-01,-3.727369542066027996e-02,9.079136690647482411e+00,-6.426858513189448452e-01,4.858513189448441238e+00
5.143612835286224261e-01,1.831735889243876481e-01,1.384451544195953177e-01,-5.857294994675186356e-02,8.669064748201439130e+00,-4.436450839328537343e-01,4.856115107913669071e+00
5.193193179275940041e-01,1.991480298189563236e-01,1.033013844515442009e-01,-5.963791267305644517e-02,8.582733812949641106e+00,-3.956834532374100544e-01,4.669064748201439130e+00
5.242773523265656932e-01,2.161874334398296016e-01,9.371671991480298725e-02,-5.963791267305644517e-02,8.805755395683453557e+00,-4.220623501199040617e-01,4.661870503597122628e+00
5.292353867255372712e-01,2.236421725239616520e-01,7.880724174653887248e-02,-6.283280085197018305e-02,9.002398081534773056e+00,-3.549160671462829875e-01,4.817745803357314394e+00
5.341934211245088493e-01,2.204472843450479280e-01,3.833865814696485463e-02,-7.135250266240682204e-02,8.772182254196643214e+00,-1.966426858513189435e-01,4.815347721822542226e+00
5.391514555234804273e-01,2.108626198083067005e-01,1.064962726304579440e-03,-7.454739084132055993e-02,8.700239808153476417e+00,1.678657074340527550e-02,4.666666666666666963e+00
5.441094899224520054e-01,1.927582534611288478e-01,-2.023429179978700893e-02,-6.283280085197018305e-02,8.935251798561150594e+00,1.678657074340527550e-02,4.453237410071942293e+00
5.490675243214235834e-01,1.746538871139510229e-01,-2.555910543130990309e-02,-5.005324813631523151e-02,9.258992805755395850e+00,-1.750599520383692986e-01,4.107913669064748419e+00
5.540255587203951615e-01,1.448349307774227934e-01,-1.064962726304579353e-02,-6.176783812566560145e-02,9.338129496402878260e+00,-2.374100719424460382e-01,3.966426858513189657e+00
5.589835931193667395e-01,1.118210862619808260e-01,1.171458998935037341e-02,-7.667731629392970927e-02,9.256594724220622794e+00,-5.515587529976018893e-02,3.968824940047961825e+00
5.639416275183383176e-01,7.880724174653887248e-02,2.449414270500532495e-02,-7.348242811501597138e-02,9.237410071942445455e+00,6.714628297362110199e-02,3.930455635491606703e+00
5.688996619173100067e-01,4.792332268370606829e-02,4.153354632587859252e-02,-5.750798722044728195e-02,9.381294964028777272e+00,-8.872901678657074687e-02,3.810551558752997447e+00
5.738576963162815847e-01,1.490947816826411129e-02,7.241746538871139671e-02,-5.963791267305644517e-02,9.558752997601917656e+00,-2.949640287769784153e-01,3.745803357314148485e+00
5.788157307152531628e-01,-2.236421725239616520e-02,1.064962726304579388e-01,-8.839190628328008614e-02,9.633093525179855732e+00,-3.261390887290168128e-01,3.899280575539568527e+00
5.837737651142247408e-01,-5.537806176783812567e-02,1.352502662406815659e-01,-1.182108626198083018e-01,9.505995203836929974e+00,-1.702637889688249362e-01,4.211031175059951615e+00
5.887317995131963189e-01,-7.561235356762513460e-02,1.480298189563365174e-01,-1.267305644302449408e-01,9.247002398081534125e+00,-2.158273381294964141e-02,4.541966426858513373e+00
5.936898339121678969e-01,-8.413205537806177359e-02,1.448349307774227934e-01,-1.160809371671991524e-01,9.122302158273381423e+00,-5.995203836930455832e-02,4.719424460431654644e+00
5.986478683111394750e-01,-8.945686900958466081e-02,1.341853035143769912e-01,-1.107561235356762513e-01,9.177458033573142160e+00,-2.637889688249400733e-01,4.904076738609112418e+00
6.036059027101110530e-01,-9.158679446219382403e-02,1.192758253461128903e-01,-1.192758253461128903e-01,9.100719424460431028e+00,-3.717026378896882699e-01,5.076738609112710243e+00
6.085639371090826311e-01,-9.158679446219382403e-02,8.839190628328008614e-02,-1.277955271565495154e-01,8.949640287769783598e+00,-3.717026378896882699e-01,5.374100719424460770e+00
6.135219715080543201e-01,-9.158679446219382403e-02,2.981895633652822258e-02,-1.416400425985090417e-01,8.848920863309352569e+00,-3.453237410071942626e-01,5.563549160671462879e+00
6.184800059070258982e-01,-8.945686900958466081e-02,-3.620873269435569836e-02,-1.554845580404685956e-01,8.577937649880096771e+00,-4.052757793764987793e-01,5.196642685851318610e+00
6.234380403059974762e-01,-9.797657082002129980e-02,-7.028753993610223350e-02,-1.703940362087326965e-01,8.700239808153476417e+00,-5.659472422062350461e-01,5.187050359712229941e+00
6.283960747049690543e-01,-1.096911608093716767e-01,-1.107561235356762513e-01,-2.002129925452609260e-01,8.947242206235012318e+00,-6.714628297362110754e-01,5.304556354916067029e+00
6.333541091039406323e-01,-1.160809371671991524e-01,-1.671991480298189447e-01,-2.428115015974440793e-01,9.091127098321342359e+00,-6.546762589928057929e-01,5.100719424460431917e+00
6.383121435029122104e-01,-1.341853035143769912e-01,-2.236421725239616520e-01,-2.832800851970180833e-01,8.983213429256593940e+00,-5.707434052757793808e-01,4.657074340527578293e+00
6.432701779018837884e-01,-1.448349307774227934e-01,-2.385516506922257807e-01,-3.173588924387646393e-01,9.088729016786571080e+00,-5.155875299760191988e-01,4.268585131894484519e+00
6.482282123008553665e-01,-1.544195953141639932e-01,-2.268370607028754038e-01,-3.397231096911608184e-01,9.426858513189447564e+00,-5.347721822541966485e-01,4.076738609112710243e+00
6.531862466998269445e-01,-1.586794462193823196e-01,-2.044728434504792247e-01,-3.663471778487752961e-01,9.731414868105515481e+00,-6.450839328537170125e-01,4.115107913669064921e+00
6.581442810987986336e-01,-1.608093716719914690e-01,-1.821086261980830734e-01,-4.089456869009584494e-01,9.625899280575540118e+00,-5.563549160671462657e-01,4.187050359712229941e+00
6.631023154977702116e-01,-1.629392971246006461e-01,-1.629392971246006461e-01,-4.408945686900958560e-01,9.270983213429255798e+00,-2.733812949640287981e-01,4.525179856115108201e+00
6.680603498967417897e-01,-1.448349307774227934e-01,-1.554845580404685956e-01,-4.376996805111821320e-01,8.976019184652278327e+00,-1.199040767386091132e-02,4.633093525179855732e+00
6.730183842957133677e-01,-1.277955271565495154e-01,-1.618743343982960714e-01,-4.110756123535675988e-01,8.880095923261391633e+00,-2.398081534772182090e-03,4.779376498800958828e+00
6.779764186946849458e-01,-1.043663471778487756e-01,-1.757188498402555976e-01,-3.908413205537806245e-01,8.899280575539568972e+00,-4.556354916067146404e-02,4.810551558752997892e+00
6.829344530936565238e-01,-9.265175718849839870e-02,-1.970181043663471743e-01,-3.801916932907348223e-01,8.856115107913668183e+00,1.750599520383692986e-01,4.980815347721822661e+00
6.878924874926281019e-01,-8.093716719914803570e-02,-2.321618743343983049e-01,-3.599574014909477926e-01,8.697841726618705138e+00,4.916067146282973588e-01,4.918465227817745422e+00
6.928505218915996799e-01,-7.348242811501597138e-02,-2.630457933972311091e-01,-3.130990415335463406e-01,8.676258992805754744e+00,5.971223021582733326e-01,4.609112709832134058e+00
6.978085562905712580e-01,-7.454739084132055993e-02,-2.736954206602769113e-01,-2.630457933972311091e-01,8.846522781774579514e+00,4.292565947242206192e-01,4.366906474820144268e+00
7.027665906895429471e-01,-8.413205537806177359e-02,-2.736954206602769113e-01,-2.385516506922257807e-01,9.076738609112709355e+00,2.685851318944844079e-01,4.201438848920862945e+00
7.077246250885145251e-01,-1.139510117145899892e-01,-2.758253461128860606e-01,-2.364217252396166036e-01,9.117505995203837088e+00,2.086330935251798635e-01,4.230215827338129841e+00
7.126826594874861032e-01,-1.384451544195953177e-01,-2.896698615548455868e-01,-2.396166134185303553e-01,9.043165467625899012e+00,2.446043165467625957e-01,3.997601918465227833e+00
7.176406938864576812e-01,-1.661341853035143701e-01,-2.960596379126730349e-01,-2.374866879659212060e-01,9.000000000000000000e+00,1.774580335731414937e-01,3.695443645083932971e+00
7.225987282854292593e-01,-1.895633652822151238e-01,-2.800851970181043593e-01,-2.406815761448349300e-01,9.153477218225420486e+00,2.398081534772182263e-02,3.479616306954436578e+00
7.275567626844008373e-01,-2.119275825346112752e-01,-2.534611288604898816e-01,-2.523961661341853069e-01,9.383693045563548552e+00,-4.076738609112710160e-02,3.501199040767386084e+00
7.325147970833724154e-01,-2.300319488817891278e-01,-2.289669861554845531e-01,-2.705005324813631318e-01,9.431654676258993675e+00,9.592326139088728360e-03,3.628297362110311841e+00
7.374728314823439934e-01,-2.449414270500532564e-01,-2.097976570820021258e-01,-2.811501597444089340e-01,9.333333333333333925e+00,1.918465227817745811e-01,3.623501199040767506e+00
7.424308658813155715e-01,-2.555910543130990309e-01,-1.853035143769967974e-01,-2.811501597444089340e-01,9.282973621103117523e+00,2.350119904076738708e-01,3.673860911270983021e+00
7.473889002802872605e-01,-2.630457933972311091e-01,-1.565495207667731703e-01,-2.843450479233226580e-01,9.244604316546762846e+00,3.069544364508393075e-01,3.762589928057554101e+00
7.523469346792588386e-01,-2.715654952076677064e-01,-1.363152289669861683e-01,-2.864749733759318628e-01,9.167865707434053490e+00,3.573141486810551548e-01,4.203836930455635112e+00
7.573049690782304166e-01,-2.694355697550585571e-01,-1.427050053248136441e-01,-2.822151224707135087e-01,9.076738609112709355e+00,4.292565947242206192e-01,4.453237410071942293e+00
7.622630034772019947e-01,-2.587859424920127549e-01,-1.618743343982960714e-01,-2.715654952076677064e-01,9.011990407673861725e+00,5.035971223021582510e-01,4.453237410071942293e+00
7.672210378761735727e-01,-2.428115015974440793e-01,-1.778487752928647470e-01,-2.587859424920127549e-01,8.971223021582733992e+00,5.611510791366906004e-01,4.441247002398081456e+00
7.721790722751451508e-01,-2.215122470713525027e-01,-1.895633652822151238e-01,-2.364217252396166036e-01,8.952038369304556653e+00,6.091127098321342803e-01,4.436450839328537121e+00
7.771371066741167288e-01,-2.066027689030884018e-01,-2.108626198083067005e-01,-2.140575079872204523e-01,9.016786570743406060e+00,6.115107913669064477e-01,4.103117505995204084e+00
7.820951410730883069e-01,-2.097976570820021258e-01,-2.204472843450479280e-01,-2.055378061767837994e-01,9.127098321342925757e+00,5.371702637889688159e-01,3.700239808153477306e+00
7.870531754720598849e-01,-2.204472843450479280e-01,-1.948881789137380249e-01,-2.066027689030884018e-01,9.431654676258993675e+00,4.388489208633093441e-01,3.580335731414868050e+00
7.920112098710315740e-01,-2.129925452609158776e-01,-1.490947816826411199e-01,-2.066027689030884018e-01,9.707434052757793808e+00,2.661870503597122406e-01,3.827338129496403063e+00
7.969692442700031521e-01,-1.948881789137380249e-01,-1.288604898828540901e-01,-2.023429179978700754e-01,9.136690647482014427e+00,1.966426858513189435e-01,3.942446043165467540e+00
8.019272786689747301e-01,-1.640042598509052207e-01,-1.256656017039403661e-01,-2.002129925452609260e-01,8.988009592326138275e+00,1.942446043165467762e-01,3.721822541966426812e+00
8.068853130679463082e-01,-1.341853035143769912e-01,-1.011714589989350377e-01,-1.895633652822151238e-01,9.383693045563548552e+00,2.302158273381295084e-01,3.788968824940047941e+00
8.118433474669178862e-01,-1.022364217252396124e-01,-8.413205537806177359e-02,-1.746538871139510229e-01,9.517985611510791699e+00,2.541966426858512929e-01,3.997601918465227833e+00
8.168013818658894643e-01,-7.987220447284344715e-02,-8.093716719914803570e-02,-1.608093716719914690e-01,9.112709832134292753e+00,2.949640287769784153e-01,4.021582733812949506e+00
8.217594162648610423e-01,-7.028753993610223350e-02,-7.454739084132055993e-02,-1.650692225772097954e-01,9.026378896882494729e+00,3.932853717026378870e-01,4.299760191846522694e+00
8.267174506638326204e-01,-6.602768903088392094e-02,-8.413205537806177359e-02,-1.671991480298189447e-01,9.141486810551558762e+00,5.011990407673860837e-01,4.453237410071942293e+00
8.316754850628041984e-01,-5.537806176783812567e-02,-1.064962726304579388e-01,-1.533546325878594185e-01,9.074340527577938076e+00,5.155875299760191988e-01,4.486810551558752636e+00
8.366335194617757764e-01,-4.046858359957401785e-02,-1.160809371671991524e-01,-1.352502662406815659e-01,8.985611510791366996e+00,5.635491606714628787e-01,4.340527577937649539e+00
8.415915538607474655e-01,-4.366347177848775574e-02,-1.224707135250266282e-01,-1.224707135250266282e-01,8.868105515587529908e+00,7.026378896882493619e-01,4.563549160671462879e+00
8.465495882597190436e-01,-4.046858359957401785e-02,-1.458998935037273681e-01,-1.043663471778487756e-01,8.791366906474820553e+00,9.232613908872902009e-01,4.733812949640287648e+00
8.515076226586906216e-01,-4.792332268370606829e-02,-1.863684771033013721e-01,-7.028753993610223350e-02,8.824940047961630896e+00,8.968824940047961380e-01,4.729016786570743314e+00
8.564656570576621997e-01,-5.644302449414270728e-02,-2.257720979765708291e-01,-4.366347177848775574e-02,8.988009592326138275e+00,7.410071942446042614e-01,4.431654676258992787e+00
8.614236914566337777e-01,-7.348242811501597138e-02,-2.406815761448349300e-01,-3.727369542066027996e-02,9.139088729016785706e+00,7.338129496402877594e-01,4.175059952038369104e+00
8.663817258556053558e-01,-8.945686900958466081e-02,-2.438764643237486818e-01,-3.407880724174654208e-02,9.187050359712230829e+00,8.057553956834532238e-01,4.141486810551558762e+00
8.713397602545769338e-01,-9.691160809371672513e-02,-2.428115015974440793e-01,-1.277955271565495154e-02,9.165467625899280435e+00,8.201438848920863389e-01,4.091127098321343247e+00
8.762977946535485119e-01,-1.054313099041533502e-01,-2.460063897763578311e-01,1.171458998935037341e-02,9.194244604316546443e+00,6.666666666666666297e-01,4.115107913669064921e+00
8.812558290525200899e-01,-1.054313099041533502e-01,-2.523961661341853069e-01,2.023429179978700893e-02,9.328537170263789591e+00,4.772182254196642437e-01,3.973621103117506159e+00
8.862138634514917790e-01,-1.086261980830670881e-01,-2.566560170394036056e-01,1.490947816826411129e-02,9.357314148681055599e+00,4.316546762589927866e-01,3.983213429256594829e+00
8.911718978504633570e-01,-1.022364217252396124e-01,-2.577209797657081802e-01,1.171458998935037341e-02,9.270983213429255798e+00,5.155875299760191988e-01,3.944844124700239707e+00
8.961299322494349351e-01,-9.371671991480298725e-02,-2.555910543130990309e-01,2.023429179978700893e-02,9.227817745803356786e+00,5.851318944844124958e-01,3.940047961630695372e+00
9.010879666484065131e-01,-8.519701810436634826e-02,-2.555910543130990309e-01,3.620873269435569836e-02,9.251798561151078459e+00,5.491606714628297636e-01,3.884892086330935079e+00
9.060460010473780912e-01,-8.200212992545261037e-02,-2.513312034078807322e-01,3.833865814696485463e-02,9.285371702637888802e+00,4.868105515587530241e-01,3.877697841726618577e+00
9.110040354463496692e-01,-8.519701810436634826e-02,-2.470713525026624058e-01,3.620873269435569836e-02,9.223021582733812451e+00,5.011990407673860837e-01,4.007194244604316502e+00
9.159620698453212473e-01,-8.626198083067092293e-02,-2.534611288604898816e-01,3.301384451544196047e-02,9.153477218225420486e+00,5.227817745803357008e-01,3.935251798561151038e+00
9.209201042442928253e-01,-8.626198083067092293e-02,-2.587859424920127549e-01,3.088391906283280072e-02,9.129496402877697037e+00,4.652278177458033515e-01,3.894484412470024193e+00
9.258781386432644034e-01,-7.561235356762513460e-02,-2.523961661341853069e-01,3.301384451544196047e-02,9.131894484412470092e+00,4.412470023980815115e-01,3.762589928057554101e+00
9.308361730422360925e-01,-7.561235356762513460e-02,-2.470713525026624058e-01,2.981895633652822258e-02,9.055155875299760737e+00,4.916067146282973588e-01,3.779376498800959272e+00
9.357942074412076705e-01,-7.028753993610223350e-02,-2.428115015974440793e-01,3.088391906283280072e-02,9.074340527577938076e+00,5.419664268585131506e-01,3.769784172661870603e+00
9.407522418401792486e-01,-6.602768903088392094e-02,-2.406815761448349300e-01,3.301384451544196047e-02,9.172661870503597825e+00,4.244604316546762846e-01,3.705035971223021640e+00
9.457102762391508266e-01,-6.496272630457934627e-02,-2.289669861554845531e-01,2.768903088391906284e-02,9.235011990407674176e+00,3.237410071942445899e-01,3.702637889688249473e+00
9.506683106381224047e-01,-6.070287539936101984e-02,-2.183173588924387509e-01,1.171458998935037341e-02,9.170263788968824770e+00,3.573141486810551548e-01,3.678657074340527799e+00
9.556263450370939827e-01,-6.070287539936101984e-02,-2.119275825346112752e-01,0.000000000000000000e+00,8.992805755395682610e+00,4.724220623501199090e-01,3.810551558752997447e+00
9.605843794360655608e-01,-5.111821086261980618e-02,-2.161874334398296016e-01,0.000000000000000000e+00,8.944844124700239263e+00,4.820143884892086339e-01,3.760191846522781933e+00
9.655424138350371388e-01,-4.685835995740149362e-02,-2.215122470713525027e-01,3.194888178913737886e-03,9.122302158273381423e+00,3.117505995203836977e-01,3.772182254196642770e+00
9.705004482340087169e-01,-3.620873269435569836e-02,-2.204472843450479280e-01,-1.490947816826411129e-02,9.237410071942445455e+00,2.494004796163069582e-01,3.764988009592326268e+00
9.754584826329804059e-01,-3.940362087326943624e-02,-2.268370607028754038e-01,-3.727369542066027996e-02,9.117505995203837088e+00,4.076738609112710021e-01,3.824940047961630896e+00
9.804165170319519840e-01,-3.407880724174654208e-02,-2.364217252396166036e-01,-4.685835995740149362e-02,9.021582733812950394e+00,6.594724220623501276e-01,3.829736211031175230e+00
9.853745514309235620e-01,-2.449414270500532495e-02,-2.374866879659212060e-01,-3.727369542066027996e-02,8.944844124700239263e+00,7.098321342925659749e-01,3.803357314148680945e+00
9.903325858298951401e-01,-2.023429179978700893e-02,-2.364217252396166036e-01,-2.342917997870074681e-02,9.098321342925659749e+00,5.515587529976019310e-01,3.964028776978417046e+00
9.952906202288667181e-01,-9.584664536741213658e-03,-2.492012779552715551e-01,-2.768903088391906284e-02,9.191846522781775164e+00,5.011990407673860837e-01,3.935251798561151038e+00
1.000248654627838185e+00,-1.277955271565495154e-02,-2.651757188498402584e-01,-3.833865814696485463e-02,9.103117505995204084e+00,6.786570743405275774e-01,3.947242206235011874e+00
1.005206689026809874e+00,-4.259850905218317760e-03,-2.768903088391906353e-01,-3.407880724174654208e-02,8.978417266187049606e+00,9.016786570743404727e-01,3.741007194244604150e+00
1.010164723425781341e+00,3.194888178913737886e-03,-2.747603833865814860e-01,-4.259850905218317760e-03,9.052757793764987682e+00,8.776978417266186883e-01,3.652278177458033515e+00
1.015122757824753030e+00,1.277955271565495154e-02,-2.577209797657081802e-01,2.981895633652822258e-02,9.187050359712230829e+00,6.594724220623501276e-01,3.577937649880095883e+00
1.020080792223724497e+00,1.171458998935037341e-02,-2.438764643237486818e-01,3.833865814696485463e-02,9.285371702637888802e+00,4.628297362110311841e-01,3.640287769784172678e+00
1.025038826622696186e+00,4.259850905218317760e-03,-2.460063897763578311e-01,2.342917997870074681e-02,9.239808153477218511e+00,4.964028776978417490e-01,3.657074340527577849e+00
1.029996861021667653e+00,0.000000000000000000e+00,-2.545260915867944562e-01,1.490947816826411129e-02,9.124700239808152702e+00,5.707434052757793808e-01,3.479616306954436578e+00
1.034954895420639343e+00,-1.064962726304579353e-02,-2.481363152289669805e-01,2.129925452609158706e-02,9.074340527577938076e+00,6.019184652278177783e-01,3.357314148681055155e+00
1.039912929819610810e+00,-1.597444089456868943e-02,-2.310969116080937302e-01,2.981895633652822258e-02,9.167865707434053490e+00,5.443645083932853179e-01,3.239808153477218067e+00
1.044870964218582499e+00,-3.301384451544196047e-02,-2.129925452609158776e-01,2.555910543130990309e-02,9.302158273381294862e+00,4.340527577937650094e-01,3.376498800959232494e+00
1.049828998617554188e+00,-5.005324813631523151e-02,-2.087326943556975511e-01,4.259850905218317760e-03,9.258992805755395850e+00,4.748201438848920763e-01,3.414868105515587615e+00
1.054787033016525655e+00,-7.348242811501597138e-02,-2.066027689030884018e-01,-1.064962726304579353e-02,9.071942446043165020e+00,5.587529976019184330e-01,3.501199040767386084e+00
1.059745067415497344e+00,-8.413205537806177359e-02,-2.097976570820021258e-01,-1.171458998935037341e-02,8.995203836930455665e+00,5.827338129496403285e-01,3.479616306954436578e+00
1.064703101814468811e+00,-8.945686900958466081e-02,-2.066027689030884018e-01,-7.454739084132055646e-03,9.079136690647482411e+00,5.131894484412470314e-01,3.472422062350120076e+00
1.069661136213440500e+00,-9.158679446219382403e-02,-2.034078807241746500e-01,-7.454739084132055646e-03,9.179856115107913439e+00,4.388489208633093441e-01,3.553956834532374209e+00
1.074619170612411967e+00,-8.732694355697551147e-02,-2.012779552715655007e-01,-1.490947816826411129e-02,9.122302158273381423e+00,5.131894484412470314e-01,3.618705035971223172e+00
1.079577205011383656e+00,-8.306709265175718504e-02,-2.055378061767837994e-01,-1.490947816826411129e-02,8.980815347721822661e+00,6.043165467625899456e-01,3.714628297362110310e+00
1.084535239410355123e+00,-6.389776357827475772e-02,-2.108626198083067005e-01,0.000000000000000000e+00,8.918465227817746310e+00,6.354916067146283432e-01,3.621103117505995339e+00
1.089493273809326812e+00,-4.898828541001064990e-02,-2.129925452609158776e-01,1.597444089456868943e-02,8.988009592326138275e+00,5.059952038369304184e-01,3.630695443645084008e+00
1.094451308208298501e+00,-3.088391906283280072e-02,-2.119275825346112752e-01,2.449414270500532495e-02,9.091127098321342359e+00,3.788968824940047719e-01,3.621103117505995339e+00
1.099409342607269968e+00,-1.384451544195953142e-02,-2.183173588924387509e-01,2.555910543130990309e-02,9.107913669064748419e+00,2.973621103117505826e-01,3.604316546762589724e+00
1.104367377006241657e+00,5.324813631522896766e-03,-2.183173588924387509e-01,2.768903088391906284e-02,9.088729016786571080e+00,2.446043165467625957e-01,3.549160671462829875e+00
1.109325411405213124e+00,2.129925452609158706e-02,-2.129925452609158776e-01,2.449414270500532495e-02,9.047961630695443347e+00,1.247002398081534791e-01,3.436450839328537121e+00
1.114283445804184813e+00,3.301384451544196047e-02,-2.097976570820021258e-01,1.384451544195953142e-02,9.035971223021583398e+00,1.918465227817745672e-02,3.472422062350120076e+00
1.119241480203156280e+00,4.046858359957401785e-02,-2.119275825346112752e-01,-7.454739084132055646e-03,8.988009592326138275e+00,3.597122302158273222e-02,3.446043165467625791e+00
1.124199514602127969e+00,3.407880724174654208e-02,-2.151224707135250269e-01,-3.088391906283280072e-02,8.925659472422061924e+00,5.275779376498800771e-02,3.496402877697841749e+00
1.129157549001099436e+00,3.301384451544196047e-02,-2.215122470713525027e-01,-5.111821086261980618e-02,8.952038369304556653e+00,2.637889688249400386e-02,3.431654676258992787e+00
1.134115583400071126e+00,2.981895633652822258e-02,-2.183173588924387509e-01,-7.241746538871139671e-02,8.976019184652278327e+00,7.194244604316547137e-03,3.364508393285371657e+00
1.139073617799042815e+00,1.810436634717784918e-02,-2.193823216187433534e-01,-9.478168264110756192e-02,8.894484412470024637e+00,1.103117505995203779e-01,3.282973621103117523e+00
1.144031652198014282e+00,0.000000000000000000e+00,-2.140575079872204523e-01,-1.171458998935037271e-01,8.803357314148680501e+00,2.781774580335731328e-01,3.323741007194244812e+00
1.148989686596985971e+00,-1.916932907348242732e-02,-2.097976570820021258e-01,-1.331203407880724165e-01,8.829736211031175230e+00,2.829736211031175230e-01,3.417266187050359783e+00
1.153947720995957438e+00,-3.407880724174654208e-02,-2.076677316293929765e-01,-1.469648562300319428e-01,8.930455635491606259e+00,2.014388489208633060e-01,3.520383693045563422e+00
1.158905755394929127e+00,-4.579339723109691201e-02,-2.129925452609158776e-01,-1.671991480298189447e-01,8.839328537170263900e+00,2.158273381294963933e-01,3.496402877697841749e+00
1.163863789793900594e+00,-5.218317358892438779e-02,-2.183173588924387509e-01,-1.842385516506922227e-01,8.731414868105515481e+00,3.693045563549160470e-01,3.515587529976019088e+00
1.168821824192872283e+00,-4.898828541001064990e-02,-2.300319488817891278e-01,-1.831735889243876481e-01,8.570743405275779381e+00,4.700239808153477417e-01,3.503597122302158251e+00
1.173779858591843750e+00,-4.046858359957401785e-02,-2.342917997870074542e-01,-1.629392971246006461e-01,8.573141486810552436e+00,4.268585131894484519e-01,3.474820143884892243e+00
1.178737892990815439e+00,-2.768903088391906284e-02,-2.353567625133120289e-01,-1.458998935037273681e-01,8.683453237410072134e+00,3.213429256594724226e-01,3.477218225419664410e+00
1.183695927389787128e+00,-1.597444089456868943e-02,-2.406815761448349300e-01,-1.437699680511182188e-01,8.752997601918465875e+00,2.422062350119904006e-01,3.465227817745803574e+00
1.188653961788758595e+00,-7.454739084132055646e-03,-2.545260915867944562e-01,-1.512247071352502692e-01,8.736211031175059816e+00,2.805755395683453002e-01,3.378896882494004661e+00
1.193611996187730284e+00,6.389776357827475772e-03,-2.619808306709265344e-01,-1.501597444089456945e-01,8.664268585131894795e+00,3.621103117505995450e-01,3.117505995203837088e+00
1.198570030586701751e+00,1.703940362087327104e-02,-2.545260915867944562e-01,-1.458998935037273681e-01,8.664268585131894795e+00,3.237410071942445899e-01,2.889688249400479414e+00
1.203528064985673440e+00,2.875399361022364098e-02,-2.279020234291799785e-01,-1.427050053248136441e-01,8.916067146282973255e+00,2.805755395683453002e-01,2.880095923261390745e+00
1.208486099384644907e+00,3.620873269435569836e-02,-2.034078807241746500e-01,-1.437699680511182188e-01,8.949640287769783598e+00,3.237410071942445899e-01,2.983213429256594829e+00
1.213444133783616596e+00,4.046858359957401785e-02,-1.895633652822151238e-01,-1.437699680511182188e-01,8.865707434052758629e+00,4.676258992805755188e-01,3.052757793764988126e+00
1.218402168182588063e+00,3.940362087326943624e-02,-1.810436634717784987e-01,-1.395101171458998923e-01,8.729016786570744202e+00,5.731414868105515481e-01,3.033573141486810343e+00
1.223360202581559752e+00,3.620873269435569836e-02,-1.703940362087326965e-01,-1.267305644302449408e-01,8.625899280575540118e+00,6.498800959232613472e-01,3.103117505995203640e+00
1.228318236980531442e+00,2.981895633652822258e-02,-1.640042598509052207e-01,-1.150159744408945639e-01,8.573141486810552436e+00,6.978417266187050272e-01,3.261390887290168017e+00
1.233276271379502909e+00,1.810436634717784918e-02,-1.703940362087326965e-01,-1.001064962726304630e-01,8.582733812949641106e+00,7.482014388489208745e-01,3.378896882494004661e+00
1.238234305778474598e+00,6.389776357827475772e-03,-1.853035143769967974e-01,-8.093716719914803570e-02,8.580335731414868050e+00,8.153477218225420042e-01,3.359712230215827322e+00
1.243192340177446065e+00,-8.519701810436635520e-03,-1.948881789137380249e-01,-6.070287539936101984e-02,8.563549160671461991e+00,8.872901678657074687e-01,3.232613908872901565e+00
1.248150374576417754e+00,-2.449414270500532495e-02,-1.959531416400425996e-01,-3.514376996805111675e-02,8.553956834532373321e+00,8.992805755395683054e-01,3.122302158273381423e+00
1.253108408975389221e+00,-4.153354632587859252e-02,-1.863684771033013721e-01,-8.519701810436635520e-03,8.592326139088729775e+00,8.705035971223021862e-01,3.062350119904076795e+00
1.258066443374360910e+00,-5.857294994675186356e-02,-1.778487752928647470e-01,1.810436634717784918e-02,8.669064748201439130e+00,7.889688249400479414e-01,2.973621103117506159e+00
1.263024477773332377e+00,-7.987220447284344715e-02,-1.693290734824281218e-01,3.301384451544196047e-02,8.693045563549160804e+00,6.834532374100719121e-01,2.923261390887290201e+00
1.267982512172304066e+00,-1.054313099041533502e-01,-1.608093716719914690e-01,3.833865814696485463e-02,8.630695443645084453e+00,6.043165467625899456e-01,2.872901678657074243e+00
1.272940546571275755e+00,-1.288604898828540901e-01,-1.512247071352502692e-01,3.940362087326943624e-02,8.657074340527577405e+00,4.988009592326139163e-01,2.712230215827338142e+00
1.277898580970247222e+00,-1.490947816826411199e-01,-1.395101171458998923e-01,3.620873269435569836e-02,8.733812949640288537e+00,3.477218225419664299e-01,2.520383693045563422e+00
1.282856615369218911e+00,-1.640042598509052207e-01,-1.171458998935037271e-01,2.555910543130990309e-02,8.800959232613909222e+00,2.326139088729016757e-01,2.458033573141486627e+00
1.287814649768190378e+00,-1.735889243876464205e-01,-8.839190628328008614e-02,1.171458998935037341e-02,8.803357314148680501e+00,1.918465227817745811e-01,2.544364508393285540e+00
1.292772684167162067e+00,-1.714589989350372712e-01,-6.283280085197018305e-02,6.389776357827475772e-03,8.827338129496402175e+00,1.462829736211031240e-01,2.606714628297361891e+00
1.297730718566133534e+00,-1.640042598509052207e-01,-4.259850905218317413e-02,2.129925452609158880e-03,8.892086330935251581e+00,9.112709832134292809e-02,2.594724220623501054e+00
1.302688752965105223e+00,-1.512247071352502692e-01,-1.916932907348242732e-02,-5.324813631522896766e-03,8.952038369304556653e+00,5.515587529976018893e-02,2.582733812949640217e+00
1.307646787364076690e+00,-1.384451544195953177e-01,1.171458998935037341e-02,-1.916932907348242732e-02,8.913669064748201976e+00,1.366906474820143991e-01,2.678657074340527799e+00
1.312604821763048379e+00,-1.235356762513312029e-01,4.153354632587859252e-02,-2.555910543130990309e-02,8.805755395683453557e+00,2.709832134292565753e-01,2.952038369304556209e+00
1.317562856162020068e+00,-9.797657082002129980e-02,5.537806176783812567e-02,-1.490947816826411129e-02,8.745803357314148485e+00,3.237410071942445899e-01,3.170263788968824770e+00
1.322520890560991536e+00,-7.135250266240682204e-02,5.857294994675186356e-02,-6.389776357827475772e-03,8.762589928057554545e+00,3.141486810551558650e-01,3.342925659472422151e+00
1.327478924959963225e+00,-4.792332268370606829e-02,5.644302449414270728e-02,1.064962726304579440e-03,8.762589928057554545e+00,3.261390887290168128e-01,3.402877697841726778e+00
1.332436959358934692e+00,-2.449414270500532495e-02,4.685835995740149362e-02,7.454739084132055646e-03,8.705035971223020752e+00,3.908872901678657197e-01,3.472422062350120076e+00
1.337394993757906381e+00,-1.064962726304579440e-03,3.833865814696485463e-02,1.597444089456868943e-02,8.645083932853717457e+00,4.364508393285371768e-01,3.537170263788969038e+00
1.342353028156877848e+00,2.129925452609158706e-02,3.194888178913737886e-02,2.875399361022364098e-02,8.635491606714628787e+00,4.172661870503597270e-01,3.589928057553956720e+00
1.347311062555849537e+00,3.620873269435569836e-02,1.597444089456868943e-02,3.833865814696485463e-02,8.714628297362111198e+00,2.781774580335731328e-01,3.630695443645084008e+00
1.352269096954821004e+00,4.366347177848775574e-02,-7.454739084132055646e-03,3.407880724174654208e-02,8.846522781774579514e+00,1.270983213429256464e-01,3.549160671462829875e+00
1.357227131353792693e+00,4.685835995740149362e-02,-2.662406815761448470e-02,1.277955271565495154e-02,8.808153477218224836e+00,1.966426858513189435e-01,3.465227817745803574e+00
1.362185165752764382e+00,4.685835995740149362e-02,-4.685835995740149362e-02,0.000000000000000000e+00,8.729016786570744202e+00,2.925659472422062479e-01,3.263788968824940184e+00
1.367143200151735849e+00,4.153354632587859252e-02,-5.218317358892438779e-02,-6.389776357827475772e-03,8.841726618705035179e+00,2.829736211031175230e-01,3.215827338129496393e+00
1.372101234550707538e+00,3.833865814696485463e-02,-5.111821086261980618e-02,-1.597444089456868943e-02,8.935251798561150594e+00,1.438848920863309289e-01,3.194244604316546887e+00
1.377059268949679005e+00,3.194888178913737886e-02,-5.537806176783812567e-02,-3.514376996805111675e-02,9.083932853717026745e+00,2.398081534772182263e-02,3.275779376498801021e+00
1.382017303348650694e+00,2.981895633652822258e-02,-7.135250266240682204e-02,-6.176783812566560145e-02,8.980815347721822661e+00,1.462829736211031240e-01,3.242206235011990234e+00
1.386975337747622161e+00,2.236421725239616520e-02,-8.200212992545261037e-02,-7.774227902023429781e-02,8.882494004796162912e+00,3.093525179856115304e-01,3.254196642685851515e+00
1.391933372146593850e+00,2.236421725239616520e-02,-8.732694355697551147e-02,-7.774227902023429781e-02,8.911270983213428920e+00,3.956834532374100544e-01,3.105515587529975807e+00
1.396891406545565317e+00,2.342917997870074681e-02,-8.200212992545261037e-02,-6.815761448349308416e-02,9.043165467625899012e+00,3.573141486810551548e-01,3.043165467625899456e+00
1.401849440944537006e+00,1.597444089456868943e-02,-7.561235356762513460e-02,-7.241746538871139671e-02,9.115107913669064033e+00,3.309352517985611475e-01,3.083932853717026301e+00
1.406807475343508695e+00,5.324813631522896766e-03,-7.774227902023429781e-02,-7.987220447284344715e-02,9.124700239808152702e+00,4.100719424460431695e-01,3.093525179856114971e+00
1.411765509742480162e+00,-1.064962726304579440e-03,-7.667731629392970927e-02,-7.774227902023429781e-02,9.093525179856115415e+00,4.772182254196642437e-01,3.031175059952038175e+00
1.416723544141451852e+00,-2.129925452609158880e-03,-6.815761448349308416e-02,-7.348242811501597138e-02,9.112709832134292753e+00,4.868105515587530241e-01,2.853717026378896904e+00
1.421681578540423319e+00,-1.384451544195953142e-02,-5.431309904153354406e-02,-6.602768903088392094e-02,9.201438848920863833e+00,4.436450839328537343e-01,2.841726618705036067e+00
1.426639612939395008e+00,-2.236421725239616520e-02,-3.514376996805111675e-02,-6.602768903088392094e-02,9.270983213429255798e+00,4.604316546762590168e-01,2.844124700239808234e+00
1.431597647338366475e+00,-3.620873269435569836e-02,-2.342917997870074681e-02,-6.709265175718849561e-02,9.292565947242206192e+00,4.532374100719424592e-01,2.851318944844124736e+00
1.436555681737338164e+00,-4.685835995740149362e-02,-1.703940362087327104e-02,-6.922257720979765883e-02,9.191846522781775164e+00,4.556354916067146266e-01,2.805755395683453113e+00
1.441513716136309631e+00,-5.750798722044728195e-02,-3.194888178913737886e-03,-6.709265175718849561e-02,9.115107913669064033e+00,4.772182254196642437e-01,2.805755395683453113e+00
1.446471750535281320e+00,-6.815761448349308416e-02,5.324813631522896766e-03,-6.815761448349308416e-02,9.139088729016785706e+00,4.028776978417266119e-01,2.824940047961630896e+00
1.451429784934253009e+00,-7.561235356762513460e-02,1.064962726304579353e-02,-7.028753993610223350e-02,9.225419664268585507e+00,3.357314148681055377e-01,2.865707434052757741e+00
1.456387819333224476e+00,-8.413205537806177359e-02,1.597444089456868943e-02,-7.987220447284344715e-02,9.278177458033573188e+00,2.997601918465228055e-01,2.923261390887290201e+00
1.461345853732196165e+00,-8.626198083067092293e-02,2.449414270500532495e-02,-8.732694355697551147e-02,9.203836930455635112e+00,3.980815347721822772e-01,2.904076738609112862e+00
1.466303888131167632e+00,-8.413205537806177359e-02,3.407880724174654208e-02,-8.519701810436634826e-02,9.127098321342925757e+00,4.940047961630695261e-01,2.983213429256594829e+00
1.471261922530139321e+00,-7.880724174653887248e-02,4.579339723109691201e-02,-7.348242811501597138e-02,9.100719424460431028e+00,5.323741007194244812e-01,3.035971223021582954e+00
1.476219956929110788e+00,-7.880724174653887248e-02,5.005324813631523151e-02,-6.176783812566560145e-02,9.136690647482014427e+00,5.107913669064748641e-01,3.175059952038369104e+00
1.481177991328082477e+00,-7.774227902023429781e-02,4.579339723109691201e-02,-5.857294994675186356e-02,9.170263788968824770e+00,5.323741007194244812e-01,3.249400479616306736e+00
1.486136025727053944e+00,-7.880724174653887248e-02,3.940362087326943624e-02,-5.537806176783812567e-02,9.151079136690647431e+00,5.803357314148680501e-01,3.208633093525179891e+00
1.491094060126025633e+00,-7.774227902023429781e-02,3.727369542066027996e-02,-4.366347177848775574e-02,9.160671462829736100e+00,5.851318944844124958e-01,3.175059952038369104e+00
1.496052094524997322e+00,-7.348242811501597138e-02,4.046858359957401785e-02,-2.981895633652822258e-02,9.177458033573142160e+00,5.947242206235011652e-01,3.119904076738609255e+00
1.501010128923968789e+00,-7.348242811501597138e-02,4.792332268370606829e-02,-2.023429179978700893e-02,9.196642685851319499e+00,5.443645083932853179e-01,3.153477218225419598e+00
1.505968163322940478e+00,-6.709265175718849561e-02,4.685835995740149362e-02,-1.384451544195953142e-02,9.227817745803356786e+00,5.035971223021582510e-01,3.230215827338129397e+00
1.510926197721911945e+00,-6.709265175718849561e-02,3.833865814696485463e-02,-7.454739084132055646e-03,9.232613908872901121e+00,4.604316546762590168e-01,3.266187050359712352e+00
1.515884232120883635e+00,-6.815761448349308416e-02,2.981895633652822258e-02,-8.519701810436635520e-03,9.232613908872901121e+00,4.508393285371702364e-01,3.211031175059952059e+00
1.520842266519855102e+00,-7.241746538871139671e-02,2.662406815761448470e-02,-9.584664536741213658e-03,9.206235011990408168e+00,4.340527577937650094e-01,3.172661870503596937e+00
1.525800300918826791e+00,-7.774227902023429781e-02,2.129925452609158706e-02,-9.584664536741213658e-03,9.189448441247002108e+00,4.868105515587530241e-01,3.230215827338129397e+00
1.530758335317798258e+00,-8.200212992545261037e-02,1.490947816826411129e-02,-5.324813631522896766e-03,9.201438848920863833e+00,4.988009592326139163e-01,3.258992805755395850e+00
1.535716369716769947e+00,-8.945686900958466081e-02,4.259850905218317760e-03,-5.324813631522896766e-03,9.230215827338129841e+00,4.340527577937650094e-01,3.235011990407673732e+00
1.540674404115741636e+00,-9.691160809371672513e-02,-7.454739084132055646e-03,-1.064962726304579353e-02,9.235011990407674176e+00,3.645083932853717124e-01,3.170263788968824770e+00
1.545632438514713103e+00,-1.043663471778487756e-01,-1.277955271565495154e-02,-1.810436634717784918e-02,9.215827338129496837e+00,3.764988009592326046e-01,3.129496402877697925e+00
1.550590472913684792e+00,-1.096911608093716767e-01,-1.490947816826411129e-02,-2.342917997870074681e-02,9.182254196642686495e+00,3.525179856115107646e-01,3.095923261390887138e+00
1.555548507312656259e+00,-1.086261980830670881e-01,-1.277955271565495154e-02,-2.555910543130990309e-02,9.208633093525179447e+00,3.261390887290168128e-01,3.081534772182254134e+00
1.560506541711627948e+00,-1.054313099041533502e-01,-1.064962726304579353e-02,-2.981895633652822258e-02,9.220623501199041172e+00,2.637889688249400733e-01,3.019184652278177339e+00
1.565464576110599415e+00,-9.904153354632587447e-02,-1.064962726304579353e-02,-3.727369542066027996e-02,9.249400479616307180e+00,1.822541966426858562e-01,3.035971223021582954e+00
1.570422610509571104e+00,-8.732694355697551147e-02,-1.384451544195953142e-02,-5.005324813631523151e-02,9.247002398081534125e+00,1.678657074340527688e-01,3.062350119904076795e+00
1.575380644908542571e+00,-7.241746538871139671e-02,-1.916932907348242732e-02,-6.389776357827475772e-02,9.290167865707434913e+00,1.798561151079136611e-01,3.031175059952038175e+00
1.580338679307514260e+00,-5.537806176783812567e-02,-1.810436634717784918e-02,-7.135250266240682204e-02,9.251798561151078459e+00,2.685851318944844079e-01,3.002398081534772167e+00
1.585296713706485949e+00,-3.514376996805111675e-02,-1.277955271565495154e-02,-7.135250266240682204e-02,9.230215827338129841e+00,3.213429256594724226e-01,3.055155875299760293e+00
1.590254748105457416e+00,-1.810436634717784918e-02,-1.277955271565495154e-02,-6.922257720979765883e-02,9.292565947242206192e+00,3.165467625899280324e-01,3.083932853717026301e+00
1.595212782504429105e+00,1.064962726304579440e-03,-2.023429179978700893e-02,-6.922257720979765883e-02,9.302158273381294862e+00,3.597122302158273222e-01,3.086330935251798468e+00
1.600170816903400572e+00,1.171458998935037341e-02,-2.662406815761448470e-02,-7.135250266240682204e-02,9.278177458033573188e+00,4.364508393285371768e-01,3.057553956834532460e+00
1.605128851302372262e+00,1.916932907348242732e-02,-3.407880724174654208e-02,-7.135250266240682204e-02,9.235011990407674176e+00,4.964028776978417490e-01,3.007194244604316502e+00
1.610086885701343729e+00,2.129925452609158706e-02,-3.301384451544196047e-02,-6.389776357827475772e-02,9.266187050359711463e+00,5.155875299760191988e-01,2.964028776978417046e+00
1.615044920100315418e+00,1.597444089456868943e-02,-3.088391906283280072e-02,-5.644302449414270728e-02,9.328537170263789591e+00,5.179856115107913661e-01,2.928057553956834536e+00
1.620002954499286885e+00,9.584664536741213658e-03,-2.768903088391906284e-02,-5.750798722044728195e-02,9.345323741007193874e+00,5.035971223021582510e-01,2.841726618705036067e+00
1.624960988898258574e+00,-1.064962726304579440e-03,-2.236421725239616520e-02,-5.750798722044728195e-02,9.309352517985612252e+00,5.731414868105515481e-01,2.827338129496403063e+00
1.629919023297230041e+00,-1.277955271565495154e-02,-1.277955271565495154e-02,-5.537806176783812567e-02,9.326139088729016535e+00,6.258992805755395628e-01,2.784172661870503607e+00
1.634877057696201730e+00,-2.449414270500532495e-02,0.000000000000000000e+00,-4.898828541001064990e-02,9.424460431654676285e+00,5.995203836930456109e-01,2.791366906474820109e+00
1.639835092095173419e+00,-4.366347177848775574e-02,1.703940362087327104e-02,-4.685835995740149362e-02,9.436450839328538009e+00,5.995203836930456109e-01,2.786570743405275774e+00
1.644793126494144886e+00,-6.070287539936101984e-02,3.407880724174654208e-02,-5.324813631522896940e-02,9.328537170263789591e+00,6.546762589928057929e-01,2.889688249400479414e+00
1.649751160893116575e+00,-7.348242811501597138e-02,3.727369542066027996e-02,-5.218317358892438779e-02,9.237410071942445455e+00,7.194244604316546443e-01,2.997601918465227833e+00
1.654709195292088042e+00,-8.093716719914803570e-02,3.514376996805111675e-02,-3.833865814696485463e-02,9.254196642685851515e+00,6.690647482014387970e-01,3.021582733812949506e+00
1.659667229691059731e+00,-8.839190628328008614e-02,3.301384451544196047e-02,-3.194888178913737886e-02,9.330935251798560870e+00,5.947242206235011652e-01,3.019184652278177339e+00
1.664625264090031198e+00,-9.265175718849839870e-02,3.088391906283280072e-02,-3.194888178913737886e-02,9.311750599520383531e+00,6.594724220623501276e-01,3.004796163069544335e+00
1.669583298489002887e+00,-9.158679446219382403e-02,2.875399361022364098e-02,-2.662406815761448470e-02,9.285371702637888802e+00,7.002398081534771945e-01,3.023980815347721673e+00
1.674541332887974354e+00,-9.158679446219382403e-02,2.342917997870074681e-02,-1.810436634717784918e-02,9.266187050359711463e+00,7.002398081534771945e-01,2.954436450839328376e+00
1.679499367286946043e+00,-9.158679446219382403e-02,2.449414270500532495e-02,-6.389776357827475772e-03,9.304556354916067917e+00,6.450839328537170125e-01,2.930455635491606703e+00
1.684457401685917732e+00,-8.839190628328008614e-02,2.768903088391906284e-02,1.064962726304579440e-03,9.376498800959232938e+00,5.899280575539568305e-01,2.865707434052757741e+00
1.689415436084889199e+00,-8.626198083067092293e-02,3.088391906283280072e-02,2.129925452609158880e-03,9.362110311750599934e+00,6.091127098321342803e-01,2.877697841726618577e+00
1.694373470483860888e+00,-8.306709265175718504e-02,3.514376996805111675e-02,8.519701810436635520e-03,9.328537170263789591e+00,6.139088729016786150e-01,2.834532374100719565e+00
1.699331504882832355e+00,-7.454739084132055993e-02,4.579339723109691201e-02,1.703940362087327104e-02,9.376498800959232938e+00,5.323741007194244812e-01,2.769784172661870603e+00
1.704289539281804045e+00,-6.709265175718849561e-02,6.283280085197018305e-02,2.023429179978700893e-02,9.448441247002397958e+00,4.460431654676259017e-01,2.776978417266187105e+00
1.709247573680775512e+00,-5.644302449414270728e-02,7.667731629392970927e-02,1.384451544195953142e-02,9.424460431654676285e+00,3.932853717026378870e-01,2.810551558752997447e+00
1.714205608079747201e+00,-4.898828541001064990e-02,8.626198083067092293e-02,1.064962726304579353e-02,9.390887290167865942e+00,4.220623501199040617e-01,2.882494004796162912e+00
1.719163642478718668e+00,-4.259850905218317413e-02,9.691160809371672513e-02,8.519701810436635520e-03,9.359712230215826878e+00,4.772182254196642437e-01,2.908872901678657197e+00
1.724121676877690357e+00,-3.620873269435569836e-02,1.022364217252396124e-01,7.454739084132055646e-03,9.347721822541966930e+00,5.323741007194244812e-01,2.940047961630695372e+00
1.729079711276662046e+00,-3.514376996805111675e-02,1.086261980830670881e-01,3.194888178913737886e-03,9.330935251798560870e+00,5.707434052757793808e-01,3.083932853717026301e+00
1.734037745675633513e+00,-3.620873269435569836e-02,1.075612353567625135e-01,3.194888178913737886e-03,9.326139088729016535e+00,5.635491606714628787e-01,3.208633093525179891e+00
1.738995780074605202e+00,-4.153354632587859252e-02,9.691160809371672513e-02,-1.064962726304579440e-03,9.338129496402878260e+00,5.971223021582733326e-01,3.304556354916067029e+00
1.743953814473576669e+00,-4.366347177848775574e-02,8.306709265175718504e-02,-5.324813631522896766e-03,9.278177458033573188e+00,6.474820143884891799e-01,3.311750599520383531e+00
1.748911848872548358e+00,-4.898828541001064990e-02,6.815761448349308416e-02,-6.389776357827475772e-03,9.237410071942445455e+00,6.882494004796163578e-01,3.306954436450839196e+00
1.753869883271519825e+00,-5.324813631522896940e-02,5.324813631522896940e-02,1.064962726304579440e-03,9.230215827338129841e+00,6.930455635491606925e-01,3.314148681055155699e+00
1.758827917670491514e+00,-5.537806176783812567e-02,4.046858359957401785e-02,8.519701810436635520e-03,9.297362110311750527e+00,6.930455635491606925e-01,3.297362110311750527e+00
1.763785952069462981e+00,-5.963791267305644517e-02,2.875399361022364098e-02,1.384451544195953142e-02,9.350119904076738209e+00,5.971223021582733326e-01,3.290167865707434025e+00
1.768743986468434670e+00,-6.176783812566560145e-02,1.810436634717784918e-02,1.277955271565495154e-02,9.354916067146282543e+00,5.731414868105515481e-01,3.211031175059952059e+00
1.773702020867406359e+00,-6.176783812566560145e-02,1.171458998935037341e-02,1.277955271565495154e-02,9.345323741007193874e+00,5.515587529976019310e-01,3.146282973621103096e+00
1.778660055266377826e+00,-5.644302449414270728e-02,1.277955271565495154e-02,1.597444089456868943e-02,9.347721822541966930e+00,5.491606714628297636e-01,3.093525179856114971e+00
1.783618089665349515e+00,-5.218317358892438779e-02,1.490947816826411129e-02,2.129925452609158706e-02,9.386091127098321607e+00,5.131894484412470314e-01,3.081534772182254134e+00
1.788576124064320982e+00,-4.685835995740149362e-02,1.703940362087327104e-02,2.236421725239616520e-02,9.364508393285371213e+00,4.796163069544364665e-01,3.031175059952038175e+00
1.793534158463292671e+00,-4.472843450479233041e-02,2.023429179978700893e-02,2.129925452609158706e-02,9.362110311750599934e+00,4.964028776978417490e-01,3.000000000000000000e+00
1.798492192862264138e+00,-4.472843450479233041e-02,2.662406815761448470e-02,2.342917997870074681e-02,9.388489208633092886e+00,5.323741007194244812e-01,2.959232613908872711e+00
1.803450227261235828e+00,-4.898828541001064990e-02,3.301384451544196047e-02,2.662406815761448470e-02,9.378896882494004217e+00,5.707434052757793808e-01,2.952038369304556209e+00
1.808408261660207295e+00,-5.431309904153354406e-02,4.259850905218317413e-02,2.449414270500532495e-02,9.371702637889688603e+00,5.707434052757793808e-01,2.978417266187050494e+00
1.813366296059178984e+00,-6.176783812566560145e-02,4.792332268370606829e-02,2.449414270500532495e-02,9.359712230215826878e+00,5.539568345323740983e-01,3.019184652278177339e+00
1.818324330458150673e+00,-7.028753993610223350e-02,5.111821086261980618e-02,2.449414270500532495e-02,9.395683453237410276e+00,5.563549160671462657e-01,3.035971223021582954e+00
1.823282364857122140e+00,-7.774227902023429781e-02,5.005324813631523151e-02,1.916932907348242732e-02,9.422062350119903229e+00,5.227817745803357008e-01,3.033573141486810343e+00
1.828240399256093829e+00,-8.306709265175718504e-02,5.431309904153354406e-02,1.490947816826411129e-02,9.366906474820144268e+00,5.251798561151078681e-01,3.028776978417266008e+00
1.833198433655065296e+00,-8.839190628328008614e-02,5.537806176783812567e-02,1.597444089456868943e-02,9.335731414868105205e+00,5.203836930455635335e-01,3.091127098321342803e+00
1.838156468054036985e+00,-8.945686900958466081e-02,5.537806176783812567e-02,1.490947816826411129e-02,9.345323741007193874e+00,4.796163069544364665e-01,3.134292565947242259e+00
1.843114502453008452e+00,-8.839190628328008614e-02,5.324813631522896940e-02,1.171458998935037341e-02,9.371702637889688603e+00,4.124700239808153368e-01,3.194244604316546887e+00
1.848072536851980141e+00,-8.200212992545261037e-02,4.685835995740149362e-02,7.454739084132055646e-03,9.311750599520383531e+00,4.052757793764987793e-01,3.225419664268585063e+00
1.853030571250951608e+00,-7.667731629392970927e-02,4.046858359957401785e-02,2.129925452609158880e-03,9.273381294964028854e+00,4.388489208633093441e-01,3.242206235011990234e+00
1.857988605649923297e+00,-6.496272630457934627e-02,3.620873269435569836e-02,2.129925452609158880e-03,9.287769784172661858e+00,4.004796163069544446e-01,3.211031175059952059e+00
1.862946640048894986e+00,-4.792332268370606829e-02,3.194888178913737886e-02,3.194888178913737886e-03,9.306954436450839196e+00,3.237410071942445899e-01,3.191846522781774720e+00
1.867904674447866453e+00,-3.194888178913737886e-02,3.407880724174654208e-02,1.064962726304579440e-03,9.354916067146282543e+00,2.997601918465228055e-01,3.172661870503596937e+00
1.872862708846838142e+00,-1.597444089456868943e-02,3.727369542066027996e-02,-2.129925452609158880e-03,9.335731414868105205e+00,2.997601918465228055e-01,3.127098321342925757e+00
1.877820743245809609e+00,-3.194888178913737886e-03,3.940362087326943624e-02,-5.324813631522896766e-03,9.314148681055156587e+00,2.973621103117505826e-01,3.100719424460431473e+00
1.882778777644781298e+00,1.171458998935037341e-02,4.366347177848775574e-02,-9.584664536741213658e-03,9.318944844124700921e+00,3.573141486810551548e-01,3.105515587529975807e+00
1.887736812043752765e+00,2.023429179978700893e-02,4.685835995740149362e-02,-1.277955271565495154e-02,9.314148681055156587e+00,3.405275779376498724e-01,3.119904076738609255e+00
1.892694846442724455e+00,2.342917997870074681e-02,4.472843450479233041e-02,-1.916932907348242732e-02,9.342925659472422595e+00,3.213429256594724226e-01,3.117505995203837088e+00
1.897652880841695922e+00,2.023429179978700893e-02,4.472843450479233041e-02,-2.981895633652822258e-02,9.402877697841725890e+00,3.477218225419664299e-01,3.071942446043165464e+00
1.902610915240667611e+00,1.597444089456868943e-02,4.259850905218317413e-02,-4.366347177848775574e-02,9.407673860911270225e+00,3.980815347721822772e-01,3.033573141486810343e+00
1.907568949639639300e+00,8.519701810436635520e-03,4.685835995740149362e-02,-5.857294994675186356e-02,9.338129496402878260e+00,4.844124700239808012e-01,3.117505995203837088e+00
1.912526984038610767e+00,0.000000000000000000e+00,5.111821086261980618e-02,-6.176783812566560145e-02,9.304556354916067917e+00,5.203836930455635335e-01,3.242206235011990234e+00
1.917485018437582456e+00,-8.519701810436635520e-03,4.579339723109691201e-02,-6.176783812566560145e-02,9.323741007194245256e+00,5.419664268585131506e-01,3.338129496402877816e+00
1.922443052836553923e+00,-1.597444089456868943e-02,3.088391906283280072e-02,-6.709265175718849561e-02,9.280575539568344468e+00,5.587529976019184330e-01,3.383693045563548996e+00
1.927401087235525612e+00,-2.129925452609158706e-02,1.384451544195953142e-02,-7.028753993610223350e-02,9.254196642685851515e+00,6.306954436450838974e-01,3.383693045563548996e+00
1.932359121634497079e+00,-2.981895633652822258e-02,1.064962726304579440e-03,-6.922257720979765883e-02,9.208633093525179447e+00,7.074340527577938076e-01,3.378896882494004661e+00
1.937317156033468768e+00,-3.620873269435569836e-02,-9.584664536741213658e-03,-6.176783812566560145e-02,9.213429256594723782e+00,7.577937649880095439e-01,3.316546762589927866e+00
1.942275190432440235e+00,-4.579339723109691201e-02,-1.490947816826411129e-02,-4.898828541001064990e-02,9.285371702637888802e+00,7.290167865707434247e-01,3.290167865707434025e+00
1.947233224831411924e+00,-5.324813631522896940e-02,-1.916932907348242732e-02,-3.940362087326943624e-02,9.330935251798560870e+00,7.074340527577938076e-01,3.268585131894484519e+00
1.952191259230383613e+00,-6.176783812566560145e-02,-2.342917997870074681e-02,-2.981895633652822258e-02,9.357314148681055599e+00,6.978417266187050272e-01,3.206235011990407724e+00
1.957149293629355080e+00,-6.496272630457934627e-02,-2.555910543130990309e-02,-1.916932907348242732e-02,9.378896882494004217e+00,6.834532374100719121e-01,3.127098321342925757e+00
1.962107328028326769e+00,-7.028753993610223350e-02,-1.810436634717784918e-02,-7.454739084132055646e-03,9.366906474820144268e+00,6.954436450839328598e-01,3.035971223021582954e+00
1.967065362427298236e+00,-7.880724174653887248e-02,-6.389776357827475772e-03,6.389776357827475772e-03,9.354916067146282543e+00,6.786570743405275774e-01,3.019184652278177339e+00
1.972023396826269925e+00,-8.732694355697551147e-02,2.129925452609158880e-03,1.703940362087327104e-02,9.386091127098321607e+00,6.187050359712230607e-01,3.023980815347721673e+00
1.976981431225241392e+00,-9.584664536741213658e-02,4.259850905218317760e-03,2.342917997870074681e-02,9.426858513189447564e+00,5.779376498800958828e-01,3.009592326139088669e+00
1.981939465624213081e+00,-1.043663471778487756e-01,7.454739084132055646e-03,2.342917997870074681e-02,9.386091127098321607e+00,5.203836930455635335e-01,2.988009592326139163e+00
1.986897500023184548e+00,-1.128860489882854146e-01,1.597444089456868943e-02,1.916932907348242732e-02,9.350119904076738209e+00,5.011990407673860837e-01,3.000000000000000000e+00
1.991855534422156238e+00,-1.160809371671991524e-01,2.236421725239616520e-02,1.810436634717784918e-02,9.278177458033573188e+00,4.988009592326139163e-01,3.031175059952038175e+00
1.996813568821127927e+00,-1.128860489882854146e-01,2.236421725239616520e-02,2.236421725239616520e-02,9.251798561151078459e+00,4.772182254196642437e-01,3.105515587529975807e+00
2.001771603220099394e+00,-1.075612353567625135e-01,1.916932907348242732e-02,2.555910543130990309e-02,9.285371702637888802e+00,4.196642685851318944e-01,3.160671462829736100e+00
2.006729637619070861e+00,-9.797657082002129980e-02,1.597444089456868943e-02,2.449414270500532495e-02,9.290167865707434913e+00,4.028776978417266119e-01,3.175059952038369104e+00
2.011687672018042772e+00,-8.839190628328008614e-02,1.171458998935037341e-02,2.236421725239616520e-02,9.215827338129496837e+00,4.340527577937650094e-01,3.177458033573141272e+00
2.016645706417014239e+00,-8.093716719914803570e-02,6.389776357827475772e-03,2.662406815761448470e-02,9.175059952038369104e+00,4.604316546762590168e-01,3.179856115107913883e+00
2.021603740815985706e+00,-7.454739084132055993e-02,1.064962726304579440e-03,3.088391906283280072e-02,9.189448441247002108e+00,4.340527577937650094e-01,3.158273381294963933e+00
2.026561775214957173e+00,-6.815761448349308416e-02,-2.129925452609158880e-03,3.301384451544196047e-02,9.230215827338129841e+00,3.621103117505995450e-01,3.196642685851319055e+00
2.031519809613929084e+00,-6.283280085197018305e-02,-6.389776357827475772e-03,3.088391906283280072e-02,9.244604316546762846e+00,3.333333333333333148e-01,3.179856115107913883e+00
2.036477844012900551e+00,-5.857294994675186356e-02,-1.277955271565495154e-02,2.449414270500532495e-02,9.218225419664268117e+00,3.333333333333333148e-01,3.139088729016786594e+00
2.041435878411872018e+00,-5.218317358892438779e-02,-1.490947816826411129e-02,2.236421725239616520e-02,9.213429256594723782e+00,3.381294964028777050e-01,3.052757793764988126e+00
2.046393912810843929e+00,-5.005324813631523151e-02,-1.064962726304579353e-02,2.342917997870074681e-02,9.251798561151078459e+00,2.877697841726618577e-01,2.937649880095923205e+00
2.051351947209815396e+00,-5.005324813631523151e-02,-2.129925452609158880e-03,1.597444089456868943e-02,9.352517985611511264e+00,2.350119904076738708e-01,2.899280575539568527e+00
2.056309981608786863e+00,-5.111821086261980618e-02,1.171458998935037341e-02,4.259850905218317760e-03,9.395683453237410276e+00,2.158273381294963933e-01,2.911270983213429364e+00
2.061268016007758330e+00,-5.537806176783812567e-02,2.236421725239616520e-02,-1.064962726304579353e-02,9.386091127098321607e+00,2.541966426858512929e-01,2.942446043165467540e+00
2.066226050406730241e+00,-6.283280085197018305e-02,2.981895633652822258e-02,-2.342917997870074681e-02,9.318944844124700921e+00,2.925659472422062479e-01,2.952038369304556209e+00
2.071184084805701708e+00,-7.241746538871139671e-02,3.620873269435569836e-02,-3.301384451544196047e-02,9.304556354916067917e+00,3.285371702637889801e-01,2.937649880095923205e+00
2.076142119204673175e+00,-8.093716719914803570e-02,4.579339723109691201e-02,-3.833865814696485463e-02,9.326139088729016535e+00,3.525179856115107646e-01,2.976019184652278327e+00
2.081100153603644642e+00,-8.945686900958466081e-02,4.792332268370606829e-02,-4.685835995740149362e-02,9.278177458033573188e+00,4.196642685851318944e-01,3.076738609112709799e+00
2.086058188002616554e+00,-9.904153354632587447e-02,4.792332268370606829e-02,-5.111821086261980618e-02,9.232613908872901121e+00,5.059952038369304184e-01,3.223021582733812895e+00
2.091016222401588021e+00,-1.043663471778487756e-01,3.940362087326943624e-02,-4.579339723109691201e-02,9.163069544364509156e+00,5.683453237410072134e-01,3.247002398081534569e+00
2.095974256800559488e+00,-1.086261980830670881e-01,3.088391906283280072e-02,-3.727369542066027996e-02,9.160671462829736100e+00,5.587529976019184330e-01,3.211031175059952059e+00
2.100932291199531399e+00,-1.107561235356762513e-01,2.768903088391906284e-02,-3.088391906283280072e-02,9.203836930455635112e+00,5.011990407673860837e-01,3.218225419664268561e+00
2.105890325598502866e+00,-1.086261980830670881e-01,2.236421725239616520e-02,-2.023429179978700893e-02,9.249400479616307180e+00,5.275779376498801465e-01,3.232613908872901565e+00
2.110848359997474333e+00,-1.043663471778487756e-01,1.810436634717784918e-02,-9.584664536741213658e-03,9.244604316546762846e+00,5.155875299760191988e-01,3.211031175059952059e+00
2.115806394396445800e+00,-1.033013844515442009e-01,1.384451544195953142e-02,1.064962726304579440e-03,9.247002398081534125e+00,4.868105515587530241e-01,3.136690647482014427e+00
2.120764428795417711e+00,-1.001064962726304630e-01,1.597444089456868943e-02,1.064962726304579353e-02,9.299760191846523583e+00,4.340527577937650094e-01,3.071942446043165464e+00
2.125722463194389178e+00,-1.043663471778487756e-01,2.023429179978700893e-02,1.277955271565495154e-02,9.333333333333333925e+00,3.980815347721822772e-01,3.026378896882493841e+00
2.130680497593360645e+00,-1.096911608093716767e-01,2.449414270500532495e-02,1.064962726304579353e-02,9.374100719424459882e+00,3.764988009592326046e-01,2.983213429256594829e+00
2.135638531992332556e+00,-1.203407880724174650e-01,2.875399361022364098e-02,6.389776357827475772e-03,9.386091127098321607e+00,3.525179856115107646e-01,2.959232613908872711e+00
2.140596566391304023e+00,-1.309904153354632672e-01,3.514376996805111675e-02,-4.259850905218317760e-03,9.350119904076738209e+00,3.381294964028777050e-01,2.978417266187050494e+00
2.145554600790275490e+00,-1.416400425985090417e-01,4.366347177848775574e-02,-1.490947816826411129e-02,9.306954436450839196e+00,2.877697841726618577e-01,3.014388489208633004e+00
2.150512635189246957e+00,-1.480298189563365174e-01,4.792332268370606829e-02,-2.555910543130990309e-02,9.280575539568344468e+00,2.685851318944844079e-01,3.143884892086330929e+00
2.155470669588218868e+00,-1.533546325878594185e-01,3.940362087326943624e-02,-3.514376996805111675e-02,9.297362110311750527e+00,2.350119904076738708e-01,3.220623501199040728e+00
2.160428703987190335e+00,-1.501597444089456945e-01,3.194888178913737886e-02,-4.579339723109691201e-02,9.287769784172661858e+00,2.374100719424460382e-01,3.254196642685851515e+00
2.165386738386161802e+00,-1.437699680511182188e-01,2.768903088391906284e-02,-5.324813631522896940e-02,9.280575539568344468e+00,2.374100719424460382e-01,3.239808153477218067e+00
2.170344772785133269e+00,-1.320553780617678419e-01,2.768903088391906284e-02,-5.537806176783812567e-02,9.232613908872901121e+00,3.333333333333333148e-01,3.263788968824940184e+00
2.175302807184105180e+00,-1.160809371671991524e-01,2.875399361022364098e-02,-5.005324813631523151e-02,9.187050359712230829e+00,4.076738609112710021e-01,3.376498800959232494e+00
2.180260841583076648e+00,-1.033013844515442009e-01,2.236421725239616520e-02,-4.153354632587859252e-02,9.201438848920863833e+00,3.836930455635491621e-01,3.453237410071942293e+00
2.185218875982048115e+00,-9.584664536741213658e-02,1.277955271565495154e-02,-3.514376996805111675e-02,9.273381294964028854e+00,3.693045563549160470e-01,3.446043165467625791e+00
2.190176910381020026e+00,-8.732694355697551147e-02,-1.064962726304579440e-03,-3.194888178913737886e-02,9.309352517985612252e+00,3.764988009592326046e-01,3.398081534772182444e+00
2.195134944779991493e+00,-7.880724174653887248e-02,-7.454739084132055646e-03,-2.981895633652822258e-02,9.311750599520383531e+00,4.268585131894484519e-01,3.350119904076738653e+00
2.200092979178962960e+00,-7.667731629392970927e-02,-4.259850905218317760e-03,-2.129925452609158706e-02,9.292565947242206192e+00,4.412470023980815115e-01,3.251798561151079348e+00
2.205051013577934427e+00,-7.667731629392970927e-02,-4.259850905218317760e-03,-1.171458998935037341e-02,9.323741007194245256e+00,4.652278177458033515e-01,3.247002398081534569e+00
2.210009047976906338e+00,-8.093716719914803570e-02,-5.324813631522896766e-03,-9.584664536741213658e-03,9.422062350119903229e+00,4.220623501199040617e-01,3.206235011990407724e+00
2.214967082375877805e+00,-9.265175718849839870e-02,-8.519701810436635520e-03,-1.171458998935037341e-02,9.438848920863309289e+00,3.764988009592326046e-01,3.151079136690647431e+00
2.219925116774849272e+00,-1.107561235356762513e-01,-8.519701810436635520e-03,-2.129925452609158706e-02,9.417266187050358894e+00,4.172661870503597270e-01,3.117505995203837088e+00
2.224883151173821183e+00,-1.267305644302449408e-01,-6.389776357827475772e-03,-2.768903088391906284e-02,9.400479616306954611e+00,4.796163069544364665e-01,3.098321342925659305e+00
2.229841185572792650e+00,-1.427050053248136441e-01,0.000000000000000000e+00,-2.875399361022364098e-02,9.383693045563548552e+00,5.059952038369304184e-01,3.105515587529975807e+00
2.234799219971764117e+00,-1.597444089456868943e-01,6.389776357827475772e-03,-2.555910543130990309e-02,9.290167865707434913e+00,4.964028776978417490e-01,3.201438848920863389e+00
2.239757254370735584e+00,-1.735889243876464205e-01,2.129925452609158880e-03,-2.555910543130990309e-02,9.278177458033573188e+00,4.652278177458033515e-01,3.266187050359712352e+00
2.244715288769707495e+00,-1.874334398296059745e-01,-6.389776357827475772e-03,-2.449414270500532495e-02,9.239808153477218511e+00,4.316546762589927866e-01,3.290167865707434025e+00
2.249673323168678962e+00,-1.959531416400425996e-01,-1.490947816826411129e-02,-2.236421725239616520e-02,9.235011990407674176e+00,4.220623501199040617e-01,3.237410071942445899e+00
2.254631357567650429e+00,-1.980830670926517489e-01,-1.810436634717784918e-02,-1.916932907348242732e-02,9.273381294964028854e+00,3.621103117505995450e-01,3.206235011990407724e+00
2.259589391966621896e+00,-1.948881789137380249e-01,-1.703940362087327104e-02,-1.171458998935037341e-02,9.285371702637888802e+00,3.309352517985611475e-01,3.160671462829736100e+00
2.264547426365593807e+00,-1.874334398296059745e-01,-1.171458998935037341e-02,-1.064962726304579440e-03,9.282973621103117523e+00,2.757793764988009655e-01,3.134292565947242259e+00
2.269505460764565274e+00,-1.757188498402555976e-01,-6.389776357827475772e-03,5.324813631522896766e-03,9.299760191846523583e+00,2.374100719424460382e-01,3.110311750599520586e+00
2.274463495163536741e+00,-1.661341853035143701e-01,-3.194888178913737886e-03,1.490947816826411129e-02,9.302158273381294862e+00,2.470023980815347631e-01,3.105515587529975807e+00
2.279421529562508653e+00,-1.565495207667731703e-01,-1.064962726304579440e-03,2.023429179978700893e-02,9.309352517985612252e+00,2.374100719424460382e-01,3.093525179856114971e+00
2.284379563961480120e+00,-1.512247071352502692e-01,2.129925452609158880e-03,2.342917997870074681e-02,9.299760191846523583e+00,2.086330935251798635e-01,3.045563549160671624e+00
2.289337598360451587e+00,-1.480298189563365174e-01,9.584664536741213658e-03,2.662406815761448470e-02,9.302158273381294862e+00,2.014388489208633060e-01,3.019184652278177339e+00
2.294295632759423054e+00,-1.437699680511182188e-01,1.703940362087327104e-02,2.768903088391906284e-02,9.333333333333333925e+00,1.750599520383692986e-01,3.002398081534772167e+00
2.299253667158394965e+00,-1.480298189563365174e-01,2.129925452609158706e-02,2.555910543130990309e-02,9.326139088729016535e+00,1.414868105515587615e-01,3.031175059952038175e+00
2.304211701557366432e+00,-1.544195953141639932e-01,2.555910543130990309e-02,1.490947816826411129e-02,9.354916067146282543e+00,1.390887290167865664e-01,3.016786570743405171e+00
2.309169735956337899e+00,-1.597444089456868943e-01,2.981895633652822258e-02,6.389776357827475772e-03,9.345323741007193874e+00,1.175059952038369354e-01,3.014388489208633004e+00
2.314127770355309810e+00,-1.661341853035143701e-01,3.407880724174654208e-02,-2.129925452609158880e-03,9.299760191846523583e+00,1.414868105515587615e-01,3.083932853717026301e+00
2.319085804754281277e+00,-1.725239616613418459e-01,4.153354632587859252e-02,-1.171458998935037341e-02,9.292565947242206192e+00,1.846522781774580235e-01,3.143884892086330929e+00
2.324043839153252744e+00,-1.746538871139510229e-01,4.898828541001064990e-02,-1.703940362087327104e-02,9.297362110311750527e+00,1.966426858513189435e-01,3.242206235011990234e+00
2.329001873552224211e+00,-1.746538871139510229e-01,4.898828541001064990e-02,-2.129925452609158706e-02,9.244604316546762846e+00,2.158273381294963933e-01,3.333333333333333481e+00
2.333959907951196122e+00,-1.799787007454738963e-01,4.472843450479233041e-02,-2.236421725239616520e-02,9.182254196642686495e+00,2.278177458033573133e-01,3.378896882494004661e+00
2.338917942350167589e+00,-1.789137380191693216e-01,4.046858359957401785e-02,-2.662406815761448470e-02,9.151079136690647431e+00,2.541966426858512929e-01,3.383693045563548996e+00
2.343875976749139056e+00,-1.799787007454738963e-01,3.407880724174654208e-02,-2.768903088391906284e-02,9.122302158273381423e+00,3.021582733812949728e-01,3.448441247002397958e+00
2.348834011148110523e+00,-1.831735889243876481e-01,2.768903088391906284e-02,-2.449414270500532495e-02,9.112709832134292753e+00,3.333333333333333148e-01,3.486810551558753080e+00
2.353792045547082434e+00,-1.853035143769967974e-01,1.490947816826411129e-02,-2.129925452609158706e-02,9.139088729016785706e+00,3.525179856115107646e-01,3.491606714628297414e+00
2.358750079946053901e+00,-1.906283280085196985e-01,8.519701810436635520e-03,-2.236421725239616520e-02,9.122302158273381423e+00,3.501199040767385973e-01,3.455635491606714460e+00
2.363708114345025368e+00,-1.980830670926517489e-01,2.129925452609158880e-03,-2.342917997870074681e-02,9.110311750599519698e+00,3.764988009592326046e-01,3.402877697841726778e+00
2.368666148743997280e+00,-2.097976570820021258e-01,-5.324813631522896766e-03,-2.875399361022364098e-02,9.081534772182253690e+00,3.860911270983213295e-01,3.364508393285371657e+00
2.373624183142968747e+00,-2.236421725239616520e-01,-9.584664536741213658e-03,-3.407880724174654208e-02,9.122302158273381423e+00,3.717026378896882699e-01,3.321342925659472201e+00
2.378582217541940214e+00,-2.406815761448349300e-01,-8.519701810436635520e-03,-4.259850905218317413e-02,9.203836930455635112e+00,3.764988009592326046e-01,3.326139088729016979e+00
2.383540251940911681e+00,-2.555910543130990309e-01,-7.454739084132055646e-03,-5.644302449414270728e-02,9.199040767386090778e+00,3.956834532374100544e-01,3.330935251798561314e+00
2.388498286339883592e+00,-2.736954206602769113e-01,-8.519701810436635520e-03,-6.922257720979765883e-02,9.153477218225420486e+00,4.532374100719424592e-01,3.335731414868105649e+00
2.393456320738855059e+00,-2.832800851970180833e-01,-6.389776357827475772e-03,-7.561235356762513460e-02,9.148681055155876152e+00,4.748201438848920763e-01,3.338129496402877816e+00
2.398414355137826526e+00,-2.907348242811501615e-01,-5.324813631522896766e-03,-8.200212992545261037e-02,9.131894484412470092e+00,4.556354916067146266e-01,3.362110311750599489e+00
2.403372389536798437e+00,-2.949946751863684602e-01,-6.389776357827475772e-03,-8.839190628328008614e-02,9.136690647482014427e+00,4.292565947242206192e-01,3.390887290167865498e+00
2.408330423935769904e+00,-2.960596379126730349e-01,-8.519701810436635520e-03,-9.584664536741213658e-02,9.105515587529975363e+00,4.220623501199040617e-01,3.443645083932853623e+00
2.413288458334741371e+00,-2.928647497337593109e-01,-1.916932907348242732e-02,-1.043663471778487756e-01,9.071942446043165020e+00,4.676258992805755188e-01,3.486810551558753080e+00
2.418246492733712838e+00,-2.864749733759318628e-01,-2.342917997870074681e-02,-1.107561235356762513e-01,9.071942446043165020e+00,5.011990407673860837e-01,3.429256594724220619e+00
2.423204527132684749e+00,-2.800851970181043593e-01,-2.342917997870074681e-02,-1.128860489882854146e-01,9.028776978417266008e+00,5.131894484412470314e-01,3.414868105515587615e+00
2.428162561531656216e+00,-2.705005324813631318e-01,-2.236421725239616520e-02,-1.139510117145899892e-01,9.062350119904076351e+00,5.371702637889688159e-01,3.424460431654676285e+00
2.433120595930627683e+00,-2.587859424920127549e-01,-2.449414270500532495e-02,-1.139510117145899892e-01,9.103117505995204084e+00,5.515587529976019310e-01,3.453237410071942293e+00
2.438078630329599150e+00,-2.481363152289669805e-01,-2.662406815761448470e-02,-1.139510117145899892e-01,9.059952038369305072e+00,5.323741007194244812e-01,3.443645083932853623e+00
2.443036664728571061e+00,-2.342917997870074542e-01,-2.555910543130990309e-02,-1.160809371671991524e-01,9.045563549160672068e+00,5.371702637889688159e-01,3.381294964028776828e+00
2.447994699127542528e+00,-2.279020234291799785e-01,-2.768903088391906284e-02,-1.214057507987220397e-01,9.100719424460431028e+00,5.635491606714628787e-01,3.318944844124700033e+00
2.452952733526513995e+00,-2.225772097976570774e-01,-2.236421725239616520e-02,-1.246006389776357776e-01,9.124700239808152702e+00,6.426858513189448452e-01,3.287769784172661858e+00
2.457910767925485906e+00,-2.183173588924387509e-01,-1.171458998935037341e-02,-1.288604898828540901e-01,9.098321342925659749e+00,6.498800959232613472e-01,3.302158273381294862e+00
2.462868802324457373e+00,-2.225772097976570774e-01,-1.064962726304579353e-02,-1.384451544195953177e-01,9.095923261390886694e+00,6.378896882494005105e-01,3.381294964028776828e+00
2.467826836723428841e+00,-2.321618743343983049e-01,-1.597444089456868943e-02,-1.469648562300319428e-01,9.110311750599519698e+00,6.330935251798560648e-01,3.357314148681055155e+00
2.472784871122400308e+00,-2.470713525026624058e-01,-2.342917997870074681e-02,-1.629392971246006461e-01,9.131894484412470092e+00,6.762589928057554101e-01,3.263788968824940184e+00
2.477742905521372219e+00,-2.598509052183173851e-01,-2.023429179978700893e-02,-1.778487752928647470e-01,9.115107913669064033e+00,7.170263788968824770e-01,3.211031175059952059e+00
2.482700939920343686e+00,-2.673056443024494078e-01,-1.490947816826411129e-02,-1.874334398296059745e-01,9.124700239808152702e+00,7.505995203836930418e-01,3.275779376498801021e+00
2.487658974319315153e+00,-2.747603833865814860e-01,-7.454739084132055646e-03,-1.916932907348242732e-01,9.141486810551558762e+00,7.458033573141487071e-01,3.371702637889688159e+00
2.492617008718287064e+00,-2.790202342917997846e-01,-6.389776357827475772e-03,-1.970181043663471743e-01,9.091127098321342359e+00,7.505995203836930418e-01,3.441247002398081456e+00
2.497575043117258531e+00,-2.790202342917997846e-01,-1.277955271565495154e-02,-2.012779552715655007e-01,9.028776978417266008e+00,8.105515587529975585e-01,3.489208633093525247e+00
2.502533077516229998e+00,-2.736954206602769113e-01,-1.916932907348242732e-02,-1.991480298189563236e-01,8.968824940047960936e+00,8.729016786570743536e-01,3.470023980815347908e+00
2.507491111915201465e+00,-2.694355697550585571e-01,-2.555910543130990309e-02,-1.916932907348242732e-01,8.956834532374100988e+00,8.417266187050359560e-01,3.474820143884892243e+00
2.512449146314173376e+00,-2.619808306709265344e-01,-3.088391906283280072e-02,-1.874334398296059745e-01,8.990407673860911331e+00,7.985611510791367218e-01,3.450839328537170125e+00
2.517407180713144843e+00,-2.470713525026624058e-01,-3.620873269435569836e-02,-1.863684771033013721e-01,9.038369304556354678e+00,7.865707434052757741e-01,3.400479616306954611e+00
2.522365215112116310e+00,-2.310969116080937302e-01,-4.153354632587859252e-02,-1.863684771033013721e-01,9.055155875299760737e+00,7.601918465227818222e-01,3.306954436450839196e+00
2.527323249511087777e+00,-2.119275825346112752e-01,-3.940362087326943624e-02,-1.842385516506922227e-01,9.110311750599519698e+00,7.338129496402877594e-01,3.215827338129496393e+00
2.532281283910059688e+00,-1.927582534611288478e-01,-3.301384451544196047e-02,-1.789137380191693216e-01,9.189448441247002108e+00,6.954436450839328598e-01,3.057553956834532460e+00
2.537239318309031155e+00,-1.799787007454738963e-01,-2.023429179978700893e-02,-1.778487752928647470e-01,9.206235011990408168e+00,7.050359712230215292e-01,3.050359712230215958e+00
2.542197352708002622e+00,-1.618743343982960714e-01,-1.171458998935037341e-02,-1.821086261980830734e-01,9.182254196642686495e+00,7.386091127098320941e-01,3.110311750599520586e+00
2.547155387106974533e+00,-1.416400425985090417e-01,-5.324813631522896766e-03,-1.853035143769967974e-01,9.213429256594723782e+00,7.505995203836930418e-01,3.023980815347721673e+00
2.552113421505946000e+00,-1.352502662406815659e-01,7.454739084132055646e-03,-1.842385516506922227e-01,9.225419664268585507e+00,8.513189448441247364e-01,3.093525179856114971e+00
2.557071455904917467e+00,-1.246006389776357776e-01,1.810436634717784918e-02,-1.853035143769967974e-01,9.194244604316546443e+00,1.002398081534772167e+00,3.088729016786570636e+00
2.562029490303888934e+00,-1.246006389776357776e-01,2.768903088391906284e-02,-1.821086261980830734e-01,9.191846522781775164e+00,1.047961630695443569e+00,3.203836930455635557e+00
2.566987524702860846e+00,-1.246006389776357776e-01,2.981895633652822258e-02,-1.746538871139510229e-01,9.141486810551558762e+00,1.115107913669064699e+00,3.251798561151079348e+00
2.571945559101832313e+00,-1.309904153354632672e-01,2.555910543130990309e-02,-1.661341853035143701e-01,9.100719424460431028e+00,1.191846522781774498e+00,3.326139088729016979e+00
2.576903593500803780e+00,-1.363152289669861683e-01,2.129925452609158706e-02,-1.586794462193823196e-01,9.035971223021583398e+00,1.232613908872901787e+00,3.371702637889688159e+00
2.581861627899775247e+00,-1.427050053248136441e-01,2.023429179978700893e-02,-1.469648562300319428e-01,9.023980815347721673e+00,1.282973621103117523e+00,3.402877697841726778e+00
2.586819662298747158e+00,-1.490947816826411199e-01,1.171458998935037341e-02,-1.277955271565495154e-01,9.071942446043165020e+00,1.294964028776978360e+00,3.441247002398081456e+00
2.591777696697718625e+00,-1.512247071352502692e-01,2.129925452609158880e-03,-1.011714589989350377e-01,9.124700239808152702e+00,1.292565947242206192e+00,3.304556354916067029e+00
2.596735731096690092e+00,-1.533546325878594185e-01,-1.064962726304579440e-03,-8.200212992545261037e-02,9.155875299760191766e+00,1.282973621103117523e+00,3.270983213429256686e+00
2.601693765495662003e+00,-1.522896698615548439e-01,1.064962726304579440e-03,-6.283280085197018305e-02,9.136690647482014427e+00,1.297362110311750527e+00,3.179856115107913883e+00
2.606651799894633470e+00,-1.597444089456868943e-01,0.000000000000000000e+00,-3.833865814696485463e-02,9.163069544364509156e+00,1.287769784172661858e+00,3.163069544364508268e+00
2.611609834293604937e+00,-1.629392971246006461e-01,-1.064962726304579440e-03,-1.490947816826411129e-02,9.218225419664268117e+00,1.151079136690647431e+00,3.026378896882493841e+00
2.616567868692576404e+00,-1.671991480298189447e-01,3.194888178913737886e-03,-2.129925452609158880e-03,9.321342925659472201e+00,9.688249400479616025e-01,2.937649880095923205e+00
2.621525903091548315e+00,-1.703940362087326965e-01,1.703940362087327104e-02,2.129925452609158880e-03,9.381294964028777272e+00,8.369304556354916214e-01,2.863309352517985573e+00
2.626483937490519782e+00,-1.703940362087326965e-01,2.768903088391906284e-02,2.129925452609158880e-03,9.340527577937649539e+00,8.465227817745802907e-01,2.844124700239808234e+00
2.631441971889491249e+00,-1.714589989350372712e-01,3.940362087326943624e-02,1.064962726304579440e-03,9.316546762589927866e+00,8.201438848920863389e-01,2.875299760191846410e+00
2.636400006288463160e+00,-1.671991480298189447e-01,5.111821086261980618e-02,4.259850905218317760e-03,9.342925659472422595e+00,7.194244604316546443e-01,2.791366906474820109e+00
2.641358040687434627e+00,-1.650692225772097954e-01,6.496272630457934627e-02,1.064962726304579440e-03,9.364508393285371213e+00,6.474820143884891799e-01,2.832134292565947398e+00
2.646316075086406094e+00,-1.608093716719914690e-01,8.200212992545261037e-02,-1.064962726304579353e-02,9.354916067146282543e+00,6.450839328537170125e-01,2.858513189448441238e+00
2.651274109485377561e+00,-1.640042598509052207e-01,9.265175718849839870e-02,-2.129925452609158706e-02,9.278177458033573188e+00,7.242206235011990900e-01,2.944844124700239707e+00
2.656232143884349473e+00,-1.597444089456868943e-01,9.904153354632587447e-02,-2.449414270500532495e-02,9.215827338129496837e+00,8.009592326139088891e-01,3.083932853717026301e+00
2.661190178283320940e+00,-1.544195953141639932e-01,1.043663471778487756e-01,-1.703940362087327104e-02,9.182254196642686495e+00,8.441247002398081234e-01,3.134292565947242259e+00
2.666148212682292407e+00,-1.490947816826411199e-01,1.075612353567625135e-01,-1.277955271565495154e-02,9.155875299760191766e+00,8.105515587529975585e-01,3.244604316546762401e+00
2.671106247081263874e+00,-1.395101171458998923e-01,1.075612353567625135e-01,-1.064962726304579353e-02,9.134292565947241371e+00,7.985611510791367218e-01,3.352517985611510820e+00
2.676064281480235785e+00,-1.363152289669861683e-01,1.022364217252396124e-01,-6.389776357827475772e-03,9.095923261390886694e+00,8.105515587529975585e-01,3.443645083932853623e+00
2.681022315879207252e+00,-1.288604898828540901e-01,8.945686900958466081e-02,-2.129925452609158880e-03,9.074340527577938076e+00,8.369304556354916214e-01,3.443645083932853623e+00
2.685980350278178719e+00,-1.214057507987220397e-01,7.774227902023429781e-02,6.389776357827475772e-03,9.095923261390886694e+00,8.057553956834532238e-01,3.407673860911271113e+00
2.690938384677150630e+00,-1.086261980830670881e-01,6.922257720979765883e-02,1.490947816826411129e-02,9.172661870503597825e+00,6.978417266187050272e-01,3.362110311750599489e+00
2.695896419076122097e+00,-9.371671991480298725e-02,6.496272630457934627e-02,1.703940362087327104e-02,9.179856115107913439e+00,6.498800959232613472e-01,3.400479616306954611e+00
2.700854453475093564e+00,-8.519701810436634826e-02,5.431309904153354406e-02,2.023429179978700893e-02,9.165467625899280435e+00,6.187050359712230607e-01,3.424460431654676285e+00
2.705812487874065031e+00,-7.561235356762513460e-02,4.153354632587859252e-02,2.023429179978700893e-02,9.148681055155876152e+00,6.115107913669064477e-01,3.350119904076738653e+00
2.710770522273036942e+00,-6.815761448349308416e-02,3.407880724174654208e-02,2.023429179978700893e-02,9.139088729016785706e+00,6.139088729016786150e-01,3.306954436450839196e+00
2.715728556672008409e+00,-6.709265175718849561e-02,2.875399361022364098e-02,1.810436634717784918e-02,9.153477218225420486e+00,6.282973621103117301e-01,3.273381294964028854e+00
2.720686591070979876e+00,-7.028753993610223350e-02,2.342917997870074681e-02,1.490947816826411129e-02,9.155875299760191766e+00,6.211031175059952281e-01,3.220623501199040728e+00
2.725644625469951787e+00,-7.880724174653887248e-02,1.916932907348242732e-02,1.064962726304579353e-02,9.141486810551558762e+00,5.875299760191846632e-01,3.203836930455635557e+00
2.730602659868923254e+00,-8.945686900958466081e-02,1.703940362087327104e-02,-1.064962726304579440e-03,9.201438848920863833e+00,5.347721822541966485e-01,3.112709832134292753e+00
2.735560694267894721e+00,-9.904153354632587447e-02,2.129925452609158706e-02,-1.277955271565495154e-02,9.249400479616307180e+00,5.131894484412470314e-01,3.052757793764988126e+00
2.740518728666866188e+00,-1.139510117145899892e-01,2.768903088391906284e-02,-2.449414270500532495e-02,9.263788968824940184e+00,5.395683453237409832e-01,3.043165467625899456e+00
2.745476763065838099e+00,-1.267305644302449408e-01,3.407880724174654208e-02,-3.514376996805111675e-02,9.230215827338129841e+00,5.299760191846523139e-01,3.045563549160671624e+00
2.750434797464809566e+00,-1.331203407880724165e-01,4.259850905218317413e-02,-4.579339723109691201e-02,9.235011990407674176e+00,5.035971223021582510e-01,3.002398081534772167e+00
2.755392831863781034e+00,-1.416400425985090417e-01,5.218317358892438779e-02,-5.324813631522896940e-02,9.287769784172661858e+00,4.892086330935251914e-01,3.045563549160671624e+00
2.760350866262752501e+00,-1.448349307774227934e-01,6.176783812566560145e-02,-6.496272630457934627e-02,9.282973621103117523e+00,4.868105515587530241e-01,3.124700239808153590e+00
2.765308900661724412e+00,-1.427050053248136441e-01,6.283280085197018305e-02,-7.348242811501597138e-02,9.208633093525179447e+00,5.323741007194244812e-01,3.199040767386091222e+00
2.770266935060695879e+00,-1.384451544195953177e-01,5.963791267305644517e-02,-7.561235356762513460e-02,9.148681055155876152e+00,5.635491606714628787e-01,3.230215827338129397e+00
2.775224969459667346e+00,-1.299254526091586925e-01,5.644302449414270728e-02,-7.454739084132055993e-02,9.139088729016785706e+00,5.827338129496403285e-01,3.278177458033573188e+00
2.780183003858639257e+00,-1.214057507987220397e-01,5.005324813631523151e-02,-7.135250266240682204e-02,9.165467625899280435e+00,5.683453237410072134e-01,3.335731414868105649e+00
2.785141038257610724e+00,-1.096911608093716767e-01,4.259850905218317413e-02,-7.135250266240682204e-02,9.201438848920863833e+00,5.659472422062350461e-01,3.350119904076738653e+00
2.790099072656582191e+00,-1.001064962726304630e-01,3.301384451544196047e-02,-6.602768903088392094e-02,9.213429256594723782e+00,5.827338129496403285e-01,3.350119904076738653e+00
2.795057107055553658e+00,-8.945686900958466081e-02,2.768903088391906284e-02,-6.176783812566560145e-02,9.187050359712230829e+00,5.707434052757793808e-01,3.292565947242206192e+00
2.800015141454525569e+00,-7.774227902023429781e-02,2.555910543130990309e-02,-5.537806176783812567e-02,9.170263788968824770e+00,5.611510791366906004e-01,3.225419664268585063e+00
2.804973175853497036e+00,-6.815761448349308416e-02,2.129925452609158706e-02,-5.111821086261980618e-02,9.211031175059952503e+00,5.323741007194244812e-01,3.187050359712230385e+00
2.809931210252468503e+00,-6.389776357827475772e-02,1.703940362087327104e-02,-4.898828541001064990e-02,9.275779376498800133e+00,5.227817745803357008e-01,3.119904076738609255e+00
2.814889244651440414e+00,-6.070287539936101984e-02,1.810436634717784918e-02,-5.005324813631523151e-02,9.321342925659472201e+00,5.179856115107913661e-01,3.026378896882493841e+00
2.819847279050411881e+00,-6.176783812566560145e-02,2.768903088391906284e-02,-5.218317358892438779e-02,9.323741007194245256e+00,5.755395683453237154e-01,2.992805755395683498e+00
2.824805313449383348e+00,-6.815761448349308416e-02,3.301384451544196047e-02,-5.005324813631523151e-02,9.299760191846523583e+00,6.115107913669064477e-01,2.997601918465227833e+00
2.829763347848354815e+00,-7.348242811501597138e-02,3.940362087326943624e-02,-4.792332268370606829e-02,9.321342925659472201e+00,6.187050359712230607e-01,2.985611510791366996e+00
2.834721382247326726e+00,-7.987220447284344715e-02,4.792332268370606829e-02,-4.792332268370606829e-02,9.357314148681055599e+00,5.515587529976019310e-01,2.997601918465227833e+00
2.839679416646298193e+00,-8.626198083067092293e-02,5.111821086261980618e-02,-5.431309904153354406e-02,9.390887290167865942e+00,5.683453237410072134e-01,3.016786570743405171e+00
2.844637451045269660e+00,-9.158679446219382403e-02,5.750798722044728195e-02,-5.857294994675186356e-02,9.347721822541966930e+00,6.258992805755395628e-01,3.091127098321342803e+00
2.849595485444241127e+00,-8.945686900958466081e-02,6.283280085197018305e-02,-5.431309904153354406e-02,9.237410071942445455e+00,6.666666666666666297e-01,3.175059952038369104e+00
2.854553519843213039e+00,-9.052183173588924936e-02,6.389776357827475772e-02,-4.259850905218317413e-02,9.239808153477218511e+00,6.786570743405275774e-01,3.239808153477218067e+00
2.859511554242184506e+00,-9.158679446219382403e-02,6.176783812566560145e-02,-3.301384451544196047e-02,9.273381294964028854e+00,6.282973621103117301e-01,3.237410071942445899e+00
2.864469588641155973e+00,-9.158679446219382403e-02,5.750798722044728195e-02,-2.981895633652822258e-02,9.290167865707434913e+00,6.019184652278177783e-01,3.270983213429256686e+00
2.869427623040127884e+00,-9.265175718849839870e-02,5.537806176783812567e-02,-2.662406815761448470e-02,9.297362110311750527e+00,6.330935251798560648e-01,3.275779376498801021e+00
2.874385657439099351e+00,-9.371671991480298725e-02,5.537806176783812567e-02,-2.023429179978700893e-02,9.266187050359711463e+00,6.211031175059952281e-01,3.232613908872901565e+00
2.879343691838070818e+00,-9.052183173588924936e-02,6.283280085197018305e-02,-1.171458998935037341e-02,9.328537170263789591e+00,5.659472422062350461e-01,3.225419664268585063e+00
2.884301726237042285e+00,-8.519701810436634826e-02,7.135250266240682204e-02,-1.064962726304579353e-02,9.362110311750599934e+00,5.203836930455635335e-01,3.263788968824940184e+00
2.889259760636014196e+00,-8.626198083067092293e-02,7.454739084132055993e-02,-1.490947816826411129e-02,9.350119904076738209e+00,5.515587529976019310e-01,3.330935251798561314e+00
2.894217795034985663e+00,-8.839190628328008614e-02,7.135250266240682204e-02,-2.129925452609158706e-02,9.290167865707434913e+00,6.115107913669064477e-01,3.410071942446043280e+00
2.899175829433957130e+00,-9.371671991480298725e-02,6.709265175718849561e-02,-2.129925452609158706e-02,9.263788968824940184e+00,6.426858513189448452e-01,3.453237410071942293e+00
2.904133863832929041e+00,-9.797657082002129980e-02,5.857294994675186356e-02,-2.129925452609158706e-02,9.282973621103117523e+00,6.426858513189448452e-01,3.467625899280575741e+00
2.909091898231900508e+00,-1.001064962726304630e-01,5.644302449414270728e-02,-1.916932907348242732e-02,9.273381294964028854e+00,6.450839328537170125e-01,3.494004796163069582e+00
2.914049932630871975e+00,-1.043663471778487756e-01,5.111821086261980618e-02,-1.916932907348242732e-02,9.263788968824940184e+00,7.026378896882493619e-01,3.558752997601918544e+00
2.919007967029843442e+00,-1.064962726304579388e-01,4.366347177848775574e-02,-1.490947816826411129e-02,9.266187050359711463e+00,7.290167865707434247e-01,3.522781774580335590e+00
2.923966001428815353e+00,-1.064962726304579388e-01,3.727369542066027996e-02,-2.129925452609158880e-03,9.323741007194245256e+00,6.786570743405275774e-01,3.462829736211030962e+00
2.928924035827786820e+00,-1.043663471778487756e-01,3.833865814696485463e-02,8.519701810436635520e-03,9.333333333333333925e+00,6.235011990407673954e-01,3.412470023980815448e+00
2.933882070226758287e+00,-9.904153354632587447e-02,4.579339723109691201e-02,1.490947816826411129e-02,9.323741007194245256e+00,5.611510791366906004e-01,3.438848920863309289e+00
2.938840104625729754e+00,-9.478168264110756192e-02,4.898828541001064990e-02,2.662406815761448470e-02,9.330935251798560870e+00,5.515587529976019310e-01,3.450839328537170125e+00
2.943798139024701666e+00,-8.732694355697551147e-02,4.898828541001064990e-02,3.620873269435569836e-02,9.297362110311750527e+00,5.395683453237409832e-01,3.400479616306954611e+00
2.948756173423673133e+00,-7.987220447284344715e-02,5.324813631522896940e-02,4.046858359957401785e-02,9.273381294964028854e+00,4.892086330935251914e-01,3.326139088729016979e+00
2.953714207822644600e+00,-7.667731629392970927e-02,5.857294994675186356e-02,4.472843450479233041e-02,9.306954436450839196e+00,4.652278177458033515e-01,3.309352517985611364e+00
2.958672242221616511e+00,-7.241746538871139671e-02,6.496272630457934627e-02,4.579339723109691201e-02,9.328537170263789591e+00,4.772182254196642437e-01,3.354916067146282987e+00
2.963630276620587978e+00,-7.241746538871139671e-02,6.602768903088392094e-02,4.579339723109691201e-02,9.285371702637888802e+00,4.724220623501199090e-01,3.366906474820143824e+00
2.968588311019559445e+00,-7.880724174653887248e-02,6.709265175718849561e-02,4.366347177848775574e-02,9.261390887290167129e+00,4.412470023980815115e-01,3.388489208633093330e+00
2.973546345418530912e+00,-8.839190628328008614e-02,6.602768903088392094e-02,3.727369542066027996e-02,9.223021582733812451e+00,4.340527577937650094e-01,3.386091127098321163e+00
2.978504379817502823e+00,-9.904153354632587447e-02,5.963791267305644517e-02,2.555910543130990309e-02,9.206235011990408168e+00,4.364508393285371768e-01,3.434052757793764954e+00
2.983462414216474290e+00,-1.107561235356762513e-01,5.218317358892438779e-02,1.597444089456868943e-02,9.223021582733812451e+00,4.220623501199040617e-01,3.453237410071942293e+00
2.988420448615445757e+00,-1.203407880724174650e-01,4.579339723109691201e-02,8.519701810436635520e-03,9.249400479616307180e+00,4.052757793764987793e-01,3.441247002398081456e+00
2.993378483014417668e+00,-1.277955271565495154e-01,4.259850905218317413e-02,0.000000000000000000e+00,9.263788968824940184e+00,4.076738609112710021e-01,3.462829736211030962e+00
2.998336517413389135e+00,-1.341853035143769912e-01,4.153354632587859252e-02,-6.389776357827475772e-03,9.232613908872901121e+00,4.364508393285371768e-01,3.503597122302158251e+00
3.003294551812360602e+00,-1.299254526091586925e-01,3.514376996805111675e-02,-1.064962726304579353e-02,9.213429256594723782e+00,4.292565947242206192e-01,3.527577937649879924e+00
3.008252586211332069e+00,-1.288604898828540901e-01,3.301384451544196047e-02,-8.519701810436635520e-03,9.213429256594723782e+00,3.884892086330935523e-01,3.498800959232613916e+00
3.013210620610303980e+00,-1.246006389776357776e-01,3.088391906283280072e-02,-1.064962726304579353e-02,9.230215827338129841e+00,3.453237410071942626e-01,3.503597122302158251e+00
3.018168655009275447e+00,-1.182108626198083018e-01,2.768903088391906284e-02,-1.597444089456868943e-02,9.249400479616307180e+00,3.189448441247002553e-01,3.539568345323741205e+00
3.023126689408246914e+00,-1.075612353567625135e-01,2.342917997870074681e-02,-1.703940362087327104e-02,9.266187050359711463e+00,3.381294964028777050e-01,3.505995203836930418e+00
3.028084723807218381e+00,-1.022364217252396124e-01,2.555910543130990309e-02,-2.023429179978700893e-02,9.247002398081534125e+00,3.477218225419664299e-01,3.429256594724220619e+00
3.033042758206190292e+00,-9.478168264110756192e-02,3.088391906283280072e-02,-2.662406815761448470e-02,9.261390887290167129e+00,3.477218225419664299e-01,3.443645083932853623e+00
3.038000792605161759e+00,-9.584664536741213658e-02,3.727369542066027996e-02,-3.301384451544196047e-02,9.316546762589927866e+00,3.117505995203836977e-01,3.467625899280575741e+00
3.042958827004133227e+00,-9.158679446219382403e-02,4.046858359957401785e-02,-4.366347177848775574e-02,9.330935251798560870e+00,2.757793764988009655e-01,3.515587529976019088e+00
3.047916861403105138e+00,-8.626198083067092293e-02,4.046858359957401785e-02,-5.857294994675186356e-02,9.275779376498800133e+00,2.685851318944844079e-01,3.551558752997602042e+00
3.052874895802076605e+00,-8.093716719914803570e-02,3.727369542066027996e-02,-6.922257720979765883e-02,9.218225419664268117e+00,2.757793764988009655e-01,3.585131894484412385e+00
3.057832930201048072e+00,-7.561235356762513460e-02,3.194888178913737886e-02,-7.987220447284344715e-02,9.206235011990408168e+00,3.213429256594724226e-01,3.647482014388489180e+00
3.062790964600019539e+00,-6.922257720979765883e-02,2.449414270500532495e-02,-8.945686900958466081e-02,9.184652278177457774e+00,3.405275779376498724e-01,3.678657074340527799e+00
3.067748998998991450e+00,-6.283280085197018305e-02,1.277955271565495154e-02,-9.691160809371672513e-02,9.223021582733812451e+00,3.549160671462829875e-01,3.676258992805755188e+00
3.072707033397962917e+00,-5.857294994675186356e-02,4.259850905218317760e-03,-1.033013844515442009e-01,9.297362110311750527e+00,3.669064748201438797e-01,3.635491606714628343e+00
3.077665067796934384e+00,-5.218317358892438779e-02,-2.129925452609158880e-03,-1.075612353567625135e-01,9.266187050359711463e+00,4.172661870503597270e-01,3.587529976019184552e+00
3.082623102195906295e+00,-4.685835995740149362e-02,1.064962726304579440e-03,-1.086261980830670881e-01,9.220623501199041172e+00,4.628297362110311841e-01,3.570743405275779381e+00
3.087581136594877762e+00,-4.046858359957401785e-02,4.259850905218317760e-03,-1.033013844515442009e-01,9.196642685851319499e+00,4.964028776978417490e-01,3.558752997601918544e+00
3.092539170993849229e+00,-3.620873269435569836e-02,3.194888178913737886e-03,-9.797657082002129980e-02,9.201438848920863833e+00,5.227817745803357008e-01,3.556354916067146377e+00
3.097497205392820696e+00,-3.833865814696485463e-02,1.064962726304579440e-03,-9.691160809371672513e-02,9.201438848920863833e+00,5.491606714628297636e-01,3.556354916067146377e+00
3.102455239791792607e+00,-4.366347177848775574e-02,-1.064962726304579440e-03,-9.584664536741213658e-02,9.167865707434053490e+00,5.899280575539568305e-01,3.505995203836930418e+00
3.107413274190764074e+00,-4.898828541001064990e-02,3.194888178913737886e-03,-9.158679446219382403e-02,9.146282973621103096e+00,6.235011990407673954e-01,3.482014388489208745e+00
3.112371308589735541e+00,-5.963791267305644517e-02,6.389776357827475772e-03,-8.732694355697551147e-02,9.184652278177457774e+00,6.306954436450838974e-01,3.486810551558753080e+00
3.117329342988707008e+00,-7.135250266240682204e-02,5.324813631522896766e-03,-8.732694355697551147e-02,9.225419664268585507e+00,6.019184652278177783e-01,3.520383693045563422e+00
3.122287377387678919e+00,-8.519701810436634826e-02,4.259850905218317760e-03,-9.371671991480298725e-02,9.203836930455635112e+00,6.522781774580336256e-01,3.587529976019184552e+00
3.127245411786650386e+00,-9.904153354632587447e-02,-2.129925452609158880e-03,-9.371671991480298725e-02,9.117505995203837088e+00,7.673860911270983243e-01,3.702637889688249473e+00
3.132203446185621853e+00,-1.086261980830670881e-01,-1.064962726304579353e-02,-8.413205537806177359e-02,9.059952038369305072e+00,8.201438848920863389e-01,3.738609112709831983e+00
3.137161480584593765e+00,-1.171458998935037271e-01,-2.555910543130990309e-02,-7.241746538871139671e-02,9.052757793764987682e+00,7.458033573141487071e-01,3.721822541966426812e+00
3.142119514983565232e+00,-1.256656017039403661e-01,-3.833865814696485463e-02,-6.709265175718849561e-02,9.112709832134292753e+00,6.834532374100719121e-01,3.702637889688249473e+00
3.147077549382536699e+00,-1.352502662406815659e-01,-4.579339723109691201e-02,-6.283280085197018305e-02,9.158273381294964821e+00,6.786570743405275774e-01,3.657074340527577849e+00
3.152035583781508166e+00,-1.384451544195953177e-01,-5.750798722044728195e-02,-5.750798722044728195e-02,9.141486810551558762e+00,7.002398081534771945e-01,3.587529976019184552e+00
3.156993618180480077e+00,-1.384451544195953177e-01,-5.750798722044728195e-02,-4.579339723109691201e-02,9.153477218225420486e+00,7.146282973621103096e-01,3.448441247002397958e+00
3.161951652579451544e+00,-1.363152289669861683e-01,-5.111821086261980618e-02,-3.088391906283280072e-02,9.230215827338129841e+00,6.306954436450838974e-01,3.381294964028776828e+00
3.166909686978423011e+00,-1.299254526091586925e-01,-4.366347177848775574e-02,-2.023429179978700893e-02,9.297362110311750527e+00,5.635491606714628787e-01,3.309352517985611364e+00
3.171867721377394922e+00,-1.267305644302449408e-01,-3.514376996805111675e-02,-1.490947816826411129e-02,9.285371702637888802e+00,5.107913669064748641e-01,3.251798561151079348e+00
3.176825755776366389e+00,-1.256656017039403661e-01,-2.555910543130990309e-02,-1.064962726304579353e-02,9.258992805755395850e+00,4.604316546762590168e-01,3.146282973621103096e+00
3.181783790175337856e+00,-1.256656017039403661e-01,-1.277955271565495154e-02,-1.597444089456868943e-02,9.294964028776979248e+00,4.364508393285371768e-01,3.122302158273381423e+00
3.186741824574309323e+00,-1.235356762513312029e-01,-1.064962726304579440e-03,-2.342917997870074681e-02,9.285371702637888802e+00,3.693045563549160470e-01,3.177458033573141272e+00
3.191699858973281234e+00,-1.203407880724174650e-01,5.324813631522896766e-03,-3.514376996805111675e-02,9.263788968824940184e+00,2.805755395683453002e-01,3.232613908872901565e+00
3.196657893372252701e+00,-1.150159744408945639e-01,7.454739084132055646e-03,-4.898828541001064990e-02,9.227817745803356786e+00,2.949640287769784153e-01,3.266187050359712352e+00
3.201615927771224168e+00,-1.054313099041533502e-01,8.519701810436635520e-03,-6.176783812566560145e-02,9.184652278177457774e+00,3.261390887290168128e-01,3.244604316546762401e+00
3.206573962170195635e+00,-9.371671991480298725e-02,1.490947816826411129e-02,-6.922257720979765883e-02,9.182254196642686495e+00,3.836930455635491621e-01,3.273381294964028854e+00
3.211531996569167546e+00,-8.200212992545261037e-02,2.342917997870074681e-02,-7.561235356762513460e-02,9.160671462829736100e+00,4.028776978417266119e-01,3.328537170263789147e+00
3.216490030968139013e+00,-7.241746538871139671e-02,2.662406815761448470e-02,-8.093716719914803570e-02,9.139088729016785706e+00,4.316546762589927866e-01,3.405275779376498946e+00
3.221448065367110480e+00,-5.963791267305644517e-02,2.342917997870074681e-02,-8.626198083067092293e-02,9.103117505995204084e+00,4.532374100719424592e-01,3.438848920863309289e+00
3.226406099766082392e+00,-4.898828541001064990e-02,2.236421725239616520e-02,-8.732694355697551147e-02,9.083932853717026745e+00,5.107913669064748641e-01,3.441247002398081456e+00
3.231364134165053859e+00,-4.046858359957401785e-02,2.129925452609158706e-02,-8.626198083067092293e-02,9.112709832134292753e+00,5.683453237410072134e-01,3.412470023980815448e+00
3.236322168564025326e+00,-2.981895633652822258e-02,2.662406815761448470e-02,-8.306709265175718504e-02,9.107913669064748419e+00,6.642685851318944623e-01,3.422062350119904117e+00
3.241280202962996793e+00,-2.023429179978700893e-02,3.088391906283280072e-02,-7.348242811501597138e-02,9.067146282973620686e+00,7.362110311750599267e-01,3.525179856115107757e+00
3.246238237361968704e+00,-1.810436634717784918e-02,2.662406815761448470e-02,-6.176783812566560145e-02,9.062350119904076351e+00,7.841726618705036067e-01,3.601918465227817556e+00
3.251196271760940171e+00,-2.236421725239616520e-02,1.171458998935037341e-02,-5.005324813631523151e-02,9.074340527577938076e+00,8.105515587529975585e-01,3.601918465227817556e+00
3.256154306159911638e+00,-2.981895633652822258e-02,1.064962726304579440e-03,-4.046858359957401785e-02,9.079136690647482411e+00,7.601918465227818222e-01,3.565947242206235046e+00
3.261112340558883105e+00,-3.727369542066027996e-02,-5.324813631522896766e-03,-3.727369542066027996e-02,9.093525179856115415e+00,7.266187050359712574e-01,3.563549160671462879e+00
3.266070374957855016e+00,-4.579339723109691201e-02,-1.277955271565495154e-02,-3.514376996805111675e-02,9.163069544364509156e+00,6.834532374100719121e-01,3.527577937649879924e+00
3.271028409356826483e+00,-5.005324813631523151e-02,-2.129925452609158706e-02,-3.301384451544196047e-02,9.201438848920863833e+00,6.306954436450838974e-01,3.472422062350120076e+00
3.275986443755797950e+00,-5.431309904153354406e-02,-2.662406815761448470e-02,-2.875399361022364098e-02,9.194244604316546443e+00,6.354916067146283432e-01,3.388489208633093330e+00
3.280944478154769861e+00,-5.857294994675186356e-02,-2.555910543130990309e-02,-2.662406815761448470e-02,9.167865707434053490e+00,6.258992805755395628e-01,3.350119904076738653e+00
3.285902512553741328e+00,-6.176783812566560145e-02,-2.342917997870074681e-02,-2.449414270500532495e-02,9.184652278177457774e+00,5.779376498800958828e-01,3.352517985611510820e+00
3.290860546952712795e+00,-6.709265175718849561e-02,-2.236421725239616520e-02,-2.449414270500532495e-02,9.211031175059952503e+00,5.347721822541966485e-01,3.285371702637889690e+00
3.295818581351684262e+00,-7.561235356762513460e-02,-2.129925452609158706e-02,-2.981895633652822258e-02,9.203836930455635112e+00,5.275779376498801465e-01,3.232613908872901565e+00
3.300776615750656173e+00,-8.306709265175718504e-02,-1.597444089456868943e-02,-3.194888178913737886e-02,9.163069544364509156e+00,5.467625899280575963e-01,3.225419664268585063e+00
3.305734650149627640e+00,-8.945686900958466081e-02,-1.277955271565495154e-02,-3.088391906283280072e-02,9.127098321342925757e+00,5.563549160671462657e-01,3.258992805755395850e+00
3.310692684548599107e+00,-9.584664536741213658e-02,-8.519701810436635520e-03,-3.407880724174654208e-02,9.158273381294964821e+00,5.011990407673860837e-01,3.287769784172661858e+00
3.315650718947571018e+00,-1.043663471778487756e-01,-5.324813631522896766e-03,-4.259850905218317413e-02,9.163069544364509156e+00,4.652278177458033515e-01,3.309352517985611364e+00
3.320608753346542485e+00,-1.107561235356762513e-01,-4.259850905218317760e-03,-5.431309904153354406e-02,9.143884892086331817e+00,4.772182254196642437e-01,3.362110311750599489e+00
3.325566787745513953e+00,-1.139510117145899892e-01,-6.389776357827475772e-03,-6.496272630457934627e-02,9.170263788968824770e+00,4.988009592326139163e-01,3.352517985611510820e+00
3.330524822144485420e+00,-1.096911608093716767e-01,-1.277955271565495154e-02,-6.602768903088392094e-02,9.175059952038369104e+00,5.083932853717025857e-01,3.316546762589927866e+00
3.335482856543457331e+00,-1.001064962726304630e-01,-1.064962726304579353e-02,-6.496272630457934627e-02,9.189448441247002108e+00,4.652278177458033515e-01,3.285371702637889690e+00
3.340440890942428798e+00,-8.732694355697551147e-02,-5.324813631522896766e-03,-6.176783812566560145e-02,9.213429256594723782e+00,4.892086330935251914e-01,3.309352517985611364e+00
3.345398925341400265e+00,-7.348242811501597138e-02,-3.194888178913737886e-03,-5.963791267305644517e-02,9.225419664268585507e+00,5.011990407673860837e-01,3.354916067146282987e+00
3.350356959740371732e+00,-6.176783812566560145e-02,-3.194888178913737886e-03,-5.644302449414270728e-02,9.189448441247002108e+00,5.035971223021582510e-01,3.316546762589927866e+00
3.355314994139343643e+00,-5.218317358892438779e-02,-4.259850905218317760e-03,-5.111821086261980618e-02,9.213429256594723782e+00,5.227817745803357008e-01,3.278177458033573188e+00
3.360273028538315110e+00,-4.259850905218317413e-02,1.064962726304579440e-03,-4.579339723109691201e-02,9.170263788968824770e+00,5.323741007194244812e-01,3.251798561151079348e+00
3.365231062937286577e+00,-3.727369542066027996e-02,7.454739084132055646e-03,-4.366347177848775574e-02,9.146282973621103096e+00,5.923261390887289979e-01,3.263788968824940184e+00
3.370189097336258488e+00,-4.046858359957401785e-02,1.064962726304579353e-02,-3.514376996805111675e-02,9.124700239808152702e+00,6.211031175059952281e-01,3.273381294964028854e+00
3.375147131735229955e+00,-4.259850905218317413e-02,1.597444089456868943e-02,-2.449414270500532495e-02,9.146282973621103096e+00,6.330935251798560648e-01,3.270983213429256686e+00
3.380105166134201422e+00,-4.472843450479233041e-02,1.810436634717784918e-02,-2.129925452609158706e-02,9.187050359712230829e+00,6.115107913669064477e-01,3.292565947242206192e+00
3.385063200533172889e+00,-5.324813631522896940e-02,2.662406815761448470e-02,-2.023429179978700893e-02,9.196642685851319499e+00,6.426858513189448452e-01,3.266187050359712352e+00
3.390021234932144800e+00,-6.709265175718849561e-02,2.875399361022364098e-02,-1.703940362087327104e-02,9.127098321342925757e+00,7.122302158273381423e-01,3.287769784172661858e+00
3.394979269331116267e+00,-8.200212992545261037e-02,3.194888178913737886e-02,-1.277955271565495154e-02,9.067146282973620686e+00,7.625899280575539896e-01,3.350119904076738653e+00
3.399937303730087734e+00,-9.584664536741213658e-02,3.301384451544196047e-02,-5.324813631522896766e-03,9.074340527577938076e+00,7.290167865707434247e-01,3.422062350119904117e+00
3.404895338129059645e+00,-1.086261980830670881e-01,2.768903088391906284e-02,0.000000000000000000e+00,9.112709832134292753e+00,6.690647482014387970e-01,3.477218225419664410e+00
3.409853372528031112e+00,-1.224707135250266282e-01,1.916932907348242732e-02,-2.129925452609158880e-03,9.129496402877697037e+00,6.306954436450838974e-01,3.472422062350120076e+00
3.414811406927002579e+00,-1.341853035143769912e-01,1.384451544195953142e-02,-4.259850905218317760e-03,9.115107913669064033e+00,6.402877697841726778e-01,3.438848920863309289e+00
3.419769441325974046e+00,-1.427050053248136441e-01,1.064962726304579353e-02,-2.129925452609158880e-03,9.103117505995204084e+00,6.139088729016786150e-01,3.407673860911271113e+00
3.424727475724945958e+00,-1.416400425985090417e-01,8.519701810436635520e-03,3.194888178913737886e-03,9.153477218225420486e+00,5.059952038369304184e-01,3.422062350119904117e+00
3.429685510123917425e+00,-1.384451544195953177e-01,1.277955271565495154e-02,3.194888178913737886e-03,9.218225419664268117e+00,3.884892086330935523e-01,3.426858513189448452e+00
3.434643544522888892e+00,-1.331203407880724165e-01,1.384451544195953142e-02,-8.519701810436635520e-03,9.215827338129496837e+00,3.237410071942445899e-01,3.410071942446043280e+00
3.439601578921860359e+00,-1.224707135250266282e-01,1.384451544195953142e-02,-1.703940362087327104e-02,9.201438848920863833e+00,3.309352517985611475e-01,3.378896882494004661e+00
3.444559613320832270e+00,-1.107561235356762513e-01,1.703940362087327104e-02,-2.342917997870074681e-02,9.158273381294964821e+00,3.501199040767385973e-01,3.270983213429256686e+00
3.449517647719803737e+00,-9.904153354632587447e-02,2.449414270500532495e-02,-2.662406815761448470e-02,9.177458033573142160e+00,3.069544364508393075e-01,3.266187050359712352e+00
3.454475682118775204e+00,-8.839190628328008614e-02,3.620873269435569836e-02,-3.514376996805111675e-02,9.235011990407674176e+00,2.541966426858512929e-01,3.299760191846522694e+00
3.459433716517747115e+00,-7.880724174653887248e-02,4.472843450479233041e-02,-5.111821086261980618e-02,9.244604316546762846e+00,2.470023980815347631e-01,3.398081534772182444e+00
3.464391750916718582e+00,-7.135250266240682204e-02,4.472843450479233041e-02,-6.815761448349308416e-02,9.194244604316546443e+00,2.925659472422062479e-01,3.455635491606714460e+00
3.469349785315690049e+00,-6.496272630457934627e-02,4.898828541001064990e-02,-8.306709265175718504e-02,9.136690647482014427e+00,3.597122302158273222e-01,3.474820143884892243e+00
3.474307819714661516e+00,-5.750798722044728195e-02,5.111821086261980618e-02,-9.158679446219382403e-02,9.095923261390886694e+00,4.220623501199040617e-01,3.539568345323741205e+00
3.479265854113633427e+00,-4.579339723109691201e-02,4.579339723109691201e-02,-9.584664536741213658e-02,9.122302158273381423e+00,4.292565947242206192e-01,3.654676258992805682e+00
3.484223888512604894e+00,-3.727369542066027996e-02,3.727369542066027996e-02,-1.043663471778487756e-01,9.177458033573142160e+00,4.364508393285371768e-01,3.661870503597122184e+00
3.489181922911576361e+00,-3.088391906283280072e-02,2.449414270500532495e-02,-1.139510117145899892e-01,9.184652278177457774e+00,4.988009592326139163e-01,3.657074340527577849e+00
3.494139957310548272e+00,-2.981895633652822258e-02,2.236421725239616520e-02,-1.171458998935037271e-01,9.160671462829736100e+00,5.539568345323740983e-01,3.669064748201438686e+00
3.499097991709519739e+00,-2.768903088391906284e-02,2.129925452609158706e-02,-1.150159744408945639e-01,9.117505995203837088e+00,5.899280575539568305e-01,3.705035971223021640e+00
3.504056026108491206e+00,-2.449414270500532495e-02,1.384451544195953142e-02,-1.107561235356762513e-01,9.165467625899280435e+00,6.115107913669064477e-01,3.791366906474820109e+00
3.509014060507462673e+00,-3.194888178913737886e-02,6.389776357827475772e-03,-1.086261980830670881e-01,9.165467625899280435e+00,6.258992805755395628e-01,3.808153477218225280e+00
3.513972094906434585e+00,-3.833865814696485463e-02,-2.129925452609158880e-03,-1.086261980830670881e-01,9.165467625899280435e+00,6.474820143884891799e-01,3.776978417266187105e+00
3.518930129305406052e+00,-4.472843450479233041e-02,-8.519701810436635520e-03,-1.086261980830670881e-01,9.165467625899280435e+00,6.978417266187050272e-01,3.733812949640287648e+00
3.523888163704377519e+00,-5.537806176783812567e-02,-8.519701810436635520e-03,-1.022364217252396124e-01,9.148681055155876152e+00,6.954436450839328598e-01,3.654676258992805682e+00
3.528846198103348986e+00,-6.496272630457934627e-02,-8.519701810436635520e-03,-1.001064962726304630e-01,9.110311750599519698e+00,6.834532374100719121e-01,3.671462829736210853e+00
3.533804232502320897e+00,-7.667731629392970927e-02,-1.064962726304579353e-02,-1.001064962726304630e-01,9.098321342925659749e+00,6.426858513189448452e-01,3.681055155875299967e+00
3.538762266901292364e+00,-8.626198083067092293e-02,-1.703940362087327104e-02,-1.022364217252396124e-01,9.134292565947241371e+00,5.971223021582733326e-01,3.719424460431654644e+00
3.543720301300263831e+00,-9.265175718849839870e-02,-2.342917997870074681e-02,-1.064962726304579388e-01,9.124700239808152702e+00,5.587529976019184330e-01,3.712230215827338142e+00
3.548678335699235742e+00,-9.584664536741213658e-02,-2.768903088391906284e-02,-1.128860489882854146e-01,9.110311750599519698e+00,5.587529976019184330e-01,3.659472422062350017e+00
3.553636370098207209e+00,-9.691160809371672513e-02,-3.194888178913737886e-02,-1.224707135250266282e-01,9.139088729016785706e+00,5.755395683453237154e-01,3.659472422062350017e+00
3.558594404497178676e+00,-9.265175718849839870e-02,-3.407880724174654208e-02,-1.214057507987220397e-01,9.105515587529975363e+00,6.546762589928057929e-01,3.714628297362110310e+00
3.563552438896150143e+00,-8.519701810436634826e-02,-3.940362087326943624e-02,-1.118210862619808260e-01,9.093525179856115415e+00,7.098321342925659749e-01,3.798561151079136611e+00
3.568510473295122054e+00,-8.093716719914803570e-02,-4.685835995740149362e-02,-1.054313099041533502e-01,9.136690647482014427e+00,7.218225419664268117e-01,3.760191846522781933e+00
3.573468507694093521e+00,-7.454739084132055993e-02,-5.111821086261980618e-02,-1.001064962726304630e-01,9.165467625899280435e+00,7.098321342925659749e-01,3.714628297362110310e+00
3.578426542093064988e+00,-7.135250266240682204e-02,-5.111821086261980618e-02,-9.478168264110756192e-02,9.129496402877697037e+00,7.458033573141487071e-01,3.717026378896882477e+00
3.583384576492036899e+00,-7.135250266240682204e-02,-5.431309904153354406e-02,-8.519701810436634826e-02,9.059952038369305072e+00,7.625899280575539896e-01,3.726618705035971146e+00
3.588342610891008366e+00,-6.922257720979765883e-02,-6.176783812566560145e-02,-7.667731629392970927e-02,9.047961630695443347e+00,7.074340527577938076e-01,3.707434052757793808e+00
3.593300645289979833e+00,-7.135250266240682204e-02,-7.135250266240682204e-02,-7.028753993610223350e-02,9.110311750599519698e+00,6.378896882494005105e-01,3.609112709832134502e+00
3.598258679688951300e+00,-7.348242811501597138e-02,-7.454739084132055993e-02,-6.815761448349308416e-02,9.143884892086331817e+00,6.187050359712230607e-01,3.465227817745803574e+00
3.603216714087923211e+00,-7.454739084132055993e-02,-6.815761448349308416e-02,-6.602768903088392094e-02,9.134292565947241371e+00,6.163069544364508934e-01,3.350119904076738653e+00
3.608174748486894678e+00,-7.774227902023429781e-02,-6.070287539936101984e-02,-6.283280085197018305e-02,9.129496402877697037e+00,5.587529976019184330e-01,3.270983213429256686e+00
3.613132782885866146e+00,-8.306709265175718504e-02,-5.111821086261980618e-02,-6.496272630457934627e-02,9.203836930455635112e+00,5.227817745803357008e-01,3.223021582733812895e+00
3.618090817284837613e+00,-8.945686900958466081e-02,-3.833865814696485463e-02,-7.880724174653887248e-02,9.237410071942445455e+00,4.940047961630695261e-01,3.244604316546762401e+00
3.623048851683809524e+00,-9.904153354632587447e-02,-2.555910543130990309e-02,-8.945686900958466081e-02,9.237410071942445455e+00,5.275779376498801465e-01,3.294964028776978360e+00
3.628006886082780991e+00,-1.011714589989350377e-01,-1.703940362087327104e-02,-9.797657082002129980e-02,9.223021582733812451e+00,5.563549160671462657e-01,3.311750599520383531e+00
3.632964920481752458e+00,-1.001064962726304630e-01,-6.389776357827475772e-03,-1.054313099041533502e-01,9.203836930455635112e+00,5.707434052757793808e-01,3.359712230215827322e+00
3.637922954880724369e+00,-1.001064962726304630e-01,2.129925452609158880e-03,-1.096911608093716767e-01,9.196642685851319499e+00,6.115107913669064477e-01,3.462829736211030962e+00
3.642880989279695836e+00,-9.265175718849839870e-02,3.194888178913737886e-03,-1.086261980830670881e-01,9.153477218225420486e+00,6.906474820143885252e-01,3.539568345323741205e+00
3.647839023678667303e+00,-8.200212992545261037e-02,2.129925452609158880e-03,-1.033013844515442009e-01,9.167865707434053490e+00,7.410071942446042614e-01,3.585131894484412385e+00
3.652797058077638770e+00,-7.774227902023429781e-02,1.064962726304579440e-03,-9.797657082002129980e-02,9.155875299760191766e+00,8.105515587529975585e-01,3.664268585131894351e+00
3.657755092476610681e+00,-7.135250266240682204e-02,-1.064962726304579440e-03,-8.519701810436634826e-02,9.074340527577938076e+00,8.657074340527577405e-01,3.714628297362110310e+00
3.662713126875582148e+00,-6.176783812566560145e-02,-5.324813631522896766e-03,-7.028753993610223350e-02,8.988009592326138275e+00,9.112709832134292531e-01,3.719424460431654644e+00
3.667671161274553615e+00,-5.431309904153354406e-02,-1.597444089456868943e-02,-5.431309904153354406e-02,8.954436450839327932e+00,8.968824940047961380e-01,3.712230215827338142e+00
3.672629195673525526e+00,-4.259850905218317413e-02,-2.768903088391906284e-02,-3.620873269435569836e-02,8.976019184652278327e+00,8.441247002398081234e-01,3.676258992805755188e+00
3.677587230072496993e+00,-3.194888178913737886e-02,-3.301384451544196047e-02,-2.236421725239616520e-02,9.021582733812950394e+00,7.913669064748201087e-01,3.599520383693045389e+00
3.682545264471468460e+00,-2.342917997870074681e-02,-3.301384451544196047e-02,-1.490947816826411129e-02,9.045563549160672068e+00,7.721822541966426590e-01,3.568345323741007213e+00
3.687503298870439927e+00,-1.384451544195953142e-02,-3.301384451544196047e-02,-5.324813631522896766e-03,9.062350119904076351e+00,7.314148681055155921e-01,3.496402877697841749e+00
3.692461333269411838e+00,-7.454739084132055646e-03,-3.088391906283280072e-02,3.194888178913737886e-03,9.117505995203837088e+00,7.482014388489208745e-01,3.431654676258992787e+00
3.697419367668383305e+00,-2.129925452609158880e-03,-2.342917997870074681e-02,8.519701810436635520e-03,9.199040767386090778e+00,7.026378896882493619e-01,3.323741007194244812e+00
3.702377402067354772e+00,2.129925452609158880e-03,-7.454739084132055646e-03,7.454739084132055646e-03,9.184652278177457774e+00,6.834532374100719121e-01,3.287769784172661858e+00
3.707335436466326239e+00,1.064962726304579440e-03,7.454739084132055646e-03,7.454739084132055646e-03,9.139088729016785706e+00,7.074340527577938076e-01,3.386091127098321163e+00
3.712293470865298151e+00,-6.389776357827475772e-03,1.171458998935037341e-02,8.519701810436635520e-03,9.131894484412470092e+00,7.410071942446042614e-01,3.453237410071942293e+00
3.717251505264269618e+00,-1.277955271565495154e-02,1.277955271565495154e-02,9.584664536741213658e-03,9.189448441247002108e+00,7.458033573141487071e-01,3.412470023980815448e+00
3.722209539663241085e+00,-2.236421725239616520e-02,1.490947816826411129e-02,8.519701810436635520e-03,9.215827338129496837e+00,7.242206235011990900e-01,3.311750599520383531e+00
3.727167574062212996e+00,-3.407880724174654208e-02,2.768903088391906284e-02,5.324813631522896766e-03,9.160671462829736100e+00,7.985611510791367218e-01,3.354916067146282987e+00
3.732125608461184463e+00,-4.259850905218317413e-02,3.407880724174654208e-02,1.171458998935037341e-02,9.124700239808152702e+00,8.609112709832134058e-01,3.474820143884892243e+00
3.737083642860155930e+00,-5.218317358892438779e-02,3.727369542066027996e-02,2.236421725239616520e-02,9.153477218225420486e+00,8.201438848920863389e-01,3.532374100719424259e+00
3.742041677259127397e+00,-6.283280085197018305e-02,3.727369542066027996e-02,3.194888178913737886e-02,9.167865707434053490e+00,7.625899280575539896e-01,3.510791366906474753e+00
3.746999711658099308e+00,-7.241746538871139671e-02,3.514376996805111675e-02,3.301384451544196047e-02,9.141486810551558762e+00,7.817745803357314394e-01,3.525179856115107757e+00
3.751957746057070775e+00,-8.413205537806177359e-02,3.407880724174654208e-02,3.088391906283280072e-02,9.103117505995204084e+00,7.937649880095922761e-01,3.570743405275779381e+00
3.756915780456042242e+00,-9.158679446219382403e-02,2.555910543130990309e-02,3.514376996805111675e-02,9.035971223021583398e+00,8.057553956834532238e-01,3.618705035971223172e+00
3.761873814855014153e+00,-9.371671991480298725e-02,1.810436634717784918e-02,4.259850905218317413e-02,9.019184652278177339e+00,7.769784172661871047e-01,3.633093525179856176e+00
3.766831849253985620e+00,-9.265175718849839870e-02,1.490947816826411129e-02,5.218317358892438779e-02,9.059952038369305072e+00,6.858513189448440794e-01,3.676258992805755188e+00
3.771789883652957087e+00,-9.158679446219382403e-02,1.171458998935037341e-02,5.537806176783812567e-02,9.093525179856115415e+00,6.282973621103117301e-01,3.664268585131894351e+00
3.776747918051928554e+00,-9.052183173588924936e-02,7.454739084132055646e-03,5.005324813631523151e-02,9.081534772182253690e+00,6.091127098321342803e-01,3.645083932853717013e+00
3.781705952450900465e+00,-8.200212992545261037e-02,3.194888178913737886e-03,4.685835995740149362e-02,9.074340527577938076e+00,6.378896882494005105e-01,3.635491606714628343e+00
3.786663986849871932e+00,-7.241746538871139671e-02,1.064962726304579440e-03,5.218317358892438779e-02,9.067146282973620686e+00,6.690647482014387970e-01,3.592326139088728887e+00
3.791622021248843399e+00,-6.283280085197018305e-02,3.194888178913737886e-03,6.070287539936101984e-02,9.093525179856115415e+00,6.522781774580336256e-01,3.623501199040767506e+00
3.796580055647814866e+00,-5.537806176783812567e-02,7.454739084132055646e-03,6.176783812566560145e-02,9.103117505995204084e+00,6.211031175059952281e-01,3.654676258992805682e+00
3.801538090046786778e+00,-4.685835995740149362e-02,7.454739084132055646e-03,6.389776357827475772e-02,9.131894484412470092e+00,6.594724220623501276e-01,3.673860911270983021e+00
3.806496124445758245e+00,-4.259850905218317413e-02,3.194888178913737886e-03,6.496272630457934627e-02,9.153477218225420486e+00,6.906474820143885252e-01,3.724220623501198979e+00
3.811454158844729712e+00,-3.940362087326943624e-02,-3.194888178913737886e-03,6.283280085197018305e-02,9.119904076738608367e+00,7.146282973621103096e-01,3.695443645083932971e+00
3.816412193243701623e+00,-4.046858359957401785e-02,-5.324813631522896766e-03,6.709265175718849561e-02,9.076738609112709355e+00,7.793764988009592720e-01,3.705035971223021640e+00
3.821370227642673090e+00,-4.366347177848775574e-02,-1.064962726304579353e-02,6.922257720979765883e-02,9.045563549160672068e+00,7.721822541966426590e-01,3.772182254196642770e+00
3.826328262041644557e+00,-4.579339723109691201e-02,-1.810436634717784918e-02,7.348242811501597138e-02,9.081534772182253690e+00,6.834532374100719121e-01,3.793764988009592276e+00
3.831286296440616024e+00,-4.366347177848775574e-02,-2.981895633652822258e-02,7.561235356762513460e-02,9.136690647482014427e+00,6.091127098321342803e-01,3.712230215827338142e+00
3.836244330839587935e+00,-4.259850905218317413e-02,-3.833865814696485463e-02,6.602768903088392094e-02,9.129496402877697037e+00,5.635491606714628787e-01,3.637889688249400511e+00
3.841202365238559402e+00,-4.046858359957401785e-02,-4.259850905218317413e-02,5.750798722044728195e-02,9.124700239808152702e+00,5.875299760191846632e-01,3.635491606714628343e+00
3.846160399637530869e+00,-3.620873269435569836e-02,-4.366347177848775574e-02,5.750798722044728195e-02,9.115107913669064033e+00,5.587529976019184330e-01,3.594724220623501054e+00
3.851118434036502336e+00,-3.088391906283280072e-02,-3.833865814696485463e-02,5.857294994675186356e-02,9.141486810551558762e+00,5.155875299760191988e-01,3.491606714628297414e+00
3.856076468435474247e+00,-2.875399361022364098e-02,-3.407880724174654208e-02,5.324813631522896940e-02,9.163069544364509156e+00,4.796163069544364665e-01,3.436450839328537121e+00
3.861034502834445714e+00,-3.088391906283280072e-02,-2.768903088391906284e-02,4.366347177848775574e-02,9.206235011990408168e+00,4.820143884892086339e-01,3.378896882494004661e+00
3.865992537233417181e+00,-3.301384451544196047e-02,-2.129925452609158706e-02,3.194888178913737886e-02,9.182254196642686495e+00,5.539568345323740983e-01,3.376498800959232494e+00
3.870950571632389092e+00,-3.940362087326943624e-02,-1.277955271565495154e-02,2.236421725239616520e-02,9.182254196642686495e+00,5.899280575539568305e-01,3.383693045563548996e+00
3.875908606031360559e+00,-4.898828541001064990e-02,-3.194888178913737886e-03,1.703940362087327104e-02,9.201438848920863833e+00,5.731414868105515481e-01,3.352517985611510820e+00
3.880866640430332026e+00,-5.750798722044728195e-02,5.324813631522896766e-03,7.454739084132055646e-03,9.206235011990408168e+00,5.827338129496403285e-01,3.369304556354915992e+00
3.885824674829303493e+00,-7.028753993610223350e-02,8.519701810436635520e-03,-6.389776357827475772e-03,9.208633093525179447e+00,5.779376498800958828e-01,3.448441247002397958e+00
3.890782709228275404e+00,-7.774227902023429781e-02,1.384451544195953142e-02,-1.916932907348242732e-02,9.177458033573142160e+00,6.043165467625899456e-01,3.503597122302158251e+00
3.895740743627246871e+00,-8.200212992545261037e-02,1.703940362087327104e-02,-2.662406815761448470e-02,9.158273381294964821e+00,6.498800959232613472e-01,3.525179856115107757e+00
3.900698778026218339e+00,-8.093716719914803570e-02,2.129925452609158706e-02,-2.449414270500532495e-02,9.122302158273381423e+00,7.026378896882493619e-01,3.616306954436451004e+00
3.905656812425190250e+00,-8.093716719914803570e-02,1.916932907348242732e-02,-1.810436634717784918e-02,9.081534772182253690e+00,6.930455635491606925e-01,3.693045563549160804e+00
3.910614846824161717e+00,-7.454739084132055993e-02,1.384451544195953142e-02,-1.277955271565495154e-02,9.074340527577938076e+00,6.762589928057554101e-01,3.676258992805755188e+00
3.915572881223133184e+00,-6.496272630457934627e-02,1.171458998935037341e-02,-2.129925452609158880e-03,9.069544364508393741e+00,6.474820143884891799e-01,3.628297362110311841e+00
3.920530915622104651e+00,-5.537806176783812567e-02,1.171458998935037341e-02,6.389776357827475772e-03,9.062350119904076351e+00,6.115107913669064477e-01,3.645083932853717013e+00
3.925488950021076562e+00,-4.685835995740149362e-02,9.584664536741213658e-03,1.597444089456868943e-02,9.031175059952039064e+00,6.019184652278177783e-01,3.613908872901678837e+00
3.930446984420048029e+00,-3.727369542066027996e-02,5.324813631522896766e-03,2.449414270500532495e-02,9.064748201438849406e+00,5.707434052757793808e-01,3.544364508393285540e+00
3.935405018819019496e+00,-3.727369542066027996e-02,4.259850905218317760e-03,2.662406815761448470e-02,9.071942446043165020e+00,5.611510791366906004e-01,3.426858513189448452e+00
3.940363053217990963e+00,-4.046858359957401785e-02,6.389776357827475772e-03,2.342917997870074681e-02,9.115107913669064033e+00,5.323741007194244812e-01,3.357314148681055155e+00
3.945321087616962874e+00,-4.579339723109691201e-02,1.384451544195953142e-02,2.023429179978700893e-02,9.191846522781775164e+00,4.796163069544364665e-01,3.275779376498801021e+00
3.950279122015934341e+00,-5.218317358892438779e-02,2.342917997870074681e-02,1.490947816826411129e-02,9.254196642685851515e+00,4.652278177458033515e-01,3.225419664268585063e+00
3.955237156414905808e+00,-5.537806176783812567e-02,3.514376996805111675e-02,6.389776357827475772e-03,9.285371702637888802e+00,4.652278177458033515e-01,3.165467625899280435e+00
3.960195190813877719e+00,-6.176783812566560145e-02,5.324813631522896940e-02,-4.259850905218317760e-03,9.237410071942445455e+00,4.988009592326139163e-01,3.232613908872901565e+00
3.965153225212849186e+00,-6.176783812566560145e-02,6.709265175718849561e-02,-8.519701810436635520e-03,9.182254196642686495e+00,5.731414868105515481e-01,3.345323741007194318e+00
3.970111259611820653e+00,-6.176783812566560145e-02,7.561235356762513460e-02,-5.324813631522896766e-03,9.177458033573142160e+00,5.779376498800958828e-01,3.470023980815347908e+00
3.975069294010792120e+00,-6.070287539936101984e-02,7.880724174653887248e-02,-1.064962726304579440e-03,9.170263788968824770e+00,5.515587529976019310e-01,3.561151079136690711e+00
3.980027328409764031e+00,-5.537806176783812567e-02,7.774227902023429781e-02,-1.064962726304579440e-03,9.105515587529975363e+00,6.211031175059952281e-01,3.666666666666666519e+00
3.984985362808735498e+00,-5.218317358892438779e-02,7.454739084132055993e-02,5.324813631522896766e-03,8.995203836930455665e+00,7.026378896882493619e-01,3.791366906474820109e+00
3.989943397207706965e+00,-4.366347177848775574e-02,6.602768903088392094e-02,2.023429179978700893e-02,8.964028776978416602e+00,7.194244604316546443e-01,3.808153477218225280e+00
3.994901431606678877e+00,-3.620873269435569836e-02,5.857294994675186356e-02,3.727369542066027996e-02,8.971223021582733992e+00,6.762589928057554101e-01,3.776978417266187105e+00
3.999859466005649900e+00,-3.088391906283280072e-02,5.644302449414270728e-02,4.792332268370606829e-02,8.961630695443645322e+00,6.330935251798560648e-01,3.767386091127098435e+00
4.004817500404621811e+00,-2.981895633652822258e-02,4.579339723109691201e-02,5.431309904153354406e-02,8.949640287769783598e+00,6.498800959232613472e-01,3.750599520383693264e+00
4.009775534803593722e+00,-2.768903088391906284e-02,3.727369542066027996e-02,6.496272630457934627e-02,9.004796163069544335e+00,6.810551558752997447e-01,3.666666666666666519e+00
4.014733569202564745e+00,-3.088391906283280072e-02,3.194888178913737886e-02,7.348242811501597138e-02,9.081534772182253690e+00,6.306954436450838974e-01,3.448441247002397958e+00
4.019691603601536656e+00,-4.046858359957401785e-02,3.940362087326943624e-02,7.880724174653887248e-02,9.179856115107913439e+00,5.731414868105515481e-01,3.290167865707434025e+00
4.024649638000508567e+00,-5.005324813631523151e-02,5.431309904153354406e-02,7.454739084132055993e-02,9.268585131894484519e+00,5.899280575539568305e-01,3.261390887290168017e+00
4.029607672399479590e+00,-6.389776357827475772e-02,6.709265175718849561e-02,6.815761448349308416e-02,9.328537170263789591e+00,5.947242206235011652e-01,3.290167865707434025e+00
4.034565706798451501e+00,-8.093716719914803570e-02,8.626198083067092293e-02,6.815761448349308416e-02,9.383693045563548552e+00,5.443645083932853179e-01,3.299760191846522694e+00
4.039523741197423412e+00,-9.797657082002129980e-02,1.054313099041533502e-01,6.602768903088392094e-02,9.371702637889688603e+00,4.748201438848920763e-01,3.364508393285371657e+00
4.044481775596394435e+00,-1.086261980830670881e-01,1.214057507987220397e-01,5.537806176783812567e-02,9.304556354916067917e+00,4.916067146282973588e-01,3.573141486810551548e+00
4.049439809995366346e+00,-1.224707135250266282e-01,1.256656017039403661e-01,4.898828541001064990e-02,9.208633093525179447e+00,5.323741007194244812e-01,3.796163069544364443e+00
4.054397844394337369e+00,-1.331203407880724165e-01,1.171458998935037271e-01,4.685835995740149362e-02,9.098321342925659749e+00,5.395683453237409832e-01,3.899280575539568527e+00
4.059355878793309280e+00,-1.405750798722044670e-01,1.033013844515442009e-01,4.259850905218317413e-02,9.028776978417266008e+00,5.395683453237409832e-01,3.973621103117506159e+00
4.064313913192281191e+00,-1.458998935037273681e-01,8.839190628328008614e-02,4.259850905218317413e-02,9.000000000000000000e+00,5.275779376498801465e-01,4.019184652278177339e+00
4.069271947591252214e+00,-1.469648562300319428e-01,7.348242811501597138e-02,4.366347177848775574e-02,8.978417266187049606e+00,5.155875299760191988e-01,4.098321342925659749e+00
4.074229981990224125e+00,-1.480298189563365174e-01,5.644302449414270728e-02,4.685835995740149362e-02,9.033573141486810343e+00,4.412470023980815115e-01,4.110311750599520586e+00
4.079188016389196036e+00,-1.405750798722044670e-01,3.833865814696485463e-02,4.685835995740149362e-02,9.110311750599519698e+00,3.836930455635491621e-01,4.004796163069544335e+00
4.084146050788167059e+00,-1.341853035143769912e-01,2.555910543130990309e-02,4.472843450479233041e-02,9.143884892086331817e+00,3.549160671462829875e-01,3.904076738609112862e+00
4.089104085187138971e+00,-1.256656017039403661e-01,2.023429179978700893e-02,3.940362087326943624e-02,9.117505995203837088e+00,3.812949640287769948e-01,3.841726618705036067e+00
4.094062119586110882e+00,-1.182108626198083018e-01,1.810436634717784918e-02,3.727369542066027996e-02,9.163069544364509156e+00,3.669064748201438797e-01,3.836930455635491732e+00
4.099020153985081905e+00,-1.086261980830670881e-01,1.064962726304579353e-02,3.194888178913737886e-02,9.242206235011989790e+00,3.045563549160671402e-01,3.824940047961630896e+00
4.103978188384053816e+00,-9.691160809371672513e-02,5.324813631522896766e-03,2.342917997870074681e-02,9.280575539568344468e+00,2.589928057553956831e-01,3.817745803357313950e+00
4.108936222783024839e+00,-8.945686900958466081e-02,0.000000000000000000e+00,8.519701810436635520e-03,9.258992805755395850e+00,3.069544364508393075e-01,3.810551558752997447e+00
4.113894257181996750e+00,-7.987220447284344715e-02,-5.324813631522896766e-03,1.064962726304579440e-03,9.189448441247002108e+00,3.788968824940047719e-01,3.810551558752997447e+00
4.118852291580968661e+00,-7.028753993610223350e-02,-9.584664536741213658e-03,1.064962726304579440e-03,9.199040767386090778e+00,4.196642685851318944e-01,3.803357314148680945e+00
4.123810325979939684e+00,-6.176783812566560145e-02,-9.584664536741213658e-03,0.000000000000000000e+00,9.177458033573142160e+00,4.292565947242206192e-01,3.793764988009592276e+00
4.128768360378911595e+00,-5.644302449414270728e-02,-1.171458998935037341e-02,-3.194888178913737886e-03,9.203836930455635112e+00,4.004796163069544446e-01,3.817745803357313950e+00
4.133726394777883506e+00,-5.431309904153354406e-02,-1.490947816826411129e-02,-8.519701810436635520e-03,9.215827338129496837e+00,4.364508393285371768e-01,3.803357314148680945e+00
4.138684429176854529e+00,-5.005324813631523151e-02,-1.490947816826411129e-02,-1.277955271565495154e-02,9.129496402877697037e+00,4.820143884892086339e-01,3.745803357314148485e+00
4.143642463575826440e+00,-4.792332268370606829e-02,-1.064962726304579353e-02,-1.277955271565495154e-02,9.112709832134292753e+00,4.772182254196642437e-01,3.661870503597122184e+00
4.148600497974798351e+00,-4.366347177848775574e-02,-3.194888178913737886e-03,-1.277955271565495154e-02,9.148681055155876152e+00,4.868105515587530241e-01,3.690647482014388636e+00
4.153558532373769374e+00,-4.472843450479233041e-02,1.064962726304579440e-03,-1.384451544195953142e-02,9.182254196642686495e+00,4.652278177458033515e-01,3.693045563549160804e+00
4.158516566772741285e+00,-4.685835995740149362e-02,3.194888178913737886e-03,-1.597444089456868943e-02,9.203836930455635112e+00,4.796163069544364665e-01,3.637889688249400511e+00
4.163474601171712308e+00,-5.324813631522896940e-02,8.519701810436635520e-03,-2.023429179978700893e-02,9.158273381294964821e+00,5.275779376498801465e-01,3.611510791366906670e+00
4.168432635570684219e+00,-5.857294994675186356e-02,1.916932907348242732e-02,-2.342917997870074681e-02,9.124700239808152702e+00,5.299760191846523139e-01,3.647482014388489180e+00
4.173390669969656130e+00,-6.602768903088392094e-02,2.342917997870074681e-02,-2.236421725239616520e-02,9.093525179856115415e+00,5.491606714628297636e-01,3.726618705035971146e+00
4.178348704368627153e+00,-7.454739084132055993e-02,2.449414270500532495e-02,-2.342917997870074681e-02,9.117505995203837088e+00,5.491606714628297636e-01,3.736211031175059816e+00
4.183306738767599064e+00,-8.519701810436634826e-02,1.916932907348242732e-02,-2.555910543130990309e-02,9.107913669064748419e+00,5.611510791366906004e-01,3.717026378896882477e+00
4.188264773166570976e+00,-9.478168264110756192e-02,1.703940362087327104e-02,-2.981895633652822258e-02,9.038369304556354678e+00,6.258992805755395628e-01,3.755395683453237599e+00
4.193222807565541999e+00,-1.022364217252396124e-01,1.703940362087327104e-02,-2.555910543130990309e-02,8.961630695443645322e+00,6.834532374100719121e-01,3.815347721822541782e+00
4.198180841964513910e+00,-1.075612353567625135e-01,1.277955271565495154e-02,-1.597444089456868943e-02,8.961630695443645322e+00,6.642685851318944623e-01,3.858513189448441238e+00
4.203138876363485821e+00,-1.150159744408945639e-01,6.389776357827475772e-03,-6.389776357827475772e-03,9.004796163069544335e+00,6.258992805755395628e-01,3.870503597122302075e+00
4.208096910762456844e+00,-1.224707135250266282e-01,-2.129925452609158880e-03,-3.194888178913737886e-03,9.050359712230216402e+00,5.707434052757793808e-01,3.817745803357313950e+00
4.213054945161428755e+00,-1.224707135250266282e-01,-7.454739084132055646e-03,-1.064962726304579440e-03,9.083932853717026745e+00,5.611510791366906004e-01,3.757793764988009766e+00
4.218012979560400666e+00,-1.235356762513312029e-01,-1.064962726304579440e-03,7.454739084132055646e-03,9.112709832134292753e+00,5.371702637889688159e-01,3.669064748201438686e+00
4.222971013959371689e+00,-1.235356762513312029e-01,9.584664536741213658e-03,1.277955271565495154e-02,9.153477218225420486e+00,4.892086330935251914e-01,3.661870503597122184e+00
4.227929048358343600e+00,-1.246006389776357776e-01,1.916932907348242732e-02,7.454739084132055646e-03,9.230215827338129841e+00,4.028776978417266119e-01,3.673860911270983021e+00
4.232887082757314623e+00,-1.267305644302449408e-01,2.555910543130990309e-02,-2.129925452609158880e-03,9.242206235011989790e+00,3.932853717026378870e-01,3.755395683453237599e+00
4.237845117156286534e+00,-1.267305644302449408e-01,2.449414270500532495e-02,-1.171458998935037341e-02,9.165467625899280435e+00,3.836930455635491621e-01,3.791366906474820109e+00
4.242803151555258445e+00,-1.246006389776357776e-01,2.023429179978700893e-02,-1.703940362087327104e-02,9.115107913669064033e+00,4.148681055155875042e-01,3.800959232613908778e+00
4.247761185954229468e+00,-1.235356762513312029e-01,1.597444089456868943e-02,-1.916932907348242732e-02,9.081534772182253690e+00,4.076738609112710021e-01,3.846522781774580402e+00
4.252719220353201379e+00,-1.192758253461128903e-01,1.171458998935037341e-02,-2.449414270500532495e-02,9.105515587529975363e+00,3.717026378896882699e-01,3.887290167865707247e+00
4.257677254752173290e+00,-1.160809371671991524e-01,4.259850905218317760e-03,-3.194888178913737886e-02,9.081534772182253690e+00,4.436450839328537343e-01,3.983213429256594829e+00
4.262635289151144313e+00,-1.096911608093716767e-01,-1.064962726304579353e-02,-3.620873269435569836e-02,9.016786570743406060e+00,4.916067146282973588e-01,3.983213429256594829e+00
4.267593323550116224e+00,-1.022364217252396124e-01,-2.342917997870074681e-02,-3.194888178913737886e-02,9.026378896882494729e+00,4.892086330935251914e-01,3.908872901678657197e+00
4.272551357949088136e+00,-9.797657082002129980e-02,-2.662406815761448470e-02,-2.981895633652822258e-02,9.079136690647482411e+00,4.892086330935251914e-01,3.829736211031175230e+00
4.277509392348059158e+00,-9.478168264110756192e-02,-2.555910543130990309e-02,-2.768903088391906284e-02,9.151079136690647431e+00,4.412470023980815115e-01,3.793764988009592276e+00
4.282467426747031070e+00,-9.265175718849839870e-02,-2.662406815761448470e-02,-2.875399361022364098e-02,9.184652278177457774e+00,4.556354916067146266e-01,3.781774580335731439e+00
4.287425461146002093e+00,-9.371671991480298725e-02,-2.555910543130990309e-02,-3.088391906283280072e-02,9.196642685851319499e+00,4.868105515587530241e-01,3.750599520383693264e+00
4.292383495544974004e+00,-9.904153354632587447e-02,-2.449414270500532495e-02,-3.407880724174654208e-02,9.206235011990408168e+00,4.844124700239808012e-01,3.661870503597122184e+00
4.297341529943945915e+00,-1.064962726304579388e-01,-1.916932907348242732e-02,-3.620873269435569836e-02,9.211031175059952503e+00,4.652278177458033515e-01,3.606714628297361891e+00
4.302299564342916938e+00,-1.171458998935037271e-01,-1.171458998935037341e-02,-4.259850905218317413e-02,9.254196642685851515e+00,4.748201438848920763e-01,3.621103117505995339e+00
4.307257598741888849e+00,-1.246006389776357776e-01,-6.389776357827475772e-03,-5.218317358892438779e-02,9.223021582733812451e+00,4.796163069544364665e-01,3.678657074340527799e+00
4.312215633140860760e+00,-1.331203407880724165e-01,-9.584664536741213658e-03,-6.176783812566560145e-02,9.172661870503597825e+00,4.484412470023980690e-01,3.755395683453237599e+00
4.317173667539831783e+00,-1.395101171458998923e-01,-1.810436634717784918e-02,-6.815761448349308416e-02,9.136690647482014427e+00,4.700239808153477417e-01,3.772182254196642770e+00
4.322131701938803694e+00,-1.416400425985090417e-01,-2.342917997870074681e-02,-7.028753993610223350e-02,9.131894484412470092e+00,5.107913669064748641e-01,3.767386091127098435e+00
4.327089736337775605e+00,-1.395101171458998923e-01,-2.555910543130990309e-02,-7.241746538871139671e-02,9.064748201438849406e+00,5.443645083932853179e-01,3.784172661870503607e+00
4.332047770736746628e+00,-1.352502662406815659e-01,-2.768903088391906284e-02,-6.815761448349308416e-02,9.009592326139088669e+00,5.443645083932853179e-01,3.844124700239808234e+00
4.337005805135718539e+00,-1.288604898828540901e-01,-3.514376996805111675e-02,-6.283280085197018305e-02,9.021582733812950394e+00,5.059952038369304184e-01,3.889688249400479414e+00
4.341963839534689562e+00,-1.224707135250266282e-01,-4.366347177848775574e-02,-5.857294994675186356e-02,9.064748201438849406e+00,4.796163069544364665e-01,3.848920863309352569e+00
4.346921873933661473e+00,-1.118210862619808260e-01,-5.111821086261980618e-02,-5.963791267305644517e-02,9.023980815347721673e+00,4.868105515587530241e-01,3.803357314148680945e+00
4.351879908332633384e+00,-1.064962726304579388e-01,-5.644302449414270728e-02,-5.857294994675186356e-02,9.035971223021583398e+00,5.563549160671462657e-01,3.721822541966426812e+00
4.356837942731604407e+00,-9.691160809371672513e-02,-5.431309904153354406e-02,-4.792332268370606829e-02,9.088729016786571080e+00,5.611510791366906004e-01,3.690647482014388636e+00
4.361795977130576318e+00,-8.732694355697551147e-02,-5.005324813631523151e-02,-3.833865814696485463e-02,9.175059952038369104e+00,5.419664268585131506e-01,3.611510791366906670e+00
4.366754011529548229e+00,-8.626198083067092293e-02,-4.579339723109691201e-02,-3.407880724174654208e-02,9.172661870503597825e+00,5.515587529976019310e-01,3.594724220623501054e+00
4.371712045928519252e+00,-6.709265175718849561e-02,-1.810436634717784918e-02,-1.703940362087327104e-02,8.812949640287769171e+00,2.374100719424460382e-01,5.189448441247002108e+00
4.376670080327491164e+00,1.618743343982960714e-01,-2.129925452609158880e-03,1.703940362087327104e-02,9.323741007194245256e+00,2.350119904076738708e-01,4.110311750599520586e+00
4.381628114726463075e+00,2.981895633652822258e-02,-1.437699680511182188e-01,-5.324813631522896940e-02,9.621103117505995783e+00,2.470023980815347631e-01,3.009592326139088669e+00
4.386586149125434098e+00,-7.880724174653887248e-02,-1.810436634717784987e-01,-1.256656017039403661e-01,8.541966426858513373e+00,7.458033573141487071e-01,5.057553956834532016e+00
4.391544183524406009e+00,1.214057507987220397e-01,-1.096911608093716767e-01,-8.626198083067092293e-02,8.841726618705035179e+00,1.556354916067146377e+00,1.347721822541966485e+00
4.396502217923377920e+00,-1.096911608093716767e-01,-7.987220447284344715e-02,-3.301384451544196047e-02,9.306954436450839196e+00,5.515587529976019310e-01,5.292565947242206192e+00
4.401460252322348943e+00,8.093716719914803570e-02,-8.732694355697551147e-02,-2.981895633652822258e-02,9.501199040767385640e+00,4.460431654676259017e-01,2.597122302158273222e+00
4.406418286721320854e+00,-7.241746538871139671e-02,-1.011714589989350377e-01,-7.241746538871139671e-02,9.532374100719424703e+00,2.589928057553956831e-01,4.009592326139088669e+00
4.411376321120291877e+00,-4.898828541001064990e-02,-1.224707135250266282e-01,-1.363152289669861683e-01,8.942446043165467984e+00,9.952038369304556653e-01,3.208633093525179891e+00
4.416334355519263788e+00,-9.584664536741213658e-02,-1.011714589989350377e-01,-1.054313099041533502e-01,8.616306954436451448e+00,1.278177458033573188e+00,3.191846522781774720e+00
4.421292389918235699e+00,-7.241746538871139671e-02,-6.070287539936101984e-02,-2.875399361022364098e-02,9.208633093525179447e+00,6.378896882494005105e-01,3.815347721822541782e+00
4.426250424317206722e+00,-2.981895633652822258e-02,-4.898828541001064990e-02,-2.981895633652822258e-02,9.537170263788969038e+00,3.836930455635491621e-01,2.450839328537170125e+00
4.431208458716178633e+00,-1.299254526091586925e-01,-4.259850905218317413e-02,-7.561235356762513460e-02,9.350119904076738209e+00,2.422062350119904006e-01,4.729016786570743314e+00
4.436166493115150544e+00,0.000000000000000000e+00,-5.111821086261980618e-02,-9.584664536741213658e-02,9.076738609112709355e+00,9.544364508393284874e-01,2.599520383693045389e+00
4.441124527514121567e+00,-1.160809371671991524e-01,-5.537806176783812567e-02,-7.135250266240682204e-02,9.081534772182253690e+00,7.194244604316546443e-01,4.280575539568345356e+00
4.446082561913093478e+00,-2.129925452609158880e-03,-4.153354632587859252e-02,-5.324813631522896940e-02,9.175059952038369104e+00,7.170263788968824770e-01,2.760191846522781933e+00
4.451040596312065389e+00,-5.857294994675186356e-02,-6.389776357827475772e-03,-5.218317358892438779e-02,9.376498800959232938e+00,4.988009592326139163e-01,3.529976019184652092e+00
4.455998630711036412e+00,-3.620873269435569836e-02,2.129925452609158880e-03,-7.241746538871139671e-02,9.275779376498800133e+00,6.522781774580336256e-01,4.031175059952038175e+00
4.460956665110008323e+00,-1.277955271565495154e-02,-1.916932907348242732e-02,-6.602768903088392094e-02,9.103117505995204084e+00,9.544364508393284874e-01,3.376498800959232494e+00
4.465914699508979346e+00,-5.857294994675186356e-02,-3.301384451544196047e-02,-4.259850905218317413e-02,9.131894484412470092e+00,7.697841726618704916e-01,4.314148681055155699e+00
4.470872733907951257e+00,7.454739084132055646e-03,-2.875399361022364098e-02,-2.662406815761448470e-02,9.105515587529975363e+00,9.472422062350119853e-01,3.165467625899280435e+00
4.475830768306923169e+00,-5.644302449414270728e-02,-1.703940362087327104e-02,-1.384451544195953142e-02,9.131894484412470092e+00,8.657074340527577405e-01,4.330935251798560870e+00
4.480788802705894192e+00,-1.171458998935037341e-02,-3.088391906283280072e-02,0.000000000000000000e+00,9.021582733812950394e+00,1.069544364508393297e+00,3.690647482014388636e+00
4.485746837104866103e+00,-5.431309904153354406e-02,-4.685835995740149362e-02,3.088391906283280072e-02,9.009592326139088669e+00,9.304556354916067029e-01,4.254196642685851515e+00
4.490704871503838014e+00,-3.194888178913737886e-02,-6.176783812566560145e-02,4.792332268370606829e-02,9.095923261390886694e+00,8.681055155875300189e-01,3.817745803357313950e+00
4.495662905902809037e+00,-5.431309904153354406e-02,-6.709265175718849561e-02,5.857294994675186356e-02,9.127098321342925757e+00,7.937649880095922761e-01,3.786570743405275774e+00
4.500620940301780948e+00,-6.070287539936101984e-02,-7.028753993610223350e-02,6.709265175718849561e-02,9.191846522781775164e+00,7.482014388489208745e-01,3.932853717026378870e+00
4.505578974700752859e+00,-5.644302449414270728e-02,-7.987220447284344715e-02,7.561235356762513460e-02,9.148681055155876152e+00,7.865707434052757741e-01,3.328537170263789147e+00
4.510537009099723882e+00,-9.158679446219382403e-02,-7.880724174653887248e-02,8.200212992545261037e-02,9.175059952038369104e+00,6.115107913669064477e-01,3.788968824940047941e+00
4.515495043498695793e+00,-6.283280085197018305e-02,-6.922257720979765883e-02,8.093716719914803570e-02,9.273381294964028854e+00,5.947242206235011652e-01,3.103117505995203640e+00
4.520453077897666816e+00,-1.064962726304579388e-01,-6.283280085197018305e-02,7.774227902023429781e-02,9.311750599520383531e+00,4.580335731414867939e-01,3.659472422062350017e+00
4.525411112296638727e+00,-8.732694355697551147e-02,-6.070287539936101984e-02,7.135250266240682204e-02,9.223021582733812451e+00,5.371702637889688159e-01,3.350119904076738653e+00
4.530369146695610638e+00,-1.086261980830670881e-01,-6.283280085197018305e-02,7.135250266240682204e-02,9.112709832134292753e+00,5.299760191846523139e-01,3.532374100719424259e+00
4.535327181094581661e+00,-9.904153354632587447e-02,-6.815761448349308416e-02,7.348242811501597138e-02,9.139088729016785706e+00,4.436450839328537343e-01,3.565947242206235046e+00
4.540285215493553572e+00,-9.371671991480298725e-02,-7.454739084132055993e-02,7.454739084132055993e-02,9.213429256594723782e+00,4.148681055155875042e-01,3.239808153477218067e+00
4.545243249892525483e+00,-1.075612353567625135e-01,-7.774227902023429781e-02,7.028753993610223350e-02,9.247002398081534125e+00,3.501199040767385973e-01,3.558752997601918544e+00
4.550201284291496506e+00,-9.478168264110756192e-02,-7.561235356762513460e-02,6.070287539936101984e-02,9.139088729016785706e+00,4.364508393285371768e-01,3.124700239808153590e+00
4.555159318690468417e+00,-1.107561235356762513e-01,-6.709265175718849561e-02,6.283280085197018305e-02,9.170263788968824770e+00,3.213429256594724226e-01,3.676258992805755188e+00
4.560117353089440329e+00,-8.200212992545261037e-02,-7.028753993610223350e-02,5.963791267305644517e-02,9.095923261390886694e+00,3.429256594724220397e-01,3.033573141486810343e+00
4.565075387488411351e+00,-1.043663471778487756e-01,-6.389776357827475772e-02,6.389776357827475772e-02,9.203836930455635112e+00,1.366906474820143991e-01,3.784172661870503607e+00
4.570033421887383263e+00,-5.750798722044728195e-02,-6.389776357827475772e-02,4.792332268370606829e-02,9.189448441247002108e+00,2.470023980815347631e-01,2.769784172661870603e+00
4.574991456286354286e+00,-1.086261980830670881e-01,-5.111821086261980618e-02,4.153354632587859252e-02,9.143884892086331817e+00,1.007194244604316530e-01,3.870503597122302075e+00
4.579949490685326197e+00,-3.407880724174654208e-02,-4.366347177848775574e-02,3.407880724174654208e-02,9.239808153477218511e+00,2.398081534772182333e-01,2.755395683453237599e+00
4.584907525084298108e+00,-1.001064962726304630e-01,-3.301384451544196047e-02,1.810436634717784918e-02,9.134292565947241371e+00,1.606714628297362113e-01,3.522781774580335590e+00
4.589865559483269131e+00,-5.218317358892438779e-02,-2.236421725239616520e-02,5.324813631522896766e-03,9.275779376498800133e+00,1.462829736211031240e-01,3.465227817745803574e+00
4.594823593882241042e+00,-5.963791267305644517e-02,-2.768903088391906284e-02,-2.129925452609158706e-02,9.218225419664268117e+00,2.182254196642685884e-01,2.908872901678657197e+00
4.599781628281212953e+00,-1.107561235356762513e-01,-2.555910543130990309e-02,-4.153354632587859252e-02,9.045563549160672068e+00,1.199040767386091166e-01,4.374100719424460770e+00
4.604739662680183976e+00,-1.171458998935037341e-02,-3.514376996805111675e-02,-4.898828541001064990e-02,9.237410071942445455e+00,3.405275779376498724e-01,2.757793764988009766e+00
4.609697697079155887e+00,-1.182108626198083018e-01,-5.324813631522896940e-02,-6.496272630457934627e-02,9.086330935251798024e+00,1.990407673860911386e-01,4.232613908872902009e+00
4.614655731478127798e+00,-2.981895633652822258e-02,-6.496272630457934627e-02,-6.922257720979765883e-02,9.069544364508393741e+00,3.980815347721822772e-01,3.453237410071942293e+00
4.619613765877098821e+00,-5.005324813631523151e-02,-7.880724174653887248e-02,-6.815761448349308416e-02,9.194244604316546443e+00,4.220623501199040617e-01,3.258992805755395850e+00
4.624571800276070732e+00,-8.519701810436634826e-02,-7.987220447284344715e-02,-7.454739084132055993e-02,9.119904076738608367e+00,3.573141486810551548e-01,4.033573141486810343e+00
4.629529834675042643e+00,-2.555910543130990309e-02,-8.306709265175718504e-02,-6.389776357827475772e-02,9.340527577937649539e+00,3.717026378896882699e-01,3.431654676258992787e+00
4.634487869074013666e+00,-5.644302449414270728e-02,-1.022364217252396124e-01,-7.028753993610223350e-02,9.184652278177457774e+00,3.717026378896882699e-01,3.551558752997602042e+00
4.639445903472985577e+00,-5.537806176783812567e-02,-1.064962726304579388e-01,-7.348242811501597138e-02,9.091127098321342359e+00,4.124700239808153368e-01,3.645083932853717013e+00
4.644403937871956600e+00,-3.407880724174654208e-02,-1.011714589989350377e-01,-6.496272630457934627e-02,9.143884892086331817e+00,4.580335731414867939e-01,3.383693045563548996e+00
4.649361972270928511e+00,-4.472843450479233041e-02,-1.011714589989350377e-01,-5.537806176783812567e-02,9.093525179856115415e+00,3.764988009592326046e-01,3.625899280575539674e+00
4.654320006669900422e+00,-2.555910543130990309e-02,-1.033013844515442009e-01,-5.431309904153354406e-02,9.129496402877697037e+00,3.980815347721822772e-01,3.211031175059952059e+00
4.659278041068871445e+00,-4.685835995740149362e-02,-9.478168264110756192e-02,-5.111821086261980618e-02,9.359712230215826878e+00,2.230215827338129508e-01,3.657074340527577849e+00
4.664236075467843357e+00,-2.023429179978700893e-02,-1.001064962726304630e-01,-6.496272630457934627e-02,9.299760191846523583e+00,3.117505995203836977e-01,3.064748201438848962e+00
4.669194109866815268e+00,-4.579339723109691201e-02,-8.519701810436634826e-02,-8.093716719914803570e-02,9.098321342925659749e+00,4.340527577937650094e-01,2.793764988009592276e+00
4.674152144265786291e+00,-6.496272630457934627e-02,-4.579339723109691201e-02,-7.987220447284344715e-02,9.182254196642686495e+00,3.788968824940047719e-01,2.944844124700239707e+00
4.679110178664758202e+00,-6.815761448349308416e-02,-8.519701810436635520e-03,-7.987220447284344715e-02,9.294964028776979248e+00,3.501199040767385973e-01,3.189448441247002553e+00
4.684068213063730113e+00,-8.306709265175718504e-02,-1.064962726304579440e-03,-8.093716719914803570e-02,9.465227817745804018e+00,1.918465227817745811e-01,3.609112709832134502e+00
4.689026247462701136e+00,-7.880724174653887248e-02,-1.384451544195953142e-02,-9.584664536741213658e-02,9.426858513189447564e+00,2.206235011990407557e-01,3.347721822541966485e+00
4.693984281861673047e+00,-1.011714589989350377e-01,-1.490947816826411129e-02,-1.128860489882854146e-01,9.189448441247002108e+00,3.645083932853717124e-01,3.494004796163069582e+00
4.698942316260644070e+00,-9.371671991480298725e-02,-5.324813631522896766e-03,-1.086261980830670881e-01,9.112709832134292753e+00,5.539568345323740983e-01,3.410071942446043280e+00
4.703900350659615981e+00,-9.797657082002129980e-02,4.259850905218317760e-03,-9.158679446219382403e-02,9.167865707434053490e+00,5.203836930455635335e-01,3.645083932853717013e+00
4.708858385058587892e+00,-9.265175718849839870e-02,4.259850905218317760e-03,-7.880724174653887248e-02,9.223021582733812451e+00,4.604316546762590168e-01,3.769784172661870603e+00
4.713816419457558915e+00,-9.584664536741213658e-02,-3.194888178913737886e-03,-7.561235356762513460e-02,9.194244604316546443e+00,4.820143884892086339e-01,3.827338129496403063e+00
4.718774453856530826e+00,-9.904153354632587447e-02,-1.490947816826411129e-02,-6.709265175718849561e-02,9.047961630695443347e+00,6.354916067146283432e-01,3.968824940047961825e+00
4.723732488255502737e+00,-8.519701810436634826e-02,-1.810436634717784918e-02,-4.153354632587859252e-02,8.884892086330935967e+00,7.410071942446042614e-01,3.788968824940047941e+00
4.728690522654473760e+00,-8.519701810436634826e-02,-2.129925452609158706e-02,-1.064962726304579353e-02,8.884892086330935967e+00,6.282973621103117301e-01,3.856115107913669071e+00
4.733648557053445671e+00,-7.667731629392970927e-02,-2.555910543130990309e-02,3.194888178913737886e-03,8.947242206235012318e+00,5.011990407673860837e-01,3.726618705035971146e+00
4.738606591452417582e+00,-9.478168264110756192e-02,-3.514376996805111675e-02,5.324813631522896766e-03,8.904076738609113306e+00,4.868105515587530241e-01,3.925659472422062368e+00
4.743564625851388605e+00,-9.691160809371672513e-02,-5.324813631522896940e-02,3.194888178913737886e-03,8.851318944844123848e+00,5.251798561151078681e-01,3.836930455635491732e+00
4.748522660250360516e+00,-1.022364217252396124e-01,-7.241746538871139671e-02,3.194888178913737886e-03,8.952038369304556653e+00,4.676258992805755188e-01,3.645083932853717013e+00
4.753480694649331539e+00,-1.043663471778487756e-01,-7.454739084132055993e-02,-2.129925452609158880e-03,9.086330935251798024e+00,3.764988009592326046e-01,3.426858513189448452e+00
4.758438729048303450e+00,-1.128860489882854146e-01,-5.963791267305644517e-02,-1.171458998935037341e-02,9.163069544364509156e+00,3.261390887290168128e-01,3.460431654676258795e+00
4.763396763447275362e+00,-1.139510117145899892e-01,-4.685835995740149362e-02,-2.023429179978700893e-02,9.184652278177457774e+00,3.117505995203836977e-01,3.568345323741007213e+00
4.768354797846246385e+00,-1.064962726304579388e-01,-4.472843450479233041e-02,-2.342917997870074681e-02,9.167865707434053490e+00,2.973621103117505826e-01,3.470023980815347908e+00
4.773312832245218296e+00,-1.128860489882854146e-01,-4.366347177848775574e-02,-3.194888178913737886e-02,9.105515587529975363e+00,2.613908872901678504e-01,3.587529976019184552e+00
4.778270866644190207e+00,-1.001064962726304630e-01,-4.472843450479233041e-02,-3.940362087326943624e-02,9.143884892086331817e+00,2.110311750599520308e-01,3.515587529976019088e+00
4.783228901043161230e+00,-9.265175718849839870e-02,-4.153354632587859252e-02,-4.792332268370606829e-02,9.215827338129496837e+00,2.206235011990407557e-01,3.510791366906474753e+00
4.788186935442133141e+00,-9.158679446219382403e-02,-3.407880724174654208e-02,-5.750798722044728195e-02,9.199040767386090778e+00,3.237410071942445899e-01,3.556354916067146377e+00
4.793144969841105052e+00,-8.839190628328008614e-02,-3.194888178913737886e-02,-5.963791267305644517e-02,9.131894484412470092e+00,4.004796163069544446e-01,3.625899280575539674e+00
4.798103004240076075e+00,-7.454739084132055993e-02,-3.301384451544196047e-02,-5.644302449414270728e-02,9.067146282973620686e+00,3.932853717026378870e-01,3.577937649880095883e+00
4.803061038639047986e+00,-7.561235356762513460e-02,-3.194888178913737886e-02,-5.537806176783812567e-02,9.088729016786571080e+00,3.597122302158273222e-01,3.573141486810551548e+00
4.808019073038019897e+00,-7.880724174653887248e-02,-3.301384451544196047e-02,-6.176783812566560145e-02,9.086330935251798024e+00,3.261390887290168128e-01,3.683453237410072134e+00
4.812977107436990920e+00,-6.922257720979765883e-02,-4.046858359957401785e-02,-7.028753993610223350e-02,9.103117505995204084e+00,3.788968824940047719e-01,3.558752997601918544e+00
4.817935141835962831e+00,-8.200212992545261037e-02,-4.579339723109691201e-02,-8.093716719914803570e-02,9.136690647482014427e+00,4.028776978417266119e-01,3.628297362110311841e+00
4.822893176234933854e+00,-7.348242811501597138e-02,-5.005324813631523151e-02,-8.626198083067092293e-02,9.146282973621103096e+00,4.196642685851318944e-01,3.491606714628297414e+00
4.827851210633905765e+00,-7.135250266240682204e-02,-4.898828541001064990e-02,-8.732694355697551147e-02,9.227817745803356786e+00,3.932853717026378870e-01,3.529976019184652092e+00
4.832809245032877676e+00,-6.709265175718849561e-02,-4.898828541001064990e-02,-8.732694355697551147e-02,9.215827338129496837e+00,3.812949640287769948e-01,3.633093525179856176e+00
4.837767279431848699e+00,-3.940362087326943624e-02,-6.389776357827475772e-02,-8.732694355697551147e-02,9.148681055155876152e+00,3.381294964028777050e-01,3.913669064748201532e+00
4.842725313830820610e+00,4.153354632587859252e-02,-7.454739084132055993e-02,-8.732694355697551147e-02,9.208633093525179447e+00,4.628297362110311841e-01,3.458033573141486627e+00
4.847683348229792522e+00,7.028753993610223350e-02,-6.815761448349308416e-02,-9.691160809371672513e-02,9.225419664268585507e+00,6.498800959232613472e-01,3.378896882494004661e+00
4.852641382628763544e+00,6.922257720979765883e-02,-6.176783812566560145e-02,-1.001064962726304630e-01,9.160671462829736100e+00,8.129496402877698369e-01,3.606714628297361891e+00
4.857599417027735456e+00,6.602768903088392094e-02,-6.815761448349308416e-02,-9.052183173588924936e-02,9.251798561151078459e+00,7.362110311750599267e-01,3.690647482014388636e+00
4.862557451426707367e+00,5.750798722044728195e-02,-8.413205537806177359e-02,-8.626198083067092293e-02,9.345323741007193874e+00,6.498800959232613472e-01,3.786570743405275774e+00
4.867515485825678390e+00,6.709265175718849561e-02,-9.904153354632587447e-02,-9.158679446219382403e-02,9.338129496402878260e+00,7.410071942446042614e-01,3.532374100719424259e+00
4.872473520224650301e+00,6.389776357827475772e-02,-9.904153354632587447e-02,-9.265175718849839870e-02,9.194244604316546443e+00,9.808153477218225502e-01,3.311750599520383531e+00
4.877431554623621324e+00,6.176783812566560145e-02,-8.200212992545261037e-02,-7.667731629392970927e-02,9.124700239808152702e+00,1.107913669064748197e+00,3.225419664268585063e+00
4.882389589022593235e+00,4.792332268370606829e-02,-6.176783812566560145e-02,-5.537806176783812567e-02,9.249400479616307180e+00,1.000000000000000000e+00,3.369304556354915992e+00
4.887347623421565146e+00,3.301384451544196047e-02,-5.537806176783812567e-02,-5.218317358892438779e-02,9.395683453237410276e+00,8.225419664268585063e-01,3.527577937649879924e+00
4.892305657820536169e+00,1.916932907348242732e-02,-6.283280085197018305e-02,-6.709265175718849561e-02,9.398081534772181556e+00,8.033573141486810565e-01,3.517985611510791255e+00
4.897263692219508080e+00,5.324813631522896766e-03,-6.496272630457934627e-02,-7.880724174653887248e-02,9.268585131894484519e+00,8.465227817745802907e-01,3.793764988009592276e+00
4.902221726618479991e+00,4.685835995740149362e-02,-6.922257720979765883e-02,-7.028753993610223350e-02,9.194244604316546443e+00,9.808153477218225502e-01,3.496402877697841749e+00
4.907179761017451014e+00,5.111821086261980618e-02,-5.963791267305644517e-02,-6.815761448349308416e-02,9.110311750599519698e+00,1.230215827338129397e+00,2.697841726618705138e+00
4.912137795416422925e+00,-2.129925452609158706e-02,-3.833865814696485463e-02,-5.963791267305644517e-02,9.165467625899280435e+00,1.095923261390887360e+00,3.863309352517985573e+00
4.917095829815394836e+00,3.194888178913737886e-02,-3.301384451544196047e-02,-3.833865814696485463e-02,9.484412470023981356e+00,1.026378896882494063e+00,3.443645083932853623e+00
4.922053864214365859e+00,1.490947816826411129e-02,-4.153354632587859252e-02,-2.768903088391906284e-02,9.455635491606715348e+00,9.208633093525180335e-01,3.681055155875299967e+00
4.927011898613337770e+00,5.537806176783812567e-02,-2.129925452609158706e-02,-2.342917997870074681e-02,9.249400479616307180e+00,1.184652278177457996e+00,2.964028776978417046e+00
4.931969933012308793e+00,2.981895633652822258e-02,2.236421725239616520e-02,-2.129925452609158880e-03,9.223021582733812451e+00,1.326139088729016757e+00,3.299760191846522694e+00
4.936927967411280704e+00,3.088391906283280072e-02,5.111821086261980618e-02,3.620873269435569836e-02,9.321342925659472201e+00,1.290167865707434025e+00,3.892086330935251581e+00
4.941886001810252615e+00,3.620873269435569836e-02,6.070287539936101984e-02,7.135250266240682204e-02,9.431654676258993675e+00,1.136690647482014427e+00,3.580335731414868050e+00
4.946844036209223638e+00,-1.064962726304579353e-02,6.070287539936101984e-02,8.626198083067092293e-02,9.489208633093525691e+00,8.177458033573141716e-01,4.426858513189448452e+00
4.951802070608195550e+00,2.449414270500532495e-02,5.857294994675186356e-02,8.626198083067092293e-02,9.213429256594723782e+00,1.083932853717026301e+00,3.553956834532374209e+00
4.956760105007167461e+00,-3.088391906283280072e-02,5.857294994675186356e-02,9.691160809371672513e-02,8.966426858513189657e+00,1.141486810551558762e+00,4.268585131894484519e+00
4.961718139406138484e+00,-5.324813631522896766e-03,6.496272630457934627e-02,1.331203407880724165e-01,8.942446043165467984e+00,1.136690647482014427e+00,3.980815347721822661e+00
4.966676173805110395e+00,-3.301384451544196047e-02,6.070287539936101984e-02,1.618743343982960714e-01,9.059952038369305072e+00,8.537170263788969038e-01,4.350119904076738209e+00
4.971634208204082306e+00,-2.875399361022364098e-02,4.153354632587859252e-02,1.608093716719914690e-01,9.055155875299760737e+00,6.762589928057554101e-01,4.374100719424460770e+00
4.976592242603053329e+00,-3.620873269435569836e-02,1.916932907348242732e-02,1.480298189563365174e-01,8.966426858513189657e+00,7.745803357314148263e-01,4.163069544364508268e+00
4.981550277002025240e+00,-5.431309904153354406e-02,-3.194888178913737886e-03,1.458998935037273681e-01,8.776978417266187549e+00,8.633093525179855732e-01,4.462829736211030962e+00
4.986508311400997151e+00,-3.620873269435569836e-02,-1.384451544195953142e-02,1.597444089456868943e-01,8.733812949640288537e+00,8.992805755395683054e-01,3.940047961630695372e+00
4.991466345799968174e+00,-7.774227902023429781e-02,-1.810436634717784918e-02,1.735889243876464205e-01,8.906474820143884585e+00,6.450839328537170125e-01,4.438848920863309289e+00
4.996424380198940085e+00,-6.922257720979765883e-02,-3.727369542066027996e-02,1.671991480298189447e-01,9.055155875299760737e+00,5.323741007194244812e-01,4.052757793764987682e+00
5.001382414597911108e+00,-1.086261980830670881e-01,-5.537806176783812567e-02,1.533546325878594185e-01,9.016786570743406060e+00,4.388489208633093441e-01,4.340527577937649539e+00
5.006340448996883019e+00,-9.052183173588924936e-02,-7.028753993610223350e-02,1.469648562300319428e-01,8.880095923261391633e+00,4.484412470023980690e-01,3.997601918465227833e+00
5.011298483395854930e+00,-7.454739084132055993e-02,-6.709265175718849561e-02,1.490947816826411199e-01,8.853717026378896904e+00,3.980815347721822772e-01,3.762589928057554101e+00
5.016256517794825953e+00,-5.750798722044728195e-02,-5.218317358892438779e-02,1.501597444089456945e-01,8.983213429256593940e+00,2.829736211031175230e-01,3.810551558752997447e+00
5.021214552193797864e+00,-3.514376996805111675e-02,-4.153354632587859252e-02,1.373801916932907430e-01,9.045563549160672068e+00,2.182254196642685884e-01,3.702637889688249473e+00
5.026172586592769775e+00,-4.472843450479233041e-02,-4.366347177848775574e-02,1.160809371671991524e-01,9.055155875299760737e+00,1.390887290167865664e-01,4.059952038369304184e+00
5.031130620991740798e+00,-2.129925452609158706e-02,-6.176783812566560145e-02,9.371671991480298725e-02,8.983213429256593940e+00,1.990407673860911386e-01,3.659472422062350017e+00
5.036088655390712709e+00,-2.768903088391906284e-02,-6.496272630457934627e-02,7.880724174653887248e-02,8.973621103117505271e+00,1.079136690647481966e-01,3.673860911270983021e+00
5.041046689789684621e+00,2.129925452609158880e-03,-5.218317358892438779e-02,6.176783812566560145e-02,9.031175059952039064e+00,1.031175059952038342e-01,3.398081534772182444e+00
5.046004724188655644e+00,5.324813631522896766e-03,-3.727369542066027996e-02,4.366347177848775574e-02,9.122302158273381423e+00,2.398081534772182090e-03,3.551558752997602042e+00
5.050962758587627555e+00,2.236421725239616520e-02,-3.301384451544196047e-02,1.810436634717784918e-02,9.139088729016785706e+00,-7.673860911270982688e-02,3.616306954436451004e+00
5.055920792986598578e+00,3.727369542066027996e-02,-3.301384451544196047e-02,-1.171458998935037341e-02,9.105515587529975363e+00,-2.398081534772182263e-02,3.517985611510791255e+00
5.060878827385570489e+00,4.153354632587859252e-02,-3.727369542066027996e-02,-4.259850905218317413e-02,9.052757793764987682e+00,9.592326139088729053e-02,3.597122302158273222e+00
5.065836861784542400e+00,6.070287539936101984e-02,-3.194888178913737886e-02,-6.815761448349308416e-02,9.047961630695443347e+00,2.038369304556355011e-01,3.345323741007194318e+00
5.070794896183513423e+00,5.431309904153354406e-02,-1.810436634717784918e-02,-8.839190628328008614e-02,9.067146282973620686e+00,1.990407673860911386e-01,3.592326139088728887e+00
5.075752930582485334e+00,6.709265175718849561e-02,-9.584664536741213658e-03,-1.086261980830670881e-01,9.088729016786571080e+00,2.422062350119904006e-01,3.539568345323741205e+00
5.080710964981457245e+00,5.857294994675186356e-02,-8.519701810436635520e-03,-1.320553780617678419e-01,9.064748201438849406e+00,2.685851318944844079e-01,3.738609112709831983e+00
5.085668999380428268e+00,6.602768903088392094e-02,-1.277955271565495154e-02,-1.544195953141639932e-01,9.021582733812950394e+00,4.268585131894484519e-01,3.678657074340527799e+00
5.090627033779400179e+00,6.496272630457934627e-02,-8.519701810436635520e-03,-1.650692225772097954e-01,8.959232613908872267e+00,5.587529976019184330e-01,3.657074340527577849e+00
5.095585068178372090e+00,6.709265175718849561e-02,-6.389776357827475772e-03,-1.650692225772097954e-01,8.952038369304556653e+00,6.642685851318944623e-01,3.769784172661870603e+00
5.100543102577343113e+00,7.135250266240682204e-02,-6.389776357827475772e-03,-1.640042598509052207e-01,8.995203836930455665e+00,7.290167865707434247e-01,3.736211031175059816e+00
5.105501136976315024e+00,5.644302449414270728e-02,-1.171458998935037341e-02,-1.629392971246006461e-01,9.055155875299760737e+00,7.553956834532373765e-01,3.901678657074340695e+00
5.110459171375286047e+00,5.857294994675186356e-02,-1.916932907348242732e-02,-1.629392971246006461e-01,9.021582733812950394e+00,8.561151079136690711e-01,3.745803357314148485e+00
5.115417205774257958e+00,4.259850905218317413e-02,-2.449414270500532495e-02,-1.576144834930777450e-01,8.973621103117505271e+00,9.208633093525180335e-01,3.865707434052757741e+00
5.120375240173229869e+00,3.940362087326943624e-02,-3.407880724174654208e-02,-1.512247071352502692e-01,8.928057553956834980e+00,9.520383693045563200e-01,3.741007194244604150e+00
5.125333274572200892e+00,2.768903088391906284e-02,-4.579339723109691201e-02,-1.427050053248136441e-01,8.925659472422061924e+00,9.040767386091127511e-01,3.788968824940047941e+00
5.130291308971172803e+00,2.449414270500532495e-02,-6.176783812566560145e-02,-1.384451544195953177e-01,8.968824940047960936e+00,8.297362110311750083e-01,3.784172661870503607e+00
5.135249343370144715e+00,1.916932907348242732e-02,-8.200212992545261037e-02,-1.405750798722044670e-01,9.047961630695443347e+00,7.625899280575539896e-01,3.628297362110311841e+00
5.140207377769115737e+00,1.597444089456868943e-02,-9.584664536741213658e-02,-1.416400425985090417e-01,9.076738609112709355e+00,7.769784172661871047e-01,3.549160671462829875e+00
5.145165412168087649e+00,2.236421725239616520e-02,-9.904153354632587447e-02,-1.373801916932907430e-01,9.112709832134292753e+00,8.057553956834532238e-01,3.280575539568345356e+00
5.150123446567059560e+00,2.023429179978700893e-02,-8.945686900958466081e-02,-1.299254526091586925e-01,9.151079136690647431e+00,7.793764988009592720e-01,3.275779376498801021e+00
5.155081480966030583e+00,3.194888178913737886e-02,-7.561235356762513460e-02,-1.235356762513312029e-01,9.225419664268585507e+00,7.817745803357314394e-01,3.158273381294963933e+00
5.160039515365002494e+00,2.981895633652822258e-02,-5.963791267305644517e-02,-1.203407880724174650e-01,9.275779376498800133e+00,7.793764988009592720e-01,3.194244604316546887e+00
5.164997549763973517e+00,3.727369542066027996e-02,-4.472843450479233041e-02,-1.160809371671991524e-01,9.282973621103117523e+00,7.961630695443645545e-01,3.134292565947242259e+00
5.169955584162945428e+00,4.259850905218317413e-02,-2.981895633652822258e-02,-1.086261980830670881e-01,9.244604316546762846e+00,8.681055155875300189e-01,3.146282973621103096e+00
5.174913618561917339e+00,4.792332268370606829e-02,-1.490947816826411129e-02,-9.691160809371672513e-02,9.223021582733812451e+00,8.968824940047961380e-01,3.189448441247002553e+00
5.179871652960888362e+00,5.750798722044728195e-02,1.064962726304579440e-03,-8.413205537806177359e-02,9.227817745803356786e+00,9.088729016786570858e-01,3.191846522781774720e+00
5.184829687359860273e+00,5.963791267305644517e-02,1.171458998935037341e-02,-7.241746538871139671e-02,9.201438848920863833e+00,8.537170263788969038e-01,3.318944844124700033e+00
5.189787721758832184e+00,6.496272630457934627e-02,1.597444089456868943e-02,-6.283280085197018305e-02,9.172661870503597825e+00,8.848920863309353013e-01,3.294964028776978360e+00
5.194745756157803207e+00,6.070287539936101984e-02,1.597444089456868943e-02,-5.750798722044728195e-02,9.134292565947241371e+00,8.681055155875300189e-01,3.357314148681055155e+00
5.199703790556775118e+00,6.496272630457934627e-02,1.277955271565495154e-02,-5.218317358892438779e-02,9.086330935251798024e+00,9.112709832134292531e-01,3.321342925659472201e+00
5.204661824955747029e+00,6.389776357827475772e-02,9.584664536741213658e-03,-4.472843450479233041e-02,9.083932853717026745e+00,9.496402877697841527e-01,3.318944844124700033e+00
5.209619859354718052e+00,6.283280085197018305e-02,4.259850905218317760e-03,-3.407880724174654208e-02,9.119904076738608367e+00,9.328537170263788703e-01,3.302158273381294862e+00
5.214577893753689963e+00,5.963791267305644517e-02,-1.064962726304579440e-03,-2.449414270500532495e-02,9.170263788968824770e+00,8.872901678657074687e-01,3.251798561151079348e+00
5.219535928152661874e+00,5.218317358892438779e-02,-1.064962726304579440e-03,-2.342917997870074681e-02,9.211031175059952503e+00,8.968824940047961380e-01,3.230215827338129397e+00
5.224493962551632897e+00,4.898828541001064990e-02,2.129925452609158880e-03,-2.023429179978700893e-02,9.223021582733812451e+00,9.184652278177457552e-01,3.095923261390887138e+00
5.229451996950604808e+00,4.259850905218317413e-02,1.384451544195953142e-02,-1.597444089456868943e-02,9.191846522781775164e+00,9.256594724220623682e-01,3.136690647482014427e+00
5.234410031349575831e+00,4.366347177848775574e-02,2.555910543130990309e-02,-6.389776357827475772e-03,9.189448441247002108e+00,9.064748201438849184e-01,3.129496402877697925e+00
5.239368065748547743e+00,4.153354632587859252e-02,3.727369542066027996e-02,2.129925452609158880e-03,9.218225419664268117e+00,8.657074340527577405e-01,3.230215827338129397e+00
5.244326100147519654e+00,4.579339723109691201e-02,3.940362087326943624e-02,6.389776357827475772e-03,9.256594724220622794e+00,8.537170263788969038e-01,3.239808153477218067e+00
5.249284134546490677e+00,4.579339723109691201e-02,4.259850905218317413e-02,9.584664536741213658e-03,9.254196642685851515e+00,8.968824940047961380e-01,3.287769784172661858e+00
5.254242168945462588e+00,5.111821086261980618e-02,5.005324813631523151e-02,2.342917997870074681e-02,9.208633093525179447e+00,9.376498800959233160e-01,3.345323741007194318e+00
5.259200203344434499e+00,6.283280085197018305e-02,5.537806176783812567e-02,3.833865814696485463e-02,9.136690647482014427e+00,9.544364508393284874e-01,3.383693045563548996e+00
5.264158237743405522e+00,7.241746538871139671e-02,5.750798722044728195e-02,5.431309904153354406e-02,9.112709832134292753e+00,8.896882494004796360e-01,3.503597122302158251e+00
5.269116272142377433e+00,8.306709265175718504e-02,5.324813631522896940e-02,7.135250266240682204e-02,9.103117505995204084e+00,8.657074340527577405e-01,3.553956834532374209e+00
5.274074306541349344e+00,8.945686900958466081e-02,3.407880724174654208e-02,8.200212992545261037e-02,9.076738609112709355e+00,8.537170263788969038e-01,3.599520383693045389e+00
5.279032340940320367e+00,9.478168264110756192e-02,1.703940362087327104e-02,9.158679446219382403e-02,9.038369304556354678e+00,8.872901678657074687e-01,3.484412470023980912e+00
5.283990375339292278e+00,9.371671991480298725e-02,5.324813631522896766e-03,1.022364217252396124e-01,9.052757793764987682e+00,8.824940047961630230e-01,3.357314148681055155e+00
5.288948409738263301e+00,9.584664536741213658e-02,-1.064962726304579440e-03,1.086261980830670881e-01,9.124700239808152702e+00,7.961630695443645545e-01,3.239808153477218067e+00
5.293906444137235212e+00,9.158679446219382403e-02,1.064962726304579440e-03,1.139510117145899892e-01,9.172661870503597825e+00,7.194244604316546443e-01,3.177458033573141272e+00
5.298864478536207123e+00,8.306709265175718504e-02,4.259850905218317760e-03,1.086261980830670881e-01,9.249400479616307180e+00,6.906474820143885252e-01,3.189448441247002553e+00
5.303822512935178146e+00,7.667731629392970927e-02,6.389776357827475772e-03,1.022364217252396124e-01,9.258992805755395850e+00,6.954436450839328598e-01,3.103117505995203640e+00
5.308780547334150057e+00,6.709265175718849561e-02,1.384451544195953142e-02,1.011714589989350377e-01,9.249400479616307180e+00,7.338129496402877594e-01,3.088729016786570636e+00
5.313738581733121968e+00,6.283280085197018305e-02,2.555910543130990309e-02,1.022364217252396124e-01,9.261390887290167129e+00,7.529976019184652092e-01,3.043165467625899456e+00
5.318696616132092991e+00,5.857294994675186356e-02,3.833865814696485463e-02,1.075612353567625135e-01,9.285371702637888802e+00,7.577937649880095439e-01,3.115107913669064921e+00
5.323654650531064902e+00,5.750798722044728195e-02,4.579339723109691201e-02,1.160809371671991524e-01,9.290167865707434913e+00,7.146282973621103096e-01,3.191846522781774720e+00
5.328612684930036814e+00,5.644302449414270728e-02,5.005324813631523151e-02,1.192758253461128903e-01,9.270983213429255798e+00,6.498800959232613472e-01,3.220623501199040728e+00
5.333570719329007837e+00,5.963791267305644517e-02,5.111821086261980618e-02,1.224707135250266282e-01,9.179856115107913439e+00,6.306954436450838974e-01,3.306954436450839196e+00
5.338528753727979748e+00,6.709265175718849561e-02,4.366347177848775574e-02,1.256656017039403661e-01,9.129496402877697037e+00,6.163069544364508934e-01,3.328537170263789147e+00
5.343486788126950771e+00,7.241746538871139671e-02,3.088391906283280072e-02,1.309904153354632672e-01,9.103117505995204084e+00,5.467625899280575963e-01,3.328537170263789147e+00
5.348444822525922682e+00,8.093716719914803570e-02,1.810436634717784918e-02,1.299254526091586925e-01,9.069544364508393741e+00,4.652278177458033515e-01,3.323741007194244812e+00
5.353402856924894593e+00,9.052183173588924936e-02,5.324813631522896766e-03,1.224707135250266282e-01,9.112709832134292753e+00,3.741007194244604372e-01,3.287769784172661858e+00
5.358360891323865616e+00,1.001064962726304630e-01,-1.277955271565495154e-02,1.118210862619808260e-01,9.155875299760191766e+00,3.261390887290168128e-01,3.167865707434052602e+00
5.363318925722837527e+00,1.086261980830670881e-01,-2.342917997870074681e-02,9.904153354632587447e-02,9.244604316546762846e+00,3.189448441247002553e-01,3.035971223021582954e+00
5.368276960121809438e+00,1.150159744408945639e-01,-2.023429179978700893e-02,8.626198083067092293e-02,9.249400479616307180e+00,3.333333333333333148e-01,2.872901678657074243e+00
5.373234994520780461e+00,1.192758253461128903e-01,-1.171458998935037341e-02,7.348242811501597138e-02,9.292565947242206192e+00,3.525179856115107646e-01,2.832134292565947398e+00
5.378193028919752372e+00,1.235356762513312029e-01,-3.194888178913737886e-03,6.070287539936101984e-02,9.335731414868105205e+00,3.669064748201438797e-01,2.824940047961630896e+00
5.383151063318724283e+00,1.256656017039403661e-01,7.454739084132055646e-03,5.111821086261980618e-02,9.328537170263789591e+00,3.932853717026378870e-01,2.848920863309352569e+00
5.388109097717695306e+00,1.256656017039403661e-01,1.490947816826411129e-02,3.940362087326943624e-02,9.294964028776979248e+00,4.412470023980815115e-01,2.916067146282973699e+00
5.393067132116667217e+00,1.267305644302449408e-01,2.236421725239616520e-02,3.301384451544196047e-02,9.302158273381294862e+00,4.820143884892086339e-01,2.882494004796162912e+00
5.398025166515639128e+00,1.256656017039403661e-01,3.088391906283280072e-02,2.981895633652822258e-02,9.297362110311750527e+00,5.587529976019184330e-01,2.884892086330935079e+00
5.402983200914610151e+00,1.235356762513312029e-01,3.620873269435569836e-02,2.981895633652822258e-02,9.287769784172661858e+00,5.875299760191846632e-01,2.930455635491606703e+00
5.407941235313582062e+00,1.192758253461128903e-01,4.472843450479233041e-02,3.194888178913737886e-02,9.208633093525179447e+00,5.803357314148680501e-01,2.976019184652278327e+00
5.412899269712553085e+00,1.150159744408945639e-01,5.218317358892438779e-02,3.514376996805111675e-02,9.215827338129496837e+00,5.779376498800958828e-01,3.124700239808153590e+00
5.417857304111524996e+00,1.107561235356762513e-01,4.792332268370606829e-02,3.727369542066027996e-02,9.208633093525179447e+00,5.803357314148680501e-01,3.146282973621103096e+00
5.422815338510496908e+00,1.033013844515442009e-01,4.046858359957401785e-02,3.833865814696485463e-02,9.232613908872901121e+00,6.306954436450838974e-01,3.175059952038369104e+00
5.427773372909467930e+00,9.584664536741213658e-02,2.875399361022364098e-02,3.727369542066027996e-02,9.211031175059952503e+00,6.426858513189448452e-01,3.131894484412470092e+00
5.432731407308439842e+00,8.413205537806177359e-02,2.342917997870074681e-02,3.833865814696485463e-02,9.199040767386090778e+00,6.618705035971222950e-01,3.127098321342925757e+00
5.437689441707411753e+00,7.880724174653887248e-02,2.023429179978700893e-02,4.153354632587859252e-02,9.213429256594723782e+00,6.642685851318944623e-01,3.148681055155875264e+00
5.442647476106382776e+00,6.922257720979765883e-02,9.584664536741213658e-03,4.259850905218317413e-02,9.251798561151078459e+00,6.330935251798560648e-01,3.263788968824940184e+00
5.447605510505354687e+00,6.070287539936101984e-02,-1.064962726304579440e-03,4.046858359957401785e-02,9.287769784172661858e+00,6.163069544364508934e-01,3.093525179856114971e+00
5.452563544904326598e+00,4.472843450479233041e-02,-6.389776357827475772e-03,3.514376996805111675e-02,9.345323741007193874e+00,5.563549160671462657e-01,3.153477218225419598e+00
5.457521579303297621e+00,4.259850905218317413e-02,-8.519701810436635520e-03,3.407880724174654208e-02,9.335731414868105205e+00,5.899280575539568305e-01,2.944844124700239707e+00
5.462479613702269532e+00,3.620873269435569836e-02,4.259850905218317760e-03,3.940362087326943624e-02,9.268585131894484519e+00,5.827338129496403285e-01,2.904076738609112862e+00
5.467437648101240555e+00,3.620873269435569836e-02,1.810436634717784918e-02,4.472843450479233041e-02,9.311750599520383531e+00,5.467625899280575963e-01,2.904076738609112862e+00
5.472395682500212466e+00,3.194888178913737886e-02,2.023429179978700893e-02,4.259850905218317413e-02,9.381294964028777272e+00,5.467625899280575963e-01,2.966426858513189657e+00
5.477353716899184377e+00,3.088391906283280072e-02,1.490947816826411129e-02,4.366347177848775574e-02,9.347721822541966930e+00,4.892086330935251914e-01,3.035971223021582954e+00
5.482311751298155400e+00,3.194888178913737886e-02,1.277955271565495154e-02,4.366347177848775574e-02,9.381294964028777272e+00,4.484412470023980690e-01,2.973621103117506159e+00
5.487269785697127311e+00,1.916932907348242732e-02,1.490947816826411129e-02,3.833865814696485463e-02,9.306954436450839196e+00,4.364508393285371768e-01,3.081534772182254134e+00
5.492227820096099222e+00,2.875399361022364098e-02,2.342917997870074681e-02,3.301384451544196047e-02,9.419664268585131950e+00,4.604316546762590168e-01,3.194244604316546887e+00
5.497185854495070245e+00,3.620873269435569836e-02,1.064962726304579353e-02,3.407880724174654208e-02,9.395683453237410276e+00,4.100719424460431695e-01,3.100719424460431473e+00
5.502143888894042156e+00,5.111821086261980618e-02,1.064962726304579353e-02,3.833865814696485463e-02,9.362110311750599934e+00,3.764988009592326046e-01,2.913669064748201532e+00
5.507101923293014067e+00,5.537806176783812567e-02,2.449414270500532495e-02,3.088391906283280072e-02,9.400479616306954611e+00,3.549160671462829875e-01,3.055155875299760293e+00
5.512059957691985090e+00,4.792332268370606829e-02,2.449414270500532495e-02,2.023429179978700893e-02,9.438848920863309289e+00,4.028776978417266119e-01,3.436450839328537121e+00
5.517017992090957001e+00,5.218317358892438779e-02,-5.324813631522896766e-03,1.810436634717784918e-02,9.306954436450839196e+00,4.724220623501199090e-01,3.275779376498801021e+00
5.521976026489928024e+00,4.472843450479233041e-02,-2.129925452609158706e-02,9.584664536741213658e-03,9.333333333333333925e+00,5.203836930455635335e-01,3.321342925659472201e+00
5.526934060888899936e+00,6.922257720979765883e-02,-2.449414270500532495e-02,6.389776357827475772e-03,9.318944844124700921e+00,6.187050359712230607e-01,2.865707434052757741e+00
5.531892095287871847e+00,5.857294994675186356e-02,-1.064962726304579353e-02,2.449414270500532495e-02,9.258992805755395850e+00,6.402877697841726778e-01,2.942446043165467540e+00
5.536850129686842870e+00,5.750798722044728195e-02,4.259850905218317760e-03,3.301384451544196047e-02,9.371702637889688603e+00,6.115107913669064477e-01,3.141486810551558762e+00
5.541808164085814781e+00,4.898828541001064990e-02,-1.171458998935037341e-02,3.194888178913737886e-02,9.412470023980814560e+00,5.467625899280575963e-01,3.160671462829736100e+00
5.546766198484786692e+00,3.301384451544196047e-02,-3.301384451544196047e-02,2.768903088391906284e-02,9.465227817745804018e+00,5.059952038369304184e-01,3.107913669064748419e+00
5.551724232883757715e+00,3.088391906283280072e-02,-3.727369542066027996e-02,2.236421725239616520e-02,9.357314148681055599e+00,6.450839328537170125e-01,2.743405275779376318e+00
5.556682267282729626e+00,1.597444089456868943e-02,-1.916932907348242732e-02,2.768903088391906284e-02,9.270983213429255798e+00,8.177458033573141716e-01,2.884892086330935079e+00
5.561640301681701537e+00,1.810436634717784918e-02,-8.519701810436635520e-03,4.898828541001064990e-02,9.318944844124700921e+00,8.225419664268585063e-01,2.882494004796162912e+00
5.566598336080672560e+00,0.000000000000000000e+00,-1.064962726304579353e-02,6.709265175718849561e-02,9.474820143884892687e+00,6.211031175059952281e-01,3.059952038369304628e+00
5.571556370479644471e+00,-8.519701810436635520e-03,-1.810436634717784918e-02,6.070287539936101984e-02,9.529976019184651648e+00,5.227817745803357008e-01,2.973621103117506159e+00
5.576514404878616382e+00,-2.129925452609158706e-02,-1.490947816826411129e-02,4.259850905218317413e-02,9.486810551558752636e+00,5.779376498800958828e-01,2.887290167865707247e+00
5.581472439277587405e+00,-3.727369542066027996e-02,-6.389776357827475772e-03,3.833865814696485463e-02,9.434052757793764954e+00,6.738609112709832427e-01,2.908872901678657197e+00
5.586430473676559316e+00,-4.472843450479233041e-02,5.324813631522896766e-03,4.472843450479233041e-02,9.422062350119903229e+00,6.163069544364508934e-01,2.983213429256594829e+00
5.591388508075530339e+00,-3.940362087326943624e-02,1.064962726304579353e-02,5.005324813631523151e-02,9.410071942446043280e+00,4.844124700239808012e-01,2.976019184652278327e+00
5.596346542474502250e+00,-4.472843450479233041e-02,1.597444089456868943e-02,4.579339723109691201e-02,9.400479616306954611e+00,4.172661870503597270e-01,3.033573141486810343e+00
5.601304576873474161e+00,-5.324813631522896940e-02,1.490947816826411129e-02,3.088391906283280072e-02,9.321342925659472201e+00,3.980815347721822772e-01,3.318944844124700033e+00
5.606262611272445184e+00,-3.727369542066027996e-02,0.000000000000000000e+00,2.342917997870074681e-02,9.254196642685851515e+00,4.412470023980815115e-01,3.249400479616306736e+00
5.611220645671417095e+00,-2.449414270500532495e-02,-9.584664536741213658e-03,2.342917997870074681e-02,9.187050359712230829e+00,4.244604316546762846e-01,3.270983213429256686e+00
5.616178680070389007e+00,-2.129925452609158880e-03,-1.384451544195953142e-02,2.662406815761448470e-02,9.247002398081534125e+00,3.908872901678657197e-01,3.081534772182254134e+00
5.621136714469360030e+00,1.064962726304579353e-02,-1.703940362087327104e-02,2.555910543130990309e-02,9.249400479616307180e+00,3.597122302158273222e-01,3.225419664268585063e+00
5.626094748868331941e+00,3.514376996805111675e-02,-2.023429179978700893e-02,2.129925452609158706e-02,9.278177458033573188e+00,3.501199040767385973e-01,3.047961630695443791e+00
5.631052783267303852e+00,3.833865814696485463e-02,-2.236421725239616520e-02,1.384451544195953142e-02,9.275779376498800133e+00,3.357314148681055377e-01,3.175059952038369104e+00
5.636010817666274875e+00,5.537806176783812567e-02,-2.129925452609158706e-02,5.324813631522896766e-03,9.282973621103117523e+00,4.244604316546762846e-01,3.071942446043165464e+00
5.640968852065246786e+00,6.070287539936101984e-02,-2.023429179978700893e-02,3.194888178913737886e-03,9.287769784172661858e+00,5.011990407673860837e-01,3.035971223021582954e+00
5.645926886464217809e+00,6.176783812566560145e-02,-1.916932907348242732e-02,4.259850905218317760e-03,9.290167865707434913e+00,5.467625899280575963e-01,2.884892086330935079e+00
5.650884920863189720e+00,4.898828541001064990e-02,-1.277955271565495154e-02,4.259850905218317760e-03,9.328537170263789591e+00,5.395683453237409832e-01,2.786570743405275774e+00
5.655842955262161631e+00,2.981895633652822258e-02,-7.454739084132055646e-03,-8.519701810436635520e-03,9.247002398081534125e+00,6.139088729016786150e-01,2.947242206235011874e+00
5.660800989661132654e+00,1.703940362087327104e-02,-7.454739084132055646e-03,-7.454739084132055646e-03,9.249400479616307180e+00,6.594724220623501276e-01,2.930455635491606703e+00
5.665759024060104565e+00,-1.171458998935037341e-02,-1.384451544195953142e-02,-1.064962726304579440e-03,9.270983213429255798e+00,6.594724220623501276e-01,3.119904076738609255e+00
5.670717058459076476e+00,-2.023429179978700893e-02,-2.342917997870074681e-02,4.259850905218317760e-03,9.273381294964028854e+00,7.026378896882493619e-01,2.995203836930455665e+00
5.675675092858047499e+00,-2.662406815761448470e-02,-1.810436634717784918e-02,1.277955271565495154e-02,9.230215827338129841e+00,7.386091127098320941e-01,2.757793764988009766e+00
5.680633127257019410e+00,-3.940362087326943624e-02,8.519701810436635520e-03,2.662406815761448470e-02,9.280575539568344468e+00,6.906474820143885252e-01,2.618705035971223172e+00
5.685591161655991321e+00,-7.667731629392970927e-02,3.088391906283280072e-02,3.514376996805111675e-02,9.405275779376498946e+00,6.019184652278177783e-01,2.990407673860911331e+00
5.690549196054962344e+00,-9.158679446219382403e-02,2.555910543130990309e-02,3.301384451544196047e-02,9.402877697841725890e+00,5.299760191846523139e-01,3.196642685851319055e+00
5.695507230453934255e+00,-8.626198083067092293e-02,1.703940362087327104e-02,3.088391906283280072e-02,9.347721822541966930e+00,5.515587529976019310e-01,2.822541966426858728e+00
5.700465264852905278e+00,-1.043663471778487756e-01,2.981895633652822258e-02,2.662406815761448470e-02,9.239808153477218511e+00,6.235011990407673954e-01,2.906474820143885029e+00
5.705423299251877189e+00,-8.839190628328008614e-02,4.898828541001064990e-02,3.194888178913737886e-02,9.167865707434053490e+00,6.546762589928057929e-01,2.913669064748201532e+00
5.710381333650849101e+00,-9.052183173588924936e-02,5.963791267305644517e-02,5.005324813631523151e-02,9.390887290167865942e+00,4.652278177458033515e-01,2.940047961630695372e+00
5.715339368049820123e+00,-1.001064962726304630e-01,5.750798722044728195e-02,4.046858359957401785e-02,9.558752997601917656e+00,2.374100719424460382e-01,3.227817745803357230e+00
5.720297402448792035e+00,-9.371671991480298725e-02,5.750798722044728195e-02,1.597444089456868943e-02,9.489208633093525691e+00,3.405275779376498724e-01,3.050359712230215958e+00
5.725255436847763946e+00,-1.022364217252396124e-01,5.644302449414270728e-02,0.000000000000000000e+00,9.263788968824940184e+00,5.131894484412470314e-01,3.309352517985611364e+00
5.730213471246734969e+00,-8.093716719914803570e-02,5.644302449414270728e-02,5.324813631522896766e-03,9.199040767386090778e+00,5.875299760191846632e-01,3.067146282973621130e+00
5.735171505645706880e+00,-8.626198083067092293e-02,5.963791267305644517e-02,1.277955271565495154e-02,9.258992805755395850e+00,4.532374100719424592e-01,3.414868105515587615e+00
5.740129540044678791e+00,-6.922257720979765883e-02,5.218317358892438779e-02,7.454739084132055646e-03,9.362110311750599934e+00,4.076738609112710021e-01,3.338129496402877816e+00
5.745087574443649814e+00,-8.519701810436634826e-02,3.407880724174654208e-02,-5.324813631522896766e-03,9.364508393285371213e+00,4.940047961630695261e-01,3.645083932853717013e+00
5.750045608842621725e+00,-7.454739084132055993e-02,1.064962726304579353e-02,-1.384451544195953142e-02,9.206235011990408168e+00,6.330935251798560648e-01,3.611510791366906670e+00
5.755003643241592748e+00,-6.176783812566560145e-02,-4.259850905218317760e-03,-3.194888178913737886e-03,9.148681055155876152e+00,6.426858513189448452e-01,3.110311750599520586e+00
5.759961677640564659e+00,-9.371671991480298725e-02,4.259850905218317760e-03,-1.064962726304579440e-03,9.362110311750599934e+00,4.340527577937650094e-01,3.525179856115107757e+00
5.764919712039536570e+00,-8.093716719914803570e-02,-2.129925452609158880e-03,-2.023429179978700893e-02,9.273381294964028854e+00,3.956834532374100544e-01,3.796163069544364443e+00
5.769877746438507593e+00,-4.579339723109691201e-02,-2.981895633652822258e-02,-2.768903088391906284e-02,9.258992805755395850e+00,5.059952038369304184e-01,3.714628297362110310e+00
5.774835780837479504e+00,-3.301384451544196047e-02,-5.644302449414270728e-02,-2.023429179978700893e-02,9.083932853717026745e+00,6.139088729016786150e-01,3.465227817745803574e+00
5.779793815236451415e+00,-2.662406815761448470e-02,-6.176783812566560145e-02,-4.259850905218317760e-03,9.139088729016785706e+00,4.820143884892086339e-01,3.414868105515587615e+00
5.784751849635422438e+00,-7.454739084132055646e-03,-6.283280085197018305e-02,-1.064962726304579440e-03,9.438848920863309289e+00,2.829736211031175230e-01,3.434052757793764954e+00
5.789709884034394349e+00,1.490947816826411129e-02,-6.602768903088392094e-02,-1.490947816826411129e-02,9.412470023980814560e+00,3.189448441247002553e-01,3.470023980815347908e+00
5.794667918433366260e+00,3.620873269435569836e-02,-7.241746538871139671e-02,-1.810436634717784918e-02,9.330935251798560870e+00,5.203836930455635335e-01,3.446043165467625791e+00
5.799625952832337283e+00,5.750798722044728195e-02,-8.093716719914803570e-02,-8.519701810436635520e-03,9.139088729016785706e+00,7.122302158273381423e-01,3.340527577937649983e+00
5.804583987231309194e+00,8.413205537806177359e-02,-7.561235356762513460e-02,1.703940362087327104e-02,9.223021582733812451e+00,6.570743405275779603e-01,3.071942446043165464e+00
5.809542021630281106e+00,8.306709265175718504e-02,-6.176783812566560145e-02,2.449414270500532495e-02,9.340527577937649539e+00,5.131894484412470314e-01,3.258992805755395850e+00
5.814500056029252129e+00,8.839190628328008614e-02,-6.176783812566560145e-02,1.597444089456868943e-02,9.376498800959232938e+00,5.323741007194244812e-01,3.280575539568345356e+00
5.819458090428224040e+00,7.241746538871139671e-02,-6.815761448349308416e-02,7.454739084132055646e-03,9.309352517985612252e+00,6.498800959232613472e-01,3.359712230215827322e+00
5.824416124827195063e+00,6.602768903088392094e-02,-7.454739084132055993e-02,6.389776357827475772e-03,9.206235011990408168e+00,7.242206235011990900e-01,3.127098321342925757e+00
5.829374159226166974e+00,5.218317358892438779e-02,-6.283280085197018305e-02,1.171458998935037341e-02,9.115107913669064033e+00,7.194244604316546443e-01,3.095923261390887138e+00
5.834332193625138885e+00,4.792332268370606829e-02,-4.898828541001064990e-02,2.236421725239616520e-02,9.129496402877697037e+00,6.594724220623501276e-01,3.172661870503596937e+00
5.839290228024109908e+00,4.046858359957401785e-02,-5.005324813631523151e-02,2.662406815761448470e-02,9.232613908872901121e+00,5.611510791366906004e-01,3.371702637889688159e+00
5.844248262423081819e+00,4.366347177848775574e-02,-6.815761448349308416e-02,1.916932907348242732e-02,9.206235011990408168e+00,5.635491606714628787e-01,3.410071942446043280e+00
5.849206296822053730e+00,4.366347177848775574e-02,-8.093716719914803570e-02,1.597444089456868943e-02,9.163069544364509156e+00,6.522781774580336256e-01,3.026378896882493841e+00
5.854164331221024753e+00,1.810436634717784918e-02,-7.774227902023429781e-02,1.171458998935037341e-02,9.143884892086331817e+00,6.882494004796163578e-01,3.158273381294963933e+00
5.859122365619996664e+00,2.875399361022364098e-02,-7.348242811501597138e-02,1.384451544195953142e-02,9.115107913669064033e+00,7.146282973621103096e-01,3.033573141486810343e+00
5.864080400018968575e+00,2.449414270500532495e-02,-6.922257720979765883e-02,1.703940362087327104e-02,9.218225419664268117e+00,5.683453237410072134e-01,2.976019184652278327e+00
5.869038434417939598e+00,4.259850905218317760e-03,-6.602768903088392094e-02,9.584664536741213658e-03,9.398081534772181556e+00,4.652278177458033515e-01,3.167865707434052602e+00
5.873996468816911509e+00,5.324813631522896766e-03,-7.241746538871139671e-02,-8.519701810436635520e-03,9.393285371702637221e+00,5.515587529976019310e-01,3.225419664268585063e+00
5.878954503215882532e+00,3.194888178913737886e-02,-7.135250266240682204e-02,-8.519701810436635520e-03,9.158273381294964821e+00,7.721822541966426590e-01,3.100719424460431473e+00
5.883912537614854443e+00,5.750798722044728195e-02,-5.537806176783812567e-02,2.129925452609158706e-02,9.098321342925659749e+00,8.633093525179855732e-01,2.916067146282973699e+00
5.888870572013826354e+00,6.922257720979765883e-02,-3.301384451544196047e-02,5.324813631522896940e-02,9.230215827338129841e+00,6.978417266187050272e-01,3.043165467625899456e+00
5.893828606412797377e+00,7.454739084132055993e-02,-1.916932907348242732e-02,6.602768903088392094e-02,9.371702637889688603e+00,4.988009592326139163e-01,3.119904076738609255e+00
5.898786640811769288e+00,7.348242811501597138e-02,-2.342917997870074681e-02,5.537806176783812567e-02,9.263788968824940184e+00,5.491606714628297636e-01,3.474820143884892243e+00
5.903744675210741200e+00,9.478168264110756192e-02,-2.768903088391906284e-02,5.431309904153354406e-02,9.134292565947241371e+00,8.033573141486810565e-01,2.923261390887290201e+00
5.908702709609712223e+00,6.283280085197018305e-02,-1.916932907348242732e-02,6.922257720979765883e-02,9.007194244604317390e+00,7.865707434052757741e-01,3.374100719424460326e+00
5.913660744008684134e+00,8.839190628328008614e-02,-1.064962726304579353e-02,8.732694355697551147e-02,9.091127098321342359e+00,6.834532374100719121e-01,2.846522781774580402e+00
5.918618778407656045e+00,4.579339723109691201e-02,-1.064962726304579440e-03,8.093716719914803570e-02,9.294964028776979248e+00,4.484412470023980690e-01,3.258992805755395850e+00
5.923576812806627068e+00,3.514376996805111675e-02,0.000000000000000000e+00,5.644302449414270728e-02,9.268585131894484519e+00,4.964028776978417490e-01,3.268585131894484519e+00
5.928534847205598979e+00,8.519701810436635520e-03,-5.324813631522896766e-03,4.153354632587859252e-02,9.124700239808152702e+00,6.426858513189448452e-01,3.280575539568345356e+00
5.933492881604570002e+00,-1.597444089456868943e-02,-1.064962726304579353e-02,3.833865814696485463e-02,8.899280575539568972e+00,6.978417266187050272e-01,3.410071942446043280e+00
5.938450916003541913e+00,-3.407880724174654208e-02,-1.597444089456868943e-02,3.833865814696485463e-02,9.076738609112709355e+00,6.642685851318944623e-01,2.815347721822541782e+00
5.943408950402513824e+00,-1.022364217252396124e-01,-2.662406815761448470e-02,2.555910543130990309e-02,9.052757793764987682e+00,4.868105515587530241e-01,3.580335731414868050e+00
5.948366984801484847e+00,-5.963791267305644517e-02,-3.620873269435569836e-02,3.194888178913737886e-03,9.009592326139088669e+00,5.779376498800958828e-01,2.853717026378896904e+00
5.953325019200456758e+00,-1.160809371671991524e-01,-3.088391906283280072e-02,-2.129925452609158880e-03,9.285371702637888802e+00,4.940047961630695261e-01,2.964028776978417046e+00
5.958283053599428669e+00,-1.437699680511182188e-01,-2.768903088391906284e-02,-2.449414270500532495e-02,9.278177458033573188e+00,3.357314148681055377e-01,3.606714628297361891e+00
5.963241087998399692e+00,-8.093716719914803570e-02,-1.171458998935037341e-02,-3.514376996805111675e-02,9.199040767386090778e+00,4.508393285371702364e-01,2.534772182254196426e+00
5.968199122397371603e+00,-1.469648562300319428e-01,2.023429179978700893e-02,-2.981895633652822258e-02,9.328537170263789591e+00,3.237410071942445899e-01,3.292565947242206192e+00
5.973157156796343514e+00,-1.107561235356762513e-01,2.875399361022364098e-02,-4.472843450479233041e-02,9.124700239808152702e+00,3.741007194244604372e-01,3.494004796163069582e+00
5.978115191195314537e+00,-6.070287539936101984e-02,3.194888178913737886e-02,-3.301384451544196047e-02,9.148681055155876152e+00,4.676258992805755188e-01,2.702637889688249473e+00
5.983073225594286448e+00,-1.033013844515442009e-01,4.792332268370606829e-02,-2.662406815761448470e-02,9.203836930455635112e+00,3.333333333333333148e-01,3.664268585131894351e+00
5.988031259993258359e+00,-4.259850905218317413e-02,5.750798722044728195e-02,-3.301384451544196047e-02,9.067146282973620686e+00,4.388489208633093441e-01,3.266187050359712352e+00
5.992989294392229382e+00,-3.833865814696485463e-02,5.963791267305644517e-02,-2.236421725239616520e-02,9.031175059952039064e+00,3.956834532374100544e-01,3.709832134292565975e+00
5.997947328791201294e+00,0.000000000000000000e+00,4.259850905218317413e-02,-1.916932907348242732e-02,8.889688249400480302e+00,4.652278177458033515e-01,3.513189448441246920e+00
6.002905363190172316e+00,6.389776357827475772e-03,2.342917997870074681e-02,-1.384451544195953142e-02,8.985611510791366996e+00,4.100719424460431695e-01,3.333333333333333481e+00
6.007863397589144228e+00,1.384451544195953142e-02,1.810436634717784918e-02,-1.703940362087327104e-02,8.997601918465226944e+00,4.004796163069544446e-01,3.347721822541966485e+00
6.012821431988116139e+00,2.768903088391906284e-02,2.129925452609158706e-02,-2.023429179978700893e-02,8.956834532374100988e+00,5.179856115107913661e-01,3.182254196642686050e+00
6.017779466387087162e+00,1.277955271565495154e-02,1.490947816826411129e-02,-1.597444089456868943e-02,9.139088729016785706e+00,4.988009592326139163e-01,3.347721822541966485e+00
6.022737500786059073e+00,6.389776357827475772e-03,-3.194888178913737886e-03,-2.342917997870074681e-02,9.071942446043165020e+00,5.395683453237409832e-01,3.294964028776978360e+00
6.027695535185030984e+00,2.342917997870074681e-02,-1.384451544195953142e-02,-3.514376996805111675e-02,9.000000000000000000e+00,6.570743405275779603e-01,2.868105515587529908e+00
6.032653569584002007e+00,4.259850905218317760e-03,4.259850905218317760e-03,-3.301384451544196047e-02,9.148681055155876152e+00,7.098321342925659749e-01,2.561151079136690711e+00
6.037611603982973918e+00,-4.472843450479233041e-02,2.129925452609158706e-02,-4.366347177848775574e-02,9.208633093525179447e+00,5.467625899280575963e-01,3.544364508393285540e+00
6.042569638381945829e+00,-2.129925452609158880e-03,1.916932907348242732e-02,-5.218317358892438779e-02,9.139088729016785706e+00,5.899280575539568305e-01,3.047961630695443791e+00
6.047527672780916852e+00,-3.301384451544196047e-02,1.703940362087327104e-02,-5.644302449414270728e-02,9.134292565947241371e+00,5.899280575539568305e-01,3.247002398081534569e+00
6.052485707179888763e+00,-3.514376996805111675e-02,2.129925452609158706e-02,-6.389776357827475772e-02,9.050359712230216402e+00,6.522781774580336256e-01,3.388489208633093330e+00
6.057443741578859786e+00,2.129925452609158880e-03,2.342917997870074681e-02,-4.792332268370606829e-02,9.177458033573142160e+00,6.546762589928057929e-01,3.232613908872901565e+00
6.062401775977831697e+00,2.662406815761448470e-02,4.685835995740149362e-02,-3.088391906283280072e-02,9.220623501199041172e+00,7.146282973621103096e-01,3.223021582733812895e+00
6.067359810376803608e+00,6.283280085197018305e-02,7.241746538871139671e-02,-1.810436634717784918e-02,9.064748201438849406e+00,7.817745803357314394e-01,3.479616306954436578e+00
6.072317844775774631e+00,7.774227902023429781e-02,8.626198083067092293e-02,1.277955271565495154e-02,9.275779376498800133e+00,6.834532374100719121e-01,3.105515587529975807e+00
6.077275879174746542e+00,3.407880724174654208e-02,8.200212992545261037e-02,1.490947816826411129e-02,9.302158273381294862e+00,5.251798561151078681e-01,3.937649880095923205e+00
6.082233913573718453e+00,8.306709265175718504e-02,6.283280085197018305e-02,4.259850905218317760e-03,9.093525179856115415e+00,8.297362110311750083e-01,3.129496402877697925e+00
6.087191947972689476e+00,4.366347177848775574e-02,6.070287539936101984e-02,1.597444089456868943e-02,8.901678657074340251e+00,9.640287769784172678e-01,3.587529976019184552e+00
6.092149982371661388e+00,6.283280085197018305e-02,6.176783812566560145e-02,4.046858359957401785e-02,8.918465227817746310e+00,9.088729016786570858e-01,3.364508393285371657e+00
6.097108016770633299e+00,4.366347177848775574e-02,6.176783812566560145e-02,5.963791267305644517e-02,9.170263788968824770e+00,6.091127098321342803e-01,3.470023980815347908e+00
6.102066051169604322e+00,2.662406815761448470e-02,5.005324813631523151e-02,4.685835995740149362e-02,9.143884892086331817e+00,5.923261390887289979e-01,3.750599520383693264e+00
6.107024085568576233e+00,2.342917997870074681e-02,1.703940362087327104e-02,4.259850905218317413e-02,8.911270983213428920e+00,7.553956834532373765e-01,2.908872901678657197e+00
6.111982119967547256e+00,-7.880724174653887248e-02,-1.064962726304579440e-03,5.005324813631523151e-02,9.340527577937649539e+00,5.923261390887289979e-01,2.700239808153477306e+00
6.116940154366519167e+00,-1.022364217252396124e-01,8.519701810436635520e-03,1.171458998935037341e-02,8.817745803357313505e+00,5.251798561151078681e-01,4.112709832134292753e+00
6.121898188765491078e+00,7.028753993610223350e-02,1.703940362087327104e-02,3.088391906283280072e-02,8.853717026378896904e+00,8.657074340527577405e-01,1.923261390887290201e+00
6.126856223164462101e+00,-5.750798722044728195e-02,4.472843450479233041e-02,5.324813631522896940e-02,9.414868105515587615e+00,6.115107913669064477e-01,2.908872901678657197e+00
6.131814257563434012e+00,-1.064962726304579388e-01,7.241746538871139671e-02,2.023429179978700893e-02,9.446043165467626679e+00,5.923261390887289979e-01,3.088729016786570636e+00
6.136772291962405923e+00,-1.895633652822151238e-01,6.496272630457934627e-02,1.597444089456868943e-02,9.503597122302158695e+00,5.107913669064748641e-01,3.657074340527577849e+00
6.141730326361376946e+00,-1.821086261980830734e-01,3.301384451544196047e-02,3.407880724174654208e-02,9.218225419664268117e+00,4.796163069544364665e-01,3.424460431654676285e+00
6.146688360760348857e+00,-1.363152289669861683e-01,3.620873269435569836e-02,6.815761448349308416e-02,9.381294964028777272e+00,2.038369304556355011e-01,2.086330935251798468e+00
6.151646395159320768e+00,-1.246006389776357776e-01,1.182108626198083018e-01,5.324813631522896940e-02,9.517985611510791699e+00,-1.678657074340527550e-02,2.628297362110311841e+00
6.156604429558291791e+00,-5.537806176783812567e-02,2.076677316293929765e-01,1.916932907348242732e-02,9.422062350119903229e+00,4.340527577937650094e-01,2.899280575539568527e+00
6.161562463957263702e+00,-7.667731629392970927e-02,2.055378061767837994e-01,3.301384451544196047e-02,9.359712230215826878e+00,4.628297362110311841e-01,4.318944844124700033e+00
6.166520498356235613e+00,-1.703940362087327104e-02,1.437699680511182188e-01,4.685835995740149362e-02,9.357314148681055599e+00,3.405275779376498724e-01,3.587529976019184552e+00
6.171478532755206636e+00,-2.342917997870074681e-02,1.128860489882854146e-01,2.449414270500532495e-02,9.131894484412470092e+00,2.853717026378896904e-01,3.369304556354915992e+00
6.176436567154178547e+00,0.000000000000000000e+00,1.352502662406815659e-01,-1.064962726304579440e-03,8.865707434052758629e+00,6.594724220623501276e-01,3.323741007194244812e+00
6.181394601553149570e+00,-3.194888178913737886e-03,1.405750798722044670e-01,1.171458998935037341e-02,8.784172661870503163e+00,7.985611510791367218e-01,4.139088729016786594e+00
6.186352635952121481e+00,3.194888178913737886e-02,1.043663471778487756e-01,4.792332268370606829e-02,9.069544364508393741e+00,5.371702637889688159e-01,4.232613908872902009e+00
6.191310670351093393e+00,3.833865814696485463e-02,4.579339723109691201e-02,4.579339723109691201e-02,9.230215827338129841e+00,3.357314148681055377e-01,3.870503597122302075e+00
6.196268704750064416e+00,2.768903088391906284e-02,9.584664536741213658e-03,1.277955271565495154e-02,8.992805755395682610e+00,5.371702637889688159e-01,3.652278177458033515e+00
6.201226739149036327e+00,3.088391906283280072e-02,5.324813631522896766e-03,4.259850905218317760e-03,8.736211031175059816e+00,8.561151079136690711e-01,3.378896882494004661e+00
6.206184773548008238e+00,3.301384451544196047e-02,2.129925452609158880e-03,3.301384451544196047e-02,8.932853717026379314e+00,7.242206235011990900e-01,3.455635491606714460e+00
6.211142807946979261e+00,4.898828541001064990e-02,4.259850905218317760e-03,5.218317358892438779e-02,9.395683453237410276e+00,4.028776978417266119e-01,3.074340527577937632e+00
6.216100842345951172e+00,3.194888178913737886e-02,5.324813631522896766e-03,2.768903088391906284e-02,9.537170263788969038e+00,2.805755395683453002e-01,3.285371702637889690e+00
6.221058876744923083e+00,4.472843450479233041e-02,7.454739084132055646e-03,1.064962726304579440e-03,9.323741007194245256e+00,5.707434052757793808e-01,2.918465227817745866e+00
6.226016911143894106e+00,3.514376996805111675e-02,2.129925452609158706e-02,8.519701810436635520e-03,9.163069544364509156e+00,7.673860911270983243e-01,2.901678657074340695e+00
6.230974945542866017e+00,5.005324813631523151e-02,5.537806176783812567e-02,3.514376996805111675e-02,9.270983213429255798e+00,7.170263788968824770e-01,2.721822541966426812e+00
6.235932979941837040e+00,4.792332268370606829e-02,8.839190628328008614e-02,5.111821086261980618e-02,9.537170263788969038e+00,5.683453237410072134e-01,2.875299760191846410e+00
6.240891014340808951e+00,3.940362087326943624e-02,1.086261980830670881e-01,4.153354632587859252e-02,9.505995203836929974e+00,5.875299760191846632e-01,3.201438848920863389e+00
6.245849048739780862e+00,3.514376996805111675e-02,1.096911608093716767e-01,3.514376996805111675e-02,9.275779376498800133e+00,8.057553956834532238e-01,3.098321342925659305e+00
6.250807083138751885e+00,2.449414270500532495e-02,1.128860489882854146e-01,5.431309904153354406e-02,9.086330935251798024e+00,9.208633093525180335e-01,3.256594724220623682e+00
6.255765117537723796e+00,3.620873269435569836e-02,1.309904153354632672e-01,8.200212992545261037e-02,9.093525179856115415e+00,9.544364508393284874e-01,3.069544364508393297e+00
6.260723151936695707e+00,2.023429179978700893e-02,1.490947816826411199e-01,1.022364217252396124e-01,9.194244604316546443e+00,8.561151079136690711e-01,3.419664268585131950e+00
6.265681186335666730e+00,1.064962726304579353e-02,1.448349307774227934e-01,1.107561235356762513e-01,9.187050359712230829e+00,8.848920863309353013e-01,3.419664268585131950e+00
6.270639220734638641e+00,-2.129925452609158706e-02,1.267305644302449408e-01,1.192758253461128903e-01,9.153477218225420486e+00,9.640287769784172678e-01,3.482014388489208745e+00
6.275597255133610552e+00,-4.046858359957401785e-02,1.160809371671991524e-01,1.395101171458998923e-01,9.069544364508393741e+00,9.784172661870503829e-01,3.254196642685851515e+00
6.280555289532581575e+00,-5.963791267305644517e-02,1.267305644302449408e-01,1.629392971246006461e-01,9.081534772182253690e+00,9.280575539568345356e-01,3.163069544364508268e+00
6.285513323931553487e+00,-8.413205537806177359e-02,1.363152289669861683e-01,1.831735889243876481e-01,9.119904076738608367e+00,8.177458033573141716e-01,3.467625899280575741e+00
6.290471358330524509e+00,-1.022364217252396124e-01,1.224707135250266282e-01,1.980830670926517489e-01,9.057553956834532016e+00,7.170263788968824770e-01,3.436450839328537121e+00
6.295429392729496421e+00,-1.437699680511182188e-01,8.519701810436634826e-02,2.034078807241746500e-01,9.424460431654676285e+00,5.179856115107913661e-01,3.016786570743405171e+00
6.300387427128468332e+00,-2.129925452609158776e-01,7.241746538871139671e-02,1.810436634717784987e-01,9.357314148681055599e+00,3.764988009592326046e-01,3.232613908872901565e+00
6.305345461527439355e+00,-1.671991480298189447e-01,7.987220447284344715e-02,1.544195953141639932e-01,9.067146282973620686e+00,4.268585131894484519e-01,3.155875299760191766e+00
6.310303495926411266e+00,-1.458998935037273681e-01,1.054313099041533502e-01,1.640042598509052207e-01,9.549160671462828986e+00,3.717026378896882699e-01,1.822541966426858506e+00
6.315261530325383177e+00,-2.673056443024494078e-01,1.427050053248136441e-01,1.384451544195953177e-01,9.599520383693045389e+00,-1.390887290167865664e-01,4.021582733812949506e+00
6.320219564724354200e+00,-1.437699680511182188e-01,1.501597444089456945e-01,1.033013844515442009e-01,9.513189448441247364e+00,-8.872901678657074687e-02,2.623501199040767506e+00
6.325177599123326111e+00,-2.034078807241746500e-01,1.586794462193823196e-01,8.413205537806177359e-02,9.414868105515587615e+00,-2.206235011990407557e-01,3.362110311750599489e+00
6.330135633522298022e+00,-1.490947816826411199e-01,1.810436634717784987e-01,5.431309904153354406e-02,9.357314148681055599e+00,-7.673860911270982688e-02,3.177458033573141272e+00
6.335093667921269045e+00,-1.203407880724174650e-01,2.076677316293929765e-01,4.579339723109691201e-02,9.359712230215826878e+00,-9.592326139088729053e-02,3.304556354916067029e+00
6.340051702320240956e+00,-7.454739084132055993e-02,2.342917997870074542e-01,4.259850905218317413e-02,9.482014388489208301e+00,-6.954436450839328321e-02,3.683453237410072134e+00
6.345009736719212867e+00,-3.194888178913737886e-02,2.364217252396166036e-01,2.342917997870074681e-02,9.359712230215826878e+00,1.342925659472422040e-01,3.637889688249400511e+00
6.349967771118183890e+00,-2.449414270500532495e-02,2.183173588924387509e-01,1.277955271565495154e-02,9.316546762589927866e+00,2.038369304556355011e-01,4.309352517985611364e+00
6.354925805517155801e+00,2.875399361022364098e-02,2.002129925452609260e-01,3.194888178913737886e-03,9.177458033573142160e+00,4.964028776978417490e-01,3.580335731414868050e+00
6.359883839916126824e+00,-3.194888178913737886e-03,1.991480298189563236e-01,3.194888178913737886e-03,9.074340527577938076e+00,5.851318944844124958e-01,4.726618705035971146e+00
6.364841874315098735e+00,5.537806176783812567e-02,1.714589989350372712e-01,1.916932907348242732e-02,9.208633093525179447e+00,7.841726618705036067e-01,3.839328537170263900e+00
6.369799908714070646e+00,-3.194888178913737886e-02,1.256656017039403661e-01,2.236421725239616520e-02,9.294964028776979248e+00,6.594724220623501276e-01,4.618705035971222728e+00
6.374757943113041669e+00,2.555910543130990309e-02,7.987220447284344715e-02,7.454739084132055646e-03,8.959232613908872267e+00,8.609112709832134058e-01,4.517985611510791699e+00
6.379715977512013581e+00,5.644302449414270728e-02,5.537806176783812567e-02,2.236421725239616520e-02,9.052757793764987682e+00,1.139088729016786594e+00,3.055155875299760293e+00
6.384674011910985492e+00,-4.685835995740149362e-02,5.857294994675186356e-02,4.685835995740149362e-02,9.352517985611511264e+00,7.314148681055155921e-01,4.657074340527578293e+00
6.389632046309956515e+00,5.324813631522896766e-03,6.176783812566560145e-02,3.407880724174654208e-02,9.702637889688249473e+00,8.752997601918465209e-01,2.669064748201438686e+00
6.394590080708928426e+00,-2.321618743343983049e-01,1.064962726304579388e-01,1.916932907348242732e-02,9.460431654676259683e+00,7.841726618705036067e-01,4.733812949640287648e+00
6.399548115107900337e+00,-2.044728434504792247e-01,9.052183173588924936e-02,7.135250266240682204e-02,8.796163069544364888e+00,7.697841726618704916e-01,6.863309352517985573e+00
6.404506149506871360e+00,7.348242811501597138e-02,-5.324813631522896766e-03,1.512247071352502692e-01,8.810551558752997892e+00,8.944844124700239707e-01,3.529976019184652092e+00
6.409464183905843271e+00,-2.449414270500532495e-02,-3.407880724174654208e-02,1.916932907348242732e-01,9.321342925659472201e+00,3.525179856115107646e-01,3.640287769784172678e+00
6.414422218304814294e+00,-5.324813631522896766e-03,-8.519701810436635520e-03,1.469648562300319428e-01,9.136690647482014427e+00,5.899280575539568305e-01,4.146282973621103096e+00
6.419380252703786205e+00,7.241746538871139671e-02,0.000000000000000000e+00,1.576144834930777450e-01,9.016786570743406060e+00,1.031175059952038398e+00,3.719424460431654644e+00
6.424338287102758116e+00,4.579339723109691201e-02,-1.064962726304579440e-03,2.034078807241746500e-01,9.203836930455635112e+00,7.338129496402877594e-01,3.573141486810551548e+00
6.429296321501729139e+00,-2.768903088391906284e-02,-2.129925452609158880e-03,2.034078807241746500e-01,9.381294964028777272e+00,3.525179856115107646e-01,3.388489208633093330e+00
6.434254355900701050e+00,-7.880724174653887248e-02,-7.454739084132055646e-03,1.757188498402555976e-01,9.086330935251798024e+00,3.237410071942445899e-01,4.023980815347721673e+00
6.439212390299672961e+00,-4.259850905218317413e-02,-1.916932907348242732e-02,1.831735889243876481e-01,9.292565947242206192e+00,5.875299760191846632e-01,2.798561151079136611e+00
6.444170424698643984e+00,-8.945686900958466081e-02,-2.129925452609158880e-03,1.853035143769967974e-01,9.175059952038369104e+00,6.187050359712230607e-01,3.599520383693045389e+00
6.449128459097615895e+00,-2.129925452609158706e-02,5.218317358892438779e-02,1.980830670926517489e-01,9.131894484412470092e+00,1.011990407673860837e+00,2.261390887290168017e+00
6.454086493496587806e+00,-1.437699680511182188e-01,9.265175718849839870e-02,2.385516506922257807e-01,9.242206235011989790e+00,5.203836930455635335e-01,4.000000000000000000e+00
6.459044527895558829e+00,-7.987220447284344715e-02,1.001064962726304630e-01,2.534611288604898816e-01,9.402877697841725890e+00,2.278177458033573133e-01,3.824940047961630896e+00
6.464002562294530740e+00,-6.709265175718849561e-02,8.839190628328008614e-02,2.385516506922257807e-01,9.446043165467626679e+00,2.781774580335731328e-01,3.839328537170263900e+00
6.468960596693501763e+00,-7.348242811501597138e-02,7.348242811501597138e-02,2.215122470713525027e-01,9.232613908872901121e+00,5.083932853717025857e-01,4.076738609112710243e+00
6.473918631092473674e+00,-5.218317358892438779e-02,5.644302449414270728e-02,2.268370607028754038e-01,8.983213429256593940e+00,6.882494004796163578e-01,3.810551558752997447e+00
6.478876665491445586e+00,-6.709265175718849561e-02,3.940362087326943624e-02,2.460063897763578311e-01,9.165467625899280435e+00,3.860911270983213295e-01,3.949640287769784042e+00
6.483834699890416609e+00,-5.857294994675186356e-02,2.023429179978700893e-02,2.279020234291799785e-01,9.292565947242206192e+00,6.235011990407673954e-02,3.565947242206235046e+00
6.488792734289388520e+00,-7.774227902023429781e-02,2.342917997870074681e-02,1.938232161874334503e-01,9.309352517985612252e+00,4.796163069544364527e-02,3.621103117505995339e+00
6.493750768688360431e+00,-9.584664536741213658e-02,2.023429179978700893e-02,1.554845580404685956e-01,9.055155875299760737e+00,2.206235011990407557e-01,3.563549160671462879e+00
6.498708803087331454e+00,-1.054313099041533502e-01,2.449414270500532495e-02,1.480298189563365174e-01,9.002398081534773056e+00,1.894484412470023860e-01,3.498800959232613916e+00
6.503666837486303365e+00,-9.691160809371672513e-02,4.153354632587859252e-02,1.565495207667731703e-01,9.115107913669064033e+00,1.438848920863309427e-02,3.589928057553956720e+00
6.508624871885275276e+00,-7.241746538871139671e-02,6.496272630457934627e-02,1.416400425985090417e-01,9.151079136690647431e+00,-4.556354916067146404e-02,3.657074340527577849e+00
6.513582906284246299e+00,-6.602768903088392094e-02,7.987220447284344715e-02,1.182108626198083018e-01,9.134292565947241371e+00,1.031175059952038342e-01,3.894484412470024193e+00
6.518540940683218210e+00,-6.602768903088392094e-02,5.644302449414270728e-02,1.043663471778487756e-01,8.877697841726618577e+00,3.645083932853717124e-01,4.052757793764987682e+00
6.523498975082189233e+00,-6.283280085197018305e-02,3.194888178913737886e-02,1.192758253461128903e-01,8.803357314148680501e+00,5.515587529976019310e-01,3.587529976019184552e+00
6.528457009481161144e+00,-1.001064962726304630e-01,2.342917997870074681e-02,1.341853035143769912e-01,8.733812949640288537e+00,2.446043165467625957e-01,3.877697841726618577e+00
6.533415043880133055e+00,-1.011714589989350377e-01,3.620873269435569836e-02,1.586794462193823196e-01,8.829736211031175230e+00,0.000000000000000000e+00,3.916067146282973699e+00
6.538373078279104078e+00,-8.626198083067092293e-02,2.342917997870074681e-02,1.661341853035143701e-01,8.841726618705035179e+00,-2.086330935251798635e-01,4.743405275779376318e+00
6.543331112678075989e+00,-5.324813631522896766e-03,-9.584664536741213658e-03,1.703940362087326965e-01,9.002398081534773056e+00,-4.076738609112710160e-02,3.700239808153477306e+00
6.548289147077047900e+00,-6.709265175718849561e-02,-4.472843450479233041e-02,1.661341853035143701e-01,8.976019184652278327e+00,-1.630695443645084064e-01,4.052757793764987682e+00
6.553247181476018923e+00,-6.496272630457934627e-02,-5.005324813631523151e-02,1.554845580404685956e-01,9.067146282973620686e+00,-3.021582733812949728e-01,3.688249400479616469e+00
6.558205215874990834e+00,-4.898828541001064990e-02,-4.898828541001064990e-02,1.395101171458998923e-01,8.848920863309352569e+00,-3.980815347721822772e-01,3.788968824940047941e+00
6.563163250273962745e+00,-9.584664536741213658e-03,-3.514376996805111675e-02,1.277955271565495154e-01,8.827338129496402175e+00,-4.676258992805755188e-01,3.292565947242206192e+00
6.568121284672933768e+00,-1.916932907348242732e-02,-1.916932907348242732e-02,1.075612353567625135e-01,9.014388489208633004e+00,-5.851318944844124958e-01,3.856115107913669071e+00
6.573079319071905680e+00,-9.584664536741213658e-03,-4.685835995740149362e-02,6.815761448349308416e-02,9.026378896882494729e+00,-4.172661870503597270e-01,3.760191846522781933e+00
6.578037353470877591e+00,-2.768903088391906284e-02,-7.348242811501597138e-02,5.111821086261980618e-02,8.887290167865707247e+00,-2.685851318944844079e-01,3.625899280575539674e+00
6.582995387869848614e+00,-2.768903088391906284e-02,-7.135250266240682204e-02,4.366347177848775574e-02,8.899280575539568972e+00,-3.165467625899280324e-01,3.544364508393285540e+00
6.587953422268820525e+00,-1.277955271565495154e-02,-4.792332268370606829e-02,3.407880724174654208e-02,9.158273381294964821e+00,-3.812949640287769948e-01,3.431654676258992787e+00
6.592911456667791548e+00,-1.277955271565495154e-02,-1.490947816826411129e-02,1.597444089456868943e-02,9.076738609112709355e+00,-5.467625899280575963e-01,3.767386091127098435e+00
6.597869491066763459e+00,2.129925452609158880e-03,-7.454739084132055646e-03,3.194888178913737886e-03,9.059952038369305072e+00,-4.940047961630695261e-01,4.047961630695443347e+00
6.602827525465735370e+00,5.324813631522896766e-03,-4.685835995740149362e-02,-1.490947816826411129e-02,8.944844124700239263e+00,-3.213429256594724226e-01,3.992805755395683498e+00
6.607785559864706393e+00,-4.259850905218317760e-03,-8.413205537806177359e-02,-2.981895633652822258e-02,9.131894484412470092e+00,-2.853717026378896904e-01,3.611510791366906670e+00
6.612743594263678304e+00,-1.916932907348242732e-02,-8.839190628328008614e-02,-5.111821086261980618e-02,9.661870503597121740e+00,-5.803357314148680501e-01,3.805755395683453113e+00
6.617701628662650215e+00,9.584664536741213658e-03,-8.626198083067092293e-02,-9.478168264110756192e-02,9.503597122302158695e+00,-5.131894484412470314e-01,3.223021582733812895e+00
6.622659663061621238e+00,-1.810436634717784918e-02,-7.987220447284344715e-02,-1.501597444089456945e-01,9.352517985611511264e+00,-4.388489208633093441e-01,3.654676258992805682e+00
6.627617697460593149e+00,1.064962726304579353e-02,-7.241746538871139671e-02,-1.757188498402555976e-01,9.179856115107913439e+00,-2.350119904076738708e-01,3.167865707434052602e+00
6.632575731859565060e+00,-5.324813631522896766e-03,-6.496272630457934627e-02,-1.810436634717784987e-01,9.177458033573142160e+00,-1.582733812949640162e-01,3.263788968824940184e+00
6.637533766258536083e+00,9.584664536741213658e-03,-4.898828541001064990e-02,-1.938232161874334503e-01,9.501199040767385640e+00,1.678657074340527550e-02,3.275779376498801021e+00
6.642491800657507994e+00,-1.064962726304579440e-03,-3.833865814696485463e-02,-1.821086261980830734e-01,9.371702637889688603e+00,2.781774580335731328e-01,3.342925659472422151e+00
6.647449835056479017e+00,-1.490947816826411129e-02,-3.833865814696485463e-02,-1.810436634717784987e-01,9.131894484412470092e+00,3.237410071942445899e-01,3.681055155875299967e+00
6.652407869455450928e+00,-4.259850905218317760e-03,-3.727369542066027996e-02,-1.693290734824281218e-01,9.261390887290167129e+00,1.486810551558752913e-01,3.726618705035971146e+00
6.657365903854422839e+00,4.259850905218317760e-03,-4.898828541001064990e-02,-1.682641107561235472e-01,9.280575539568344468e+00,6.235011990407673954e-02,3.947242206235011874e+00
6.662323938253393862e+00,7.454739084132055646e-03,-7.135250266240682204e-02,-1.767838125665601723e-01,9.263788968824940184e+00,2.206235011990407557e-01,3.654676258992805682e+00
6.667281972652365774e+00,-5.324813631522896766e-03,-9.265175718849839870e-02,-1.831735889243876481e-01,9.079136690647482411e+00,2.781774580335731328e-01,4.000000000000000000e+00
6.672240007051337685e+00,7.028753993610223350e-02,-6.283280085197018305e-02,-1.395101171458998923e-01,8.894484412470024637e+00,5.923261390887289979e-01,2.721822541966426812e+00
6.677198041450308708e+00,-4.259850905218317760e-03,-4.579339723109691201e-02,-9.797657082002129980e-02,9.309352517985612252e+00,3.069544364508393075e-01,3.568345323741007213e+00
6.682156075849280619e+00,2.236421725239616520e-02,-3.514376996805111675e-02,-9.478168264110756192e-02,9.261390887290167129e+00,3.812949640287769948e-01,2.940047961630695372e+00
6.687114110248252530e+00,0.000000000000000000e+00,0.000000000000000000e+00,-8.945686900958466081e-02,9.242206235011989790e+00,4.412470023980815115e-01,3.741007194244604150e+00
6.692072144647223553e+00,4.366347177848775574e-02,-5.324813631522896766e-03,-6.709265175718849561e-02,9.294964028776979248e+00,3.741007194244604372e-01,3.772182254196642770e+00
6.697030179046195464e+00,3.194888178913737886e-02,-4.366347177848775574e-02,-7.135250266240682204e-02,9.683453237410072134e+00,5.755395683453237710e-02,3.606714628297361891e+00
6.701988213445166487e+00,-3.194888178913737886e-02,-8.945686900958466081e-02,-1.096911608093716767e-01,9.551558752997602042e+00,-3.884892086330935523e-01,3.549160671462829875e+00
6.706946247844138398e+00,1.064962726304579353e-02,-7.028753993610223350e-02,-1.405750798722044670e-01,9.172661870503597825e+00,-7.194244604316547137e-03,3.517985611510791255e+00
6.711904282243110309e+00,4.685835995740149362e-02,-3.620873269435569836e-02,-1.554845580404685956e-01,8.858513189448441238e+00,5.539568345323740983e-01,2.889688249400479414e+00
6.716862316642081332e+00,7.454739084132055646e-03,-3.194888178913737886e-03,-1.011714589989350377e-01,8.729016786570744202e+00,5.467625899280575963e-01,3.745803357314148485e+00
6.721820351041053243e+00,5.537806176783812567e-02,2.023429179978700893e-02,-6.709265175718849561e-02,9.187050359712230829e+00,4.748201438848920763e-01,3.081534772182254134e+00
6.726778385440025154e+00,-2.129925452609158706e-02,-1.064962726304579440e-03,-6.709265175718849561e-02,9.232613908872901121e+00,1.870503597122302186e-01,4.268585131894484519e+00
6.731736419838996177e+00,3.088391906283280072e-02,-2.129925452609158706e-02,-9.584664536741213658e-02,8.858513189448441238e+00,5.779376498800958828e-01,3.628297362110311841e+00
6.736694454237968088e+00,-7.454739084132055646e-03,-4.685835995740149362e-02,-1.001064962726304630e-01,8.726618705035971146e+00,8.105515587529975585e-01,4.011990407673860837e+00
6.741652488636939999e+00,-2.129925452609158880e-03,-8.413205537806177359e-02,-7.667731629392970927e-02,8.784172661870503163e+00,8.633093525179855732e-01,3.717026378896882477e+00
6.746610523035911022e+00,-4.259850905218317760e-03,-1.054313099041533502e-01,-5.005324813631523151e-02,8.935251798561150594e+00,8.033573141486810565e-01,3.069544364508393297e+00
6.751568557434882933e+00,-1.703940362087327104e-02,-8.732694355697551147e-02,-4.046858359957401785e-02,9.112709832134292753e+00,7.242206235011990900e-01,3.270983213429256686e+00
6.756526591833854845e+00,1.277955271565495154e-02,-6.602768903088392094e-02,-2.023429179978700893e-02,8.609112709832134058e+00,9.400479616306954833e-01,2.834532374100719565e+00
6.761484626232825867e+00,-2.342917997870074681e-02,-6.176783812566560145e-02,8.519701810436635520e-03,9.633093525179855732e+00,6.738609112709832427e-01,3.429256594724220619e+00
6.766442660631797779e+00,-3.194888178913737886e-02,-8.732694355697551147e-02,-4.259850905218317760e-03,9.815347721822542226e+00,4.100719424460431695e-01,3.107913669064748419e+00
6.771400695030768802e+00,-2.129925452609158880e-03,-2.875399361022364098e-02,-1.384451544195953142e-02,9.153477218225420486e+00,6.402877697841726778e-01,3.074340527577937632e+00
6.776358729429740713e+00,7.028753993610223350e-02,7.880724174653887248e-02,5.750798722044728195e-02,9.285371702637888802e+00,8.513189448441247364e-01,3.486810551558753080e+00
6.781316763828712624e+00,4.579339723109691201e-02,8.306709265175718504e-02,1.150159744408945639e-01,9.947242206235012318e+00,6.043165467625899456e-01,3.904076738609112862e+00
6.786274798227683647e+00,-2.981895633652822258e-02,4.259850905218317760e-03,8.306709265175718504e-02,9.587529976019185440e+00,5.851318944844124958e-01,4.182254196642685606e+00
6.791232832626655558e+00,-5.324813631522896766e-03,-6.389776357827475772e-03,5.111821086261980618e-02,9.254196642685851515e+00,1.146282973621103096e+00,3.666666666666666519e+00
6.796190867025627469e+00,-2.875399361022364098e-02,0.000000000000000000e+00,9.052183173588924936e-02,9.347721822541966930e+00,1.151079136690647431e+00,3.877697841726618577e+00
6.801148901424598492e+00,-5.324813631522896940e-02,-1.703940362087327104e-02,1.352502662406815659e-01,9.477218225419663966e+00,6.570743405275779603e-01,3.676258992805755188e+00
6.806106935823570403e+00,-7.561235356762513460e-02,-4.579339723109691201e-02,1.331203407880724165e-01,9.294964028776979248e+00,3.525179856115107646e-01,3.390887290167865498e+00
6.811064970222542314e+00,-7.348242811501597138e-02,-4.579339723109691201e-02,1.043663471778487756e-01,8.817745803357313505e+00,5.371702637889688159e-01,2.928057553956834536e+00
6.816023004621513337e+00,-1.086261980830670881e-01,-5.005324813631523151e-02,9.584664536741213658e-02,9.028776978417266008e+00,5.251798561151078681e-01,3.146282973621103096e+00
6.820981039020485248e+00,-1.256656017039403661e-01,-6.283280085197018305e-02,9.797657082002129980e-02,9.256594724220622794e+00,6.954436450839328321e-02,2.712230215827338142e+00
6.825939073419456271e+00,-9.265175718849839870e-02,1.916932907348242732e-02,8.945686900958466081e-02,9.019184652278177339e+00,-1.894484412470023860e-01,2.894484412470024193e+00
6.830897107818428182e+00,-2.662406815761448470e-02,1.214057507987220397e-01,7.454739084132055993e-02,8.997601918465226944e+00,1.774580335731414937e-01,3.474820143884892243e+00
6.835855142217400093e+00,-5.750798722044728195e-02,9.904153354632587447e-02,8.839190628328008614e-02,8.992805755395682610e+00,3.693045563549160470e-01,4.242206235011990678e+00
6.840813176616371116e+00,-7.454739084132055993e-02,9.584664536741213658e-03,1.001064962726304630e-01,8.786570743405276218e+00,2.398081534772182333e-01,4.412470023980815448e+00
6.845771211015343027e+00,-3.301384451544196047e-02,-2.555910543130990309e-02,8.839190628328008614e-02,9.023980815347721673e+00,2.877697841726618577e-01,3.412470023980815448e+00
6.850729245414314939e+00,-7.454739084132055993e-02,-1.916932907348242732e-02,7.454739084132055993e-02,9.187050359712230829e+00,2.925659472422062479e-01,3.918465227817745866e+00
6.855687279813285961e+00,-7.987220447284344715e-02,-4.472843450479233041e-02,8.413205537806177359e-02,8.997601918465226944e+00,3.117505995203836977e-01,3.491606714628297414e+00
6.860645314212257873e+00,-9.052183173588924936e-02,-5.644302449414270728e-02,9.797657082002129980e-02,9.062350119904076351e+00,8.633093525179856564e-02,3.227817745803357230e+00
6.865603348611229784e+00,-7.774227902023429781e-02,-2.449414270500532495e-02,7.987220447284344715e-02,9.354916067146282543e+00,-1.199040767386091132e-02,2.935251798561151038e+00
6.870561383010200807e+00,-1.033013844515442009e-01,1.064962726304579353e-02,5.750798722044728195e-02,9.302158273381294862e+00,3.357314148681055099e-02,3.304556354916067029e+00
6.875519417409172718e+00,-9.797657082002129980e-02,2.875399361022364098e-02,5.111821086261980618e-02,9.333333333333333925e+00,3.836930455635491344e-02,3.486810551558753080e+00
6.880477451808143741e+00,-9.158679446219382403e-02,3.727369542066027996e-02,6.709265175718849561e-02,9.230215827338129841e+00,-1.199040767386091132e-02,3.664268585131894351e+00
6.885435486207115652e+00,-9.478168264110756192e-02,3.514376996805111675e-02,5.537806176783812567e-02,9.422062350119903229e+00,-1.414868105515587615e-01,3.683453237410072134e+00
6.890393520606087563e+00,-1.352502662406815659e-01,1.064962726304579440e-03,1.277955271565495154e-02,9.513189448441247364e+00,-2.829736211031175230e-01,4.091127098321343247e+00
6.895351555005058586e+00,-1.267305644302449408e-01,-2.662406815761448470e-02,-2.768903088391906284e-02,9.359712230215826878e+00,-1.966426858513189435e-01,3.505995203836930418e+00
6.900309589404030497e+00,-1.448349307774227934e-01,-1.597444089456868943e-02,-4.898828541001064990e-02,9.400479616306954611e+00,-1.678657074340527688e-01,3.613908872901678837e+00
6.905267623803002408e+00,-1.427050053248136441e-01,2.129925452609158880e-03,-5.644302449414270728e-02,9.311750599520383531e+00,-6.714628297362110199e-02,3.551558752997602042e+00
6.910225658201973431e+00,-1.554845580404685956e-01,-5.324813631522896766e-03,-5.537806176783812567e-02,9.184652278177457774e+00,-1.366906474820143991e-01,3.513189448441246920e+00
6.915183692600945342e+00,-1.512247071352502692e-01,-4.259850905218317760e-03,-6.602768903088392094e-02,9.237410071942445455e+00,-3.357314148681055377e-01,3.407673860911271113e+00
6.920141726999917253e+00,-1.490947816826411199e-01,3.194888178913737886e-03,-9.052183173588924936e-02,9.318944844124700921e+00,-4.292565947242206192e-01,3.347721822541966485e+00
6.925099761398888276e+00,-1.501597444089456945e-01,1.490947816826411129e-02,-1.224707135250266282e-01,9.160671462829736100e+00,-2.997601918465228055e-01,3.472422062350120076e+00
6.930057795797860187e+00,-1.309904153354632672e-01,2.981895633652822258e-02,-1.309904153354632672e-01,8.606714628297362779e+00,-1.199040767386091132e-02,3.633093525179856176e+00
6.935015830196832098e+00,-1.022364217252396124e-01,2.981895633652822258e-02,-1.001064962726304630e-01,8.501199040767385640e+00,-4.316546762589928282e-02,4.011990407673860837e+00
6.939973864595803121e+00,-6.496272630457934627e-02,-3.194888178913737886e-03,-7.561235356762513460e-02,9.086330935251798024e+00,-3.573141486810551548e-01,3.805755395683453113e+00
6.944931898994775032e+00,-6.496272630457934627e-02,-3.194888178913737886e-02,-9.904153354632587447e-02,9.131894484412470092e+00,-4.268585131894484519e-01,3.597122302158273222e+00
6.949889933393746055e+00,-5.111821086261980618e-02,-3.194888178913737886e-02,-1.373801916932907430e-01,8.920863309352517589e+00,-1.366906474820143991e-01,3.417266187050359783e+00
6.954847967792717967e+00,-2.768903088391906284e-02,-8.519701810436635520e-03,-1.320553780617678419e-01,8.901678657074340251e+00,1.103117505995203779e-01,3.477218225419664410e+00
6.959806002191689878e+00,-1.384451544195953142e-02,5.324813631522896766e-03,-1.064962726304579388e-01,9.038369304556354678e+00,9.112709832134292809e-02,3.465227817745803574e+00
6.964764036590660901e+00,-2.555910543130990309e-02,-1.064962726304579440e-03,-1.033013844515442009e-01,9.239808153477218511e+00,-1.031175059952038342e-01,3.494004796163069582e+00
6.969722070989632812e+00,-3.514376996805111675e-02,-7.454739084132055646e-03,-1.352502662406815659e-01,9.218225419664268117e+00,6.714628297362110199e-02,3.470023980815347908e+00
6.974680105388604723e+00,-5.324813631522896940e-02,-8.519701810436635520e-03,-1.490947816826411199e-01,9.129496402877697037e+00,3.980815347721822772e-01,3.570743405275779381e+00
6.979638139787575746e+00,-6.496272630457934627e-02,-1.490947816826411129e-02,-1.341853035143769912e-01,9.165467625899280435e+00,3.621103117505995450e-01,3.604316546762589724e+00
6.984596174186547657e+00,-6.815761448349308416e-02,-1.916932907348242732e-02,-1.235356762513312029e-01,9.381294964028777272e+00,3.836930455635491344e-02,3.522781774580335590e+00
6.989554208585519568e+00,-7.028753993610223350e-02,-2.236421725239616520e-02,-1.416400425985090417e-01,9.508393285371703030e+00,-1.654676258992805737e-01,3.649880095923261347e+00
6.994512242984490591e+00,-7.348242811501597138e-02,-3.407880724174654208e-02,-1.693290734824281218e-01,9.400479616306954611e+00,-1.798561151079136611e-01,3.625899280575539674e+00
6.999470277383462502e+00,-6.496272630457934627e-02,-4.259850905218317413e-02,-1.831735889243876481e-01,9.304556354916067917e+00,-1.918465227817745811e-01,3.558752997601918544e+00
7.004428311782433525e+00,-3.301384451544196047e-02,-2.768903088391906284e-02,-1.842385516506922227e-01,9.129496402877697037e+00,-2.541966426858512929e-01,3.465227817745803574e+00
7.009386346181405436e+00,1.171458998935037341e-02,2.129925452609158880e-03,-1.831735889243876481e-01,9.117505995203837088e+00,-3.836930455635491621e-01,3.788968824940047941e+00
7.014344380580377347e+00,5.431309904153354406e-02,0.000000000000000000e+00,-1.884984025559105492e-01,9.254196642685851515e+00,-5.683453237410072134e-01,4.136690647482014427e+00
7.019302414979348370e+00,9.158679446219382403e-02,-4.579339723109691201e-02,-2.140575079872204523e-01,9.285371702637888802e+00,-6.330935251798560648e-01,4.227817745803357674e+00
7.024260449378320281e+00,1.448349307774227934e-01,-7.667731629392970927e-02,-2.492012779552715551e-01,9.191846522781775164e+00,-4.244604316546762846e-01,3.884892086330935079e+00
7.029218483777292192e+00,1.970181043663471743e-01,-7.028753993610223350e-02,-2.651757188498402584e-01,9.213429256594723782e+00,-1.247002398081534791e-01,3.822541966426858728e+00
7.034176518176263215e+00,2.460063897763578311e-01,-5.111821086261980618e-02,-2.555910543130990309e-01,9.059952038369305072e+00,2.086330935251798635e-01,4.002398081534772167e+00
7.039134552575235126e+00,2.779552715654952100e-01,-6.176783812566560145e-02,-2.396166134185303553e-01,9.076738609112709355e+00,3.285371702637889801e-01,4.230215827338129841e+00
7.044092586974207038e+00,2.864749733759318628e-01,-1.075612353567625135e-01,-2.406815761448349300e-01,9.273381294964028854e+00,4.340527577937650094e-01,4.158273381294963933e+00
7.049050621373178060e+00,2.747603833865814860e-01,-1.522896698615548439e-01,-2.609158679446219598e-01,9.258992805755395850e+00,9.016786570743404727e-01,3.805755395683453113e+00
7.054008655772149972e+00,2.428115015974440793e-01,-1.714589989350372712e-01,-2.566560170394036056e-01,9.153477218225420486e+00,1.477218225419664188e+00,3.628297362110311841e+00
7.058966690171120995e+00,2.097976570820021258e-01,-1.703940362087326965e-01,-2.087326943556975511e-01,9.182254196642686495e+00,1.697841726618705138e+00,3.426858513189448452e+00
7.063924724570092906e+00,1.608093716719914690e-01,-1.682641107561235472e-01,-1.565495207667731703e-01,9.398081534772181556e+00,1.520383693045563644e+00,3.299760191846522694e+00
7.068882758969064817e+00,1.001064962726304630e-01,-1.682641107561235472e-01,-1.341853035143769912e-01,9.652278177458033070e+00,1.254196642685851293e+00,3.177458033573141272e+00
7.073840793368035840e+00,3.620873269435569836e-02,-1.693290734824281218e-01,-1.331203407880724165e-01,9.657074340527577405e+00,1.270983213429256686e+00,3.134292565947242259e+00
7.078798827767007751e+00,-1.810436634717784918e-02,-1.661341853035143701e-01,-1.214057507987220397e-01,9.587529976019185440e+00,1.359712230215827322e+00,3.122302158273381423e+00
7.083756862165979662e+00,-5.644302449414270728e-02,-1.501597444089456945e-01,-8.413205537806177359e-02,9.657074340527577405e+00,1.247002398081534791e+00,3.057553956834532460e+00
7.088714896564950685e+00,-8.093716719914803570e-02,-1.214057507987220397e-01,-4.046858359957401785e-02,9.702637889688249473e+00,9.304556354916067029e-01,3.091127098321342803e+00
7.093672930963922596e+00,-9.478168264110756192e-02,-1.033013844515442009e-01,-1.916932907348242732e-02,9.750599520383692820e+00,5.635491606714628787e-01,3.256594724220623682e+00
7.098630965362894507e+00,-1.033013844515442009e-01,-9.904153354632587447e-02,-2.236421725239616520e-02,9.690647482014387748e+00,4.844124700239808012e-01,3.268585131894484519e+00
7.103588999761865530e+00,-1.075612353567625135e-01,-9.158679446219382403e-02,-2.555910543130990309e-02,9.544364508393284652e+00,6.043165467625899456e-01,3.388489208633093330e+00
7.108547034160837441e+00,-9.478168264110756192e-02,-7.774227902023429781e-02,-4.259850905218317760e-03,9.486810551558752636e+00,6.810551558752997447e-01,3.414868105515587615e+00
7.113505068559808464e+00,-8.200212992545261037e-02,-6.176783812566560145e-02,2.768903088391906284e-02,9.508393285371703030e+00,6.450839328537170125e-01,3.501199040767386084e+00
7.118463102958780375e+00,-7.774227902023429781e-02,-5.644302449414270728e-02,4.685835995740149362e-02,9.553956834532373321e+00,6.258992805755395628e-01,3.621103117505995339e+00
7.123421137357752286e+00,-8.519701810436634826e-02,-7.241746538871139671e-02,5.324813631522896940e-02,9.522781774580336034e+00,6.570743405275779603e-01,3.580335731414868050e+00
7.128379171756723309e+00,-1.022364217252396124e-01,-9.265175718849839870e-02,4.898828541001064990e-02,9.410071942446043280e+00,7.505995203836930418e-01,3.426858513189448452e+00
7.133337206155695220e+00,-1.182108626198083018e-01,-9.904153354632587447e-02,5.644302449414270728e-02,9.306954436450839196e+00,8.417266187050359560e-01,3.232613908872901565e+00
7.138295240554667132e+00,-1.309904153354632672e-01,-8.945686900958466081e-02,7.987220447284344715e-02,9.369304556354915547e+00,7.434052757793765398e-01,3.141486810551558762e+00
7.143253274953638154e+00,-1.373801916932907430e-01,-7.774227902023429781e-02,9.478168264110756192e-02,9.510791366906474309e+00,5.203836930455635335e-01,3.151079136690647431e+00
7.148211309352610066e+00,-1.458998935037273681e-01,-7.135250266240682204e-02,9.478168264110756192e-02,9.556354916067146377e+00,3.573141486810551548e-01,3.268585131894484519e+00
7.153169343751581977e+00,-1.490947816826411199e-01,-7.135250266240682204e-02,8.413205537806177359e-02,9.503597122302158695e+00,3.285371702637889801e-01,3.359712230215827322e+00
7.158127378150553000e+00,-1.469648562300319428e-01,-8.093716719914803570e-02,8.519701810436634826e-02,9.489208633093525691e+00,3.525179856115107646e-01,3.362110311750599489e+00
7.163085412549524911e+00,-1.384451544195953177e-01,-8.945686900958466081e-02,9.584664536741213658e-02,9.486810551558752636e+00,2.853717026378896904e-01,3.187050359712230385e+00
7.168043446948496822e+00,-1.256656017039403661e-01,-8.306709265175718504e-02,9.904153354632587447e-02,9.616306954436451448e+00,1.726618705035971313e-01,3.038369304556355122e+00
7.173001481347467845e+00,-1.118210862619808260e-01,-6.496272630457934627e-02,9.052183173588924936e-02,9.685851318944843413e+00,1.702637889688249362e-01,3.023980815347721673e+00
7.177959515746439756e+00,-9.691160809371672513e-02,-3.833865814696485463e-02,8.519701810436634826e-02,9.501199040767385640e+00,3.165467625899280324e-01,3.223021582733812895e+00
7.182917550145410779e+00,-7.774227902023429781e-02,-2.662406815761448470e-02,9.584664536741213658e-02,9.314148681055156587e+00,4.340527577937650094e-01,3.520383693045563422e+00
7.187875584544382690e+00,-6.283280085197018305e-02,-4.153354632587859252e-02,1.139510117145899892e-01,9.419664268585131950e+00,3.117505995203836977e-01,3.601918465227817556e+00
7.192833618943354601e+00,-5.431309904153354406e-02,-6.389776357827475772e-02,1.075612353567625135e-01,9.505995203836929974e+00,1.726618705035971313e-01,3.544364508393285540e+00
7.197791653342325624e+00,-5.111821086261980618e-02,-7.987220447284344715e-02,8.839190628328008614e-02,9.405275779376498946e+00,3.021582733812949728e-01,3.522781774580335590e+00
7.202749687741297535e+00,-4.259850905218317413e-02,-8.626198083067092293e-02,8.200212992545261037e-02,9.247002398081534125e+00,4.724220623501199090e-01,3.510791366906474753e+00
7.207707722140269446e+00,-3.194888178913737886e-02,-9.265175718849839870e-02,1.001064962726304630e-01,9.201438848920863833e+00,4.556354916067146266e-01,3.520383693045563422e+00
7.212665756539240469e+00,-2.129925452609158706e-02,-1.001064962726304630e-01,1.171458998935037271e-01,9.328537170263789591e+00,2.877697841726618577e-01,3.491606714628297414e+00
7.217623790938212380e+00,-1.490947816826411129e-02,-1.075612353567625135e-01,1.182108626198083018e-01,9.316546762589927866e+00,2.182254196642685884e-01,3.577937649880095883e+00
7.222581825337184291e+00,-1.384451544195953142e-02,-1.299254526091586925e-01,1.086261980830670881e-01,9.223021582733812451e+00,2.517985611510791255e-01,3.690647482014388636e+00
7.227539859736155314e+00,-1.490947816826411129e-02,-1.629392971246006461e-01,1.054313099041533502e-01,9.251798561151078459e+00,2.230215827338129508e-01,3.446043165467625791e+00
7.232497894135127225e+00,-1.916932907348242732e-02,-1.831735889243876481e-01,1.001064962726304630e-01,9.333333333333333925e+00,-1.918465227817745672e-02,3.203836930455635557e+00
7.237455928534098248e+00,-1.277955271565495154e-02,-1.778487752928647470e-01,8.626198083067092293e-02,9.424460431654676285e+00,-2.781774580335731328e-01,3.103117505995203640e+00
7.242413962933070160e+00,5.324813631522896766e-03,-1.703940362087326965e-01,6.602768903088392094e-02,9.460431654676259683e+00,-4.052757793764987793e-01,3.067146282973621130e+00
7.247371997332042071e+00,1.916932907348242732e-02,-1.714589989350372712e-01,3.940362087326943624e-02,9.606714628297362779e+00,-5.443645083932853179e-01,2.997601918465227833e+00
7.252330031731013094e+00,4.259850905218317413e-02,-1.480298189563365174e-01,1.064962726304579353e-02,9.645083932853717457e+00,-6.067146282973621130e-01,2.928057553956834536e+00
7.257288066129985005e+00,7.454739084132055993e-02,-1.033013844515442009e-01,-2.449414270500532495e-02,9.546762589928057707e+00,-4.820143884892086339e-01,3.160671462829736100e+00
7.262246100528956916e+00,8.413205537806177359e-02,-1.001064962726304630e-01,-5.431309904153354406e-02,9.541966426858513373e+00,-5.107913669064748641e-01,3.630695443645084008e+00
7.267204134927927939e+00,1.064962726304579388e-01,-1.373801916932907430e-01,-8.945686900958466081e-02,9.515587529976018644e+00,-4.388489208633093441e-01,3.165467625899280435e+00
7.272162169326899850e+00,7.241746538871139671e-02,-1.618743343982960714e-01,-1.448349307774227934e-01,9.431654676258993675e+00,-2.997601918465228055e-01,2.594724220623501054e+00
7.277120203725871761e+00,4.792332268370606829e-02,-1.352502662406815659e-01,-2.044728434504792247e-01,9.482014388489208301e+00,-5.755395683453237710e-02,2.546762589928057707e+00
7.282078238124842784e+00,7.561235356762513460e-02,-7.135250266240682204e-02,-2.225772097976570774e-01,9.172661870503597825e+00,5.947242206235011652e-01,2.139088729016786594e+00
7.287036272523814695e+00,1.597444089456868943e-02,-3.940362087326943624e-02,-2.023429179978700754e-01,9.316546762589927866e+00,6.834532374100719121e-01,3.052757793764988126e+00
7.291994306922785718e+00,0.000000000000000000e+00,-5.963791267305644517e-02,-2.023429179978700754e-01,9.486810551558752636e+00,6.067146282973621130e-01,3.220623501199040728e+00
7.296952341321757629e+00,-1.384451544195953142e-02,-7.241746538871139671e-02,-2.193823216187433534e-01,9.223021582733812451e+00,9.352517985611510376e-01,2.820143884892086117e+00
7.301910375720729540e+00,-5.537806176783812567e-02,-6.070287539936101984e-02,-2.066027689030884018e-01,9.079136690647482411e+00,1.290167865707434025e+00,3.347721822541966485e+00
7.306868410119700563e+00,-4.046858359957401785e-02,-7.241746538871139671e-02,-1.427050053248136441e-01,9.086330935251798024e+00,1.424460431654676285e+00,3.187050359712230385e+00
7.311826444518672474e+00,-4.153354632587859252e-02,-7.667731629392970927e-02,-7.561235356762513460e-02,9.194244604316546443e+00,1.345323741007194318e+00,2.944844124700239707e+00
7.316784478917644385e+00,-4.366347177848775574e-02,-4.685835995740149362e-02,-2.875399361022364098e-02,9.206235011990408168e+00,1.436450839328537121e+00,3.167865707434052602e+00
7.321742513316615408e+00,-4.046858359957401785e-02,-3.514376996805111675e-02,2.449414270500532495e-02,9.285371702637888802e+00,1.597122302158273444e+00,3.580335731414868050e+00
7.326700547715587319e+00,-2.236421725239616520e-02,-4.472843450479233041e-02,1.043663471778487756e-01,8.942446043165467984e+00,1.697841726618705138e+00,3.529976019184652092e+00
7.331658582114559231e+00,-3.194888178913737886e-02,-5.644302449414270728e-02,1.799787007454738963e-01,9.076738609112709355e+00,1.443645083932853623e+00,3.553956834532374209e+00
7.336616616513530253e+00,-6.602768903088392094e-02,-9.584664536741213658e-02,2.129925452609158776e-01,9.513189448441247364e+00,1.050359712230215736e+00,3.829736211031175230e+00
7.341574650912502165e+00,-5.857294994675186356e-02,-1.235356762513312029e-01,2.076677316293929765e-01,9.196642685851319499e+00,1.362110311750599489e+00,2.798561151079136611e+00
7.346532685311474076e+00,-1.192758253461128903e-01,-1.043663471778487756e-01,2.310969116080937302e-01,9.235011990407674176e+00,1.479616306954436356e+00,3.326139088729016979e+00
7.351490719710445099e+00,-9.584664536741213658e-02,-8.519701810436634826e-02,2.992545260915868144e-01,9.239808153477218511e+00,1.160671462829736100e+00,3.103117505995203640e+00
7.356448754109417010e+00,-8.200212992545261037e-02,-5.218317358892438779e-02,3.567625133120340686e-01,9.414868105515587615e+00,5.779376498800958828e-01,3.047961630695443791e+00
7.361406788508388033e+00,-1.182108626198083018e-01,-6.176783812566560145e-02,3.556975505857294939e-01,9.721822541966426812e+00,-8.153477218225420320e-02,3.815347721822541782e+00
7.366364822907359944e+00,-1.054313099041533502e-01,-1.224707135250266282e-01,2.960596379126730349e-01,9.621103117505995783e+00,-1.510791366906474864e-01,3.290167865707434025e+00
7.371322857306331855e+00,-1.203407880724174650e-01,-1.533546325878594185e-01,2.438764643237486818e-01,9.225419664268585507e+00,1.798561151079136611e-01,2.561151079136690711e+00
7.376280891705302878e+00,-1.033013844515442009e-01,-9.691160809371672513e-02,2.619808306709265344e-01,9.225419664268585507e+00,-9.592326139088729053e-02,2.630695443645084008e+00
7.381238926104274789e+00,-7.241746538871139671e-02,-5.324813631522896940e-02,2.630457933972311091e-01,9.820143884892086561e+00,-8.872901678657074687e-01,2.788968824940047941e+00
7.386196960503246700e+00,-6.709265175718849561e-02,-6.496272630457934627e-02,1.853035143769967974e-01,9.791366906474820553e+00,-1.458033573141486849e+00,3.335731414868105649e+00
7.391154994902217723e+00,-2.236421725239616520e-02,-8.413205537806177359e-02,5.750798722044728195e-02,9.297362110311750527e+00,-9.616306954436451004e-01,2.762589928057554101e+00
7.396113029301189634e+00,-3.407880724174654208e-02,-9.371671991480298725e-02,-6.389776357827475772e-03,9.155875299760191766e+00,-4.844124700239808012e-01,3.923261390887290201e+00
7.401071063700161545e+00,6.922257720979765883e-02,-1.139510117145899892e-01,-6.389776357827475772e-03,9.105515587529975363e+00,-3.141486810551558650e-01,3.055155875299760293e+00
7.406029098099132568e+00,7.561235356762513460e-02,-1.192758253461128903e-01,-2.129925452609158880e-03,9.350119904076738209e+00,-6.091127098321342803e-01,3.573141486810551548e+00
7.410987132498104479e+00,1.384451544195953177e-01,-1.160809371671991524e-01,-4.472843450479233041e-02,9.419664268585131950e+00,-5.203836930455635335e-01,3.402877697841726778e+00
7.415945166897075502e+00,1.416400425985090417e-01,-1.544195953141639932e-01,-1.011714589989350377e-01,9.254196642685851515e+00,-3.117505995203836977e-02,3.618705035971223172e+00
7.420903201296047413e+00,1.576144834930777450e-01,-1.970181043663471743e-01,-1.352502662406815659e-01,8.851318944844123848e+00,6.187050359712230607e-01,3.270983213429256686e+00
7.425861235695019325e+00,1.512247071352502692e-01,-2.129925452609158776e-01,-1.160809371671991524e-01,8.805755395683453557e+00,8.009592326139088891e-01,3.069544364508393297e+00
7.430819270093990347e+00,1.565495207667731703e-01,-2.151224707135250269e-01,-8.626198083067092293e-02,9.199040767386090778e+00,6.546762589928057929e-01,2.889688249400479414e+00
7.435777304492962259e+00,1.416400425985090417e-01,-2.129925452609158776e-01,-8.626198083067092293e-02,9.275779376498800133e+00,7.098321342925659749e-01,2.776978417266187105e+00
7.440735338891934170e+00,1.139510117145899892e-01,-2.108626198083067005e-01,-9.691160809371672513e-02,9.083932853717026745e+00,1.014388489208633004e+00,3.062350119904076795e+00
7.445693373290905193e+00,9.904153354632587447e-02,-2.236421725239616520e-01,-7.667731629392970927e-02,9.064748201438849406e+00,1.297362110311750527e+00,2.817745803357313950e+00
7.450651407689877104e+00,6.389776357827475772e-02,-2.374866879659212060e-01,-3.514376996805111675e-02,9.347721822541966930e+00,1.187050359712230163e+00,2.705035971223021640e+00
7.455609442088849015e+00,4.366347177848775574e-02,-2.151224707135250269e-01,-9.584664536741213658e-03,9.640287769784173122e+00,1.028776978417266230e+00,2.160671462829736100e+00
7.460567476487820038e+00,3.194888178913737886e-03,-1.565495207667731703e-01,-4.259850905218317760e-03,9.575539568345323715e+00,1.007194244604316502e+00,2.597122302158273222e+00
7.465525510886791949e+00,-6.389776357827475772e-03,-1.150159744408945639e-01,1.064962726304579353e-02,9.400479616306954611e+00,1.112709832134292531e+00,2.757793764988009766e+00
7.470483545285762972e+00,-3.727369542066027996e-02,-1.139510117145899892e-01,4.153354632587859252e-02,9.354916067146282543e+00,9.400479616306954833e-01,3.134292565947242259e+00
7.475441579684734883e+00,-4.472843450479233041e-02,-1.277955271565495154e-01,6.070287539936101984e-02,9.294964028776979248e+00,7.913669064748201087e-01,2.901678657074340695e+00
7.480399614083706794e+00,-6.176783812566560145e-02,-1.341853035143769912e-01,6.709265175718849561e-02,9.321342925659472201e+00,6.906474820143885252e-01,2.872901678657074243e+00
7.485357648482677817e+00,-5.963791267305644517e-02,-1.224707135250266282e-01,7.454739084132055993e-02,9.280575539568344468e+00,7.242206235011990900e-01,2.671462829736210853e+00
7.490315682881649728e+00,-6.070287539936101984e-02,-8.945686900958466081e-02,9.904153354632587447e-02,9.103117505995204084e+00,7.122302158273381423e-01,2.865707434052757741e+00
7.495273717280621639e+00,-4.792332268370606829e-02,-6.922257720979765883e-02,1.267305644302449408e-01,9.141486810551558762e+00,5.323741007194244812e-01,3.239808153477218067e+00
7.500231751679592662e+00,-3.727369542066027996e-02,-8.732694355697551147e-02,1.384451544195953177e-01,9.247002398081534125e+00,1.486810551558752913e-01,3.400479616306954611e+00
7.505189786078564573e+00,-3.514376996805111675e-02,-1.224707135250266282e-01,1.171458998935037271e-01,9.160671462829736100e+00,-5.755395683453237710e-02,3.410071942446043280e+00
7.510147820477536484e+00,-2.023429179978700893e-02,-1.533546325878594185e-01,8.626198083067092293e-02,9.050359712230216402e+00,-5.515587529976018893e-02,3.122302158273381423e+00
7.515105854876507507e+00,0.000000000000000000e+00,-1.671991480298189447e-01,7.135250266240682204e-02,8.899280575539568972e+00,-3.836930455635491344e-02,2.992805755395683498e+00
7.520063889275479418e+00,3.833865814696485463e-02,-1.565495207667731703e-01,7.348242811501597138e-02,8.820143884892086561e+00,-1.438848920863309289e-01,2.853717026378896904e+00
7.525021923674451330e+00,7.241746538871139671e-02,-1.427050053248136441e-01,7.561235356762513460e-02,9.028776978417266008e+00,-3.741007194244604372e-01,2.992805755395683498e+00
7.529979958073422353e+00,9.904153354632587447e-02,-1.469648562300319428e-01,4.579339723109691201e-02,9.122302158273381423e+00,-4.292565947242206192e-01,3.122302158273381423e+00
7.534937992472394264e+00,1.160809371671991524e-01,-1.703940362087326965e-01,-2.129925452609158880e-03,9.124700239808152702e+00,-2.925659472422062479e-01,3.203836930455635557e+00
7.539896026871365287e+00,1.288604898828540901e-01,-1.874334398296059745e-01,-3.833865814696485463e-02,9.143884892086331817e+00,-3.357314148681055099e-02,2.887290167865707247e+00
7.544854061270337198e+00,1.331203407880724165e-01,-1.789137380191693216e-01,-5.857294994675186356e-02,9.117505995203837088e+00,1.918465227817745811e-01,2.848920863309352569e+00
7.549812095669309109e+00,1.458998935037273681e-01,-1.650692225772097954e-01,-6.283280085197018305e-02,9.131894484412470092e+00,2.733812949640287981e-01,2.760191846522781933e+00
7.554770130068280132e+00,1.373801916932907430e-01,-1.597444089456868943e-01,-7.028753993610223350e-02,9.270983213429255798e+00,3.069544364508393075e-01,2.637889688249400511e+00
7.559728164467252043e+00,1.214057507987220397e-01,-1.533546325878594185e-01,-8.839190628328008614e-02,9.290167865707434913e+00,4.892086330935251914e-01,2.517985611510791255e+00
7.564686198866223954e+00,1.011714589989350377e-01,-1.341853035143769912e-01,-1.054313099041533502e-01,9.239808153477218511e+00,8.153477218225420042e-01,2.491606714628297414e+00
7.569644233265194977e+00,7.987220447284344715e-02,-1.086261980830670881e-01,-9.691160809371672513e-02,9.254196642685851515e+00,1.064748201438848962e+00,2.546762589928057707e+00
7.574602267664166888e+00,5.963791267305644517e-02,-7.774227902023429781e-02,-7.028753993610223350e-02,9.213429256594723782e+00,1.064748201438848962e+00,2.707434052757793808e+00
7.579560302063138799e+00,4.153354632587859252e-02,-6.176783812566560145e-02,-4.579339723109691201e-02,9.268585131894484519e+00,9.712230215827337698e-01,2.997601918465227833e+00
7.584518336462109822e+00,2.662406815761448470e-02,-7.135250266240682204e-02,-3.514376996805111675e-02,9.201438848920863833e+00,8.657074340527577405e-01,3.035971223021582954e+00
7.589476370861081733e+00,4.259850905218317760e-03,-8.945686900958466081e-02,-3.194888178913737886e-02,9.129496402877697037e+00,8.297362110311750083e-01,2.892086330935251581e+00
7.594434405260052756e+00,-7.454739084132055646e-03,-9.265175718849839870e-02,-2.768903088391906284e-02,9.139088729016785706e+00,8.872901678657074687e-01,2.642685851318944845e+00
7.599392439659024667e+00,-7.454739084132055646e-03,-6.602768903088392094e-02,-1.064962726304579353e-02,9.129496402877697037e+00,8.968824940047961380e-01,2.556354916067146377e+00
7.604350474057996578e+00,-2.129925452609158880e-03,-3.194888178913737886e-02,9.584664536741213658e-03,9.117505995203837088e+00,7.913669064748201087e-01,2.865707434052757741e+00
7.609308508456967601e+00,6.389776357827475772e-03,-2.981895633652822258e-02,2.662406815761448470e-02,9.247002398081534125e+00,5.947242206235011652e-01,3.151079136690647431e+00
7.614266542855939512e+00,1.384451544195953142e-02,-5.324813631522896940e-02,2.555910543130990309e-02,9.227817745803356786e+00,4.652278177458033515e-01,3.079136690647481966e+00
7.619224577254911424e+00,2.023429179978700893e-02,-7.135250266240682204e-02,1.384451544195953142e-02,9.079136690647482411e+00,5.251798561151078681e-01,3.023980815347721673e+00
7.624182611653882446e+00,3.833865814696485463e-02,-7.241746538871139671e-02,1.490947816826411129e-02,9.093525179856115415e+00,5.899280575539568305e-01,2.798561151079136611e+00
7.629140646052854358e+00,5.537806176783812567e-02,-5.537806176783812567e-02,3.088391906283280072e-02,9.117505995203837088e+00,5.731414868105515481e-01,2.707434052757793808e+00
7.634098680451826269e+00,7.348242811501597138e-02,-2.875399361022364098e-02,4.259850905218317413e-02,9.148681055155876152e+00,5.107913669064748641e-01,2.812949640287769615e+00
7.639056714850797292e+00,8.732694355697551147e-02,-2.236421725239616520e-02,4.472843450479233041e-02,9.235011990407674176e+00,4.244604316546762846e-01,2.966426858513189657e+00
7.644014749249769203e+00,9.158679446219382403e-02,-3.727369542066027996e-02,3.088391906283280072e-02,9.112709832134292753e+00,4.604316546762590168e-01,2.968824940047961825e+00
7.648972783648740226e+00,9.265175718849839870e-02,-5.644302449414270728e-02,1.916932907348242732e-02,9.047961630695443347e+00,5.563549160671462657e-01,2.853717026378896904e+00
7.653930818047712137e+00,9.904153354632587447e-02,-6.176783812566560145e-02,1.490947816826411129e-02,9.119904076738608367e+00,6.330935251798560648e-01,2.549160671462829875e+00
7.658888852446684048e+00,1.022364217252396124e-01,-3.940362087326943624e-02,1.810436634717784918e-02,9.306954436450839196e+00,6.570743405275779603e-01,2.347721822541966485e+00
7.663846886845655071e+00,1.064962726304579388e-01,1.597444089456868943e-02,2.449414270500532495e-02,9.364508393285371213e+00,7.865707434052757741e-01,2.575539568345323715e+00
7.668804921244626982e+00,1.118210862619808260e-01,6.070287539936101984e-02,3.194888178913737886e-02,9.299760191846523583e+00,8.752997601918465209e-01,3.112709832134292753e+00
7.673762955643598893e+00,1.107561235356762513e-01,5.005324813631523151e-02,4.792332268370606829e-02,9.328537170263789591e+00,8.225419664268585063e-01,3.347721822541966485e+00
7.678720990042569916e+00,9.691160809371672513e-02,1.171458998935037341e-02,5.005324813631523151e-02,9.282973621103117523e+00,7.649880095923261569e-01,3.201438848920863389e+00
7.683679024441541827e+00,8.306709265175718504e-02,-8.519701810436635520e-03,3.833865814696485463e-02,9.151079136690647431e+00,8.297362110311750083e-01,2.887290167865707247e+00
7.688637058840513738e+00,8.200212992545261037e-02,1.064962726304579440e-03,4.046858359957401785e-02,9.055155875299760737e+00,8.968824940047961380e-01,2.721822541966426812e+00
7.693595093239484761e+00,8.413205537806177359e-02,2.236421725239616520e-02,6.283280085197018305e-02,9.000000000000000000e+00,8.177458033573141716e-01,2.848920863309352569e+00
7.698553127638456672e+00,9.371671991480298725e-02,3.833865814696485463e-02,8.200212992545261037e-02,9.112709832134292753e+00,5.539568345323740983e-01,3.158273381294963933e+00
7.703511162037427695e+00,1.033013844515442009e-01,2.129925452609158706e-02,7.774227902023429781e-02,9.223021582733812451e+00,3.045563549160671402e-01,3.412470023980815448e+00
7.708469196436399606e+00,1.118210862619808260e-01,-1.171458998935037341e-02,5.431309904153354406e-02,9.148681055155876152e+00,2.685851318944844079e-01,3.474820143884892243e+00
7.713427230835371518e+00,1.288604898828540901e-01,-4.366347177848775574e-02,3.620873269435569836e-02,9.081534772182253690e+00,3.525179856115107646e-01,3.393285371702638109e+00
7.718385265234342540e+00,1.565495207667731703e-01,-6.496272630457934627e-02,3.407880724174654208e-02,9.163069544364509156e+00,3.477218225419664299e-01,3.074340527577937632e+00
7.723343299633314452e+00,1.789137380191693216e-01,-6.389776357827475772e-02,3.833865814696485463e-02,9.299760191846523583e+00,1.966426858513189435e-01,2.839328537170263900e+00
7.728301334032286363e+00,2.023429179978700754e-01,-4.685835995740149362e-02,2.875399361022364098e-02,9.338129496402878260e+00,1.918465227817745811e-01,2.657074340527577849e+00
7.733259368431257386e+00,2.140575079872204523e-01,-2.981895633652822258e-02,1.064962726304579353e-02,9.362110311750599934e+00,3.285371702637889801e-01,2.757793764988009766e+00
7.738217402830229297e+00,2.247071352502662545e-01,-2.236421725239616520e-02,1.064962726304579440e-03,9.364508393285371213e+00,5.275779376498801465e-01,2.767386091127098435e+00
7.743175437229201208e+00,2.289669861554845531e-01,-1.597444089456868943e-02,3.194888178913737886e-03,9.345323741007193874e+00,5.851318944844124958e-01,2.738609112709831983e+00
7.748133471628172231e+00,2.321618743343983049e-01,-4.259850905218317760e-03,1.597444089456868943e-02,9.498800959232614360e+00,6.211031175059952281e-01,2.669064748201438686e+00
7.753091506027144142e+00,2.257720979765708291e-01,3.194888178913737886e-03,1.703940362087327104e-02,9.568345323741006325e+00,6.522781774580336256e-01,2.628297362110311841e+00
7.758049540426116053e+00,2.129925452609158776e-01,1.703940362087327104e-02,1.384451544195953142e-02,9.424460431654676285e+00,7.913669064748201087e-01,2.673860911270983021e+00
7.763007574825087076e+00,2.012779552715655007e-01,2.768903088391906284e-02,2.129925452609158706e-02,9.316546762589927866e+00,8.992805755395683054e-01,2.800959232613908778e+00
7.767965609224058987e+00,1.927582534611288478e-01,3.514376996805111675e-02,4.366347177848775574e-02,9.323741007194245256e+00,8.585131894484412385e-01,2.865707434052757741e+00
7.772923643623030010e+00,1.831735889243876481e-01,3.620873269435569836e-02,6.070287539936101984e-02,9.304556354916067917e+00,7.098321342925659749e-01,2.961630695443644878e+00
7.777881678022001921e+00,1.799787007454738963e-01,3.088391906283280072e-02,7.028753993610223350e-02,9.266187050359711463e+00,6.187050359712230607e-01,3.100719424460431473e+00
7.782839712420973832e+00,1.799787007454738963e-01,1.384451544195953142e-02,7.028753993610223350e-02,9.225419664268585507e+00,5.323741007194244812e-01,3.110311750599520586e+00
7.787797746819944855e+00,1.789137380191693216e-01,1.064962726304579440e-03,7.028753993610223350e-02,9.182254196642686495e+00,4.748201438848920763e-01,3.093525179856114971e+00
7.792755781218916766e+00,1.916932907348242732e-01,-5.324813631522896766e-03,7.454739084132055993e-02,9.119904076738608367e+00,3.525179856115107646e-01,3.105515587529975807e+00
7.797713815617888677e+00,2.129925452609158776e-01,-1.384451544195953142e-02,8.413205537806177359e-02,9.148681055155876152e+00,1.702637889688249362e-01,3.124700239808153590e+00
7.802671850016859700e+00,2.332268370607028796e-01,-2.555910543130990309e-02,8.093716719914803570e-02,9.306954436450839196e+00,-2.398081534772182263e-02,3.052757793764988126e+00
7.807629884415831611e+00,2.470713525026624058e-01,-3.301384451544196047e-02,5.537806176783812567e-02,9.431654676258993675e+00,-5.035971223021582649e-02,2.911270983213429364e+00
7.812587918814803523e+00,2.683706070287539824e-01,-2.981895633652822258e-02,2.768903088391906284e-02,9.436450839328538009e+00,1.199040767386091166e-01,2.846522781774580402e+00
7.817545953213774546e+00,2.822151224707135087e-01,-1.490947816826411129e-02,1.597444089456868943e-02,9.424460431654676285e+00,3.213429256594724226e-01,2.868105515587529908e+00
7.822503987612746457e+00,2.864749733759318628e-01,-5.324813631522896766e-03,1.384451544195953142e-02,9.378896882494004217e+00,3.669064748201438797e-01,2.961630695443644878e+00
7.827462022011717480e+00,2.832800851970180833e-01,-1.384451544195953142e-02,7.454739084132055646e-03,9.501199040767385640e+00,3.093525179856115304e-01,2.916067146282973699e+00
7.832420056410689391e+00,2.705005324813631318e-01,-1.916932907348242732e-02,-2.023429179978700893e-02,9.529976019184651648e+00,4.124700239808153368e-01,2.748201438848920652e+00
7.837378090809661302e+00,2.523961661341853069e-01,-8.519701810436635520e-03,-4.792332268370606829e-02,9.386091127098321607e+00,7.482014388489208745e-01,2.824940047961630896e+00
7.842336125208632325e+00,2.385516506922257807e-01,1.064962726304579440e-03,-4.366347177848775574e-02,9.263788968824940184e+00,1.076738609112709799e+00,2.968824940047961825e+00
7.847294159607604236e+00,2.172523961661341763e-01,-5.324813631522896766e-03,-2.129925452609158706e-02,9.321342925659472201e+00,1.119904076738609033e+00,3.011990407673860837e+00
7.852252194006576147e+00,1.938232161874334503e-01,-1.171458998935037341e-02,-5.324813631522896766e-03,9.386091127098321607e+00,1.038369304556354900e+00,2.980815347721822661e+00
7.857210228405547170e+00,1.693290734824281218e-01,-1.064962726304579353e-02,-1.064962726304579440e-03,9.347721822541966930e+00,1.064748201438848962e+00,3.105515587529975807e+00
7.862168262804519081e+00,1.480298189563365174e-01,-1.490947816826411129e-02,4.259850905218317760e-03,9.189448441247002108e+00,1.105515587529976029e+00,3.290167865707434025e+00
7.867126297203490992e+00,1.384451544195953177e-01,-2.981895633652822258e-02,2.662406815761448470e-02,9.079136690647482411e+00,1.045563549160671402e+00,3.345323741007194318e+00
7.872084331602462015e+00,1.395101171458998923e-01,-4.792332268370606829e-02,5.431309904153354406e-02,9.136690647482014427e+00,8.057553956834532238e-01,3.256594724220623682e+00
7.877042366001433926e+00,1.448349307774227934e-01,-6.070287539936101984e-02,6.922257720979765883e-02,9.230215827338129841e+00,6.139088729016786150e-01,3.146282973621103096e+00
7.882000400400404949e+00,1.544195953141639932e-01,-6.283280085197018305e-02,6.709265175718849561e-02,9.239808153477218511e+00,5.539568345323740983e-01,3.095923261390887138e+00
7.886958434799376860e+00,1.714589989350372712e-01,-6.283280085197018305e-02,6.496272630457934627e-02,9.213429256594723782e+00,5.395683453237409832e-01,3.134292565947242259e+00
7.891916469198348771e+00,1.906283280085196985e-01,-6.496272630457934627e-02,7.241746538871139671e-02,9.266187050359711463e+00,4.700239808153477417e-01,3.199040767386091222e+00
7.896874503597319794e+00,2.119275825346112752e-01,-7.028753993610223350e-02,7.348242811501597138e-02,9.333333333333333925e+00,3.261390887290168128e-01,3.127098321342925757e+00
7.901832537996291705e+00,2.279020234291799785e-01,-7.987220447284344715e-02,5.857294994675186356e-02,9.357314148681055599e+00,2.541966426858512929e-01,2.976019184652278327e+00
7.906790572395263617e+00,2.406815761448349300e-01,-8.732694355697551147e-02,3.407880724174654208e-02,9.316546762589927866e+00,3.261390887290168128e-01,2.841726618705036067e+00
7.911748606794234639e+00,2.534611288604898816e-01,-8.306709265175718504e-02,1.597444089456868943e-02,9.273381294964028854e+00,4.388489208633093441e-01,2.652278177458033515e+00
7.916706641193206551e+00,2.609158679446219598e-01,-6.176783812566560145e-02,6.389776357827475772e-03,9.249400479616307180e+00,5.083932853717025857e-01,2.669064748201438686e+00
7.921664675592178462e+00,2.651757188498402584e-01,-4.472843450479233041e-02,-2.129925452609158880e-03,9.333333333333333925e+00,5.443645083932853179e-01,2.822541966426858728e+00
7.926622709991149485e+00,2.577209797657081802e-01,-4.046858359957401785e-02,-2.023429179978700893e-02,9.350119904076738209e+00,5.971223021582733326e-01,2.947242206235011874e+00
7.931580744390121396e+00,2.449414270500532564e-01,-4.898828541001064990e-02,-3.940362087326943624e-02,9.215827338129496837e+00,7.721822541966426590e-01,2.971223021582733992e+00
7.936538778789093307e+00,2.300319488817891278e-01,-5.963791267305644517e-02,-4.792332268370606829e-02,9.146282973621103096e+00,8.992805755395683054e-01,2.882494004796162912e+00
7.941496813188064330e+00,2.129925452609158776e-01,-6.176783812566560145e-02,-4.579339723109691201e-02,9.148681055155876152e+00,9.208633093525180335e-01,2.685851318944844301e+00
7.946454847587036241e+00,1.959531416400425996e-01,-5.644302449414270728e-02,-4.366347177848775574e-02,9.167865707434053490e+00,8.393285371702637887e-01,2.544364508393285540e+00
7.951412881986007264e+00,1.831735889243876481e-01,-4.579339723109691201e-02,-4.792332268370606829e-02,9.208633093525179447e+00,7.673860911270983243e-01,2.496402877697841749e+00
7.956370916384979175e+00,1.725239616613418459e-01,-3.194888178913737886e-02,-5.218317358892438779e-02,9.235011990407674176e+00,7.026378896882493619e-01,2.496402877697841749e+00
7.961328950783951086e+00,1.671991480298189447e-01,-1.490947816826411129e-02,-5.644302449414270728e-02,9.270983213429255798e+00,6.067146282973621130e-01,2.676258992805755188e+00
7.966286985182922109e+00,1.746538871139510229e-01,-8.519701810436635520e-03,-6.176783812566560145e-02,9.405275779376498946e+00,3.980815347721822772e-01,2.776978417266187105e+00
7.971245019581894020e+00,1.884984025559105492e-01,-6.389776357827475772e-03,-7.241746538871139671e-02,9.489208633093525691e+00,2.613908872901678504e-01,2.714628297362110310e+00
7.976203053980865931e+00,2.097976570820021258e-01,-4.259850905218317760e-03,-8.839190628328008614e-02,9.371702637889688603e+00,2.781774580335731328e-01,2.762589928057554101e+00
7.981161088379836954e+00,2.417465388711395047e-01,-5.324813631522896766e-03,-9.478168264110756192e-02,9.285371702637888802e+00,3.764988009592326046e-01,2.748201438848920652e+00
7.986119122778808865e+00,2.758253461128860606e-01,-4.259850905218317760e-03,-8.732694355697551147e-02,9.239808153477218511e+00,4.292565947242206192e-01,2.601918465227817556e+00
7.991077157177780776e+00,3.067092651757188371e-01,5.324813631522896766e-03,-8.839190628328008614e-02,9.285371702637888802e+00,4.724220623501199090e-01,2.594724220623501054e+00
7.996035191576751799e+00,3.375931842385516690e-01,1.916932907348242732e-02,-9.158679446219382403e-02,9.314148681055156587e+00,6.163069544364508934e-01,2.685851318944844301e+00
8.000993225975722822e+00,3.620873269435569974e-01,2.449414270500532495e-02,-8.732694355697551147e-02,9.323741007194245256e+00,8.465227817745802907e-01,2.846522781774580402e+00
8.005951260374695622e+00,3.769968051118210983e-01,1.810436634717784918e-02,-7.028753993610223350e-02,9.357314148681055599e+00,1.035971223021582732e+00,2.935251798561151038e+00
8.010909294773666645e+00,3.865814696485623259e-01,7.454739084132055646e-03,-4.898828541001064990e-02,9.371702637889688603e+00,1.175059952038369326e+00,2.824940047961630896e+00
8.015867329172637668e+00,3.865814696485623259e-01,-1.064962726304579440e-03,-2.981895633652822258e-02,9.330935251798560870e+00,1.333333333333333259e+00,2.633093525179856176e+00
8.020825363571610467e+00,3.727369542066027441e-01,-1.064962726304579440e-03,-7.454739084132055646e-03,9.302158273381294862e+00,1.417266187050359783e+00,2.414868105515587615e+00
8.025783397970581490e+00,3.535676251331203446e-01,9.584664536741213658e-03,1.490947816826411129e-02,9.306954436450839196e+00,1.486810551558753080e+00,2.203836930455635557e+00
8.030741432369552513e+00,3.280085197018104415e-01,2.875399361022364098e-02,3.940362087326943624e-02,9.316546762589927866e+00,1.472422062350119853e+00,2.189448441247002553e+00
8.035699466768525312e+00,3.056443024494142624e-01,5.324813631522896940e-02,6.283280085197018305e-02,9.388489208633092886e+00,1.383693045563549218e+00,2.371702637889688159e+00
8.040657501167496335e+00,2.758253461128860606e-01,6.922257720979765883e-02,7.987220447284344715e-02,9.525179856115107313e+00,1.215827338129496393e+00,2.484412470023980912e+00
8.045615535566467358e+00,2.470713525026624058e-01,6.602768903088392094e-02,8.519701810436634826e-02,9.520383693045562978e+00,1.062350119904076795e+00,2.520383693045563422e+00
8.050573569965440157e+00,2.279020234291799785e-01,6.602768903088392094e-02,8.519701810436634826e-02,9.426858513189447564e+00,9.568345323741007658e-01,2.479616306954436578e+00
8.055531604364411180e+00,2.140575079872204523e-01,7.561235356762513460e-02,9.158679446219382403e-02,9.381294964028777272e+00,8.105515587529975585e-01,2.426858513189448452e+00
8.060489638763382203e+00,2.097976570820021258e-01,8.732694355697551147e-02,9.158679446219382403e-02,9.357314148681055599e+00,6.306954436450838974e-01,2.410071942446043280e+00
8.065447673162355002e+00,2.140575079872204523e-01,1.033013844515442009e-01,8.626198083067092293e-02,9.378896882494004217e+00,4.604316546762590168e-01,2.494004796163069582e+00
8.070405707561326025e+00,2.268370607028754038e-01,1.171458998935037271e-01,7.774227902023429781e-02,9.434052757793764954e+00,3.501199040767385973e-01,2.676258992805755188e+00
8.075363741960297048e+00,2.428115015974440793e-01,1.214057507987220397e-01,6.496272630457934627e-02,9.371702637889688603e+00,2.901678657074340251e-01,2.904076738609112862e+00
8.080321776359269847e+00,2.705005324813631318e-01,1.128860489882854146e-01,5.324813631522896940e-02,9.302158273381294862e+00,2.733812949640287981e-01,3.083932853717026301e+00
8.085279810758240870e+00,3.003194888178913891e-01,9.158679446219382403e-02,4.579339723109691201e-02,9.314148681055156587e+00,1.942446043165467762e-01,3.155875299760191766e+00
8.090237845157211893e+00,3.301384451544195908e-01,6.922257720979765883e-02,2.875399361022364098e-02,9.321342925659472201e+00,1.318944844124700366e-01,3.047961630695443791e+00
8.095195879556182916e+00,3.578274760383386432e-01,5.857294994675186356e-02,5.324813631522896766e-03,9.316546762589927866e+00,2.517985611510791255e-01,2.992805755395683498e+00
8.100153913955155716e+00,3.812566560170393970e-01,5.218317358892438779e-02,-1.171458998935037341e-02,9.201438848920863833e+00,4.244604316546762846e-01,3.038369304556355122e+00
8.105111948354126739e+00,4.046858359957401508e-01,4.366347177848775574e-02,-1.171458998935037341e-02,9.199040767386090778e+00,5.299760191846523139e-01,3.139088729016786594e+00
8.110069982753097761e+00,4.206602768903088263e-01,2.449414270500532495e-02,-8.519701810436635520e-03,9.278177458033573188e+00,5.371702637889688159e-01,3.153477218225419598e+00
8.115028017152070561e+00,4.259850905218317552e-01,5.324813631522896766e-03,-1.490947816826411129e-02,9.393285371702637221e+00,5.395683453237409832e-01,3.127098321342925757e+00
8.119986051551041584e+00,4.270500532481363298e-01,-1.384451544195953142e-02,-2.768903088391906284e-02,9.455635491606715348e+00,6.474820143884891799e-01,2.992805755395683498e+00
8.124944085950012607e+00,4.217252396166134010e-01,-2.342917997870074681e-02,-2.875399361022364098e-02,9.453237410071942293e+00,7.865707434052757741e-01,2.841726618705036067e+00
8.129902120348985406e+00,4.153354632587859530e-01,-2.449414270500532495e-02,-2.342917997870074681e-02,9.549160671462828986e+00,8.057553956834532238e-01,2.678657074340527799e+00
8.134860154747956429e+00,4.057507987220447254e-01,-1.597444089456868943e-02,-1.916932907348242732e-02,9.666666666666666075e+00,7.026378896882493619e-01,2.539568345323741205e+00
8.139818189146927452e+00,3.929712460063897739e-01,-1.064962726304579440e-03,-2.342917997870074681e-02,9.671462829736210409e+00,6.714628297362110754e-01,2.508393285371702586e+00
8.144776223545900251e+00,3.833865814696485463e-01,1.064962726304579353e-02,-2.662406815761448470e-02,9.561151079136690711e+00,7.170263788968824770e-01,2.640287769784172678e+00
8.149734257944871274e+00,3.780617678381256730e-01,1.064962726304579353e-02,-2.342917997870074681e-02,9.510791366906474309e+00,7.074340527577938076e-01,2.709832134292565975e+00
8.154692292343842297e+00,3.769968051118210983e-01,6.389776357827475772e-03,-1.703940362087327104e-02,9.522781774580336034e+00,6.187050359712230607e-01,2.633093525179856176e+00
8.159650326742815096e+00,3.823216187433439717e-01,1.064962726304579353e-02,-1.384451544195953142e-02,9.551558752997602042e+00,5.107913669064748641e-01,2.582733812949640217e+00
8.164608361141786119e+00,3.929712460063897739e-01,1.916932907348242732e-02,-1.597444089456868943e-02,9.515587529976018644e+00,4.916067146282973588e-01,2.676258992805755188e+00
8.169566395540757142e+00,4.078807241746538748e-01,2.342917997870074681e-02,-1.490947816826411129e-02,9.465227817745804018e+00,5.443645083932853179e-01,2.810551558752997447e+00
8.174524429939729941e+00,4.227902023429179756e-01,2.023429179978700893e-02,-8.519701810436635520e-03,9.482014388489208301e+00,5.515587529976019310e-01,2.868105515587529908e+00
8.179482464338700964e+00,4.387646432374867067e-01,1.277955271565495154e-02,-2.129925452609158880e-03,9.513189448441247364e+00,5.803357314148680501e-01,2.877697841726618577e+00
8.184440498737671987e+00,4.526091586794462329e-01,9.584664536741213658e-03,0.000000000000000000e+00,9.544364508393284652e+00,6.810551558752997447e-01,2.805755395683453113e+00
8.189398533136644787e+00,4.589989350372736809e-01,9.584664536741213658e-03,6.389776357827475772e-03,9.482014388489208301e+00,8.441247002398081234e-01,2.772182254196642770e+00
8.194356567535615810e+00,4.589989350372736809e-01,1.490947816826411129e-02,2.449414270500532495e-02,9.496402877697841305e+00,1.004796163069544335e+00,2.736211031175059816e+00
8.199314601934586832e+00,4.494142705005325089e-01,2.023429179978700893e-02,4.046858359957401785e-02,9.594724220623501054e+00,1.019184652278177561e+00,2.671462829736210853e+00
8.204272636333559632e+00,4.302449414270500538e-01,3.194888178913737886e-02,4.792332268370606829e-02,9.537170263788969038e+00,1.095923261390887360e+00,2.733812949640287648e+00
8.209230670732530655e+00,4.100106496272630241e-01,3.727369542066027996e-02,5.857294994675186356e-02,9.460431654676259683e+00,1.196642685851319055e+00,2.848920863309352569e+00
8.214188705131501678e+00,3.844515441959531210e-01,3.088391906283280072e-02,7.561235356762513460e-02,9.434052757793764954e+00,1.220623501199040728e+00,2.894484412470024193e+00
8.219146739530472701e+00,3.578274760383386432e-01,2.875399361022364098e-02,9.158679446219382403e-02,9.395683453237410276e+00,1.122302158273381201e+00,2.827338129496403063e+00
8.224104773929445500e+00,3.354632587859425197e-01,2.981895633652822258e-02,1.033013844515442009e-01,9.357314148681055599e+00,1.011990407673860837e+00,2.868105515587529908e+00
8.229062808328416523e+00,3.194888178913737886e-01,3.088391906283280072e-02,1.128860489882854146e-01,9.302158273381294862e+00,9.088729016786570858e-01,2.959232613908872711e+00
8.234020842727387546e+00,3.077742279020234117e-01,1.703940362087327104e-02,1.235356762513312029e-01,9.187050359712230829e+00,7.673860911270983243e-01,3.021582733812949506e+00
8.238978877126360345e+00,3.045793397231096877e-01,3.194888178913737886e-03,1.320553780617678419e-01,9.172661870503597825e+00,6.019184652278177783e-01,2.976019184652278327e+00
8.243936911525331368e+00,3.035143769968051131e-01,-7.454739084132055646e-03,1.341853035143769912e-01,9.249400479616307180e+00,4.100719424460431695e-01,2.887290167865707247e+00
8.248894945924302391e+00,3.099041533546325611e-01,-1.171458998935037341e-02,1.288604898828540901e-01,9.263788968824940184e+00,2.877697841726618577e-01,2.848920863309352569e+00
8.253852980323275190e+00,3.184238551650692139e-01,-1.277955271565495154e-02,1.171458998935037271e-01,9.251798561151078459e+00,1.918465227817745811e-01,2.820143884892086117e+00
8.258811014722246213e+00,3.269435569755058668e-01,-1.064962726304579353e-02,1.054313099041533502e-01,9.294964028776979248e+00,1.151079136690647542e-01,2.822541966426858728e+00
8.263769049121217236e+00,3.343982960596378895e-01,-8.519701810436635520e-03,8.839190628328008614e-02,9.316546762589927866e+00,4.316546762589928282e-02,2.781774580335731439e+00
8.268727083520190035e+00,3.407880724174653930e-01,-1.171458998935037341e-02,6.283280085197018305e-02,9.294964028776979248e+00,7.194244604316547137e-03,2.750599520383693264e+00
8.273685117919161058e+00,3.535676251331203446e-01,-7.454739084132055646e-03,3.727369542066027996e-02,9.244604316546762846e+00,5.275779376498800771e-02,2.724220623501198979e+00
8.278643152318132081e+00,3.663471778487752961e-01,-2.129925452609158880e-03,1.384451544195953142e-02,9.208633093525179447e+00,5.755395683453237710e-02,2.745803357314148485e+00
8.283601186717104881e+00,3.748668796592119490e-01,0.000000000000000000e+00,-3.194888178913737886e-03,9.227817745803356786e+00,1.199040767386091166e-01,2.736211031175059816e+00
8.288559221116075904e+00,3.833865814696485463e-01,4.259850905218317760e-03,-1.916932907348242732e-02,9.220623501199041172e+00,1.366906474820143991e-01,2.681055155875299967e+00
8.293517255515046926e+00,3.876464323748669005e-01,1.064962726304579353e-02,-4.046858359957401785e-02,9.165467625899280435e+00,2.038369304556355011e-01,2.757793764988009766e+00
8.298475289914019726e+00,3.865814696485623259e-01,1.064962726304579353e-02,-5.963791267305644517e-02,9.191846522781775164e+00,2.901678657074340251e-01,2.839328537170263900e+00
8.303433324312990749e+00,3.833865814696485463e-01,3.194888178913737886e-03,-7.774227902023429781e-02,9.237410071942445455e+00,3.429256594724220397e-01,2.733812949640287648e+00
8.308391358711961772e+00,3.727369542066027441e-01,0.000000000000000000e+00,-9.584664536741213658e-02,9.225419664268585507e+00,4.652278177458033515e-01,2.688249400479616469e+00
8.313349393110934571e+00,3.642172523961661468e-01,7.454739084132055646e-03,-1.096911608093716767e-01,9.237410071942445455e+00,5.347721822541966485e-01,2.736211031175059816e+00
8.318307427509905594e+00,3.514376996805111952e-01,1.064962726304579353e-02,-1.107561235356762513e-01,9.254196642685851515e+00,5.731414868105515481e-01,2.741007194244604150e+00
8.323265461908876617e+00,3.375931842385516690e-01,9.584664536741213658e-03,-1.171458998935037271e-01,9.249400479616307180e+00,5.587529976019184330e-01,2.726618705035971146e+00
8.328223496307847640e+00,3.248136315228967175e-01,1.490947816826411129e-02,-1.267305644302449408e-01,9.251798561151078459e+00,5.827338129496403285e-01,2.750599520383693264e+00
8.333181530706820439e+00,3.173588924387646393e-01,1.597444089456868943e-02,-1.267305644302449408e-01,9.239808153477218511e+00,6.522781774580336256e-01,2.848920863309352569e+00
8.338139565105791462e+00,3.162939297124600646e-01,1.384451544195953142e-02,-1.182108626198083018e-01,9.163069544364509156e+00,6.762589928057554101e-01,2.820143884892086117e+00
8.343097599504762485e+00,3.162939297124600646e-01,1.171458998935037341e-02,-1.011714589989350377e-01,9.206235011990408168e+00,6.091127098321342803e-01,2.848920863309352569e+00
8.348055633903735284e+00,3.237486687965921428e-01,9.584664536741213658e-03,-8.413205537806177359e-02,9.316546762589927866e+00,5.227817745803357008e-01,2.767386091127098435e+00
8.353013668302706307e+00,3.333333333333333148e-01,9.584664536741213658e-03,-7.561235356762513460e-02,9.390887290167865942e+00,5.083932853717025857e-01,2.673860911270983021e+00
8.357971702701677330e+00,3.450479233226836917e-01,1.703940362087327104e-02,-6.602768903088392094e-02,9.357314148681055599e+00,5.443645083932853179e-01,2.654676258992805682e+00
8.362929737100650129e+00,3.631522896698615721e-01,2.236421725239616520e-02,-5.005324813631523151e-02,9.381294964028777272e+00,5.491606714628297636e-01,2.577937649880095883e+00
8.367887771499621152e+00,3.748668796592119490e-01,3.301384451544196047e-02,-3.301384451544196047e-02,9.482014388489208301e+00,5.155875299760191988e-01,2.541966426858513373e+00
8.372845805898592175e+00,3.865814696485623259e-01,4.685835995740149362e-02,-2.023429179978700893e-02,9.537170263788969038e+00,5.371702637889688159e-01,2.477218225419664410e+00
8.377803840297564975e+00,3.982960596379126472e-01,6.389776357827475772e-02,-1.277955271565495154e-02,9.515587529976018644e+00,6.115107913669064477e-01,2.515587529976019088e+00
8.382761874696535997e+00,4.068157614483493001e-01,7.987220447284344715e-02,4.259850905218317760e-03,9.424460431654676285e+00,7.841726618705036067e-01,2.657074340527577849e+00
8.387719909095507020e+00,4.089456869009584494e-01,8.519701810436634826e-02,2.662406815761448470e-02,9.405275779376498946e+00,9.016786570743404727e-01,2.654676258992805682e+00
8.392677943494479820e+00,4.046858359957401508e-01,8.732694355697551147e-02,5.431309904153354406e-02,9.407673860911270225e+00,9.784172661870503829e-01,2.532374100719424259e+00
8.397635977893450843e+00,3.887113951011714752e-01,1.011714589989350377e-01,7.774227902023429781e-02,9.335731414868105205e+00,1.103117505995203862e+00,2.494004796163069582e+00
8.402594012292421866e+00,3.663471778487752961e-01,1.203407880724174650e-01,1.064962726304579388e-01,9.304556354916067917e+00,1.213429256594724226e+00,2.585131894484412385e+00
8.407552046691394665e+00,3.450479233226836917e-01,1.320553780617678419e-01,1.427050053248136441e-01,9.244604316546762846e+00,1.278177458033573188e+00,2.654676258992805682e+00
8.412510081090365688e+00,3.184238551650692139e-01,1.395101171458998923e-01,1.799787007454738963e-01,9.227817745803356786e+00,1.223021582733812895e+00,2.793764988009592276e+00
8.417468115489336711e+00,2.907348242811501615e-01,1.352502662406815659e-01,2.129925452609158776e-01,9.189448441247002108e+00,1.103117505995203862e+00,2.880095923261390745e+00
8.422426149888309510e+00,2.609158679446219598e-01,1.256656017039403661e-01,2.374866879659212060e-01,9.191846522781775164e+00,9.400479616306954833e-01,2.875299760191846410e+00
8.427384184287280533e+00,2.321618743343983049e-01,1.182108626198083018e-01,2.502662406815761575e-01,9.160671462829736100e+00,7.841726618705036067e-01,2.793764988009592276e+00
8.432342218686251556e+00,2.140575079872204523e-01,1.150159744408945639e-01,2.609158679446219598e-01,9.127098321342925757e+00,6.163069544364508934e-01,2.808153477218225280e+00
8.437300253085224355e+00,2.023429179978700754e-01,1.224707135250266282e-01,2.694355697550585571e-01,9.151079136690647431e+00,4.028776978417266119e-01,2.865707434052757741e+00
8.442258287484195378e+00,2.012779552715655007e-01,1.203407880724174650e-01,2.726304579339723366e-01,9.160671462829736100e+00,1.774580335731414937e-01,2.947242206235011874e+00
8.447216321883166401e+00,2.066027689030884018e-01,1.118210862619808260e-01,2.694355697550585571e-01,9.184652278177457774e+00,-1.438848920863309427e-02,2.978417266187050494e+00
8.452174356282137424e+00,2.193823216187433534e-01,9.478168264110756192e-02,2.577209797657081802e-01,9.196642685851319499e+00,-1.414868105515587615e-01,2.911270983213429364e+00
8.457132390681110223e+00,2.364217252396166036e-01,8.732694355697551147e-02,2.438764643237486818e-01,9.139088729016785706e+00,-1.510791366906474864e-01,2.757793764988009766e+00
8.462090425080081246e+00,2.577209797657081802e-01,9.158679446219382403e-02,2.385516506922257807e-01,9.134292565947241371e+00,-1.486810551558752913e-01,2.635491606714628343e+00
8.467048459479052269e+00,2.832800851970180833e-01,1.033013844515442009e-01,2.396166134185303553e-01,9.203836930455635112e+00,-1.702637889688249362e-01,2.616306954436451004e+00
8.472006493878025069e+00,3.099041533546325611e-01,1.128860489882854146e-01,2.406815761448349300e-01,9.299760191846523583e+00,-2.470023980815347631e-01,2.606714628297361891e+00
8.476964528276996091e+00,3.280085197018104415e-01,1.224707135250266282e-01,2.289669861554845531e-01,9.398081534772181556e+00,-2.422062350119904006e-01,2.537170263788969038e+00
8.481922562675967114e+00,3.429179978700745424e-01,1.384451544195953177e-01,2.172523961661341763e-01,9.359712230215826878e+00,-8.393285371702638442e-02,2.520383693045563422e+00
8.486880597074939914e+00,3.493077742279020459e-01,1.554845580404685956e-01,2.119275825346112752e-01,9.287769784172661858e+00,1.151079136690647542e-01,2.551558752997602042e+00
8.491838631473910937e+00,3.450479233226836917e-01,1.640042598509052207e-01,2.140575079872204523e-01,9.326139088729016535e+00,1.846522781774580235e-01,2.503597122302158251e+00
8.496796665872881960e+00,3.301384451544195908e-01,1.735889243876464205e-01,2.087326943556975511e-01,9.311750599520383531e+00,1.870503597122302186e-01,2.376498800959232494e+00
8.501754700271854759e+00,3.003194888178913891e-01,1.895633652822151238e-01,1.916932907348242732e-01,9.338129496402878260e+00,2.278177458033573133e-01,2.323741007194244812e+00
8.506712734670825782e+00,2.651757188498402584e-01,2.044728434504792247e-01,1.682641107561235472e-01,9.280575539568344468e+00,3.645083932853717124e-01,2.405275779376498946e+00
8.511670769069796805e+00,2.289669861554845531e-01,2.247071352502662545e-01,1.554845580404685956e-01,9.220623501199041172e+00,5.083932853717025857e-01,2.633093525179856176e+00
8.516628803468769604e+00,1.980830670926517489e-01,2.342917997870074542e-01,1.576144834930777450e-01,9.203836930455635112e+00,5.731414868105515481e-01,2.894484412470024193e+00
8.521586837867740627e+00,1.671991480298189447e-01,2.289669861554845531e-01,1.597444089456868943e-01,9.211031175059952503e+00,4.892086330935251914e-01,3.172661870503596937e+00
8.526544872266711650e+00,1.395101171458998923e-01,2.108626198083067005e-01,1.597444089456868943e-01,9.179856115107913439e+00,3.333333333333333148e-01,3.330935251798561314e+00
8.531502906665684449e+00,1.203407880724174650e-01,1.853035143769967974e-01,1.597444089456868943e-01,9.131894484412470092e+00,3.141486810551558650e-01,3.378896882494004661e+00
8.536460941064655472e+00,1.139510117145899892e-01,1.618743343982960714e-01,1.640042598509052207e-01,9.127098321342925757e+00,2.757793764988009655e-01,3.347721822541966485e+00
8.541418975463626495e+00,1.203407880724174650e-01,1.522896698615548439e-01,1.831735889243876481e-01,9.189448441247002108e+00,1.726618705035971313e-01,3.273381294964028854e+00
8.546377009862599294e+00,1.384451544195953177e-01,1.512247071352502692e-01,2.034078807241746500e-01,9.266187050359711463e+00,3.117505995203836977e-02,3.280575539568345356e+00
8.551335044261570317e+00,1.608093716719914690e-01,1.522896698615548439e-01,2.193823216187433534e-01,9.330935251798560870e+00,-8.393285371702638442e-02,3.350119904076738653e+00
8.556293078660541340e+00,1.874334398296059745e-01,1.469648562300319428e-01,2.300319488817891278e-01,9.316546762589927866e+00,-1.558752997601918489e-01,3.419664268585131950e+00
8.561251113059512363e+00,2.119275825346112752e-01,1.288604898828540901e-01,2.374866879659212060e-01,9.323741007194245256e+00,-2.014388489208633060e-01,3.314148681055155699e+00
8.566209147458485162e+00,2.279020234291799785e-01,1.118210862619808260e-01,2.374866879659212060e-01,9.395683453237410276e+00,-2.230215827338129508e-01,3.071942446043165464e+00
8.571167181857456185e+00,2.406815761448349300e-01,1.107561235356762513e-01,2.321618743343983049e-01,9.407673860911270225e+00,-2.158273381294963933e-01,2.769784172661870603e+00
8.576125216256427208e+00,2.470713525026624058e-01,1.288604898828540901e-01,2.236421725239616520e-01,9.429256594724220619e+00,-1.007194244604316530e-01,2.647482014388489180e+00
8.581083250655400008e+00,2.492012779552715551e-01,1.576144834930777450e-01,2.183173588924387509e-01,9.364508393285371213e+00,5.275779376498800771e-02,2.666666666666666519e+00
8.586041285054371031e+00,2.417465388711395047e-01,1.746538871139510229e-01,2.183173588924387509e-01,9.340527577937649539e+00,1.151079136690647542e-01,2.805755395683453113e+00
8.590999319453342054e+00,2.215122470713525027e-01,1.767838125665601723e-01,2.172523961661341763e-01,9.424460431654676285e+00,1.486810551558752913e-01,2.865707434052757741e+00
8.595957353852314853e+00,1.970181043663471743e-01,1.821086261980830734e-01,2.108626198083067005e-01,9.417266187050358894e+00,2.110311750599520308e-01,2.916067146282973699e+00
8.600915388251285876e+00,1.725239616613418459e-01,1.874334398296059745e-01,2.034078807241746500e-01,9.318944844124700921e+00,3.477218225419664299e-01,2.990407673860911331e+00
8.605873422650256899e+00,1.522896698615548439e-01,1.927582534611288478e-01,2.119275825346112752e-01,9.201438848920863833e+00,4.148681055155875042e-01,3.074340527577937632e+00
8.610831457049229698e+00,1.309904153354632672e-01,1.906283280085196985e-01,2.268370607028754038e-01,9.196642685851319499e+00,4.244604316546762846e-01,3.189448441247002553e+00
8.615789491448200721e+00,1.107561235356762513e-01,1.831735889243876481e-01,2.417465388711395047e-01,9.179856115107913439e+00,4.052757793764987793e-01,3.170263788968824770e+00
8.620747525847171744e+00,9.478168264110756192e-02,1.789137380191693216e-01,2.513312034078807322e-01,9.124700239808152702e+00,4.268585131894484519e-01,3.107913669064748419e+00
8.625705560246144543e+00,8.093716719914803570e-02,1.789137380191693216e-01,2.673056443024494078e-01,9.081534772182253690e+00,4.460431654676259017e-01,3.167865707434052602e+00
8.630663594645115566e+00,6.496272630457934627e-02,1.789137380191693216e-01,2.854100106496272882e-01,9.055155875299760737e+00,3.237410071942445899e-01,3.273381294964028854e+00
8.635621629044086589e+00,5.537806176783812567e-02,1.640042598509052207e-01,2.960596379126730349e-01,9.059952038369305072e+00,1.223021582733812979e-01,3.270983213429256686e+00
8.640579663443059388e+00,4.259850905218317413e-02,1.480298189563365174e-01,2.917997870074547362e-01,9.117505995203837088e+00,-7.673860911270982688e-02,3.203836930455635557e+00
8.645537697842030411e+00,3.301384451544196047e-02,1.395101171458998923e-01,2.726304579339723366e-01,9.093525179856115415e+00,-1.390887290167865664e-01,3.129496402877697925e+00
8.650495732241001434e+00,2.981895633652822258e-02,1.341853035143769912e-01,2.566560170394036056e-01,9.115107913669064033e+00,-1.318944844124700366e-01,3.064748201438848962e+00
8.655453766639974233e+00,2.875399361022364098e-02,1.352502662406815659e-01,2.470713525026624058e-01,9.194244604316546443e+00,-2.158273381294963933e-01,2.940047961630695372e+00
8.660411801038945256e+00,2.129925452609158706e-02,1.405750798722044670e-01,2.300319488817891278e-01,9.359712230215826878e+00,-3.764988009592326046e-01,2.865707434052757741e+00
8.665369835437916279e+00,1.597444089456868943e-02,1.533546325878594185e-01,1.916932907348242732e-01,9.434052757793764954e+00,-4.508393285371702364e-01,2.810551558752997447e+00
8.670327869836889079e+00,1.064962726304579353e-02,1.682641107561235472e-01,1.490947816826411199e-01,9.369304556354915547e+00,-3.717026378896882699e-01,2.911270983213429364e+00
8.675285904235860102e+00,1.064962726304579440e-03,1.778487752928647470e-01,1.203407880724174650e-01,9.297362110311750527e+00,-2.925659472422062479e-01,3.045563549160671624e+00
8.680243938634831125e+00,-2.129925452609158880e-03,1.821086261980830734e-01,1.001064962726304630e-01,9.347721822541966930e+00,-2.733812949640287981e-01,3.035971223021582954e+00
8.685201973033802147e+00,-9.584664536741213658e-03,1.884984025559105492e-01,7.348242811501597138e-02,9.362110311750599934e+00,-2.685851318944844079e-01,3.088729016786570636e+00
8.690160007432774947e+00,-1.597444089456868943e-02,2.012779552715655007e-01,4.366347177848775574e-02,9.335731414868105205e+00,-1.726618705035971313e-01,3.254196642685851515e+00
8.695118041831745970e+00,-1.490947816826411129e-02,2.023429179978700754e-01,2.449414270500532495e-02,9.230215827338129841e+00,-9.592326139088728360e-03,3.458033573141486627e+00
8.700076076230716993e+00,-1.490947816826411129e-02,1.927582534611288478e-01,1.810436634717784918e-02,9.105515587529975363e+00,5.275779376498800771e-02,3.573141486810551548e+00
8.705034110629689792e+00,-1.384451544195953142e-02,1.767838125665601723e-01,1.597444089456868943e-02,9.194244604316546443e+00,0.000000000000000000e+00,3.594724220623501054e+00
8.709992145028660815e+00,-1.171458998935037341e-02,1.661341853035143701e-01,-1.064962726304579440e-03,9.235011990407674176e+00,-6.235011990407673954e-02,3.563549160671462879e+00
8.714950179427631838e+00,-9.584664536741213658e-03,1.608093716719914690e-01,-1.810436634717784918e-02,9.211031175059952503e+00,4.556354916067146404e-02,3.681055155875299967e+00
8.719908213826604637e+00,-6.389776357827475772e-03,1.512247071352502692e-01,-2.875399361022364098e-02,9.194244604316546443e+00,1.894484412470023860e-01,3.786570743405275774e+00
8.724866248225575660e+00,-3.194888178913737886e-03,1.363152289669861683e-01,-2.662406815761448470e-02,9.249400479616307180e+00,2.086330935251798635e-01,3.880095923261390745e+00
8.729824282624546683e+00,-2.129925452609158880e-03,1.171458998935037271e-01,-3.301384451544196047e-02,9.306954436450839196e+00,2.086330935251798635e-01,3.880095923261390745e+00
8.734782317023519482e+00,-6.389776357827475772e-03,1.001064962726304630e-01,-4.472843450479233041e-02,9.323741007194245256e+00,2.230215827338129508e-01,3.822541966426858728e+00
8.739740351422490505e+00,-9.584664536741213658e-03,8.093716719914803570e-02,-5.750798722044728195e-02,9.302158273381294862e+00,3.309352517985611475e-01,3.717026378896882477e+00
8.744698385821461528e+00,-1.171458998935037341e-02,6.815761448349308416e-02,-5.857294994675186356e-02,9.237410071942445455e+00,3.956834532374100544e-01,3.589928057553956720e+00
8.749656420220434327e+00,-1.277955271565495154e-02,6.496272630457934627e-02,-5.111821086261980618e-02,9.230215827338129841e+00,3.884892086330935523e-01,3.491606714628297414e+00
8.754614454619405350e+00,-1.703940362087327104e-02,6.496272630457934627e-02,-4.898828541001064990e-02,9.352517985611511264e+00,3.093525179856115304e-01,3.410071942446043280e+00
8.759572489018376373e+00,-1.916932907348242732e-02,6.602768903088392094e-02,-5.324813631522896940e-02,9.378896882494004217e+00,3.429256594724220397e-01,3.388489208633093330e+00
8.764530523417349173e+00,-2.981895633652822258e-02,6.815761448349308416e-02,-5.750798722044728195e-02,9.323741007194245256e+00,4.052757793764987793e-01,3.438848920863309289e+00
8.769488557816320196e+00,-3.407880724174654208e-02,5.750798722044728195e-02,-6.070287539936101984e-02,9.330935251798560870e+00,4.220623501199040617e-01,3.347721822541966485e+00
8.774446592215291219e+00,-4.472843450479233041e-02,5.324813631522896940e-02,-6.389776357827475772e-02,9.436450839328538009e+00,3.741007194244604372e-01,3.074340527577937632e+00
8.779404626614264018e+00,-5.857294994675186356e-02,7.028753993610223350e-02,-7.348242811501597138e-02,9.594724220623501054e+00,3.573141486810551548e-01,2.964028776978417046e+00
8.784362661013235041e+00,-6.709265175718849561e-02,1.001064962726304630e-01,-9.158679446219382403e-02,9.520383693045562978e+00,4.604316546762590168e-01,3.127098321342925757e+00
8.789320695412206064e+00,-7.028753993610223350e-02,1.150159744408945639e-01,-9.691160809371672513e-02,9.383693045563548552e+00,6.091127098321342803e-01,3.388489208633093330e+00
8.794278729811178863e+00,-7.774227902023429781e-02,1.064962726304579388e-01,-9.052183173588924936e-02,9.374100719424459882e+00,6.258992805755395628e-01,3.517985611510791255e+00
8.799236764210149886e+00,-7.774227902023429781e-02,9.052183173588924936e-02,-8.413205537806177359e-02,9.429256594724220619e+00,6.522781774580336256e-01,3.388489208633093330e+00
8.804194798609120909e+00,-7.880724174653887248e-02,9.265175718849839870e-02,-8.306709265175718504e-02,9.362110311750599934e+00,7.985611510791367218e-01,3.393285371702638109e+00
8.809152833008091932e+00,-7.348242811501597138e-02,1.011714589989350377e-01,-6.709265175718849561e-02,9.225419664268585507e+00,1.007194244604316502e+00,3.604316546762589724e+00
8.814110867407064731e+00,-6.389776357827475772e-02,9.265175718849839870e-02,-3.194888178913737886e-02,9.273381294964028854e+00,1.000000000000000000e+00,3.669064748201438686e+00
8.819068901806035754e+00,-6.176783812566560145e-02,7.880724174653887248e-02,-4.259850905218317760e-03,9.311750599520383531e+00,8.848920863309353013e-01,3.616306954436451004e+00
8.824026936205006777e+00,-6.283280085197018305e-02,7.028753993610223350e-02,1.064962726304579353e-02,9.273381294964028854e+00,8.465227817745802907e-01,3.671462829736210853e+00
8.828984970603979576e+00,-5.644302449414270728e-02,5.644302449414270728e-02,2.768903088391906284e-02,9.211031175059952503e+00,8.705035971223021862e-01,3.628297362110311841e+00
8.833943005002950599e+00,-5.750798722044728195e-02,3.514376996805111675e-02,5.005324813631523151e-02,9.270983213429255798e+00,7.913669064748201087e-01,3.486810551558753080e+00
8.838901039401921622e+00,-6.176783812566560145e-02,2.555910543130990309e-02,5.644302449414270728e-02,9.311750599520383531e+00,5.947242206235011652e-01,3.220623501199040728e+00
8.843859073800894421e+00,-6.389776357827475772e-02,3.407880724174654208e-02,4.898828541001064990e-02,9.395683453237410276e+00,3.932853717026378870e-01,3.100719424460431473e+00
8.848817108199865444e+00,-6.602768903088392094e-02,5.218317358892438779e-02,2.875399361022364098e-02,9.443645083932853623e+00,2.805755395683453002e-01,3.177458033573141272e+00
8.853775142598836467e+00,-6.922257720979765883e-02,6.176783812566560145e-02,7.454739084132055646e-03,9.388489208633092886e+00,2.326139088729016757e-01,3.366906474820143824e+00
8.858733176997809267e+00,-6.283280085197018305e-02,6.176783812566560145e-02,-9.584664536741213658e-03,9.429256594724220619e+00,1.438848920863309289e-01,3.417266187050359783e+00
8.863691211396780290e+00,-5.005324813631523151e-02,5.431309904153354406e-02,-3.194888178913737886e-02,9.513189448441247364e+00,4.796163069544364527e-02,3.354916067146282987e+00
8.868649245795751312e+00,-3.727369542066027996e-02,5.644302449414270728e-02,-6.496272630457934627e-02,9.482014388489208301e+00,1.127098321342925591e-01,3.282973621103117523e+00
8.873607280194724112e+00,-2.236421725239616520e-02,6.283280085197018305e-02,-8.519701810436634826e-02,9.328537170263789591e+00,3.213429256594724226e-01,3.354916067146282987e+00
8.878565314593695135e+00,-1.064962726304579440e-03,6.815761448349308416e-02,-9.371671991480298725e-02,9.261390887290167129e+00,5.155875299760191988e-01,3.338129496402877816e+00
8.883523348992666158e+00,1.384451544195953142e-02,7.454739084132055993e-02,-8.732694355697551147e-02,9.297362110311750527e+00,6.402877697841726778e-01,3.335731414868105649e+00
8.888481383391638957e+00,2.555910543130990309e-02,8.306709265175718504e-02,-8.093716719914803570e-02,9.292565947242206192e+00,7.625899280575539896e-01,3.450839328537170125e+00
8.893439417790609980e+00,3.088391906283280072e-02,7.667731629392970927e-02,-7.987220447284344715e-02,9.215827338129496837e+00,9.880095923261390523e-01,3.654676258992805682e+00
8.898397452189581003e+00,2.875399361022364098e-02,5.537806176783812567e-02,-6.496272630457934627e-02,9.153477218225420486e+00,1.184652278177457996e+00,3.707434052757793808e+00
8.903355486588553802e+00,2.449414270500532495e-02,3.620873269435569836e-02,-3.727369542066027996e-02,9.115107913669064033e+00,1.273381294964028854e+00,3.532374100719424259e+00
8.908313520987524825e+00,1.171458998935037341e-02,2.768903088391906284e-02,-9.584664536741213658e-03,9.175059952038369104e+00,1.314148681055155921e+00,3.395683453237410276e+00
8.913271555386495848e+00,-2.129925452609158880e-03,2.875399361022364098e-02,1.277955271565495154e-02,9.223021582733812451e+00,1.292565947242206192e+00,3.251798561151079348e+00
8.918229589785466871e+00,-1.810436634717784918e-02,3.194888178913737886e-02,3.514376996805111675e-02,9.254196642685851515e+00,1.208633093525179891e+00,3.213429256594724226e+00
8.923187624184439670e+00,-3.407880724174654208e-02,3.727369542066027996e-02,5.644302449414270728e-02,9.311750599520383531e+00,1.122302158273381201e+00,3.165467625899280435e+00
8.928145658583410693e+00,-4.898828541001064990e-02,4.792332268370606829e-02,7.667731629392970927e-02,9.350119904076738209e+00,9.976019184652278327e-01,3.172661870503596937e+00
8.933103692982381716e+00,-5.963791267305644517e-02,5.324813631522896940e-02,8.413205537806177359e-02,9.335731414868105205e+00,8.752997601918465209e-01,3.158273381294963933e+00
8.938061727381354515e+00,-6.815761448349308416e-02,5.431309904153354406e-02,8.945686900958466081e-02,9.362110311750599934e+00,7.242206235011990900e-01,3.119904076738609255e+00
8.943019761780325538e+00,-7.348242811501597138e-02,5.963791267305644517e-02,8.732694355697551147e-02,9.345323741007193874e+00,6.330935251798560648e-01,3.014388489208633004e+00
8.947977796179296561e+00,-7.241746538871139671e-02,7.241746538871139671e-02,8.413205537806177359e-02,9.412470023980814560e+00,5.539568345323740983e-01,2.959232613908872711e+00
8.952935830578269361e+00,-6.602768903088392094e-02,9.584664536741213658e-02,7.987220447284344715e-02,9.465227817745804018e+00,4.604316546762590168e-01,3.009592326139088669e+00
8.957893864977240383e+00,-6.070287539936101984e-02,1.224707135250266282e-01,6.922257720979765883e-02,9.354916067146282543e+00,4.628297362110311841e-01,3.318944844124700033e+00
8.962851899376211406e+00,-4.792332268370606829e-02,1.277955271565495154e-01,6.496272630457934627e-02,9.191846522781775164e+00,4.916067146282973588e-01,3.738609112709831983e+00
8.967809933775184206e+00,-2.768903088391906284e-02,1.086261980830670881e-01,6.815761448349308416e-02,9.165467625899280435e+00,4.556354916067146266e-01,3.784172661870503607e+00
8.972767968174155229e+00,-1.597444089456868943e-02,8.626198083067092293e-02,6.283280085197018305e-02,9.112709832134292753e+00,4.244604316546762846e-01,3.729016786570743314e+00
8.977726002573126252e+00,1.064962726304579440e-03,7.348242811501597138e-02,5.431309904153354406e-02,9.055155875299760737e+00,4.892086330935251914e-01,3.657074340527577849e+00
8.982684036972099051e+00,1.916932907348242732e-02,6.815761448349308416e-02,5.218317358892438779e-02,9.047961630695443347e+00,5.659472422062350461e-01,3.609112709832134502e+00
8.987642071371070074e+00,3.088391906283280072e-02,6.283280085197018305e-02,5.644302449414270728e-02,9.045563549160672068e+00,5.779376498800958828e-01,3.654676258992805682e+00
8.992600105770041097e+00,4.046858359957401785e-02,5.431309904153354406e-02,5.963791267305644517e-02,9.146282973621103096e+00,5.323741007194244812e-01,3.678657074340527799e+00
8.997558140169013896e+00,4.898828541001064990e-02,4.046858359957401785e-02,5.644302449414270728e-02,9.256594724220622794e+00,4.748201438848920763e-01,3.613908872901678837e+00
9.002516174567984919e+00,4.472843450479233041e-02,2.449414270500532495e-02,4.685835995740149362e-02,9.254196642685851515e+00,4.604316546762590168e-01,3.498800959232613916e+00
9.007474208966955942e+00,4.153354632587859252e-02,2.129925452609158706e-02,3.514376996805111675e-02,9.232613908872901121e+00,4.676258992805755188e-01,3.323741007194244812e+00
9.012432243365928741e+00,3.833865814696485463e-02,2.662406815761448470e-02,2.342917997870074681e-02,9.239808153477218511e+00,4.604316546762590168e-01,3.187050359712230385e+00
9.017390277764899764e+00,3.407880724174654208e-02,3.620873269435569836e-02,1.384451544195953142e-02,9.268585131894484519e+00,4.340527577937650094e-01,3.134292565947242259e+00
9.022348312163870787e+00,3.514376996805111675e-02,4.898828541001064990e-02,3.194888178913737886e-03,9.244604316546762846e+00,4.580335731414867939e-01,3.170263788968824770e+00
9.027306346562843586e+00,3.194888178913737886e-02,5.963791267305644517e-02,-6.389776357827475772e-03,9.208633093525179447e+00,5.131894484412470314e-01,3.306954436450839196e+00
9.032264380961814609e+00,3.301384451544196047e-02,6.389776357827475772e-02,-7.454739084132055646e-03,9.187050359712230829e+00,6.235011990407673954e-01,3.446043165467625791e+00
9.037222415360785632e+00,3.727369542066027996e-02,6.389776357827475772e-02,0.000000000000000000e+00,9.177458033573142160e+00,6.978417266187050272e-01,3.496402877697841749e+00
9.042180449759756655e+00,3.727369542066027996e-02,6.176783812566560145e-02,8.519701810436635520e-03,9.139088729016785706e+00,7.721822541966426590e-01,3.505995203836930418e+00
9.047138484158729455e+00,3.727369542066027996e-02,5.431309904153354406e-02,1.810436634717784918e-02,9.115107913669064033e+00,7.985611510791367218e-01,3.541966426858513373e+00
9.052096518557700477e+00,3.407880724174654208e-02,5.005324813631523151e-02,3.194888178913737886e-02,9.167865707434053490e+00,7.913669064748201087e-01,3.438848920863309289e+00
9.057054552956671500e+00,3.301384451544196047e-02,5.644302449414270728e-02,4.685835995740149362e-02,9.110311750599519698e+00,8.201438848920863389e-01,3.383693045563548996e+00
9.062012587355644300e+00,3.514376996805111675e-02,6.922257720979765883e-02,6.389776357827475772e-02,9.112709832134292753e+00,8.273381294964028410e-01,3.525179856115107757e+00
9.066970621754615323e+00,3.301384451544196047e-02,6.709265175718849561e-02,8.093716719914803570e-02,9.151079136690647431e+00,7.961630695443645545e-01,3.611510791366906670e+00
9.071928656153586346e+00,2.768903088391906284e-02,4.898828541001064990e-02,9.158679446219382403e-02,9.151079136690647431e+00,7.362110311750599267e-01,3.604316546762589724e+00
9.076886690552559145e+00,2.342917997870074681e-02,4.153354632587859252e-02,9.265175718849839870e-02,9.146282973621103096e+00,7.170263788968824770e-01,3.482014388489208745e+00
9.081844724951530168e+00,1.703940362087327104e-02,4.685835995740149362e-02,1.022364217252396124e-01,9.175059952038369104e+00,6.954436450839328598e-01,3.446043165467625791e+00
9.086802759350501191e+00,1.597444089456868943e-02,5.218317358892438779e-02,1.118210862619808260e-01,9.223021582733812451e+00,5.995203836930456109e-01,3.448441247002397958e+00
9.091760793749473990e+00,1.597444089456868943e-02,6.283280085197018305e-02,1.182108626198083018e-01,9.237410071942445455e+00,4.604316546762590168e-01,3.522781774580335590e+00
9.096718828148445013e+00,2.023429179978700893e-02,6.176783812566560145e-02,1.128860489882854146e-01,9.270983213429255798e+00,3.645083932853717124e-01,3.635491606714628343e+00
9.101676862547416036e+00,2.662406815761448470e-02,5.324813631522896940e-02,1.054313099041533502e-01,9.237410071942445455e+00,4.004796163069544446e-01,3.654676258992805682e+00
9.106634896946388835e+00,3.514376996805111675e-02,4.579339723109691201e-02,1.011714589989350377e-01,9.167865707434053490e+00,4.436450839328537343e-01,3.613908872901678837e+00
9.111592931345359858e+00,4.259850905218317413e-02,3.940362087326943624e-02,1.001064962726304630e-01,9.165467625899280435e+00,4.340527577937650094e-01,3.534772182254196426e+00
9.116550965744330881e+00,5.324813631522896940e-02,3.833865814696485463e-02,1.011714589989350377e-01,9.189448441247002108e+00,3.908872901678657197e-01,3.482014388489208745e+00
9.121509000143303680e+00,5.963791267305644517e-02,3.940362087326943624e-02,9.584664536741213658e-02,9.206235011990408168e+00,3.669064748201438797e-01,3.429256594724220619e+00
9.126467034542274703e+00,6.283280085197018305e-02,4.259850905218317413e-02,9.052183173588924936e-02,9.165467625899280435e+00,4.172661870503597270e-01,3.450839328537170125e+00
9.131425068941245726e+00,6.922257720979765883e-02,4.579339723109691201e-02,9.265175718849839870e-02,9.146282973621103096e+00,4.508393285371702364e-01,3.460431654676258795e+00
9.136383103340218526e+00,7.348242811501597138e-02,4.259850905218317413e-02,9.691160809371672513e-02,9.155875299760191766e+00,4.316546762589927866e-01,3.330935251798561314e+00
9.141341137739189548e+00,7.454739084132055993e-02,7.774227902023429781e-02,9.904153354632587447e-02,9.019184652278177339e+00,4.580335731414867939e-01,3.875299760191846410e+00
9.146299172138160571e+00,6.496272630457934627e-02,1.064962726304579388e-01,1.086261980830670881e-01,1.008872901678657108e+01,1.822541966426858562e-01,5.410071942446043280e+00
9.151257206537131594e+00,1.703940362087327104e-02,-6.709265175718849561e-02,1.022364217252396124e-01,9.640287769784173122e+00,-1.966426858513189435e-01,5.625899280575539230e+00
9.156215240936104394e+00,6.709265175718849561e-02,-1.693290734824281218e-01,5.431309904153354406e-02,9.772182254196643214e+00,7.194244604316546443e-02,3.863309352517985573e+00
9.161173275335075417e+00,6.389776357827475772e-03,-1.874334398296059745e-01,2.023429179978700893e-02,9.738609112709832871e+00,1.918465227817745811e-01,3.285371702637889690e+00
9.166131309734046440e+00,-6.389776357827475772e-03,-1.810436634717784987e-01,2.555910543130990309e-02,9.316546762589927866e+00,1.990407673860911386e-01,2.657074340527577849e+00
9.171089344133019239e+00,4.153354632587859252e-02,-1.118210862619808260e-01,4.046858359957401785e-02,9.525179856115107313e+00,8.633093525179856564e-02,1.446043165467625791e+00
9.176047378531990262e+00,1.490947816826411129e-02,4.259850905218317760e-03,2.023429179978700893e-02,9.676258992805754744e+00,-4.556354916067146404e-02,2.153477218225419598e+00
9.181005412930961285e+00,2.449414270500532495e-02,7.348242811501597138e-02,-6.389776357827475772e-03,9.266187050359711463e+00,2.350119904076738708e-01,2.784172661870503607e+00
9.185963447329934084e+00,2.875399361022364098e-02,9.052183173588924936e-02,-9.584664536741213658e-03,9.143884892086331817e+00,3.741007194244604372e-01,3.640287769784172678e+00
9.190921481728905107e+00,3.620873269435569836e-02,8.200212992545261037e-02,-6.389776357827475772e-03,9.323741007194245256e+00,3.860911270983213295e-01,3.913669064748201532e+00
9.195879516127876130e+00,6.389776357827475772e-03,3.194888178913737886e-02,-9.584664536741213658e-03,9.230215827338129841e+00,3.261390887290168128e-01,4.450839328537170125e+00
9.200837550526848929e+00,2.449414270500532495e-02,-2.342917997870074681e-02,-1.490947816826411129e-02,9.199040767386090778e+00,4.628297362110311841e-01,3.851318944844124736e+00
9.205795584925819952e+00,-2.129925452609158880e-03,-5.324813631522896940e-02,-1.597444089456868943e-02,9.160671462829736100e+00,5.731414868105515481e-01,3.594724220623501054e+00
9.210753619324790975e+00,-9.584664536741213658e-03,-6.283280085197018305e-02,-7.454739084132055646e-03,9.000000000000000000e+00,6.666666666666666297e-01,3.088729016786570636e+00
9.215711653723763774e+00,-8.519701810436635520e-03,-3.727369542066027996e-02,1.277955271565495154e-02,9.067146282973620686e+00,5.995203836930456109e-01,2.767386091127098435e+00
9.220669688122734797e+00,-1.064962726304579353e-02,4.259850905218317760e-03,2.981895633652822258e-02,9.124700239808152702e+00,4.556354916067146266e-01,2.757793764988009766e+00
9.225627722521705820e+00,-1.277955271565495154e-02,4.366347177848775574e-02,3.514376996805111675e-02,9.225419664268585507e+00,3.621103117505995450e-01,3.021582733812949506e+00
9.230585756920678620e+00,-1.810436634717784918e-02,5.857294994675186356e-02,2.768903088391906284e-02,9.290167865707434913e+00,3.309352517985611475e-01,3.398081534772182444e+00
9.235543791319649642e+00,-2.555910543130990309e-02,5.750798722044728195e-02,2.023429179978700893e-02,9.297362110311750527e+00,3.717026378896882699e-01,3.690647482014388636e+00
9.240501825718620665e+00,-2.875399361022364098e-02,4.153354632587859252e-02,1.384451544195953142e-02,9.299760191846523583e+00,3.381294964028777050e-01,4.043165467625899012e+00
9.245459860117593465e+00,-2.236421725239616520e-02,8.519701810436635520e-03,1.171458998935037341e-02,9.366906474820144268e+00,2.997601918465228055e-01,3.911270983213429364e+00
9.250417894516564488e+00,-2.768903088391906284e-02,-2.236421725239616520e-02,0.000000000000000000e+00,9.328537170263789591e+00,2.733812949640287981e-01,3.724220623501198979e+00
9.255375928915535511e+00,-2.023429179978700893e-02,-3.194888178913737886e-02,-1.064962726304579353e-02,9.225419664268585507e+00,3.525179856115107646e-01,3.335731414868105649e+00
9.260333963314508310e+00,-1.916932907348242732e-02,-2.555910543130990309e-02,-8.519701810436635520e-03,9.153477218225420486e+00,4.388489208633093441e-01,3.153477218225419598e+00
9.265291997713479333e+00,-8.519701810436635520e-03,-3.194888178913737886e-03,0.000000000000000000e+00,9.117505995203837088e+00,4.796163069544364665e-01,3.011990407673860837e+00
9.270250032112450356e+00,-6.389776357827475772e-03,2.875399361022364098e-02,1.064962726304579353e-02,9.167865707434053490e+00,4.820143884892086339e-01,3.115107913669064921e+00
9.275208066511421379e+00,-8.519701810436635520e-03,4.579339723109691201e-02,1.703940362087327104e-02,9.175059952038369104e+00,5.131894484412470314e-01,3.306954436450839196e+00
9.280166100910394178e+00,-1.810436634717784918e-02,4.579339723109691201e-02,2.023429179978700893e-02,9.146282973621103096e+00,5.323741007194244812e-01,3.482014388489208745e+00
9.285124135309365201e+00,-2.768903088391906284e-02,3.727369542066027996e-02,2.023429179978700893e-02,9.165467625899280435e+00,4.844124700239808012e-01,3.582733812949640217e+00
9.290082169708336224e+00,-3.727369542066027996e-02,2.555910543130990309e-02,2.023429179978700893e-02,9.124700239808152702e+00,4.244604316546762846e-01,3.594724220623501054e+00
9.295040204107309023e+00,-3.833865814696485463e-02,1.703940362087327104e-02,2.236421725239616520e-02,9.079136690647482411e+00,3.117505995203836977e-01,3.633093525179856176e+00
9.299998238506280046e+00,-3.301384451544196047e-02,1.064962726304579353e-02,2.236421725239616520e-02,9.057553956834532016e+00,2.422062350119904006e-01,3.582733812949640217e+00
9.304956272905251069e+00,-2.768903088391906284e-02,0.000000000000000000e+00,1.597444089456868943e-02,9.019184652278177339e+00,1.294964028776978415e-01,3.561151079136690711e+00
9.309914307304223868e+00,-1.810436634717784918e-02,-6.389776357827475772e-03,9.584664536741213658e-03,8.940047961630694928e+00,1.414868105515587615e-01,3.510791366906474753e+00
9.314872341703194891e+00,-8.519701810436635520e-03,-6.389776357827475772e-03,6.389776357827475772e-03,9.472422062350119631e+00,4.316546762589928282e-02,3.429256594724220619e+00
9.319830376102165914e+00,1.916932907348242732e-02,2.236421725239616520e-02,6.389776357827475772e-03,7.851318944844124736e+00,4.628297362110311841e-01,3.997601918465227833e+00
9.324788410501138713e+00,6.389776357827475772e-02,-1.490947816826411129e-02,3.194888178913737886e-02,9.146282973621103096e+00,2.134292565947242259e-01,3.016786570743405171e+00
9.329746444900109736e+00,-1.384451544195953142e-02,-2.555910543130990309e-02,1.064962726304579440e-03,9.311750599520383531e+00,-2.062350119904076684e-01,3.549160671462829875e+00
9.334704479299080759e+00,-6.389776357827475772e-03,-1.384451544195953142e-02,-5.963791267305644517e-02,8.812949640287769171e+00,2.422062350119904006e-01,3.853717026378896904e+00
9.339662513698053559e+00,8.519701810436635520e-03,-3.727369542066027996e-02,-5.218317358892438779e-02,8.805755395683453557e+00,4.220623501199040617e-01,3.503597122302158251e+00
9.344620548097024582e+00,1.916932907348242732e-02,-4.259850905218317413e-02,-4.259850905218317413e-02,8.918465227817746310e+00,2.206235011990407557e-01,4.220623501199041172e+00
9.349578582495995605e+00,1.288604898828540901e-01,-4.046858359957401785e-02,-4.685835995740149362e-02,8.741007194244604150e+00,6.235011990407673954e-01,2.822541966426858728e+00
9.354536616894968404e+00,5.111821086261980618e-02,-3.301384451544196047e-02,-3.194888178913737886e-02,9.143884892086331817e+00,4.844124700239808012e-01,2.669064748201438686e+00
9.359494651293939427e+00,-5.005324813631523151e-02,-5.324813631522896766e-03,-6.176783812566560145e-02,9.709832134292565087e+00,1.678657074340527688e-01,2.976019184652278327e+00
9.364452685692910450e+00,-9.584664536741213658e-02,1.384451544195953142e-02,-1.022364217252396124e-01,9.239808153477218511e+00,5.107913669064748641e-01,3.889688249400479414e+00
9.369410720091883249e+00,-6.709265175718849561e-02,1.064962726304579440e-03,-6.709265175718849561e-02,8.949640287769783598e+00,7.194244604316546443e-01,3.717026378896882477e+00
9.374368754490854272e+00,-7.987220447284344715e-02,-1.064962726304579353e-02,-1.703940362087327104e-02,9.525179856115107313e+00,4.316546762589928282e-02,3.798561151079136611e+00
9.379326788889825295e+00,-8.732694355697551147e-02,-3.088391906283280072e-02,-5.324813631522896940e-02,9.745803357314148485e+00,-3.141486810551558650e-01,3.561151079136690711e+00
9.384284823288798094e+00,-1.096911608093716767e-01,-4.259850905218317413e-02,-1.214057507987220397e-01,9.227817745803356786e+00,1.247002398081534791e-01,3.436450839328537121e+00
9.389242857687769117e+00,-1.064962726304579388e-01,-4.366347177848775574e-02,-1.224707135250266282e-01,8.913669064748201976e+00,4.676258992805755188e-01,3.390887290167865498e+00
9.394200892086740140e+00,-8.732694355697551147e-02,-3.514376996805111675e-02,-7.561235356762513460e-02,9.436450839328538009e+00,1.966426858513189435e-01,2.870503597122302075e+00
9.399158926485711163e+00,-7.028753993610223350e-02,0.000000000000000000e+00,-7.667731629392970927e-02,9.434052757793764954e+00,1.438848920863309427e-02,3.434052757793764954e+00
9.404116960884683962e+00,5.431309904153354406e-02,2.981895633652822258e-02,-8.519701810436634826e-02,8.911270983213428920e+00,5.803357314148680501e-01,2.851318944844124736e+00
9.409074995283654985e+00,5.218317358892438779e-02,5.644302449414270728e-02,-6.176783812566560145e-02,9.455635491606715348e+00,3.980815347721822772e-01,2.007194244604316502e+00
9.414033029682626008e+00,-1.277955271565495154e-01,8.413205537806177359e-02,-1.182108626198083018e-01,1.018225419664268649e+01,-2.565947242206235157e-01,2.683453237410072134e+00
9.418991064081598807e+00,-2.140575079872204523e-01,1.043663471778487756e-01,-2.247071352502662545e-01,9.033573141486810343e+00,5.251798561151078681e-01,3.872901678657074243e+00
9.423949098480569830e+00,-1.693290734824281218e-01,9.584664536741213658e-02,-1.576144834930777450e-01,8.908872901678657641e+00,8.800959232613908556e-01,3.151079136690647431e+00
9.428907132879540853e+00,-2.566560170394036056e-01,7.561235356762513460e-02,-8.200212992545261037e-02,9.366906474820144268e+00,1.342925659472422040e-01,3.393285371702638109e+00
9.433865167278513653e+00,-2.449414270500532564e-01,1.363152289669861683e-01,-1.192758253461128903e-01,9.225419664268585507e+00,4.748201438848920763e-01,3.400479616306954611e+00
9.438823201677484676e+00,-3.024494142705005384e-01,1.160809371671991524e-01,-1.086261980830670881e-01,9.659472422062350461e+00,7.194244604316546443e-01,5.501199040767386528e+00
9.443781236076455698e+00,-1.267305644302449408e-01,1.490947816826411129e-02,-6.709265175718849561e-02,8.717026378896882477e+00,1.834532374100719343e+00,3.947242206235011874e+00
9.448739270475428498e+00,-1.107561235356762513e-01,5.218317358892438779e-02,4.898828541001064990e-02,8.609112709832134058e+00,2.184652278177458218e+00,3.352517985611510820e+00
9.453697304874399521e+00,-1.331203407880724165e-01,8.519701810436634826e-02,1.799787007454738963e-01,9.318944844124700921e+00,1.093525179856115193e+00,5.422062350119904117e+00
9.458655339273370544e+00,-2.875399361022364098e-02,9.584664536741213658e-03,2.268370607028754038e-01,9.810551558752997892e+00,3.021582733812949728e-01,3.410071942446043280e+00
9.463613373672343343e+00,-1.331203407880724165e-01,-5.431309904153354406e-02,1.480298189563365174e-01,9.863309352517985573e+00,-2.398081534772182263e-02,4.510791366906475197e+00
9.468571408071314366e+00,-7.880724174653887248e-02,-8.093716719914803570e-02,6.070287539936101984e-02,8.995203836930455665e+00,9.472422062350119853e-01,2.328537170263789147e+00
9.473529442470285389e+00,-1.448349307774227934e-01,-3.727369542066027996e-02,8.732694355697551147e-02,8.599520383693045389e+00,1.206235011990407724e+00,3.199040767386091222e+00
9.478487476869258188e+00,-4.259850905218317413e-02,5.644302449414270728e-02,1.661341853035143701e-01,8.935251798561150594e+00,8.872901678657074687e-01,1.932853717026378870e+00
9.483445511268229211e+00,-9.584664536741213658e-02,1.309904153354632672e-01,2.034078807241746500e-01,9.359712230215826878e+00,-1.151079136690647542e-01,3.901678657074340695e+00
9.488403545667200234e+00,-1.490947816826411129e-02,1.256656017039403661e-01,1.554845580404685956e-01,9.306954436450839196e+00,-2.661870503597122406e-01,3.817745803357313950e+00
9.493361580066173033e+00,-3.833865814696485463e-02,5.431309904153354406e-02,9.052183173588924936e-02,9.167865707434053490e+00,-7.434052757793764565e-02,4.299760191846522694e+00
9.498319614465144056e+00,-1.703940362087327104e-02,-1.384451544195953142e-02,5.218317358892438779e-02,9.059952038369305072e+00,2.853717026378896904e-01,3.618705035971223172e+00
9.503277648864115079e+00,-1.597444089456868943e-02,-3.514376996805111675e-02,3.301384451544196047e-02,9.074340527577938076e+00,3.597122302158273222e-01,3.155875299760191766e+00
9.508235683263086102e+00,8.519701810436635520e-03,6.389776357827475772e-03,3.194888178913737886e-02,9.304556354916067917e+00,2.446043165467625957e-01,3.026378896882493841e+00
9.513193717662058901e+00,4.046858359957401785e-02,5.750798722044728195e-02,2.342917997870074681e-02,9.534772182254195982e+00,8.153477218225420320e-02,3.069544364508393297e+00
9.518151752061029924e+00,5.218317358892438779e-02,8.839190628328008614e-02,0.000000000000000000e+00,9.587529976019185440e+00,1.414868105515587615e-01,3.383693045563548996e+00
9.523109786460000947e+00,4.472843450479233041e-02,8.413205537806177359e-02,-1.597444089456868943e-02,9.405275779376498946e+00,4.484412470023980690e-01,3.635491606714628343e+00
9.528067820858973747e+00,5.537806176783812567e-02,5.963791267305644517e-02,-1.171458998935037341e-02,9.230215827338129841e+00,8.129496402877698369e-01,3.563549160671462879e+00
9.533025855257944770e+00,6.709265175718849561e-02,5.963791267305644517e-02,2.875399361022364098e-02,9.100719424460431028e+00,1.047961630695443569e+00,2.788968824940047941e+00
9.537983889656915792e+00,4.685835995740149362e-02,1.011714589989350377e-01,7.135250266240682204e-02,9.163069544364509156e+00,1.050359712230215736e+00,3.112709832134292753e+00
9.542941924055888592e+00,6.389776357827475772e-02,1.522896698615548439e-01,1.022364217252396124e-01,9.251798561151078459e+00,1.182254196642685828e+00,3.383693045563548996e+00
9.547899958454859615e+00,3.407880724174654208e-02,1.533546325878594185e-01,1.448349307774227934e-01,9.143884892086331817e+00,1.047961630695443569e+00,4.115107913669064921e+00
9.552857992853830638e+00,3.407880724174654208e-02,1.235356762513312029e-01,1.735889243876464205e-01,9.105515587529975363e+00,8.800959232613908556e-01,4.105515587529976251e+00
9.557816027252803437e+00,1.916932907348242732e-02,9.478168264110756192e-02,1.874334398296059745e-01,9.287769784172661858e+00,6.738609112709832427e-01,4.350119904076738209e+00
9.562774061651774460e+00,5.644302449414270728e-02,8.306709265175718504e-02,1.927582534611288478e-01,8.884892086330935967e+00,8.177458033573141716e-01,4.088729016786571080e+00
9.567732096050745483e+00,9.478168264110756192e-02,8.839190628328008614e-02,2.257720979765708291e-01,8.546762589928057707e+00,9.160671462829735878e-01,4.256594724220623682e+00
9.572690130449718282e+00,1.246006389776357776e-01,5.218317358892438779e-02,2.768903088391906353e-01,8.781774580335731883e+00,5.395683453237409832e-01,4.167865707434052602e+00
9.577648164848689305e+00,1.096911608093716767e-01,-3.194888178913737886e-02,2.673056443024494078e-01,9.330935251798560870e+00,1.318944844124700366e-01,2.971223021582733992e+00
9.582606199247660328e+00,2.023429179978700893e-02,-6.070287539936101984e-02,1.895633652822151238e-01,9.124700239808152702e+00,2.038369304556355011e-01,2.335731414868105649e+00
9.587564233646633127e+00,-1.064962726304579353e-02,1.703940362087327104e-02,1.427050053248136441e-01,8.640287769784173122e+00,6.690647482014387970e-01,2.453237410071942293e+00
9.592522268045604150e+00,2.129925452609158706e-02,1.192758253461128903e-01,1.810436634717784987e-01,8.467625899280575297e+00,6.522781774580336256e-01,3.095923261390887138e+00
9.597480302444575173e+00,5.750798722044728195e-02,1.565495207667731703e-01,2.406815761448349300e-01,9.110311750599519698e+00,-1.558752997601918489e-01,3.750599520383693264e+00
9.602438336843547972e+00,6.389776357827475772e-02,1.373801916932907430e-01,2.055378061767837994e-01,9.446043165467626679e+00,-4.964028776978417490e-01,4.335731414868105205e+00
9.607396371242518995e+00,4.898828541001064990e-02,5.963791267305644517e-02,1.320553780617678419e-01,9.069544364508393741e+00,-8.872901678657074687e-02,4.556354916067146377e+00
9.612354405641490018e+00,6.176783812566560145e-02,-2.875399361022364098e-02,1.118210862619808260e-01,8.527577937649880369e+00,3.525179856115107646e-01,3.489208633093525247e+00
9.617312440040462818e+00,6.389776357827475772e-02,-8.519701810436635520e-03,1.309904153354632672e-01,8.949640287769783598e+00,1.247002398081534791e-01,2.930455635491606703e+00
9.622270474439433841e+00,6.283280085197018305e-02,6.815761448349308416e-02,1.214057507987220397e-01,9.465227817745804018e+00,-2.062350119904076684e-01,3.405275779376498946e+00
9.627228508838404863e+00,7.135250266240682204e-02,9.371671991480298725e-02,8.626198083067092293e-02,9.266187050359711463e+00,-2.038369304556355011e-01,3.755395683453237599e+00
9.632186543237375886e+00,6.176783812566560145e-02,9.797657082002129980e-02,6.070287539936101984e-02,8.976019184652278327e+00,-1.678657074340527688e-01,4.112709832134292753e+00
9.637144577636348686e+00,4.472843450479233041e-02,7.561235356762513460e-02,5.750798722044728195e-02,9.213429256594723782e+00,-3.645083932853717124e-01,4.201438848920862945e+00
9.642102612035319709e+00,1.490947816826411129e-02,2.342917997870074681e-02,1.916932907348242732e-02,9.182254196642686495e+00,-5.347721822541966485e-01,4.098321342925659749e+00
9.647060646434290732e+00,2.449414270500532495e-02,5.324813631522896766e-03,-3.620873269435569836e-02,8.815347721822542226e+00,-2.158273381294963933e-01,3.258992805755395850e+00
9.652018680833263531e+00,1.064962726304579440e-03,3.194888178913737886e-02,-4.259850905218317413e-02,8.791366906474820553e+00,-1.654676258992805737e-01,3.448441247002397958e+00
9.656976715232234554e+00,2.236421725239616520e-02,6.389776357827475772e-02,-3.940362087326943624e-02,9.175059952038369104e+00,-4.124700239808153368e-01,3.467625899280575741e+00
9.661934749631205577e+00,3.514376996805111675e-02,9.052183173588924936e-02,-6.815761448349308416e-02,9.498800959232614360e+00,-6.091127098321342803e-01,3.973621103117506159e+00
9.666892784030178376e+00,7.774227902023429781e-02,8.413205537806177359e-02,-1.224707135250266282e-01,9.191846522781775164e+00,-3.741007194244604372e-01,4.503597122302158695e+00
9.671850818429149399e+00,1.373801916932907430e-01,4.792332268370606829e-02,-1.427050053248136441e-01,8.784172661870503163e+00,1.414868105515587615e-01,3.625899280575539674e+00
9.676808852828120422e+00,1.033013844515442009e-01,3.301384451544196047e-02,-1.299254526091586925e-01,8.362110311750599934e+00,2.422062350119904006e-01,3.760191846522781933e+00
9.681766887227093221e+00,1.320553780617678419e-01,5.324813631522896940e-02,-1.033013844515442009e-01,8.719424460431655532e+00,9.112709832134292809e-02,3.757793764988009766e+00
9.686724921626064244e+00,9.904153354632587447e-02,2.449414270500532495e-02,-1.235356762513312029e-01,9.194244604316546443e+00,9.592326139088728360e-03,4.047961630695443347e+00
9.691682956025035267e+00,6.709265175718849561e-02,1.597444089456868943e-02,-1.416400425985090417e-01,8.973621103117505271e+00,3.117505995203836977e-01,4.477218225419663966e+00
9.696640990424008066e+00,4.153354632587859252e-02,-2.129925452609158880e-03,-1.192758253461128903e-01,8.661870503597121740e+00,7.122302158273381423e-01,4.841726618705036067e+00
9.701599024822979089e+00,6.922257720979765883e-02,-1.086261980830670881e-01,-8.945686900958466081e-02,8.621103117505995783e+00,8.729016786570743536e-01,4.832134292565947398e+00
9.706557059221950112e+00,1.842385516506922227e-01,-1.192758253461128903e-01,-5.005324813631523151e-02,8.422062350119903229e+00,1.151079136690647431e+00,2.304556354916067029e+00
9.711515093620922912e+00,7.667731629392970927e-02,-1.171458998935037341e-02,3.194888178913737886e-03,8.942446043165467984e+00,6.714628297362110754e-01,3.743405275779376318e+00
9.716473128019893934e+00,4.153354632587859252e-02,2.236421725239616520e-02,1.490947816826411129e-02,9.316546762589927866e+00,3.693045563549160470e-01,4.419664268585131950e+00
9.721431162418864957e+00,-3.088391906283280072e-02,-7.028753993610223350e-02,-1.064962726304579353e-02,9.398081534772181556e+00,1.774580335731414937e-01,5.443645083932853623e+00
9.726389196817837757e+00,4.792332268370606829e-02,-1.863684771033013721e-01,-3.620873269435569836e-02,8.654676258992806126e+00,4.484412470023980690e-01,3.599520383693045389e+00
9.731347231216808780e+00,5.537806176783812567e-02,-1.363152289669861683e-01,-7.454739084132055646e-03,8.537170263788969038e+00,4.316546762589927866e-01,1.769784172661870603e+00
9.736305265615779803e+00,-3.833865814696485463e-02,-3.194888178913737886e-03,1.064962726304579353e-02,9.254196642685851515e+00,-4.748201438848920763e-01,3.923261390887290201e+00
9.741263300014750826e+00,8.519701810436635520e-03,3.301384451544196047e-02,-4.366347177848775574e-02,9.880095923261391633e+00,-9.688249400479616025e-01,3.551558752997602042e+00
9.746221334413723625e+00,-1.203407880724174650e-01,-4.472843450479233041e-02,-1.565495207667731703e-01,9.781774580335731883e+00,-1.256594724220623460e+00,4.988009592326139163e+00
9.751179368812694648e+00,-9.265175718849839870e-02,-1.182108626198083018e-01,-2.673056443024494078e-01,9.071942446043165020e+00,-6.043165467625899456e-01,3.026378896882493841e+00
9.756137403211665671e+00,-1.725239616613418459e-01,-9.265175718849839870e-02,-3.120340788072417659e-01,8.729016786570744202e+00,-3.980815347721822772e-01,3.155875299760191766e+00
9.761095437610638470e+00,-1.437699680511182188e-01,-1.171458998935037341e-02,-3.226837060702875126e-01,8.944844124700239263e+00,-5.203836930455635335e-01,3.076738609112709799e+00
9.766053472009609493e+00,-1.671991480298189447e-01,3.194888178913737886e-02,-3.535676251331203446e-01,9.601918465227818444e+00,-8.009592326139088891e-01,3.812949640287769615e+00
9.771011506408580516e+00,-2.012779552715655007e-01,-1.064962726304579353e-02,-4.355697550585729272e-01,9.525179856115107313e+00,-7.146282973621103096e-01,4.688249400479616469e+00
9.775969540807553315e+00,-1.853035143769967974e-01,-7.561235356762513460e-02,-5.122470713525026920e-01,9.004796163069544335e+00,-7.434052757793764565e-02,3.865707434052757741e+00
9.780927575206524338e+00,-1.938232161874334503e-01,-9.797657082002129980e-02,-5.399361022364217444e-01,8.647482014388488736e+00,3.597122302158273222e-01,3.916067146282973699e+00
9.785885609605495361e+00,-1.160809371671991524e-01,-5.324813631522896940e-02,-5.165069222577209906e-01,8.681055155875299079e+00,6.690647482014387970e-01,2.690647482014388636e+00
9.790843644004468160e+00,-1.512247071352502692e-01,1.064962726304579353e-02,-4.824281150159744347e-01,9.045563549160672068e+00,2.853717026378896904e-01,3.956834532374100544e+00
9.795801678403439183e+00,-1.096911608093716767e-01,2.768903088391906284e-02,-4.866879659211927334e-01,9.249400479616307180e+00,3.165467625899280324e-01,3.791366906474820109e+00
9.800759712802410206e+00,-1.842385516506922227e-01,-3.833865814696485463e-02,-5.122470713525026920e-01,9.009592326139088669e+00,3.693045563549160470e-01,4.083932853717026745e+00
9.805717747201383006e+00,-2.002129925452609260e-01,-9.265175718849839870e-02,-5.282215122470713675e-01,8.832134292565946510e+00,5.755395683453237154e-01,3.254196642685851515e+00
9.810675781600354028e+00,-2.204472843450479280e-01,-6.176783812566560145e-02,-5.292864749733758867e-01,8.846522781774579514e+00,7.625899280575539896e-01,2.736211031175059816e+00
9.815633815999325051e+00,-2.438764643237486818e-01,-2.129925452609158880e-03,-5.079872204472843933e-01,9.151079136690647431e+00,7.146282973621103096e-01,3.436450839328537121e+00
9.820591850398297851e+00,-2.279020234291799785e-01,1.384451544195953142e-02,-4.866879659211927334e-01,9.410071942446043280e+00,8.201438848920863389e-01,3.640287769784172678e+00
9.825549884797268874e+00,-2.215122470713525027e-01,-1.064962726304579353e-02,-4.834930777422790094e-01,9.062350119904076351e+00,9.064748201438849184e-01,4.316546762589927866e+00
9.830507919196239897e+00,-1.501597444089456945e-01,-2.768903088391906284e-02,-4.440894568690095801e-01,9.088729016786571080e+00,1.103117505995203862e+00,2.805755395683453113e+00
9.835465953595212696e+00,-2.215122470713525027e-01,9.584664536741213658e-03,-4.110756123535675988e-01,9.127098321342925757e+00,9.784172661870503829e-01,4.225419664268585507e+00
9.840423987994183719e+00,-1.395101171458998923e-01,2.236421725239616520e-02,-3.865814696485623259e-01,9.105515587529975363e+00,1.261390887290167795e+00,4.011990407673860837e+00
9.845382022393154742e+00,-1.490947816826411199e-01,-9.584664536741213658e-03,-3.386581469648562437e-01,9.091127098321342359e+00,1.294964028776978360e+00,4.585131894484412385e+00
9.850340056792127541e+00,-9.691160809371672513e-02,-4.579339723109691201e-02,-2.875399361022364375e-01,9.038369304556354678e+00,1.321342925659472423e+00,4.534772182254196871e+00
9.855298091191098564e+00,-5.644302449414270728e-02,-6.922257720979765883e-02,-2.374866879659212060e-01,8.932853717026379314e+00,1.431654676258992787e+00,3.920863309352518034e+00
9.860256125590069587e+00,-6.389776357827475772e-02,-8.306709265175718504e-02,-1.980830670926517489e-01,8.896882494004795916e+00,1.362110311750599489e+00,4.563549160671462879e+00
9.865214159989040610e+00,-3.194888178913737886e-03,-1.064962726304579388e-01,-1.618743343982960714e-01,9.249400479616307180e+00,1.235011990407673954e+00,3.752997601918465431e+00
9.870172194388013409e+00,-1.810436634717784918e-02,-1.160809371671991524e-01,-1.352502662406815659e-01,9.155875299760191766e+00,9.352517985611510376e-01,4.815347721822542226e+00
9.875130228786984432e+00,7.561235356762513460e-02,-1.373801916932907430e-01,-1.096911608093716767e-01,9.088729016786571080e+00,1.110311750599520364e+00,3.961630695443644878e+00
9.880088263185955455e+00,5.431309904153354406e-02,-1.799787007454738963e-01,-7.774227902023429781e-02,9.175059952038369104e+00,9.496402877697841527e-01,4.282973621103117523e+00
9.885046297584928254e+00,8.200212992545261037e-02,-2.087326943556975511e-01,-7.774227902023429781e-02,9.446043165467626679e+00,7.985611510791367218e-01,3.400479616306954611e+00
9.890004331983899277e+00,6.070287539936101984e-02,-1.970181043663471743e-01,-9.691160809371672513e-02,9.191846522781775164e+00,6.474820143884891799e-01,3.976019184652278327e+00
9.894962366382870300e+00,1.118210862619808260e-01,-2.012779552715655007e-01,-1.011714589989350377e-01,9.633093525179855732e+00,6.666666666666666297e-01,3.081534772182254134e+00
9.899920400781843099e+00,3.407880724174654208e-02,-2.161874334398296016e-01,-1.277955271565495154e-01,1.025419664268585151e+01,5.707434052757793808e-01,3.110311750599520586e+00
9.904878435180814122e+00,3.194888178913737886e-02,-1.874334398296059745e-01,-1.767838125665601723e-01,9.539568345323740317e+00,9.136690647482014205e-01,3.546762589928057707e+00
9.909836469579785145e+00,1.011714589989350377e-01,-1.299254526091586925e-01,-1.640042598509052207e-01,9.028776978417266008e+00,1.450839328537170347e+00,3.211031175059952059e+00
9.914794503978757945e+00,8.519701810436634826e-02,-1.469648562300319428e-01,-1.022364217252396124e-01,9.366906474820144268e+00,1.266187050359712130e+00,4.254196642685851515e+00
9.919752538377728968e+00,1.533546325878594185e-01,-1.703940362087326965e-01,-7.454739084132055993e-02,9.292565947242206192e+00,1.268585131894484519e+00,3.342925659472422151e+00
9.924710572776699991e+00,1.118210862619808260e-01,-2.034078807241746500e-01,-8.413205537806177359e-02,9.398081534772181556e+00,1.100719424460431695e+00,4.100719424460431917e+00
9.929668607175672790e+00,1.469648562300319428e-01,-2.300319488817891278e-01,-9.265175718849839870e-02,9.167865707434053490e+00,1.517985611510791477e+00,3.189448441247002553e+00
9.934626641574643813e+00,1.107561235356762513e-01,-2.364217252396166036e-01,-6.815761448349308416e-02,9.009592326139088669e+00,1.752997601918465209e+00,3.892086330935251581e+00
9.939584675973614836e+00,1.650692225772097954e-01,-2.481363152289669805e-01,-2.129925452609158880e-03,9.021582733812950394e+00,1.743405275779376540e+00,3.208633093525179891e+00
9.944542710372587635e+00,1.714589989350372712e-01,-2.225772097976570774e-01,4.472843450479233041e-02,9.232613908872901121e+00,1.474820143884892021e+00,3.318944844124700033e+00
9.949500744771558658e+00,1.980830670926517489e-01,-2.044728434504792247e-01,6.922257720979765883e-02,9.398081534772181556e+00,1.338129496402877594e+00,3.206235011990407724e+00
9.954458779170529681e+00,1.821086261980830734e-01,-2.108626198083067005e-01,8.200212992545261037e-02,9.270983213429255798e+00,1.256594724220623460e+00,2.776978417266187105e+00
9.959416813569502480e+00,1.522896698615548439e-01,-2.023429179978700754e-01,9.478168264110756192e-02,9.354916067146282543e+00,1.153477218225419598e+00,2.618705035971223172e+00
9.964374847968473503e+00,1.480298189563365174e-01,-1.512247071352502692e-01,1.011714589989350377e-01,1.000479616306954433e+01,1.002398081534772167e+00,2.000000000000000000e+00
9.969332882367444526e+00,1.150159744408945639e-01,-9.371671991480298725e-02,7.774227902023429781e-02,9.558752997601917656e+00,1.007194244604316502e+00,2.685851318944844301e+00
9.974290916766417325e+00,1.682641107561235472e-01,-1.064962726304579353e-02,8.945686900958466081e-02,9.470023980815348352e+00,1.352517985611510820e+00,2.093525179856114971e+00
9.979248951165388348e+00,1.064962726304579388e-01,3.620873269435569836e-02,1.246006389776357776e-01,9.494004796163070026e+00,1.225419664268585063e+00,3.460431654676258795e+00
9.984206985564359371e+00,1.480298189563365174e-01,3.620873269435569836e-02,1.437699680511182188e-01,9.338129496402878260e+00,1.232613908872901787e+00,2.700239808153477306e+00
9.989165019963330394e+00,9.584664536741213658e-02,4.366347177848775574e-02,1.512247071352502692e-01,9.227817745803356786e+00,1.062350119904076795e+00,2.940047961630695372e+00
9.994123054362303193e+00,9.052183173588924936e-02,6.815761448349308416e-02,1.437699680511182188e-01,9.139088729016785706e+00,1.258992805755395628e+00,3.023980815347721673e+00
9.999081088761274216e+00,7.241746538871139671e-02,7.774227902023429781e-02,1.586794462193823196e-01,9.047961630695443347e+00,1.453237410071942515e+00,3.278177458033573188e+00
1.000403912316024524e+01,6.070287539936101984e-02,7.028753993610223350e-02,1.938232161874334503e-01,9.093525179856115415e+00,1.335731414868105427e+00,3.515587529976019088e+00
1.000899715755921804e+01,5.963791267305644517e-02,6.389776357827475772e-02,2.151224707135250269e-01,9.285371702637888802e+00,1.211031175059952059e+00,2.822541966426858728e+00
1.001395519195818906e+01,7.454739084132055646e-03,7.241746538871139671e-02,2.076677316293929765e-01,9.095923261390886694e+00,1.155875299760191766e+00,3.256594724220623682e+00
1.001891322635716008e+01,1.171458998935037341e-02,1.001064962726304630e-01,2.161874334398296016e-01,8.988009592326138275e+00,1.357314148681055155e+00,2.755395683453237599e+00
1.002387126075613288e+01,-4.046858359957401785e-02,1.299254526091586925e-01,2.460063897763578311e-01,9.314148681055156587e+00,1.119904076738609033e+00,3.458033573141486627e+00
1.002882929515510391e+01,-1.916932907348242732e-02,1.437699680511182188e-01,2.619808306709265344e-01,9.069544364508393741e+00,9.904076738609112196e-01,3.187050359712230385e+00
1.003378732955407493e+01,-2.981895633652822258e-02,1.544195953141639932e-01,2.726304579339723366e-01,9.165467625899280435e+00,7.434052757793765398e-01,3.314148681055155699e+00
1.003874536395304773e+01,-2.023429179978700893e-02,1.608093716719914690e-01,2.705005324813631318e-01,9.203836930455635112e+00,6.954436450839328598e-01,2.985611510791366996e+00
1.004370339835201875e+01,-4.046858359957401785e-02,1.746538871139510229e-01,2.598509052183173851e-01,9.127098321342925757e+00,6.522781774580336256e-01,2.693045563549160804e+00
1.004866143275098977e+01,-6.922257720979765883e-02,2.087326943556975511e-01,2.428115015974440793e-01,9.573141486810552436e+00,4.556354916067146266e-01,2.992805755395683498e+00
1.005361946714996257e+01,-5.537806176783812567e-02,2.619808306709265344e-01,2.108626198083067005e-01,9.333333333333333925e+00,5.155875299760191988e-01,3.364508393285371657e+00
1.005857750154893360e+01,-2.768903088391906284e-02,2.832800851970180833e-01,1.927582534611288478e-01,9.203836930455635112e+00,5.611510791366906004e-01,3.858513189448441238e+00
1.006353553594790462e+01,-1.064962726304579440e-03,2.768903088391906353e-01,1.970181043663471743e-01,9.364508393285371213e+00,4.604316546762590168e-01,3.223021582733812895e+00
1.006849357034687742e+01,-4.685835995740149362e-02,2.832800851970180833e-01,1.671991480298189447e-01,9.088729016786571080e+00,3.908872901678657197e-01,3.697841726618705138e+00
1.007345160474584844e+01,-2.662406815761448470e-02,2.928647497337593109e-01,1.246006389776357776e-01,9.158273381294964821e+00,5.539568345323740983e-01,3.721822541966426812e+00
1.007840963914481947e+01,-3.194888178913737886e-02,2.981895633652822397e-01,1.064962726304579388e-01,8.916067146282973255e+00,7.218225419664268117e-01,4.211031175059951615e+00
1.008336767354379226e+01,-2.662406815761448470e-02,2.747603833865814860e-01,1.128860489882854146e-01,8.748201438848921541e+00,7.002398081534771945e-01,4.563549160671462879e+00
1.008832570794276329e+01,-2.023429179978700893e-02,2.300319488817891278e-01,1.182108626198083018e-01,8.856115107913668183e+00,5.587529976019184330e-01,4.482014388489208301e+00
1.009328374234173431e+01,-1.916932907348242732e-02,1.916932907348242732e-01,9.265175718849839870e-02,8.589928057553956720e+00,6.019184652278177783e-01,4.601918465227817556e+00
1.009824177674070533e+01,1.490947816826411129e-02,1.576144834930777450e-01,7.987220447284344715e-02,8.613908872901678393e+00,7.745803357314148263e-01,4.270983213429256686e+00
1.010319981113967813e+01,2.555910543130990309e-02,1.214057507987220397e-01,9.371671991480298725e-02,8.503597122302158695e+00,7.146282973621103096e-01,4.527577937649880369e+00
1.010815784553864916e+01,7.454739084132055993e-02,8.732694355697551147e-02,1.214057507987220397e-01,8.654676258992806126e+00,5.779376498800958828e-01,4.285371702637889690e+00
1.011311587993762018e+01,1.011714589989350377e-01,5.218317358892438779e-02,1.341853035143769912e-01,8.956834532374100988e+00,3.405275779376498724e-01,4.405275779376498946e+00
1.011807391433659298e+01,1.480298189563365174e-01,2.662406815761448470e-02,1.331203407880724165e-01,8.966426858513189657e+00,4.364508393285371768e-01,3.856115107913669071e+00
1.012303194873556400e+01,1.618743343982960714e-01,2.023429179978700893e-02,1.363152289669861683e-01,9.127098321342925757e+00,5.035971223021582510e-01,3.738609112709831983e+00
1.012798998313453502e+01,1.884984025559105492e-01,3.194888178913737886e-02,1.480298189563365174e-01,9.323741007194245256e+00,5.203836930455635335e-01,3.280575539568345356e+00
1.013294801753350782e+01,1.970181043663471743e-01,7.028753993610223350e-02,1.522896698615548439e-01,9.496402877697841305e+00,4.604316546762590168e-01,3.103117505995203640e+00
1.013790605193247885e+01,1.980830670926517489e-01,1.192758253461128903e-01,1.458998935037273681e-01,9.544364508393284652e+00,4.628297362110311841e-01,3.352517985611510820e+00
1.014286408633144987e+01,1.991480298189563236e-01,1.480298189563365174e-01,1.416400425985090417e-01,9.465227817745804018e+00,5.611510791366906004e-01,3.486810551558753080e+00
1.014782212073042267e+01,1.853035143769967974e-01,1.544195953141639932e-01,1.448349307774227934e-01,9.374100719424459882e+00,5.995203836930456109e-01,3.745803357314148485e+00
1.015278015512939369e+01,1.842385516506922227e-01,1.586794462193823196e-01,1.448349307774227934e-01,9.311750599520383531e+00,5.995203836930456109e-01,3.565947242206235046e+00
1.015773818952836471e+01,1.544195953141639932e-01,1.650692225772097954e-01,1.384451544195953177e-01,9.311750599520383531e+00,5.851318944844124958e-01,3.741007194244604150e+00
1.016269622392733751e+01,1.458998935037273681e-01,1.703940362087326965e-01,1.224707135250266282e-01,9.280575539568344468e+00,6.115107913669064477e-01,3.872901678657074243e+00
1.016765425832630854e+01,1.224707135250266282e-01,1.682641107561235472e-01,1.139510117145899892e-01,9.191846522781775164e+00,6.019184652278177783e-01,4.232613908872902009e+00
1.017261229272527956e+01,1.107561235356762513e-01,1.501597444089456945e-01,1.075612353567625135e-01,9.100719424460431028e+00,5.131894484412470314e-01,4.407673860911271113e+00
1.017757032712425236e+01,1.054313099041533502e-01,1.203407880724174650e-01,9.584664536741213658e-02,9.033573141486810343e+00,4.124700239808153368e-01,4.395683453237410276e+00
1.018252836152322338e+01,1.033013844515442009e-01,9.158679446219382403e-02,7.880724174653887248e-02,8.959232613908872267e+00,3.453237410071942626e-01,4.458033573141486627e+00
1.018748639592219440e+01,1.086261980830670881e-01,6.389776357827475772e-02,6.389776357827475772e-02,8.896882494004795916e+00,3.932853717026378870e-01,4.381294964028777272e+00
1.019244443032116720e+01,1.150159744408945639e-01,3.407880724174654208e-02,5.750798722044728195e-02,8.839328537170263900e+00,4.028776978417266119e-01,4.398081534772182444e+00
1.019740246472013823e+01,1.341853035143769912e-01,8.519701810436635520e-03,5.431309904153354406e-02,8.846522781774579514e+00,3.429256594724220397e-01,4.182254196642685606e+00
1.020236049911910925e+01,1.395101171458998923e-01,-1.064962726304579353e-02,4.792332268370606829e-02,8.896882494004795916e+00,3.045563549160671402e-01,4.112709832134292753e+00
1.020731853351808205e+01,1.512247071352502692e-01,-2.555910543130990309e-02,3.727369542066027996e-02,9.000000000000000000e+00,3.357314148681055377e-01,3.997601918465227833e+00
1.021227656791705307e+01,1.554845580404685956e-01,-3.514376996805111675e-02,2.875399361022364098e-02,9.047961630695443347e+00,4.028776978417266119e-01,3.896882494004796360e+00
1.021723460231602409e+01,1.671991480298189447e-01,-3.301384451544196047e-02,2.768903088391906284e-02,9.093525179856115415e+00,4.796163069544364665e-01,3.750599520383693264e+00
1.022219263671499512e+01,1.714589989350372712e-01,-2.555910543130990309e-02,2.768903088391906284e-02,9.208633093525179447e+00,5.347721822541966485e-01,3.709832134292565975e+00
1.022715067111396792e+01,1.810436634717784987e-01,-8.519701810436635520e-03,3.514376996805111675e-02,9.223021582733812451e+00,6.235011990407673954e-01,3.695443645083932971e+00
1.023210870551293894e+01,1.821086261980830734e-01,1.490947816826411129e-02,5.111821086261980618e-02,9.105515587529975363e+00,7.697841726618704916e-01,3.774580335731414937e+00
1.023706673991190996e+01,1.725239616613418459e-01,2.875399361022364098e-02,7.241746538871139671e-02,9.115107913669064033e+00,8.057553956834532238e-01,4.079136690647482411e+00
1.024202477431088276e+01,1.746538871139510229e-01,2.981895633652822258e-02,9.478168264110756192e-02,9.167865707434053490e+00,8.585131894484412385e-01,3.952038369304556209e+00
1.024698280870985378e+01,1.533546325878594185e-01,3.088391906283280072e-02,1.128860489882854146e-01,9.141486810551558762e+00,9.064748201438849184e-01,3.935251798561151038e+00
1.025194084310882481e+01,1.395101171458998923e-01,3.727369542066027996e-02,1.299254526091586925e-01,9.076738609112709355e+00,9.712230215827337698e-01,3.887290167865707247e+00
1.025689887750779761e+01,1.171458998935037271e-01,5.111821086261980618e-02,1.586794462193823196e-01,9.033573141486810343e+00,1.031175059952038398e+00,4.002398081534772167e+00
1.026185691190676863e+01,9.691160809371672513e-02,5.963791267305644517e-02,1.970181043663471743e-01,9.086330935251798024e+00,8.992805755395683054e-01,4.079136690647482411e+00
1.026681494630573965e+01,7.241746538871139671e-02,5.750798722044728195e-02,2.161874334398296016e-01,9.112709832134292753e+00,6.570743405275779603e-01,4.007194244604316502e+00
1.027177298070471245e+01,3.833865814696485463e-02,5.218317358892438779e-02,2.140575079872204523e-01,9.047961630695443347e+00,5.731414868105515481e-01,4.033573141486810343e+00
1.027673101510368348e+01,7.454739084132055646e-03,4.153354632587859252e-02,2.076677316293929765e-01,8.956834532374100988e+00,5.755395683453237154e-01,3.942446043165467540e+00
1.028168904950265450e+01,-2.129925452609158706e-02,3.301384451544196047e-02,2.097976570820021258e-01,8.973621103117505271e+00,5.179856115107913661e-01,3.920863309352518034e+00
1.028664708390162730e+01,-4.046858359957401785e-02,3.301384451544196047e-02,2.151224707135250269e-01,9.083932853717026745e+00,3.501199040767385973e-01,3.733812949640287648e+00
1.029160511830059832e+01,-6.283280085197018305e-02,5.111821086261980618e-02,2.119275825346112752e-01,9.151079136690647431e+00,1.894484412470023860e-01,3.752997601918465431e+00
1.029656315269956934e+01,-8.093716719914803570e-02,6.389776357827475772e-02,1.991480298189563236e-01,9.103117505995204084e+00,1.558752997601918489e-01,3.913669064748201532e+00
1.030152118709854214e+01,-9.584664536741213658e-02,6.389776357827475772e-02,1.842385516506922227e-01,8.978417266187049606e+00,1.486810551558752913e-01,4.057553956834532016e+00
1.030647922149751317e+01,-1.064962726304579388e-01,4.898828541001064990e-02,1.714589989350372712e-01,8.952038369304556653e+00,5.995203836930455832e-02,4.043165467625899012e+00
1.031143725589648419e+01,-1.139510117145899892e-01,3.940362087326943624e-02,1.565495207667731703e-01,8.985611510791366996e+00,-4.316546762589928282e-02,3.947242206235011874e+00
1.031639529029545699e+01,-1.235356762513312029e-01,4.259850905218317413e-02,1.363152289669861683e-01,9.059952038369305072e+00,-9.112709832134292809e-02,3.956834532374100544e+00
1.032135332469442801e+01,-1.277955271565495154e-01,4.898828541001064990e-02,1.086261980830670881e-01,9.069544364508393741e+00,-5.755395683453237710e-02,4.043165467625899012e+00
1.032631135909339903e+01,-1.288604898828540901e-01,5.111821086261980618e-02,8.945686900958466081e-02,8.997601918465226944e+00,1.438848920863309427e-02,4.153477218225419598e+00
1.033126939349237006e+01,-1.256656017039403661e-01,4.792332268370606829e-02,7.348242811501597138e-02,8.942446043165467984e+00,4.076738609112710160e-02,4.110311750599520586e+00
1.033622742789134286e+01,-1.235356762513312029e-01,4.366347177848775574e-02,6.283280085197018305e-02,8.913669064748201976e+00,0.000000000000000000e+00,4.083932853717026745e+00
1.034118546229031388e+01,-1.192758253461128903e-01,4.366347177848775574e-02,4.579339723109691201e-02,9.011990407673861725e+00,-1.918465227817745672e-02,4.100719424460431917e+00
1.034614349668928490e+01,-1.171458998935037271e-01,3.940362087326943624e-02,2.768903088391906284e-02,9.019184652278177339e+00,-2.877697841726618855e-02,4.189448441247002108e+00
1.035110153108825770e+01,-1.118210862619808260e-01,2.449414270500532495e-02,8.519701810436635520e-03,8.872901678657074243e+00,0.000000000000000000e+00,4.208633093525179447e+00
1.035605956548722872e+01,-1.011714589989350377e-01,7.454739084132055646e-03,-1.171458998935037341e-02,8.769784172661870159e+00,5.755395683453237710e-02,4.160671462829736100e+00
1.036101759988619975e+01,-8.732694355697551147e-02,-5.324813631522896766e-03,-1.810436634717784918e-02,8.800959232613909222e+00,1.127098321342925591e-01,4.191846522781774276e+00
1.036597563428517255e+01,-6.709265175718849561e-02,-1.490947816826411129e-02,-1.277955271565495154e-02,8.884892086330935967e+00,5.515587529976018893e-02,4.007194244604316502e+00
1.037093366868414357e+01,-5.111821086261980618e-02,-1.277955271565495154e-02,-1.490947816826411129e-02,8.935251798561150594e+00,-5.035971223021582649e-02,3.935251798561151038e+00
1.037589170308311459e+01,-3.620873269435569836e-02,-4.259850905218317760e-03,-3.194888178913737886e-02,8.954436450839327932e+00,-7.673860911270982688e-02,3.918465227817745866e+00
1.038084973748208739e+01,-2.342917997870074681e-02,0.000000000000000000e+00,-4.685835995740149362e-02,8.944844124700239263e+00,-1.918465227817745672e-02,4.045563549160671180e+00
1.038580777188105841e+01,-7.454739084132055646e-03,0.000000000000000000e+00,-5.431309904153354406e-02,8.928057553956834980e+00,8.872901678657074687e-02,4.019184652278177339e+00
1.039076580628002944e+01,7.454739084132055646e-03,4.259850905218317760e-03,-5.750798722044728195e-02,8.947242206235012318e+00,1.270983213429256464e-01,3.940047961630695372e+00
1.039572384067900224e+01,1.810436634717784918e-02,1.916932907348242732e-02,-6.176783812566560145e-02,8.928057553956834980e+00,2.326139088729016757e-01,3.992805755395683498e+00
1.040068187507797326e+01,2.875399361022364098e-02,2.981895633652822258e-02,-6.389776357827475772e-02,8.875299760191847298e+00,3.165467625899280324e-01,4.124700239808153590e+00
1.040563990947694428e+01,2.555910543130990309e-02,2.449414270500532495e-02,-6.496272630457934627e-02,8.858513189448441238e+00,4.028776978417266119e-01,4.314148681055155699e+00
1.041059794387591708e+01,1.810436634717784918e-02,6.389776357827475772e-03,-7.135250266240682204e-02,8.882494004796162912e+00,4.508393285371702364e-01,4.249400479616307180e+00
1.041555597827488810e+01,-1.064962726304579440e-03,-1.277955271565495154e-02,-8.306709265175718504e-02,8.784172661870503163e+00,5.539568345323740983e-01,4.196642685851318610e+00
1.042051401267385913e+01,-2.342917997870074681e-02,-3.407880724174654208e-02,-9.158679446219382403e-02,8.820143884892086561e+00,6.187050359712230607e-01,3.985611510791366996e+00
1.042547204707283193e+01,-7.135250266240682204e-02,-4.579339723109691201e-02,-1.022364217252396124e-01,8.990407673860911331e+00,5.827338129496403285e-01,3.904076738609112862e+00
1.043043008147180295e+01,-1.086261980830670881e-01,-3.301384451544196047e-02,-1.022364217252396124e-01,8.976019184652278327e+00,5.971223021582733326e-01,4.374100719424460770e+00
1.043538811587077397e+01,-8.306709265175718504e-02,-3.620873269435569836e-02,-8.626198083067092293e-02,8.848920863309352569e+00,7.362110311750599267e-01,4.352517985611510376e+00
1.044034615026974677e+01,-7.774227902023429781e-02,-6.709265175718849561e-02,-6.389776357827475772e-02,8.836930455635490844e+00,7.673860911270983243e-01,4.088729016786571080e+00
1.044530418466871780e+01,-8.839190628328008614e-02,-9.691160809371672513e-02,-6.283280085197018305e-02,8.604316546762589724e+00,7.386091127098320941e-01,3.745803357314148485e+00
1.045026221906768882e+01,-9.265175718849839870e-02,-8.839190628328008614e-02,-6.176783812566560145e-02,8.549160671462828986e+00,7.745803357314148263e-01,3.853717026378896904e+00
1.045522025346665984e+01,-8.732694355697551147e-02,-9.052183173588924936e-02,-3.407880724174654208e-02,8.803357314148680501e+00,7.146282973621103096e-01,4.031175059952038175e+00
1.046017828786563264e+01,-8.626198083067092293e-02,-1.150159744408945639e-01,-1.064962726304579353e-02,9.000000000000000000e+00,5.059952038369304184e-01,3.808153477218225280e+00
1.046513632226460366e+01,-9.052183173588924936e-02,-1.256656017039403661e-01,-1.064962726304579353e-02,8.961630695443645322e+00,4.004796163069544446e-01,3.491606714628297414e+00
1.047009435666357469e+01,-8.839190628328008614e-02,-1.033013844515442009e-01,-1.384451544195953142e-02,8.820143884892086561e+00,5.299760191846523139e-01,3.290167865707434025e+00
1.047505239106254749e+01,-8.626198083067092293e-02,-7.241746538871139671e-02,3.194888178913737886e-03,8.755395683453237154e+00,7.098321342925659749e-01,3.323741007194244812e+00
1.048001042546151851e+01,-7.774227902023429781e-02,-4.685835995740149362e-02,4.046858359957401785e-02,8.985611510791366996e+00,5.515587529976019310e-01,3.350119904076738653e+00
1.048496845986048953e+01,-7.135250266240682204e-02,-2.342917997870074681e-02,5.644302449414270728e-02,9.235011990407674176e+00,2.254196642685851182e-01,3.278177458033573188e+00
1.048992649425946233e+01,-7.561235356762513460e-02,2.129925452609158880e-03,3.194888178913737886e-02,9.220623501199041172e+00,2.110311750599520308e-01,3.400479616306954611e+00
1.049488452865843335e+01,-7.561235356762513460e-02,2.129925452609158706e-02,4.259850905218317760e-03,8.856115107913668183e+00,5.443645083932853179e-01,3.623501199040767506e+00
1.049984256305740438e+01,-7.241746538871139671e-02,2.129925452609158706e-02,1.384451544195953142e-02,8.553956834532373321e+00,7.577937649880095439e-01,3.834532374100719565e+00
1.050480059745637718e+01,-5.644302449414270728e-02,1.064962726304579353e-02,4.685835995740149362e-02,8.609112709832134058e+00,6.378896882494005105e-01,3.812949640287769615e+00
1.050975863185534820e+01,-5.111821086261980618e-02,-2.129925452609158880e-03,6.070287539936101984e-02,8.829736211031175230e+00,4.484412470023980690e-01,3.877697841726618577e+00
1.051471666625431922e+01,-5.005324813631523151e-02,-2.129925452609158706e-02,4.792332268370606829e-02,8.870503597122302963e+00,4.892086330935251914e-01,4.028776978417266008e+00
1.051967470065329202e+01,-4.898828541001064990e-02,-5.324813631522896940e-02,3.833865814696485463e-02,8.743405275779377206e+00,6.738609112709832427e-01,4.000000000000000000e+00
1.052463273505226304e+01,-4.472843450479233041e-02,-7.454739084132055993e-02,5.218317358892438779e-02,8.637889688249400066e+00,7.362110311750599267e-01,3.738609112709831983e+00
1.052959076945123407e+01,-3.833865814696485463e-02,-7.454739084132055993e-02,7.348242811501597138e-02,8.724220623501199867e+00,5.947242206235011652e-01,3.585131894484412385e+00
1.053454880385020687e+01,-3.301384451544196047e-02,-6.815761448349308416e-02,7.880724174653887248e-02,8.884892086330935967e+00,3.908872901678657197e-01,3.642685851318944845e+00
1.053950683824917789e+01,-3.194888178913737886e-02,-7.348242811501597138e-02,6.815761448349308416e-02,8.937649880095923649e+00,4.004796163069544446e-01,3.657074340527577849e+00
1.054446487264814891e+01,-3.088391906283280072e-02,-8.306709265175718504e-02,6.389776357827475772e-02,8.916067146282973255e+00,4.892086330935251914e-01,3.558752997601918544e+00
1.054942290704712171e+01,-2.236421725239616520e-02,-7.987220447284344715e-02,6.922257720979765883e-02,8.860911270983214294e+00,5.107913669064748641e-01,3.280575539568345356e+00
1.055438094144609273e+01,-1.490947816826411129e-02,-4.898828541001064990e-02,8.519701810436634826e-02,8.925659472422061924e+00,4.748201438848920763e-01,3.131894484412470092e+00
1.055933897584506376e+01,-4.259850905218317760e-03,-8.519701810436635520e-03,9.584664536741213658e-02,9.069544364508393741e+00,4.388489208633093441e-01,3.177458033573141272e+00
1.056429701024403656e+01,2.129925452609158880e-03,2.342917997870074681e-02,9.691160809371672513e-02,9.129496402877697037e+00,4.388489208633093441e-01,3.285371702637889690e+00
1.056925504464300758e+01,5.324813631522896766e-03,4.685835995740149362e-02,9.797657082002129980e-02,9.098321342925659749e+00,4.964028776978417490e-01,3.359712230215827322e+00
1.057421307904197860e+01,1.384451544195953142e-02,6.815761448349308416e-02,1.107561235356762513e-01,8.935251798561150594e+00,5.995203836930456109e-01,3.359712230215827322e+00
1.057917111344094963e+01,2.129925452609158706e-02,9.052183173588924936e-02,1.246006389776357776e-01,8.776978417266187549e+00,6.858513189448440794e-01,3.498800959232613916e+00
1.058412914783992242e+01,2.662406815761448470e-02,1.033013844515442009e-01,1.448349307774227934e-01,8.786570743405276218e+00,6.642685851318944623e-01,3.688249400479616469e+00
1.058908718223889345e+01,2.875399361022364098e-02,9.797657082002129980e-02,1.671991480298189447e-01,8.853717026378896904e+00,6.258992805755395628e-01,3.808153477218225280e+00
1.059404521663786447e+01,2.875399361022364098e-02,8.306709265175718504e-02,1.767838125665601723e-01,8.925659472422061924e+00,5.707434052757793808e-01,3.769784172661870603e+00
1.059900325103683727e+01,2.768903088391906284e-02,7.667731629392970927e-02,1.842385516506922227e-01,8.978417266187049606e+00,5.971223021582733326e-01,3.685851318944844301e+00
1.060396128543580829e+01,2.768903088391906284e-02,8.732694355697551147e-02,2.012779552715655007e-01,8.920863309352517589e+00,5.755395683453237154e-01,3.666666666666666519e+00
1.060891931983477932e+01,2.662406815761448470e-02,9.904153354632587447e-02,2.183173588924387509e-01,8.908872901678657641e+00,5.227817745803357008e-01,3.724220623501198979e+00
1.061387735423375211e+01,2.555910543130990309e-02,1.075612353567625135e-01,2.310969116080937302e-01,8.925659472422061924e+00,4.172661870503597270e-01,3.815347721822541782e+00
1.061883538863272314e+01,2.342917997870074681e-02,1.033013844515442009e-01,2.374866879659212060e-01,8.959232613908872267e+00,3.309352517985611475e-01,3.848920863309352569e+00
1.062379342303169416e+01,1.490947816826411129e-02,9.584664536741213658e-02,2.374866879659212060e-01,8.956834532374100988e+00,3.021582733812949728e-01,3.786570743405275774e+00
1.062875145743066696e+01,9.584664536741213658e-03,1.011714589989350377e-01,2.353567625133120289e-01,8.889688249400480302e+00,3.357314148681055377e-01,3.669064748201438686e+00
1.063370949182963798e+01,2.129925452609158880e-03,1.128860489882854146e-01,2.374866879659212060e-01,8.812949640287769171e+00,3.141486810551558650e-01,3.652278177458033515e+00
1.063866752622860901e+01,-4.259850905218317760e-03,1.192758253461128903e-01,2.470713525026624058e-01,8.990407673860911331e+00,1.942446043165467762e-01,3.630695443645084008e+00
1.064362556062758181e+01,-1.064962726304579353e-02,1.373801916932907430e-01,2.438764643237486818e-01,9.038369304556354678e+00,1.534772182254196538e-01,3.594724220623501054e+00
1.064858359502655283e+01,-2.768903088391906284e-02,1.586794462193823196e-01,2.321618743343983049e-01,9.127098321342925757e+00,1.582733812949640162e-01,3.712230215827338142e+00
1.065354162942552385e+01,-4.366347177848775574e-02,1.661341853035143701e-01,2.215122470713525027e-01,9.076738609112709355e+00,2.302158273381295084e-01,3.577937649880095883e+00
1.065849966382449665e+01,-6.602768903088392094e-02,1.874334398296059745e-01,2.108626198083067005e-01,9.062350119904076351e+00,2.637889688249400733e-01,3.606714628297361891e+00
1.066345769822346767e+01,-9.052183173588924936e-02,2.129925452609158776e-01,1.959531416400425996e-01,9.026378896882494729e+00,2.350119904076738708e-01,3.812949640287769615e+00
1.066841573262243870e+01,-1.150159744408945639e-01,2.193823216187433534e-01,1.767838125665601723e-01,8.988009592326138275e+00,1.798561151079136611e-01,4.095923261390887582e+00
1.067337376702141150e+01,-1.384451544195953177e-01,1.991480298189563236e-01,1.576144834930777450e-01,8.940047961630694928e+00,1.031175059952038342e-01,4.302158273381294862e+00
1.067833180142038252e+01,-1.554845580404685956e-01,1.725239616613418459e-01,1.331203407880724165e-01,8.920863309352517589e+00,1.199040767386091166e-01,4.266187050359712352e+00
1.068328983581935354e+01,-1.714589989350372712e-01,1.437699680511182188e-01,1.118210862619808260e-01,8.812949640287769171e+00,2.206235011990407557e-01,4.256594724220623682e+00
1.068824787021832456e+01,-1.778487752928647470e-01,1.288604898828540901e-01,1.043663471778487756e-01,8.803357314148680501e+00,2.158273381294963933e-01,4.151079136690647431e+00
1.069320590461729736e+01,-1.746538871139510229e-01,1.203407880724174650e-01,1.033013844515442009e-01,8.899280575539568972e+00,7.673860911270982688e-02,4.141486810551558762e+00
1.069816393901626839e+01,-1.650692225772097954e-01,1.107561235356762513e-01,9.371671991480298725e-02,9.057553956834532016e+00,-5.035971223021582649e-02,4.165467625899280435e+00
1.070312197341523941e+01,-1.522896698615548439e-01,1.022364217252396124e-01,7.561235356762513460e-02,9.057553956834532016e+00,-7.913669064748200810e-02,4.206235011990407280e+00
1.070808000781421221e+01,-1.352502662406815659e-01,9.052183173588924936e-02,5.644302449414270728e-02,9.019184652278177339e+00,5.515587529976018893e-02,4.199040767386090778e+00
1.071303804221318323e+01,-1.128860489882854146e-01,8.519701810436634826e-02,5.324813631522896940e-02,8.978417266187049606e+00,1.894484412470023860e-01,4.021582733812949506e+00
1.071799607661215425e+01,-9.371671991480298725e-02,9.158679446219382403e-02,6.283280085197018305e-02,8.930455635491606259e+00,2.110311750599520308e-01,4.040767386091126845e+00
1.072295411101112705e+01,-6.922257720979765883e-02,1.086261980830670881e-01,6.815761448349308416e-02,9.057553956834532016e+00,1.462829736211031240e-01,4.057553956834532016e+00
1.072791214541009808e+01,-5.218317358892438779e-02,1.171458998935037271e-01,6.922257720979765883e-02,9.124700239808152702e+00,9.832134292565947176e-02,4.151079136690647431e+00
1.073287017980906910e+01,-3.194888178913737886e-02,1.192758253461128903e-01,6.176783812566560145e-02,9.098321342925659749e+00,1.055155875299760154e-01,4.122302158273381423e+00
1.073782821420804190e+01,-6.389776357827475772e-03,1.331203407880724165e-01,6.709265175718849561e-02,8.856115107913668183e+00,2.254196642685851182e-01,4.100719424460431917e+00
1.074278624860701292e+01,1.916932907348242732e-02,1.427050053248136441e-01,8.839190628328008614e-02,8.824940047961630896e+00,2.254196642685851182e-01,4.199040767386090778e+00
1.074774428300598395e+01,4.792332268370606829e-02,1.373801916932907430e-01,1.054313099041533502e-01,8.798561151079136167e+00,1.390887290167865664e-01,4.227817745803357674e+00
1.075270231740495674e+01,6.389776357827475772e-02,1.214057507987220397e-01,1.107561235356762513e-01,8.808153477218224836e+00,3.836930455635491344e-02,4.314148681055155699e+00
1.075766035180392777e+01,7.774227902023429781e-02,1.001064962726304630e-01,1.011714589989350377e-01,8.829736211031175230e+00,1.031175059952038342e-01,4.350119904076738209e+00
1.076261838620289879e+01,7.880724174653887248e-02,7.028753993610223350e-02,9.691160809371672513e-02,8.793764988009591832e+00,2.206235011990407557e-01,4.335731414868105205e+00
1.076757642060187159e+01,7.561235356762513460e-02,4.153354632587859252e-02,9.904153354632587447e-02,8.810551558752997892e+00,2.230215827338129508e-01,4.134292565947242259e+00
1.077253445500084261e+01,6.709265175718849561e-02,2.981895633652822258e-02,9.797657082002129980e-02,8.851318944844123848e+00,1.630695443645084064e-01,4.014388489208633004e+00
1.077749248939981364e+01,5.218317358892438779e-02,2.555910543130990309e-02,8.945686900958466081e-02,8.942446043165467984e+00,5.995203836930455832e-02,4.035971223021582510e+00
1.078245052379878643e+01,3.301384451544196047e-02,9.584664536741213658e-03,6.922257720979765883e-02,8.961630695443645322e+00,5.035971223021582649e-02,4.031175059952038175e+00
1.078740855819775746e+01,1.064962726304579353e-02,-1.064962726304579353e-02,5.324813631522896940e-02,8.944844124700239263e+00,5.515587529976018893e-02,3.920863309352518034e+00
1.079236659259672848e+01,-3.194888178913737886e-03,-2.023429179978700893e-02,4.259850905218317413e-02,8.964028776978416602e+00,3.597122302158273222e-02,3.640287769784172678e+00
1.079732462699570128e+01,-2.129925452609158706e-02,-6.389776357827475772e-03,2.875399361022364098e-02,8.985611510791366996e+00,-3.597122302158273222e-02,3.486810551558753080e+00
1.080228266139467230e+01,-3.301384451544196047e-02,1.597444089456868943e-02,1.277955271565495154e-02,9.043165467625899012e+00,-5.755395683453237710e-02,3.522781774580335590e+00
1.080724069579364333e+01,-4.259850905218317413e-02,2.875399361022364098e-02,0.000000000000000000e+00,9.040767386091127733e+00,-7.434052757793764565e-02,3.661870503597122184e+00
1.081219873019261435e+01,-4.898828541001064990e-02,3.407880724174654208e-02,-1.597444089456868943e-02,9.000000000000000000e+00,-1.007194244604316530e-01,3.700239808153477306e+00
1.081715676459158715e+01,-4.898828541001064990e-02,3.940362087326943624e-02,-2.768903088391906284e-02,8.997601918465226944e+00,-1.151079136690647542e-01,3.621103117505995339e+00
1.082211479899055817e+01,-4.898828541001064990e-02,4.898828541001064990e-02,-3.940362087326943624e-02,8.971223021582733992e+00,-1.151079136690647542e-01,3.551558752997602042e+00
1.082707283338952919e+01,-4.153354632587859252e-02,6.709265175718849561e-02,-4.259850905218317413e-02,9.014388489208633004e+00,-1.079136690647481966e-01,3.541966426858513373e+00
1.083203086778850199e+01,-3.194888178913737886e-02,8.519701810436634826e-02,-4.472843450479233041e-02,9.083932853717026745e+00,-1.726618705035971313e-01,3.613908872901678837e+00
1.083698890218747302e+01,-1.384451544195953142e-02,9.797657082002129980e-02,-5.005324813631523151e-02,9.119904076738608367e+00,-2.326139088729016757e-01,3.642685851318944845e+00
1.084194693658644404e+01,-2.129925452609158880e-03,1.064962726304579388e-01,-5.750798722044728195e-02,9.076738609112709355e+00,-2.038369304556355011e-01,3.661870503597122184e+00
1.084690497098541684e+01,1.277955271565495154e-02,1.150159744408945639e-01,-6.496272630457934627e-02,9.031175059952039064e+00,-1.199040767386091166e-01,3.649880095923261347e+00
1.085186300538438786e+01,2.768903088391906284e-02,1.267305644302449408e-01,-6.602768903088392094e-02,9.028776978417266008e+00,-5.515587529976018893e-02,3.645083932853717013e+00
1.085682103978335888e+01,3.940362087326943624e-02,1.384451544195953177e-01,-6.283280085197018305e-02,9.047961630695443347e+00,-4.316546762589928282e-02,3.724220623501198979e+00
1.086177907418233168e+01,5.005324813631523151e-02,1.512247071352502692e-01,-6.070287539936101984e-02,9.088729016786571080e+00,-1.678657074340527550e-02,3.762589928057554101e+00
1.086673710858130271e+01,5.431309904153354406e-02,1.544195953141639932e-01,-6.070287539936101984e-02,9.057553956834532016e+00,6.954436450839328321e-02,3.839328537170263900e+00
1.087169514298027373e+01,4.898828541001064990e-02,1.522896698615548439e-01,-6.176783812566560145e-02,9.002398081534773056e+00,1.534772182254196538e-01,3.836930455635491732e+00
1.087665317737924653e+01,4.259850905218317413e-02,1.597444089456868943e-01,-5.750798722044728195e-02,8.954436450839327932e+00,1.894484412470023860e-01,3.832134292565947398e+00
1.088161121177821755e+01,3.620873269435569836e-02,1.714589989350372712e-01,-5.324813631522896940e-02,8.916067146282973255e+00,1.630695443645084064e-01,3.860911270983213406e+00
1.088656924617718857e+01,2.129925452609158706e-02,1.735889243876464205e-01,-5.218317358892438779e-02,8.992805755395682610e+00,1.103117505995203779e-01,3.961630695443644878e+00
1.089152728057616137e+01,8.519701810436635520e-03,1.714589989350372712e-01,-5.431309904153354406e-02,9.064748201438849406e+00,5.995203836930455832e-02,3.911270983213429364e+00
1.089648531497513240e+01,-6.389776357827475772e-03,1.746538871139510229e-01,-6.602768903088392094e-02,9.076738609112709355e+00,7.194244604316546443e-02,3.834532374100719565e+00
1.090144334937410342e+01,-1.916932907348242732e-02,1.842385516506922227e-01,-7.561235356762513460e-02,9.055155875299760737e+00,1.199040767386091166e-01,3.851318944844124736e+00
1.090640138377307622e+01,-2.662406815761448470e-02,1.970181043663471743e-01,-7.561235356762513460e-02,9.040767386091127733e+00,1.079136690647481966e-01,3.894484412470024193e+00
1.091135941817204724e+01,-3.833865814696485463e-02,1.991480298189563236e-01,-7.880724174653887248e-02,9.105515587529975363e+00,3.836930455635491344e-02,3.997601918465227833e+00
1.091631745257101826e+01,-5.111821086261980618e-02,1.906283280085196985e-01,-9.371671991480298725e-02,9.155875299760191766e+00,-1.199040767386091132e-02,4.035971223021582510e+00
1.092127548696998929e+01,-6.709265175718849561e-02,1.767838125665601723e-01,-1.214057507987220397e-01,9.189448441247002108e+00,-2.398081534772182263e-02,4.069544364508392853e+00
1.092623352136896209e+01,-7.667731629392970927e-02,1.682641107561235472e-01,-1.448349307774227934e-01,9.165467625899280435e+00,9.112709832134292809e-02,3.997601918465227833e+00
1.093119155576793311e+01,-8.626198083067092293e-02,1.640042598509052207e-01,-1.576144834930777450e-01,9.141486810551558762e+00,2.182254196642685884e-01,3.968824940047961825e+00
1.093614959016690413e+01,-8.945686900958466081e-02,1.650692225772097954e-01,-1.661341853035143701e-01,9.141486810551558762e+00,2.326139088729016757e-01,4.107913669064748419e+00
1.094110762456587693e+01,-8.519701810436634826e-02,1.608093716719914690e-01,-1.714589989350372712e-01,9.103117505995204084e+00,3.117505995203836977e-01,4.187050359712229941e+00
1.094606565896484796e+01,-8.413205537806177359e-02,1.458998935037273681e-01,-1.725239616613418459e-01,9.055155875299760737e+00,3.908872901678657197e-01,4.290167865707434025e+00
1.095102369336381898e+01,-7.774227902023429781e-02,1.267305644302449408e-01,-1.671991480298189447e-01,8.961630695443645322e+00,5.131894484412470314e-01,4.268585131894484519e+00
1.095598172776279178e+01,-7.241746538871139671e-02,1.139510117145899892e-01,-1.597444089456868943e-01,8.887290167865707247e+00,6.235011990407673954e-01,4.297362110311750527e+00
1.096093976216176280e+01,-6.176783812566560145e-02,1.022364217252396124e-01,-1.427050053248136441e-01,8.882494004796162912e+00,6.594724220623501276e-01,4.357314148681055599e+00
1.096589779656073382e+01,-4.579339723109691201e-02,8.945686900958466081e-02,-1.214057507987220397e-01,8.875299760191847298e+00,6.282973621103117301e-01,4.371702637889688603e+00
1.097085583095970662e+01,-2.981895633652822258e-02,7.667731629392970927e-02,-9.904153354632587447e-02,8.956834532374100988e+00,6.043165467625899456e-01,4.354916067146282543e+00
1.097581386535867765e+01,-1.384451544195953142e-02,6.283280085197018305e-02,-8.413205537806177359e-02,8.990407673860911331e+00,5.611510791366906004e-01,4.232613908872902009e+00
1.098077189975764867e+01,3.194888178913737886e-03,5.750798722044728195e-02,-7.135250266240682204e-02,8.971223021582733992e+00,5.611510791366906004e-01,4.184652278177457774e+00
1.098572993415662147e+01,2.129925452609158706e-02,5.963791267305644517e-02,-5.111821086261980618e-02,8.923261390887290645e+00,5.299760191846523139e-01,4.141486810551558762e+00
1.099068796855559249e+01,4.046858359957401785e-02,5.324813631522896940e-02,-3.514376996805111675e-02,8.896882494004795916e+00,4.748201438848920763e-01,4.139088729016786594e+00
1.099564600295456351e+01,6.176783812566560145e-02,4.472843450479233041e-02,-2.449414270500532495e-02,8.928057553956834980e+00,3.980815347721822772e-01,4.136690647482014427e+00
1.100060403735353631e+01,7.561235356762513460e-02,3.407880724174654208e-02,-1.703940362087327104e-02,8.935251798561150594e+00,3.501199040767385973e-01,4.098321342925659749e+00
1.100556207175250734e+01,9.052183173588924936e-02,2.555910543130990309e-02,-1.490947816826411129e-02,8.966426858513189657e+00,3.453237410071942626e-01,3.995203836930455665e+00
1.101052010615147836e+01,1.054313099041533502e-01,2.875399361022364098e-02,-1.597444089456868943e-02,8.973621103117505271e+00,3.860911270983213295e-01,3.918465227817745866e+00
1.101547814055045116e+01,1.171458998935037271e-01,3.833865814696485463e-02,-1.810436634717784918e-02,8.925659472422061924e+00,4.484412470023980690e-01,3.997601918465227833e+00
1.102043617494942218e+01,1.267305644302449408e-01,3.940362087326943624e-02,-8.519701810436635520e-03,8.904076738609113306e+00,5.155875299760191988e-01,4.083932853717026745e+00
1.102539420934839320e+01,1.341853035143769912e-01,2.981895633652822258e-02,2.129925452609158880e-03,8.877697841726618577e+00,5.203836930455635335e-01,4.098321342925659749e+00
1.103035224374736600e+01,1.416400425985090417e-01,2.023429179978700893e-02,9.584664536741213658e-03,8.887290167865707247e+00,5.179856115107913661e-01,4.026378896882493841e+00
1.103531027814633703e+01,1.416400425985090417e-01,1.916932907348242732e-02,1.916932907348242732e-02,8.872901678657074243e+00,6.163069544364508934e-01,3.997601918465227833e+00
1.104026831254530805e+01,1.458998935037273681e-01,1.916932907348242732e-02,3.514376996805111675e-02,8.824940047961630896e+00,6.882494004796163578e-01,4.014388489208633004e+00
1.104522634694427907e+01,1.501597444089456945e-01,1.703940362087327104e-02,5.857294994675186356e-02,8.822541966426857840e+00,7.026378896882493619e-01,3.992805755395683498e+00
1.105018438134325187e+01,1.501597444089456945e-01,1.597444089456868943e-02,8.413205537806177359e-02,8.875299760191847298e+00,6.810551558752997447e-01,3.884892086330935079e+00
1.105514241574222289e+01,1.490947816826411199e-01,1.703940362087327104e-02,1.054313099041533502e-01,8.858513189448441238e+00,6.690647482014387970e-01,3.800959232613908778e+00
1.106010045014119392e+01,1.490947816826411199e-01,2.236421725239616520e-02,1.246006389776357776e-01,8.822541966426857840e+00,6.810551558752997447e-01,3.810551558752997447e+00
1.106505848454016672e+01,1.490947816826411199e-01,2.236421725239616520e-02,1.469648562300319428e-01,8.800959232613909222e+00,6.594724220623501276e-01,3.709832134292565975e+00
1.107001651893913774e+01,1.448349307774227934e-01,2.342917997870074681e-02,1.757188498402555976e-01,8.808153477218224836e+00,6.474820143884891799e-01,3.611510791366906670e+00
1.107497455333810876e+01,1.437699680511182188e-01,2.555910543130990309e-02,1.980830670926517489e-01,8.827338129496402175e+00,6.067146282973621130e-01,3.534772182254196426e+00
1.107993258773708156e+01,1.341853035143769912e-01,2.662406815761448470e-02,2.129925452609158776e-01,8.901678657074340251e+00,5.083932853717025857e-01,3.479616306954436578e+00
1.108489062213605258e+01,1.277955271565495154e-01,3.301384451544196047e-02,2.268370607028754038e-01,8.918465227817746310e+00,4.556354916067146266e-01,3.417266187050359783e+00
1.108984865653502361e+01,1.235356762513312029e-01,4.366347177848775574e-02,2.364217252396166036e-01,9.014388489208633004e+00,3.165467625899280324e-01,3.302158273381294862e+00
1.109480669093399641e+01,1.182108626198083018e-01,6.176783812566560145e-02,2.396166134185303553e-01,9.081534772182253690e+00,1.870503597122302186e-01,3.268585131894484519e+00
1.109976472533296743e+01,1.139510117145899892e-01,7.987220447284344715e-02,2.396166134185303553e-01,9.088729016786571080e+00,1.079136690647481966e-01,3.314148681055155699e+00
1.110472275973193845e+01,1.150159744408945639e-01,9.691160809371672513e-02,2.342917997870074542e-01,9.086330935251798024e+00,5.275779376498800771e-02,3.390887290167865498e+00
1.110968079413091125e+01,1.139510117145899892e-01,1.086261980830670881e-01,2.289669861554845531e-01,9.028776978417266008e+00,1.438848920863309427e-02,3.438848920863309289e+00
1.111463882852988228e+01,1.150159744408945639e-01,1.182108626198083018e-01,2.236421725239616520e-01,8.997601918465226944e+00,1.438848920863309427e-02,3.489208633093525247e+00
1.111959686292885330e+01,1.150159744408945639e-01,1.267305644302449408e-01,2.140575079872204523e-01,8.983213429256593940e+00,2.398081534772182090e-03,3.544364508393285540e+00
1.112455489732782610e+01,1.096911608093716767e-01,1.352502662406815659e-01,2.066027689030884018e-01,8.920863309352517589e+00,-1.678657074340527550e-02,3.666666666666666519e+00
1.112951293172679712e+01,1.118210862619808260e-01,1.395101171458998923e-01,1.980830670926517489e-01,8.916067146282973255e+00,-5.755395683453237710e-02,3.717026378896882477e+00
1.113447096612576814e+01,1.075612353567625135e-01,1.437699680511182188e-01,1.863684771033013721e-01,8.877697841726618577e+00,-3.597122302158273222e-02,3.798561151079136611e+00
1.113942900052474094e+01,1.064962726304579388e-01,1.416400425985090417e-01,1.810436634717784987e-01,8.812949640287769171e+00,4.796163069544364180e-03,3.863309352517985573e+00
1.114438703492371197e+01,1.043663471778487756e-01,1.352502662406815659e-01,1.778487752928647470e-01,8.786570743405276218e+00,2.398081534772182090e-03,3.899280575539568527e+00
1.114934506932268299e+01,1.043663471778487756e-01,1.309904153354632672e-01,1.757188498402555976e-01,8.800959232613909222e+00,-4.796163069544364180e-03,3.882494004796162912e+00
1.115430310372165579e+01,1.001064962726304630e-01,1.267305644302449408e-01,1.661341853035143701e-01,8.832134292565946510e+00,-4.076738609112710160e-02,3.856115107913669071e+00
1.115926113812062681e+01,9.691160809371672513e-02,1.214057507987220397e-01,1.586794462193823196e-01,8.856115107913668183e+00,-8.633093525179856564e-02,3.863309352517985573e+00
1.116421917251959783e+01,9.904153354632587447e-02,1.192758253461128903e-01,1.480298189563365174e-01,8.913669064748201976e+00,-1.366906474820143991e-01,3.868105515587529908e+00
1.116917720691856886e+01,9.691160809371672513e-02,1.139510117145899892e-01,1.309904153354632672e-01,8.935251798561150594e+00,-1.510791366906474864e-01,3.863309352517985573e+00
1.117413524131754166e+01,9.904153354632587447e-02,1.086261980830670881e-01,1.171458998935037271e-01,9.004796163069544335e+00,-1.630695443645084064e-01,3.844124700239808234e+00
1.117909327571651268e+01,1.043663471778487756e-01,1.139510117145899892e-01,1.043663471778487756e-01,9.035971223021583398e+00,-1.678657074340527688e-01,3.848920863309352569e+00
1.118405131011548370e+01,1.150159744408945639e-01,1.214057507987220397e-01,9.584664536741213658e-02,9.014388489208633004e+00,-1.894484412470023860e-01,3.887290167865707247e+00
1.118900934451445650e+01,1.256656017039403661e-01,1.277955271565495154e-01,8.626198083067092293e-02,9.026378896882494729e+00,-2.062350119904076684e-01,3.935251798561151038e+00
1.119396737891342752e+01,1.363152289669861683e-01,1.277955271565495154e-01,7.454739084132055993e-02,9.038369304556354678e+00,-1.966426858513189435e-01,4.033573141486810343e+00
1.119892541331239855e+01,1.469648562300319428e-01,1.256656017039403661e-01,5.857294994675186356e-02,8.940047961630694928e+00,-9.352517985611510931e-02,4.115107913669064921e+00
1.120388344771137135e+01,1.533546325878594185e-01,1.150159744408945639e-01,5.111821086261980618e-02,8.834532374100719565e+00,2.637889688249400386e-02,4.206235011990407280e+00
1.120884148211034237e+01,1.576144834930777450e-01,1.033013844515442009e-01,4.792332268370606829e-02,8.853717026378896904e+00,6.235011990407673954e-02,4.182254196642685606e+00
1.121379951650931339e+01,1.586794462193823196e-01,9.265175718849839870e-02,4.792332268370606829e-02,8.964028776978416602e+00,9.832134292565947176e-02,4.182254196642685606e+00
1.121875755090828619e+01,1.522896698615548439e-01,8.519701810436634826e-02,4.366347177848775574e-02,9.031175059952039064e+00,1.702637889688249362e-01,4.160671462829736100e+00
1.122371558530725721e+01,1.416400425985090417e-01,7.774227902023429781e-02,4.046858359957401785e-02,8.992805755395682610e+00,2.398081534772182333e-01,4.158273381294963933e+00
1.122867361970622824e+01,1.299254526091586925e-01,7.028753993610223350e-02,4.366347177848775574e-02,8.964028776978416602e+00,3.117505995203836977e-01,4.100719424460431917e+00
1.123363165410520104e+01,1.150159744408945639e-01,6.709265175718849561e-02,5.111821086261980618e-02,8.971223021582733992e+00,3.021582733812949728e-01,4.035971223021582510e+00
1.123858968850417206e+01,1.001064962726304630e-01,6.176783812566560145e-02,5.324813631522896940e-02,8.983213429256593940e+00,2.685851318944844079e-01,4.028776978417266008e+00
1.124354772290314308e+01,8.519701810436634826e-02,5.750798722044728195e-02,5.111821086261980618e-02,9.004796163069544335e+00,2.613908872901678504e-01,3.952038369304556209e+00
1.124850575730211588e+01,6.283280085197018305e-02,5.111821086261980618e-02,5.218317358892438779e-02,9.026378896882494729e+00,2.374100719424460382e-01,3.868105515587529908e+00
1.125346379170108690e+01,4.153354632587859252e-02,5.111821086261980618e-02,4.792332268370606829e-02,9.071942446043165020e+00,2.517985611510791255e-01,3.709832134292565975e+00
1.125842182610005793e+01,2.129925452609158706e-02,5.857294994675186356e-02,4.153354632587859252e-02,9.023980815347721673e+00,2.565947242206235157e-01,3.649880095923261347e+00
1.126337986049903073e+01,3.194888178913737886e-03,6.922257720979765883e-02,3.833865814696485463e-02,9.050359712230216402e+00,2.374100719424460382e-01,3.681055155875299967e+00
1.126833789489800175e+01,-1.490947816826411129e-02,7.561235356762513460e-02,3.194888178913737886e-02,9.167865707434053490e+00,1.630695443645084064e-01,3.642685851318944845e+00
1.127329592929697277e+01,-2.981895633652822258e-02,7.987220447284344715e-02,1.810436634717784918e-02,9.211031175059952503e+00,1.294964028776978415e-01,3.633093525179856176e+00
1.127825396369594380e+01,-3.833865814696485463e-02,9.158679446219382403e-02,1.064962726304579440e-03,9.208633093525179447e+00,1.846522781774580235e-01,3.618705035971223172e+00
1.128321199809491659e+01,-4.685835995740149362e-02,1.064962726304579388e-01,-1.277955271565495154e-02,9.151079136690647431e+00,3.093525179856115304e-01,3.738609112709831983e+00
1.128817003249388762e+01,-4.366347177848775574e-02,1.192758253461128903e-01,-1.384451544195953142e-02,9.131894484412470092e+00,3.836930455635491621e-01,3.875299760191846410e+00
1.129312806689285864e+01,-4.046858359957401785e-02,1.246006389776357776e-01,-1.597444089456868943e-02,9.088729016786571080e+00,3.597122302158273222e-01,4.028776978417266008e+00
1.129808610129183144e+01,-3.194888178913737886e-02,1.224707135250266282e-01,-2.023429179978700893e-02,9.021582733812950394e+00,3.741007194244604372e-01,4.239808153477218511e+00
1.130304413569080246e+01,-1.810436634717784918e-02,1.054313099041533502e-01,-2.662406815761448470e-02,8.928057553956834980e+00,4.844124700239808012e-01,4.414868105515587615e+00
1.130800217008977349e+01,1.064962726304579440e-03,8.093716719914803570e-02,-1.597444089456868943e-02,8.856115107913668183e+00,5.827338129496403285e-01,4.407673860911271113e+00
1.131296020448874629e+01,2.981895633652822258e-02,6.283280085197018305e-02,2.129925452609158880e-03,8.856115107913668183e+00,6.378896882494005105e-01,4.362110311750599934e+00
1.131791823888771731e+01,6.176783812566560145e-02,4.898828541001064990e-02,2.449414270500532495e-02,8.860911270983214294e+00,6.354916067146283432e-01,4.386091127098321607e+00
1.132287627328668833e+01,9.904153354632587447e-02,3.727369542066027996e-02,4.898828541001064990e-02,8.851318944844123848e+00,5.827338129496403285e-01,4.410071942446043280e+00
1.132783430768566113e+01,1.331203407880724165e-01,1.916932907348242732e-02,7.454739084132055993e-02,8.822541966426857840e+00,5.419664268585131506e-01,4.398081534772182444e+00
1.133279234208463215e+01,1.640042598509052207e-01,0.000000000000000000e+00,9.584664536741213658e-02,8.836930455635490844e+00,5.083932853717025857e-01,4.294964028776978360e+00
1.133775037648360318e+01,1.916932907348242732e-01,-1.490947816826411129e-02,1.096911608093716767e-01,8.870503597122302963e+00,5.155875299760191988e-01,4.129496402877697925e+00
1.134270841088257598e+01,2.108626198083067005e-01,-2.023429179978700893e-02,1.224707135250266282e-01,8.913669064748201976e+00,5.347721822541966485e-01,3.995203836930455665e+00
1.134766644528154700e+01,2.247071352502662545e-01,-1.597444089456868943e-02,1.405750798722044670e-01,8.925659472422061924e+00,5.587529976019184330e-01,3.848920863309352569e+00
1.135262447968051802e+01,2.342917997870074542e-01,-2.129925452609158880e-03,1.565495207667731703e-01,8.978417266187049606e+00,5.779376498800958828e-01,3.786570743405275774e+00
1.135758251407949082e+01,2.374866879659212060e-01,1.277955271565495154e-02,1.714589989350372712e-01,8.997601918465226944e+00,5.731414868105515481e-01,3.757793764988009766e+00
1.136254054847846184e+01,2.364217252396166036e-01,2.768903088391906284e-02,1.895633652822151238e-01,8.971223021582733992e+00,5.947242206235011652e-01,3.717026378896882477e+00
1.136749858287743287e+01,2.300319488817891278e-01,4.898828541001064990e-02,2.087326943556975511e-01,8.964028776978416602e+00,6.163069544364508934e-01,3.657074340527577849e+00
1.137245661727640567e+01,2.161874334398296016e-01,6.815761448349308416e-02,2.289669861554845531e-01,8.980815347721822661e+00,6.163069544364508934e-01,3.630695443645084008e+00
1.137741465167537669e+01,1.959531416400425996e-01,8.945686900958466081e-02,2.460063897763578311e-01,8.973621103117505271e+00,5.899280575539568305e-01,3.637889688249400511e+00
1.138237268607434771e+01,1.725239616613418459e-01,1.150159744408945639e-01,2.630457933972311091e-01,8.968824940047960936e+00,5.539568345323740983e-01,3.659472422062350017e+00
1.138733072047332051e+01,1.490947816826411199e-01,1.363152289669861683e-01,2.768903088391906353e-01,8.971223021582733992e+00,5.131894484412470314e-01,3.741007194244604150e+00
1.139228875487229153e+01,1.235356762513312029e-01,1.533546325878594185e-01,2.907348242811501615e-01,8.923261390887290645e+00,4.364508393285371768e-01,3.798561151079136611e+00
1.139724678927126256e+01,9.691160809371672513e-02,1.671991480298189447e-01,3.013844515441959637e-01,8.841726618705035179e+00,3.429256594724220397e-01,3.882494004796162912e+00
1.140220482367023358e+01,7.454739084132055993e-02,1.821086261980830734e-01,3.099041533546325611e-01,8.808153477218224836e+00,2.254196642685851182e-01,3.988009592326139163e+00
1.140716285806920638e+01,5.644302449414270728e-02,1.948881789137380249e-01,3.152289669861554899e-01,8.781774580335731883e+00,1.055155875299760154e-01,4.110311750599520586e+00
1.141212089246817740e+01,4.259850905218317413e-02,2.002129925452609260e-01,3.120340788072417659e-01,8.709832134292565087e+00,-2.158273381294964141e-02,4.258992805755395850e+00
1.141707892686714843e+01,3.514376996805111675e-02,1.948881789137380249e-01,3.109691160809371913e-01,8.585131894484412385e+00,-9.112709832134292809e-02,4.381294964028777272e+00
1.142203696126612122e+01,3.194888178913737886e-02,1.821086261980830734e-01,3.099041533546325611e-01,8.522781774580336034e+00,-1.846522781774580235e-01,4.422062350119904117e+00
1.142699499566509225e+01,2.981895633652822258e-02,1.757188498402555976e-01,3.056443024494142624e-01,8.553956834532373321e+00,-2.949640287769784153e-01,4.388489208633093774e+00
1.143195303006406327e+01,3.088391906283280072e-02,1.735889243876464205e-01,2.981895633652822397e-01,8.573141486810552436e+00,-3.836930455635491621e-01,4.417266187050359783e+00
1.143691106446303607e+01,3.407880724174654208e-02,1.714589989350372712e-01,2.832800851970180833e-01,8.527577937649880369e+00,-3.884892086330935523e-01,4.412470023980815448e+00
1.144186909886200709e+01,3.727369542066027996e-02,1.671991480298189447e-01,2.683706070287539824e-01,8.570743405275779381e+00,-4.100719424460431695e-01,4.448441247002397958e+00
1.144682713326097812e+01,3.620873269435569836e-02,1.576144834930777450e-01,2.534611288604898816e-01,8.673860911270983465e+00,-4.868105515587530241e-01,4.381294964028777272e+00
1.145178516765995091e+01,3.301384451544196047e-02,1.501597444089456945e-01,2.300319488817891278e-01,8.788968824940047497e+00,-5.851318944844124958e-01,4.239808153477218511e+00
1.145674320205892194e+01,2.662406815761448470e-02,1.554845580404685956e-01,1.970181043663471743e-01,8.889688249400480302e+00,-6.306954436450838974e-01,4.155875299760191766e+00
1.146170123645789296e+01,2.236421725239616520e-02,1.693290734824281218e-01,1.597444089456868943e-01,8.911270983213428920e+00,-6.354916067146283432e-01,4.211031175059951615e+00
1.146665927085686576e+01,1.703940362087327104e-02,1.767838125665601723e-01,1.235356762513312029e-01,8.872901678657074243e+00,-6.642685851318944623e-01,4.390887290167865942e+00
1.147161730525583678e+01,1.490947816826411129e-02,1.725239616613418459e-01,8.200212992545261037e-02,8.829736211031175230e+00,-7.050359712230215292e-01,4.489208633093524803e+00
1.147657533965480781e+01,1.597444089456868943e-02,1.586794462193823196e-01,4.046858359957401785e-02,8.851318944844123848e+00,-7.242206235011990900e-01,4.515587529976019532e+00
1.148153337405378061e+01,2.129925452609158706e-02,1.458998935037273681e-01,-5.324813631522896766e-03,8.841726618705035179e+00,-6.762589928057554101e-01,4.513189448441247364e+00
1.148649140845275163e+01,3.620873269435569836e-02,1.373801916932907430e-01,-3.833865814696485463e-02,8.820143884892086561e+00,-6.067146282973621130e-01,4.563549160671462879e+00
1.149144944285172265e+01,5.537806176783812567e-02,1.331203407880724165e-01,-6.283280085197018305e-02,8.856115107913668183e+00,-5.659472422062350461e-01,4.577937649880095883e+00
1.149640747725069545e+01,7.667731629392970927e-02,1.320553780617678419e-01,-8.413205537806177359e-02,8.856115107913668183e+00,-5.131894484412470314e-01,4.616306954436450560e+00
1.150136551164966647e+01,1.033013844515442009e-01,1.277955271565495154e-01,-1.043663471778487756e-01,8.798561151079136167e+00,-3.717026378896882699e-01,4.721822541966426812e+00
1.150632354604863750e+01,1.256656017039403661e-01,1.160809371671991524e-01,-1.139510117145899892e-01,8.693045563549160804e+00,-2.470023980815347631e-01,4.743405275779376318e+00
1.151128158044760852e+01,1.448349307774227934e-01,1.022364217252396124e-01,-1.139510117145899892e-01,8.685851318944843413e+00,-8.872901678657074687e-02,4.681055155875299967e+00
1.151623961484658132e+01,1.618743343982960714e-01,8.945686900958466081e-02,-1.107561235356762513e-01,8.717026378896882477e+00,5.755395683453237710e-02,4.594724220623501054e+00
1.152119764924555234e+01,1.735889243876464205e-01,7.561235356762513460e-02,-9.904153354632587447e-02,8.748201438848921541e+00,1.726618705035971313e-01,4.424460431654676285e+00
1.152615568364452336e+01,1.746538871139510229e-01,6.815761448349308416e-02,-9.265175718849839870e-02,8.860911270983214294e+00,2.829736211031175230e-01,4.242206235011990678e+00
1.153111371804349616e+01,1.671991480298189447e-01,6.709265175718849561e-02,-9.052183173588924936e-02,8.928057553956834980e+00,3.980815347721822772e-01,4.083932853717026745e+00
1.153607175244246719e+01,1.490947816826411199e-01,7.774227902023429781e-02,-8.519701810436634826e-02,9.033573141486810343e+00,4.460431654676259017e-01,3.988009592326139163e+00
1.154102978684143821e+01,1.331203407880724165e-01,9.158679446219382403e-02,-7.241746538871139671e-02,9.045563549160672068e+00,4.676258992805755188e-01,3.976019184652278327e+00
1.154598782124041101e+01,1.256656017039403661e-01,1.139510117145899892e-01,-5.644302449414270728e-02,9.009592326139088669e+00,4.436450839328537343e-01,3.985611510791366996e+00
1.155094585563938203e+01,1.064962726304579388e-01,1.309904153354632672e-01,-4.685835995740149362e-02,8.995203836930455665e+00,3.477218225419664299e-01,4.088729016786571080e+00
1.155590389003835305e+01,8.945686900958466081e-02,1.384451544195953177e-01,-4.259850905218317413e-02,8.976019184652278327e+00,3.117505995203836977e-01,4.196642685851318610e+00
1.156086192443732585e+01,7.667731629392970927e-02,1.363152289669861683e-01,-3.727369542066027996e-02,8.896882494004795916e+00,3.309352517985611475e-01,4.302158273381294862e+00
1.156581995883629688e+01,6.709265175718849561e-02,1.309904153354632672e-01,-2.662406815761448470e-02,8.815347721822542226e+00,3.069544364508393075e-01,4.354916067146282543e+00
1.157077799323526790e+01,6.070287539936101984e-02,1.299254526091586925e-01,-1.064962726304579353e-02,8.757793764988010210e+00,2.565947242206235157e-01,4.393285371702638109e+00
1.157573602763424070e+01,5.537806176783812567e-02,1.309904153354632672e-01,0.000000000000000000e+00,8.714628297362111198e+00,1.918465227817745811e-01,4.503597122302158695e+00
1.158069406203321172e+01,5.218317358892438779e-02,1.256656017039403661e-01,1.064962726304579353e-02,8.678657074340527799e+00,1.103117505995203779e-01,4.599520383693045389e+00
1.158565209643218274e+01,4.579339723109691201e-02,1.075612353567625135e-01,2.023429179978700893e-02,8.637889688249400066e+00,1.007194244604316530e-01,4.654676258992806126e+00
1.159061013083115554e+01,4.046858359957401785e-02,8.839190628328008614e-02,2.875399361022364098e-02,8.635491606714628787e+00,1.151079136690647542e-01,4.582733812949640217e+00
1.159556816523012657e+01,3.727369542066027996e-02,7.454739084132055993e-02,3.514376996805111675e-02,8.621103117505995783e+00,1.223021582733812979e-01,4.494004796163069138e+00
1.160052619962909759e+01,3.727369542066027996e-02,7.028753993610223350e-02,4.792332268370606829e-02,8.606714628297362779e+00,1.103117505995203779e-01,4.436450839328537121e+00
1.160548423402807039e+01,4.366347177848775574e-02,6.389776357827475772e-02,6.389776357827475772e-02,8.616306954436451448e+00,6.235011990407673954e-02,4.402877697841726778e+00
1.161044226842704141e+01,5.005324813631523151e-02,5.857294994675186356e-02,7.880724174653887248e-02,8.606714628297362779e+00,1.438848920863309427e-02,4.405275779376498946e+00
1.161540030282601244e+01,5.644302449414270728e-02,4.792332268370606829e-02,8.945686900958466081e-02,8.592326139088729775e+00,-2.637889688249400386e-02,4.338129496402877372e+00
1.162035833722498523e+01,6.176783812566560145e-02,3.301384451544196047e-02,1.001064962726304630e-01,8.637889688249400066e+00,-2.158273381294964141e-02,4.237410071942446343e+00
1.162531637162395626e+01,6.389776357827475772e-02,2.768903088391906284e-02,1.128860489882854146e-01,8.709832134292565087e+00,-3.357314148681055099e-02,4.047961630695443347e+00
1.163027440602292728e+01,6.070287539936101984e-02,3.727369542066027996e-02,1.235356762513312029e-01,8.764988009592325824e+00,-1.390887290167865664e-01,3.916067146282973699e+00
1.163523244042189830e+01,5.324813631522896940e-02,5.644302449414270728e-02,1.309904153354632672e-01,8.812949640287769171e+00,-2.278177458033573133e-01,3.880095923261390745e+00
1.164019047482087110e+01,4.366347177848775574e-02,7.135250266240682204e-02,1.277955271565495154e-01,8.839328537170263900e+00,-3.405275779376498724e-01,3.865707434052757741e+00
1.164514850921984213e+01,2.875399361022364098e-02,8.093716719914803570e-02,1.182108626198083018e-01,8.824940047961630896e+00,-3.836930455635491621e-01,3.887290167865707247e+00
1.165010654361881315e+01,1.490947816826411129e-02,8.839190628328008614e-02,1.075612353567625135e-01,8.800959232613909222e+00,-3.693045563549160470e-01,3.858513189448441238e+00
1.165506457801778595e+01,-1.064962726304579440e-03,1.001064962726304630e-01,9.797657082002129980e-02,8.827338129496402175e+00,-3.764988009592326046e-01,3.779376498800959272e+00
1.166002261241675697e+01,-2.342917997870074681e-02,1.139510117145899892e-01,8.413205537806177359e-02,8.966426858513189657e+00,-4.148681055155875042e-01,3.669064748201438686e+00
1.166498064681572799e+01,-5.537806176783812567e-02,1.320553780617678419e-01,6.176783812566560145e-02,8.995203836930455665e+00,-4.268585131894484519e-01,3.693045563549160804e+00
1.166993868121470079e+01,-8.626198083067092293e-02,1.427050053248136441e-01,2.875399361022364098e-02,8.947242206235012318e+00,-3.908872901678657197e-01,3.817745803357313950e+00
1.167489671561367182e+01,-1.224707135250266282e-01,1.427050053248136441e-01,-2.129925452609158880e-03,8.868105515587529908e+00,-3.333333333333333148e-01,3.997601918465227833e+00
1.167985475001264284e+01,-1.544195953141639932e-01,1.352502662406815659e-01,-2.555910543130990309e-02,8.832134292565946510e+00,-3.285371702637889801e-01,4.112709832134292753e+00
1.168481278441161564e+01,-1.767838125665601723e-01,1.235356762513312029e-01,-4.898828541001064990e-02,8.829736211031175230e+00,-3.717026378896882699e-01,4.201438848920862945e+00
1.168977081881058666e+01,-1.948881789137380249e-01,1.096911608093716767e-01,-7.241746538871139671e-02,8.798561151079136167e+00,-4.052757793764987793e-01,4.251798561151079348e+00
1.169472885320955768e+01,-2.034078807241746500e-01,9.265175718849839870e-02,-9.371671991480298725e-02,8.745803357314148485e+00,-3.932853717026378870e-01,4.278177458033573188e+00
1.169968688760853048e+01,-2.076677316293929765e-01,7.667731629392970927e-02,-1.107561235356762513e-01,8.726618705035971146e+00,-3.645083932853717124e-01,4.278177458033573188e+00
1.170464492200750151e+01,-2.044728434504792247e-01,6.389776357827475772e-02,-1.235356762513312029e-01,8.860911270983214294e+00,-4.364508393285371768e-01,4.199040767386090778e+00
1.170960295640647253e+01,-1.959531416400425996e-01,6.070287539936101984e-02,-1.373801916932907430e-01,8.980815347721822661e+00,-4.676258992805755188e-01,4.175059952038369104e+00
1.171456099080544533e+01,-1.789137380191693216e-01,6.922257720979765883e-02,-1.544195953141639932e-01,8.944844124700239263e+00,-4.460431654676259017e-01,4.244604316546762846e+00
1.171951902520441635e+01,-1.586794462193823196e-01,7.454739084132055993e-02,-1.682641107561235472e-01,8.822541966426857840e+00,-3.836930455635491621e-01,4.422062350119904117e+00
1.172447705960338737e+01,-1.320553780617678419e-01,6.815761448349308416e-02,-1.693290734824281218e-01,8.805755395683453557e+00,-3.693045563549160470e-01,4.558752997601918544e+00
1.172943509400236017e+01,-1.033013844515442009e-01,5.537806176783812567e-02,-1.693290734824281218e-01,8.805755395683453557e+00,-3.836930455635491621e-01,4.587529976019184552e+00
1.173439312840133120e+01,-7.561235356762513460e-02,4.366347177848775574e-02,-1.767838125665601723e-01,8.875299760191847298e+00,-3.597122302158273222e-01,4.539568345323741205e+00
1.173935116280030222e+01,-4.898828541001064990e-02,3.727369542066027996e-02,-1.810436634717784987e-01,8.884892086330935967e+00,-2.014388489208633060e-01,4.489208633093524803e+00
1.174430919719927502e+01,-2.236421725239616520e-02,4.046858359957401785e-02,-1.725239616613418459e-01,8.851318944844123848e+00,-7.673860911270982688e-02,4.460431654676258795e+00
1.174926723159824604e+01,2.129925452609158880e-03,4.472843450479233041e-02,-1.576144834930777450e-01,8.822541966426857840e+00,-4.076738609112710160e-02,4.486810551558752636e+00
1.175422526599721706e+01,1.916932907348242732e-02,4.259850905218317413e-02,-1.416400425985090417e-01,8.923261390887290645e+00,-2.877697841726618855e-02,4.479616306954436133e+00
1.175918330039618809e+01,2.768903088391906284e-02,3.301384451544196047e-02,-1.299254526091586925e-01,9.023980815347721673e+00,-4.316546762589928282e-02,4.417266187050359783e+00
1.176414133479516089e+01,2.875399361022364098e-02,3.514376996805111675e-02,-1.246006389776357776e-01,9.016786570743406060e+00,1.438848920863309427e-02,4.330935251798560870e+00
1.176909936919413191e+01,2.342917997870074681e-02,4.153354632587859252e-02,-1.139510117145899892e-01,8.980815347721822661e+00,9.112709832134292809e-02,4.263788968824940184e+00
1.177405740359310293e+01,1.171458998935037341e-02,5.005324813631523151e-02,-9.904153354632587447e-02,9.011990407673861725e+00,1.175059952038369354e-01,4.203836930455635112e+00
1.177901543799207573e+01,-1.064962726304579353e-02,5.750798722044728195e-02,-8.945686900958466081e-02,9.023980815347721673e+00,9.352517985611510931e-02,4.172661870503596937e+00
1.178397347239104676e+01,-4.366347177848775574e-02,5.963791267305644517e-02,-9.052183173588924936e-02,9.050359712230216402e+00,6.714628297362110199e-02,4.167865707434052602e+00
1.178893150679001778e+01,-7.987220447284344715e-02,6.070287539936101984e-02,-9.904153354632587447e-02,9.050359712230216402e+00,3.836930455635491344e-02,4.122302158273381423e+00
1.179388954118899058e+01,-1.192758253461128903e-01,6.922257720979765883e-02,-1.086261980830670881e-01,9.031175059952039064e+00,4.076738609112710160e-02,4.124700239808153590e+00
1.179884757558796160e+01,-1.480298189563365174e-01,7.667731629392970927e-02,-1.160809371671991524e-01,9.026378896882494729e+00,7.673860911270982688e-02,4.127098321342925757e+00
1.180380560998693262e+01,-1.757188498402555976e-01,8.732694355697551147e-02,-1.182108626198083018e-01,8.980815347721822661e+00,3.117505995203836977e-02,4.280575539568345356e+00
1.180876364438590542e+01,-1.948881789137380249e-01,9.265175718849839870e-02,-1.192758253461128903e-01,8.968824940047960936e+00,-4.076738609112710160e-02,4.386091127098321607e+00
1.181372167878487645e+01,-2.076677316293929765e-01,9.478168264110756192e-02,-1.246006389776357776e-01,8.937649880095923649e+00,-1.247002398081534791e-01,4.460431654676258795e+00
1.181867971318384747e+01,-2.076677316293929765e-01,9.371671991480298725e-02,-1.309904153354632672e-01,8.848920863309352569e+00,-1.247002398081534791e-01,4.541966426858513373e+00
1.182363774758282027e+01,-1.980830670926517489e-01,9.265175718849839870e-02,-1.341853035143769912e-01,8.705035971223020752e+00,-8.393285371702638442e-02,4.688249400479616469e+00
1.182859578198179129e+01,-1.821086261980830734e-01,8.519701810436634826e-02,-1.288604898828540901e-01,8.625899280575540118e+00,-7.673860911270982688e-02,4.812949640287770059e+00
1.183355381638076231e+01,-1.629392971246006461e-01,6.922257720979765883e-02,-1.203407880724174650e-01,8.625899280575540118e+00,-1.270983213429256464e-01,4.836930455635491732e+00
1.183851185077973511e+01,-1.373801916932907430e-01,5.218317358892438779e-02,-1.150159744408945639e-01,8.657074340527577405e+00,-1.822541966426858562e-01,4.839328537170263900e+00
1.184346988517870614e+01,-1.139510117145899892e-01,3.940362087326943624e-02,-1.139510117145899892e-01,8.671462829736210409e+00,-1.462829736211031240e-01,4.798561151079137055e+00
1.184842791957767716e+01,-9.797657082002129980e-02,3.194888178913737886e-02,-1.107561235356762513e-01,8.678657074340527799e+00,-1.055155875299760154e-01,4.793764988009592720e+00
1.185338595397664996e+01,-7.667731629392970927e-02,2.449414270500532495e-02,-1.033013844515442009e-01,8.685851318944843413e+00,-1.007194244604316530e-01,4.709832134292565975e+00
1.185834398837562098e+01,-6.496272630457934627e-02,1.490947816826411129e-02,-9.371671991480298725e-02,8.764988009592325824e+00,-1.486810551558752913e-01,4.621103117505994895e+00
1.186330202277459200e+01,-6.070287539936101984e-02,1.384451544195953142e-02,-9.158679446219382403e-02,8.827338129496402175e+00,-1.462829736211031240e-01,4.520383693045563867e+00
1.186826005717356303e+01,-6.602768903088392094e-02,1.810436634717784918e-02,-9.584664536741213658e-02,8.822541966426857840e+00,-7.673860911270982688e-02,4.503597122302158695e+00
1.187321809157253583e+01,-7.667731629392970927e-02,2.449414270500532495e-02,-9.904153354632587447e-02,8.707434052757793808e+00,6.474820143884892076e-02,4.551558752997602042e+00
1.187817612597150685e+01,-9.691160809371672513e-02,2.023429179978700893e-02,-9.691160809371672513e-02,8.666666666666666075e+00,1.175059952038369354e-01,4.599520383693045389e+00
1.188313416037047787e+01,-1.309904153354632672e-01,9.584664536741213658e-03,-9.371671991480298725e-02,8.640287769784173122e+00,1.342925659472422040e-01,4.625899280575539230e+00
1.188809219476945067e+01,-1.703940362087326965e-01,-2.129925452609158880e-03,-1.033013844515442009e-01,8.669064748201439130e+00,7.673860911270982688e-02,4.637889688249400066e+00
1.189305022916842169e+01,-2.108626198083067005e-01,-1.490947816826411129e-02,-1.192758253461128903e-01,8.676258992805754744e+00,1.918465227817745672e-02,4.700239808153477306e+00
1.189800826356739272e+01,-2.481363152289669805e-01,-2.768903088391906284e-02,-1.320553780617678419e-01,8.609112709832134058e+00,6.474820143884892076e-02,4.731414868105515481e+00
1.190296629796636552e+01,-2.800851970181043593e-01,-4.472843450479233041e-02,-1.458998935037273681e-01,8.568345323741006325e+00,5.275779376498800771e-02,4.714628297362110310e+00
1.190792433236533654e+01,-3.067092651757188371e-01,-6.283280085197018305e-02,-1.576144834930777450e-01,8.597122302158274110e+00,-4.076738609112710160e-02,4.625899280575539230e+00
1.191288236676430756e+01,-3.258785942492012921e-01,-6.922257720979765883e-02,-1.725239616613418459e-01,8.697841726618705138e+00,-1.175059952038369354e-01,4.525179856115108201e+00
1.191784040116328036e+01,-3.386581469648562437e-01,-6.496272630457934627e-02,-1.906283280085196985e-01,8.781774580335731883e+00,-1.846522781774580235e-01,4.539568345323741205e+00
1.192279843556225138e+01,-3.386581469648562437e-01,-5.857294994675186356e-02,-2.076677316293929765e-01,8.776978417266187549e+00,-1.870503597122302186e-01,4.589928057553956720e+00
1.192775646996122241e+01,-3.280085197018104415e-01,-5.537806176783812567e-02,-2.140575079872204523e-01,8.659472422062350461e+00,-1.606714628297362113e-01,4.609112709832134058e+00
1.193271450436019521e+01,-3.099041533546325611e-01,-5.537806176783812567e-02,-2.140575079872204523e-01,8.633093525179855732e+00,-1.079136690647481966e-01,4.561151079136690711e+00
1.193767253875916623e+01,-2.896698615548455868e-01,-5.537806176783812567e-02,-2.087326943556975511e-01,8.673860911270983465e+00,-1.270983213429256464e-01,4.513189448441247364e+00
1.194263057315813725e+01,-2.641107561235356838e-01,-5.218317358892438779e-02,-1.991480298189563236e-01,8.738609112709832871e+00,-1.678657074340527688e-01,4.494004796163069138e+00
1.194758860755711005e+01,-2.406815761448349300e-01,-4.472843450479233041e-02,-1.948881789137380249e-01,8.764988009592325824e+00,-1.630695443645084064e-01,4.436450839328537121e+00
1.195254664195608107e+01,-2.172523961661341763e-01,-3.088391906283280072e-02,-1.948881789137380249e-01,8.736211031175059816e+00,-7.194244604316546443e-02,4.424460431654676285e+00
1.195750467635505210e+01,-1.991480298189563236e-01,-2.236421725239616520e-02,-1.884984025559105492e-01,8.688249400479616469e+00,5.035971223021582649e-02,4.398081534772182444e+00
1.196246271075402490e+01,-1.874334398296059745e-01,-1.597444089456868943e-02,-1.735889243876464205e-01,8.690647482014387748e+00,1.055155875299760154e-01,4.390887290167865942e+00
1.196742074515299592e+01,-1.810436634717784987e-01,-7.454739084132055646e-03,-1.629392971246006461e-01,8.764988009592325824e+00,1.342925659472422040e-01,4.292565947242206192e+00
1.197237877955196694e+01,-1.884984025559105492e-01,2.129925452609158880e-03,-1.597444089456868943e-01,8.829736211031175230e+00,1.270983213429256464e-01,4.230215827338129841e+00
1.197733681395093974e+01,-2.066027689030884018e-01,1.384451544195953142e-02,-1.650692225772097954e-01,8.875299760191847298e+00,1.342925659472422040e-01,4.244604316546762846e+00
1.198229484834991077e+01,-2.268370607028754038e-01,2.555910543130990309e-02,-1.767838125665601723e-01,8.836930455635490844e+00,1.630695443645084064e-01,4.311750599520383531e+00
1.198725288274888179e+01,-2.449414270500532564e-01,3.088391906283280072e-02,-1.863684771033013721e-01,8.779376498800958828e+00,1.199040767386091166e-01,4.393285371702638109e+00
1.199221091714785281e+01,-2.619808306709265344e-01,2.981895633652822258e-02,-1.980830670926517489e-01,8.822541966426857840e+00,3.597122302158273222e-02,4.417266187050359783e+00
1.199716895154682561e+01,-2.726304579339723366e-01,2.342917997870074681e-02,-2.161874334398296016e-01,8.827338129496402175e+00,-4.796163069544364180e-03,4.438848920863309289e+00
1.200212698594579663e+01,-2.715654952076677064e-01,2.236421725239616520e-02,-2.300319488817891278e-01,8.786570743405276218e+00,-9.592326139088728360e-03,4.407673860911271113e+00
1.200708502034476766e+01,-2.630457933972311091e-01,2.236421725239616520e-02,-2.438764643237486818e-01,8.755395683453237154e+00,-2.158273381294964141e-02,4.429256594724220619e+00
1.201204305474374046e+01,-2.438764643237486818e-01,2.768903088391906284e-02,-2.534611288604898816e-01,8.755395683453237154e+00,-3.597122302158273222e-02,4.477218225419663966e+00
1.201700108914271148e+01,-2.204472843450479280e-01,2.875399361022364098e-02,-2.598509052183173851e-01,8.733812949640288537e+00,-4.076738609112710160e-02,4.544364508393285540e+00
1.202195912354168250e+01,-1.938232161874334503e-01,2.662406815761448470e-02,-2.683706070287539824e-01,8.769784172661870159e+00,0.000000000000000000e+00,4.625899280575539230e+00
1.202691715794065530e+01,-1.640042598509052207e-01,2.662406815761448470e-02,-2.747603833865814860e-01,8.683453237410072134e+00,1.079136690647481966e-01,4.601918465227817556e+00
1.203187519233962632e+01,-1.341853035143769912e-01,2.875399361022364098e-02,-2.758253461128860606e-01,8.594724220623501054e+00,2.709832134292565753e-01,4.700239808153477306e+00
1.203683322673859735e+01,-1.086261980830670881e-01,2.875399361022364098e-02,-2.683706070287539824e-01,8.460431654676259683e+00,5.227817745803357008e-01,4.856115107913669071e+00
1.204179126113757015e+01,-9.158679446219382403e-02,1.916932907348242732e-02,-2.470713525026624058e-01,8.364508393285371213e+00,7.266187050359712574e-01,5.055155875299759849e+00
1.204674929553654117e+01,-8.306709265175718504e-02,-7.454739084132055646e-03,-2.193823216187433534e-01,8.318944844124700921e+00,8.393285371702637887e-01,5.110311750599520586e+00
1.205170732993551219e+01,-9.265175718849839870e-02,-3.940362087326943624e-02,-1.948881789137380249e-01,8.328537170263789591e+00,9.040767386091127511e-01,5.069544364508392853e+00
1.205666536433448499e+01,-1.150159744408945639e-01,-6.922257720979765883e-02,-1.789137380191693216e-01,8.398081534772181556e+00,9.496402877697841527e-01,4.906474820143884585e+00
1.206162339873345601e+01,-1.522896698615548439e-01,-9.371671991480298725e-02,-1.682641107561235472e-01,8.465227817745804018e+00,1.019184652278177561e+00,4.750599520383692820e+00
1.206658143313242704e+01,-1.970181043663471743e-01,-1.054313099041533502e-01,-1.565495207667731703e-01,8.510791366906474309e+00,1.035971223021582732e+00,4.659472422062350461e+00
1.207153946753139984e+01,-2.353567625133120289e-01,-1.096911608093716767e-01,-1.416400425985090417e-01,8.599520383693045389e+00,9.736211031175060482e-01,4.513189448441247364e+00
1.207649750193037086e+01,-2.747603833865814860e-01,-1.107561235356762513e-01,-1.288604898828540901e-01,8.637889688249400066e+00,8.561151079136690711e-01,4.393285371702638109e+00
1.208145553632934188e+01,-3.088391906283279864e-01,-1.096911608093716767e-01,-1.203407880724174650e-01,8.642685851318944401e+00,7.937649880095922761e-01,4.225419664268585507e+00
1.208641357072831468e+01,-3.375931842385516690e-01,-1.064962726304579388e-01,-1.139510117145899892e-01,8.621103117505995783e+00,6.954436450839328598e-01,4.199040767386090778e+00
1.209137160512728570e+01,-3.567625133120340686e-01,-9.904153354632587447e-02,-1.075612353567625135e-01,8.683453237410072134e+00,6.043165467625899456e-01,4.074340527577938076e+00
1.209632963952625673e+01,-3.716719914802981695e-01,-8.839190628328008614e-02,-9.797657082002129980e-02,8.757793764988010210e+00,4.484412470023980690e-01,3.976019184652278327e+00
1.210128767392522775e+01,-3.748668796592119490e-01,-7.135250266240682204e-02,-9.797657082002129980e-02,8.906474820143884585e+00,2.158273381294963933e-01,3.822541966426858728e+00
1.210624570832420055e+01,-3.695420660276890201e-01,-4.259850905218317413e-02,-1.096911608093716767e-01,8.952038369304556653e+00,7.194244604316546443e-02,3.719424460431654644e+00
1.211120374272317157e+01,-3.514376996805111952e-01,-1.064962726304579440e-03,-1.203407880724174650e-01,8.513189448441247364e+00,9.592326139088728360e-03,4.002398081534772167e+00
1.211616177712214260e+01,-2.928647497337593109e-01,4.898828541001064990e-02,-1.096911608093716767e-01,8.772182254196643214e+00,-3.237410071942445899e-01,4.767386091127097991e+00
1.212111981152111539e+01,-2.268370607028754038e-01,3.514376996805111675e-02,-1.288604898828540901e-01,9.294964028776979248e+00,-7.458033573141487071e-01,5.422062350119904117e+00
1.212607784592008642e+01,-1.725239616613418459e-01,-3.194888178913737886e-02,-1.938232161874334503e-01,9.016786570743406060e+00,-6.474820143884891799e-01,5.508393285371703030e+00
1.213103588031905744e+01,-1.075612353567625135e-01,-7.135250266240682204e-02,-2.545260915867944562e-01,8.745803357314148485e+00,-8.633093525179856564e-02,5.544364508393285540e+00
1.213599391471803024e+01,-4.685835995740149362e-02,-1.128860489882854146e-01,-2.630457933972311091e-01,8.721822541966426812e+00,3.261390887290168128e-01,5.438848920863309289e+00
1.214095194911700126e+01,-1.064962726304579440e-03,-1.480298189563365174e-01,-2.428115015974440793e-01,8.966426858513189657e+00,3.884892086330935523e-01,4.731414868105515481e+00
1.214590998351597229e+01,-1.064962726304579440e-03,-1.501597444089456945e-01,-2.566560170394036056e-01,8.971223021582733992e+00,6.570743405275779603e-01,4.071942446043165909e+00
1.215086801791494509e+01,-2.449414270500532495e-02,-1.203407880724174650e-01,-2.673056443024494078e-01,8.400479616306954611e+00,1.223021582733812895e+00,4.031175059952038175e+00
1.215582605231391611e+01,-3.727369542066027996e-02,-7.667731629392970927e-02,-2.204472843450479280e-01,8.458033573141486627e+00,1.306954436450839419e+00,4.345323741007193874e+00
1.216078408671288713e+01,-5.644302449414270728e-02,-7.987220447284344715e-02,-1.640042598509052207e-01,8.858513189448441238e+00,8.033573141486810565e-01,4.513189448441247364e+00
1.216574212111185993e+01,-8.839190628328008614e-02,-9.904153354632587447e-02,-1.703940362087326965e-01,9.052757793764987682e+00,5.419664268585131506e-01,4.321342925659472201e+00
1.217070015551083095e+01,-1.352502662406815659e-01,-1.033013844515442009e-01,-2.108626198083067005e-01,8.827338129496402175e+00,9.424460431654676507e-01,4.254196642685851515e+00
1.217565818990980198e+01,-1.757188498402555976e-01,-1.001064962726304630e-01,-2.066027689030884018e-01,8.369304556354915547e+00,1.429256594724220619e+00,4.064748201438848518e+00
1.218061622430877478e+01,-2.012779552715655007e-01,-8.200212992545261037e-02,-1.490947816826411199e-01,8.486810551558752636e+00,1.268585131894484519e+00,3.956834532374100544e+00
1.218557425870774580e+01,-2.225772097976570774e-01,-5.537806176783812567e-02,-1.139510117145899892e-01,8.942446043165467984e+00,6.906474820143885252e-01,4.014388489208633004e+00
1.219053229310671682e+01,-2.502662406815761575e-01,-4.046858359957401785e-02,-1.320553780617678419e-01,9.249400479616307180e+00,4.316546762589927866e-01,4.244604316546762846e+00
1.219549032750568962e+01,-2.705005324813631318e-01,-4.898828541001064990e-02,-1.661341853035143701e-01,9.019184652278177339e+00,6.426858513189448452e-01,4.347721822541966041e+00
1.220044836190466064e+01,-2.662406815761448331e-01,-4.792332268370606829e-02,-1.608093716719914690e-01,8.642685851318944401e+00,9.640287769784172678e-01,4.290167865707434025e+00
1.220540639630363167e+01,-2.353567625133120289e-01,-2.768903088391906284e-02,-1.171458998935037271e-01,8.589928057553956720e+00,9.832134292565947176e-01,4.321342925659472201e+00
1.221036443070260447e+01,-2.023429179978700754e-01,-9.584664536741213658e-03,-7.135250266240682204e-02,8.925659472422061924e+00,6.522781774580336256e-01,4.539568345323741205e+00
1.221532246510157549e+01,-1.735889243876464205e-01,-9.584664536741213658e-03,-5.750798722044728195e-02,9.237410071942445455e+00,4.220623501199040617e-01,4.714628297362110310e+00
1.222028049950054651e+01,-1.480298189563365174e-01,-2.555910543130990309e-02,-7.241746538871139671e-02,9.105515587529975363e+00,6.211031175059952281e-01,4.738609112709831983e+00
1.222523853389951753e+01,-1.256656017039403661e-01,-3.514376996805111675e-02,-6.815761448349308416e-02,8.707434052757793808e+00,1.134292565947242259e+00,4.654676258992806126e+00
1.223019656829849033e+01,-1.022364217252396124e-01,-3.301384451544196047e-02,-1.064962726304579353e-02,8.522781774580336034e+00,1.369304556354915992e+00,4.541966426858513373e+00
1.223515460269746136e+01,-8.732694355697551147e-02,-2.023429179978700893e-02,5.750798722044728195e-02,8.707434052757793808e+00,1.148681055155875264e+00,4.410071942446043280e+00
1.224011263709643238e+01,-9.265175718849839870e-02,-9.584664536741213658e-03,8.945686900958466081e-02,8.937649880095923649e+00,7.697841726618704916e-01,4.450839328537170125e+00
1.224507067149540518e+01,-1.107561235356762513e-01,-1.064962726304579353e-02,8.306709265175718504e-02,8.844124700239808234e+00,7.697841726618704916e-01,4.402877697841726778e+00
1.225002870589437620e+01,-1.373801916932907430e-01,-1.490947816826411129e-02,7.880724174653887248e-02,8.450839328537171014e+00,1.098321342925659527e+00,4.321342925659472201e+00
1.225498674029334722e+01,-1.501597444089456945e-01,-1.064962726304579440e-03,1.128860489882854146e-01,8.131894484412470092e+00,1.294964028776978360e+00,4.165467625899280435e+00
1.225994477469232002e+01,-1.586794462193823196e-01,2.129925452609158706e-02,1.735889243876464205e-01,8.026378896882494729e+00,1.086330935251798468e+00,4.242206235011990678e+00
1.226490280909129105e+01,-1.597444089456868943e-01,4.685835995740149362e-02,2.247071352502662545e-01,8.239808153477218511e+00,5.899280575539568305e-01,4.827338129496403063e+00
1.226986084349026207e+01,-1.501597444089456945e-01,3.301384451544196047e-02,2.428115015974440793e-01,8.688249400479616469e+00,4.316546762589928282e-02,5.280575539568345356e+00
1.227481887788923487e+01,-1.544195953141639932e-01,-2.875399361022364098e-02,2.151224707135250269e-01,8.352517985611511264e+00,-2.158273381294963933e-01,5.390887290167865942e+00
1.227977691228820589e+01,-1.171458998935037271e-01,-6.602768903088392094e-02,1.831735889243876481e-01,7.995203836930455665e+00,-1.151079136690647542e-01,5.239808153477218511e+00
1.228473494668717692e+01,-6.709265175718849561e-02,-8.306709265175718504e-02,1.842385516506922227e-01,8.179856115107913439e+00,-2.565947242206235157e-01,5.167865707434052602e+00
1.228969298108614971e+01,-3.194888178913737886e-02,-1.171458998935037271e-01,1.778487752928647470e-01,8.522781774580336034e+00,-7.386091127098320941e-01,4.839328537170263900e+00
1.229465101548512074e+01,-8.519701810436635520e-03,-1.246006389776357776e-01,1.192758253461128903e-01,8.486810551558752636e+00,-8.129496402877698369e-01,4.419664268585131950e+00
1.229960904988409176e+01,1.064962726304579440e-03,-1.107561235356762513e-01,5.005324813631523151e-02,8.215827338129496837e+00,-5.227817745803357008e-01,4.618705035971222728e+00
1.230456708428306456e+01,2.129925452609158706e-02,-1.128860489882854146e-01,2.981895633652822258e-02,7.971223021582733992e+00,-2.422062350119904006e-01,4.561151079136690711e+00
1.230952511868203558e+01,2.768903088391906284e-02,-1.235356762513312029e-01,3.620873269435569836e-02,8.047961630695443347e+00,-3.812949640287769948e-01,4.419664268585131950e+00
1.231448315308100661e+01,3.620873269435569836e-02,-1.150159744408945639e-01,1.916932907348242732e-02,8.189448441247002108e+00,-5.395683453237409832e-01,4.131894484412470092e+00
1.231944118747997940e+01,2.342917997870074681e-02,-9.371671991480298725e-02,-2.449414270500532495e-02,8.033573141486810343e+00,-4.556354916067146266e-01,4.503597122302158695e+00
1.232439922187895043e+01,2.449414270500532495e-02,-9.265175718849839870e-02,-4.792332268370606829e-02,7.752997601918464987e+00,-1.990407673860911386e-01,4.846522781774580402e+00
1.232935725627792145e+01,2.981895633652822258e-02,-1.107561235356762513e-01,-4.579339723109691201e-02,7.851318944844124736e+00,-2.014388489208633060e-01,5.268585131894484519e+00
1.233431529067689425e+01,3.514376996805111675e-02,-1.533546325878594185e-01,-4.472843450479233041e-02,7.983213429256594829e+00,-2.709832134292565753e-01,5.474820143884891799e+00
1.233927332507586527e+01,3.301384451544196047e-02,-2.044728434504792247e-01,-5.963791267305644517e-02,7.949640287769784486e+00,-2.254196642685851182e-01,5.357314148681055599e+00
1.234423135947483630e+01,2.555910543130990309e-02,-2.438764643237486818e-01,-7.667731629392970927e-02,7.887290167865707247e+00,-9.592326139088729053e-02,5.256594724220623682e+00
1.234918939387380732e+01,2.768903088391906284e-02,-2.705005324813631318e-01,-7.135250266240682204e-02,7.935251798561151482e+00,-4.796163069544364180e-03,4.949640287769784486e+00
1.235414742827278012e+01,2.449414270500532495e-02,-2.886048988285410122e-01,-5.963791267305644517e-02,8.074340527577938076e+00,-8.872901678657074687e-02,4.685851318944844301e+00
1.235910546267175114e+01,2.129925452609158706e-02,-2.992545260915868144e-01,-6.815761448349308416e-02,8.146282973621103096e+00,-1.822541966426858562e-01,4.426858513189448452e+00
1.236406349707072216e+01,1.490947816826411129e-02,-3.003194888178913891e-01,-8.200212992545261037e-02,8.187050359712230829e+00,-1.630695443645084064e-01,4.378896882494005105e+00
1.236902153146969496e+01,1.703940362087327104e-02,-2.971246006389776095e-01,-9.904153354632587447e-02,8.347721822541966930e+00,-1.366906474820143991e-01,4.225419664268585507e+00
1.237397956586866599e+01,9.584664536741213658e-03,-2.875399361022364375e-01,-1.203407880724174650e-01,8.585131894484412385e+00,-1.486810551558752913e-01,4.321342925659472201e+00
1.237893760026763701e+01,7.454739084132055646e-03,-2.758253461128860606e-01,-1.480298189563365174e-01,8.752997601918465875e+00,-6.235011990407673954e-02,4.525179856115108201e+00
1.238389563466660981e+01,6.389776357827475772e-03,-2.758253461128860606e-01,-1.714589989350372712e-01,8.800959232613909222e+00,1.342925659472422040e-01,4.733812949640287648e+00
1.238885366906558083e+01,6.389776357827475772e-03,-2.928647497337593109e-01,-1.810436634717784987e-01,8.791366906474820553e+00,3.117505995203836977e-01,4.820143884892086561e+00
1.239381170346455185e+01,1.384451544195953142e-02,-3.099041533546325611e-01,-1.799787007454738963e-01,8.844124700239808234e+00,3.956834532374100544e-01,4.707434052757793808e+00
1.239876973786352465e+01,1.703940362087327104e-02,-3.109691160809371913e-01,-1.831735889243876481e-01,8.932853717026379314e+00,5.227817745803357008e-01,4.599520383693045389e+00
1.240372777226249568e+01,1.064962726304579353e-02,-3.077742279020234117e-01,-1.821086261980830734e-01,8.820143884892086561e+00,7.338129496402877594e-01,4.635491606714627899e+00
1.240868580666146670e+01,8.519701810436635520e-03,-3.088391906283279864e-01,-1.693290734824281218e-01,8.637889688249400066e+00,9.736211031175060482e-01,4.522781774580336034e+00
1.241364384106043950e+01,7.454739084132055646e-03,-3.056443024494142624e-01,-1.352502662406815659e-01,8.580335731414868050e+00,1.100719424460431695e+00,4.532374100719424703e+00
1.241860187545941052e+01,1.384451544195953142e-02,-3.067092651757188371e-01,-9.478168264110756192e-02,8.529976019184651648e+00,1.124700239808153368e+00,4.381294964028777272e+00
1.242355990985838154e+01,1.490947816826411129e-02,-3.067092651757188371e-01,-5.963791267305644517e-02,8.496402877697841305e+00,1.100719424460431695e+00,4.357314148681055599e+00
1.242851794425735434e+01,1.916932907348242732e-02,-2.971246006389776095e-01,-2.662406815761448470e-02,8.501199040767385640e+00,1.043165467625899234e+00,4.417266187050359783e+00
1.243347597865632537e+01,2.768903088391906284e-02,-2.896698615548455868e-01,3.194888178913737886e-03,8.594724220623501054e+00,9.400479616306954833e-01,4.491606714628296970e+00
1.243843401305529639e+01,3.194888178913737886e-02,-2.907348242811501615e-01,2.768903088391906284e-02,8.736211031175059816e+00,8.081534772182253912e-01,4.628297362110311397e+00
1.244339204745426919e+01,4.153354632587859252e-02,-2.992545260915868144e-01,4.579339723109691201e-02,8.918465227817746310e+00,6.858513189448440794e-01,4.637889688249400066e+00
1.244835008185324021e+01,4.472843450479233041e-02,-3.088391906283279864e-01,5.963791267305644517e-02,9.136690647482014427e+00,6.043165467625899456e-01,4.628297362110311397e+00
1.245330811625221124e+01,5.005324813631523151e-02,-3.141640042598509153e-01,6.815761448349308416e-02,9.376498800959232938e+00,5.131894484412470314e-01,4.453237410071942293e+00
1.245826615065118226e+01,4.685835995740149362e-02,-3.173588924387646393e-01,7.241746538871139671e-02,9.573141486810552436e+00,5.011990407673860837e-01,4.230215827338129841e+00
1.246322418505015506e+01,3.514376996805111675e-02,-3.130990415335463406e-01,7.028753993610223350e-02,9.637889688249400066e+00,4.916067146282973588e-01,3.980815347721822661e+00
1.246818221944912608e+01,3.194888178913737886e-02,-2.917997870074547362e-01,7.774227902023429781e-02,9.738609112709832871e+00,3.908872901678657197e-01,3.779376498800959272e+00
1.247314025384809710e+01,4.898828541001064990e-02,-2.555910543130990309e-01,8.626198083067092293e-02,1.037889688249400422e+01,2.302158273381295084e-01,3.254196642685851515e+00
1.247809828824706990e+01,3.301384451544196047e-02,-1.512247071352502692e-01,4.472843450479233041e-02,1.369544364508393208e+01,1.438848920863309427e-02,2.892086330935251581e+00
1.248305632264604093e+01,-1.810436634717784918e-02,4.153354632587859252e-02,-4.685835995740149362e-02,1.145803357314148663e+01,8.824940047961630230e-01,5.741007194244604150e+00
1.248801435704501195e+01,-1.597444089456868943e-02,-8.945686900958466081e-02,-4.792332268370606829e-02,9.973621103117505271e+00,1.239808153477218289e+00,6.565947242206235046e+00
1.249297239144398475e+01,-1.118210862619808260e-01,-4.547390841320553823e-01,-3.620873269435569836e-02,8.774580335731414493e+00,1.052757793764987904e+00,2.942446043165467540e+00
1.249793042584295577e+01,-1.991480298189563236e-01,-4.600638977635782556e-01,-8.626198083067092293e-02,8.062350119904076351e+00,1.467625899280575519e+00,-6.187050359712230607e-01
1.250288846024192679e+01,-2.502662406815761575e-01,-7.241746538871139671e-02,-9.478168264110756192e-02,8.208633093525179447e+00,2.254196642685851515e+00,-3.453237410071942626e-01
1.250784649464089959e+01,-3.375931842385516690e-01,1.927582534611288478e-01,-9.584664536741213658e-03,8.983213429256593940e+00,1.978417266187050272e+00,2.441247002398081456e+00
1.251280452903987062e+01,-3.642172523961661468e-01,2.108626198083067005e-01,7.880724174653887248e-02,1.037410071942445988e+01,8.225419664268585063e-01,3.887290167865707247e+00
1.251776256343884164e+01,-3.461128860489882664e-01,1.746538871139510229e-01,8.839190628328008614e-02,1.091846522781774631e+01,1.366906474820143991e-01,5.223021582733813339e+00
1.252272059783781444e+01,-2.673056443024494078e-01,1.022364217252396124e-01,5.431309904153354406e-02,9.465227817745804018e+00,3.932853717026378870e-01,5.779376498800958828e+00
1.252767863223678546e+01,-1.959531416400425996e-01,-2.875399361022364098e-02,5.111821086261980618e-02,8.273381294964028854e+00,6.282973621103117301e-01,5.127098321342925757e+00
1.253263666663575648e+01,-1.363152289669861683e-01,-8.626198083067092293e-02,6.815761448349308416e-02,7.733812949640287648e+00,8.105515587529975585e-01,3.556354916067146377e+00
1.253759470103472928e+01,-1.001064962726304630e-01,3.194888178913737886e-03,9.797657082002129980e-02,7.733812949640287648e+00,1.187050359712230163e+00,3.369304556354915992e+00
1.254255273543370031e+01,-6.709265175718849561e-02,9.797657082002129980e-02,1.714589989350372712e-01,8.081534772182253690e+00,1.280575539568345356e+00,4.354916067146282543e+00
1.254751076983267133e+01,-4.685835995740149362e-02,8.306709265175718504e-02,2.545260915867944562e-01,9.091127098321342359e+00,7.338129496402877594e-01,4.724220623501198979e+00
1.255246880423164413e+01,-7.348242811501597138e-02,3.727369542066027996e-02,2.662406815761448331e-01,9.383693045563548552e+00,1.702637889688249362e-01,4.964028776978417490e+00
1.255742683863061515e+01,-8.413205537806177359e-02,1.171458998935037341e-02,2.289669861554845531e-01,8.836930455635490844e+00,1.798561151079136611e-01,5.196642685851318610e+00
1.256238487302958617e+01,-8.626198083067092293e-02,-2.129925452609158706e-02,2.066027689030884018e-01,8.268585131894484519e+00,3.501199040767385973e-01,5.196642685851318610e+00
1.256734290742855897e+01,-1.001064962726304630e-01,-8.093716719914803570e-02,2.183173588924387509e-01,8.407673860911270225e+00,8.393285371702638442e-02,4.908872901678656753e+00
1.257230094182753000e+01,-9.904153354632587447e-02,-9.904153354632587447e-02,2.204472843450479280e-01,8.748201438848921541e+00,-2.302158273381295084e-01,4.304556354916067029e+00
1.257725897622650102e+01,-1.192758253461128903e-01,-8.093716719914803570e-02,2.002129925452609260e-01,9.023980815347721673e+00,-3.021582733812949728e-01,4.525179856115108201e+00
1.258221701062547204e+01,-1.299254526091586925e-01,-9.478168264110756192e-02,1.746538871139510229e-01,8.882494004796162912e+00,-2.494004796163069582e-01,4.645083932853717457e+00
1.258717504502444484e+01,-1.427050053248136441e-01,-1.416400425985090417e-01,1.661341853035143701e-01,8.798561151079136167e+00,-4.652278177458033515e-01,4.299760191846522694e+00
1.259213307942341586e+01,-1.427050053248136441e-01,-1.512247071352502692e-01,1.395101171458998923e-01,8.803357314148680501e+00,-6.498800959232613472e-01,3.659472422062350017e+00
1.259709111382238689e+01,-1.437699680511182188e-01,-1.139510117145899892e-01,1.033013844515442009e-01,8.882494004796162912e+00,-5.779376498800958828e-01,3.702637889688249473e+00
1.260204914822135969e+01,-1.299254526091586925e-01,-8.093716719914803570e-02,7.987220447284344715e-02,9.062350119904076351e+00,-4.460431654676259017e-01,3.870503597122302075e+00
1.260700718262033071e+01,-1.331203407880724165e-01,-8.413205537806177359e-02,7.454739084132055993e-02,9.189448441247002108e+00,-5.323741007194244812e-01,3.812949640287769615e+00
1.261196521701930173e+01,-1.373801916932907430e-01,-8.306709265175718504e-02,6.602768903088392094e-02,9.302158273381294862e+00,-7.889688249400479414e-01,3.630695443645084008e+00
1.261692325141827453e+01,-1.331203407880724165e-01,-5.963791267305644517e-02,3.514376996805111675e-02,9.330935251798560870e+00,-8.609112709832134058e-01,3.669064748201438686e+00
1.262188128581724555e+01,-1.299254526091586925e-01,-4.472843450479233041e-02,-5.324813631522896766e-03,9.045563549160672068e+00,-7.074340527577938076e-01,3.808153477218225280e+00
1.262683932021621658e+01,-1.373801916932907430e-01,-5.750798722044728195e-02,-3.940362087326943624e-02,9.187050359712230829e+00,-5.491606714628297636e-01,3.297362110311750527e+00
1.263179735461518938e+01,-1.746538871139510229e-01,-4.046858359957401785e-02,-7.561235356762513460e-02,9.146282973621103096e+00,-4.772182254196642437e-01,3.009592326139088669e+00
1.263675538901416040e+01,-1.906283280085196985e-01,3.194888178913737886e-02,-1.001064962726304630e-01,9.136690647482014427e+00,-4.916067146282973588e-01,3.172661870503596937e+00
1.264171342341313142e+01,-2.161874334398296016e-01,7.348242811501597138e-02,-1.256656017039403661e-01,9.431654676258993675e+00,-5.923261390887289979e-01,3.681055155875299967e+00
1.264667145781210422e+01,-2.470713525026624058e-01,6.176783812566560145e-02,-1.618743343982960714e-01,9.407673860911270225e+00,-5.371702637889688159e-01,4.035971223021582510e+00
1.265162949221107525e+01,-2.492012779552715551e-01,3.620873269435569836e-02,-1.959531416400425996e-01,8.920863309352517589e+00,-3.788968824940047719e-01,4.172661870503596937e+00
1.265658752661004627e+01,-1.980830670926517489e-01,4.046858359957401785e-02,-1.991480298189563236e-01,8.851318944844123848e+00,-2.398081534772182333e-01,3.532374100719424259e+00
1.266154556100901907e+01,-2.193823216187433534e-01,7.774227902023429781e-02,-1.799787007454738963e-01,8.949640287769783598e+00,-2.949640287769784153e-01,3.762589928057554101e+00
1.266650359540799009e+01,-2.321618743343983049e-01,8.626198083067092293e-02,-2.034078807241746500e-01,8.870503597122302963e+00,-2.997601918465228055e-01,4.304556354916067029e+00
1.267146162980696111e+01,-2.215122470713525027e-01,6.709265175718849561e-02,-2.385516506922257807e-01,8.846522781774579514e+00,-2.014388489208633060e-01,3.812949640287769615e+00
1.267641966420593391e+01,-2.619808306709265344e-01,6.922257720979765883e-02,-2.587859424920127549e-01,8.844124700239808234e+00,-1.366906474820143991e-01,4.589928057553956720e+00
1.268137769860490494e+01,-2.183173588924387509e-01,7.561235356762513460e-02,-2.705005324813631318e-01,8.812949640287769171e+00,1.582733812949640162e-01,4.175059952038369104e+00
1.268633573300387596e+01,-2.449414270500532564e-01,5.857294994675186356e-02,-2.577209797657081802e-01,8.829736211031175230e+00,2.062350119904076684e-01,5.016786570743405171e+00
1.269129376740284876e+01,-1.959531416400425996e-01,1.810436634717784918e-02,-2.428115015974440793e-01,8.731414868105515481e+00,3.429256594724220397e-01,4.376498800959232938e+00
1.269625180180181978e+01,-2.119275825346112752e-01,-6.389776357827475772e-03,-2.268370607028754038e-01,8.683453237410072134e+00,3.405275779376498724e-01,4.297362110311750527e+00
1.270120983620079080e+01,-1.863684771033013721e-01,3.194888178913737886e-03,-2.183173588924387509e-01,8.791366906474820553e+00,3.645083932853717124e-01,4.131894484412470092e+00
1.270616787059976183e+01,-1.757188498402555976e-01,2.342917997870074681e-02,-2.087326943556975511e-01,8.882494004796162912e+00,4.484412470023980690e-01,3.942446043165467540e+00
1.271112590499873463e+01,-1.884984025559105492e-01,2.768903088391906284e-02,-1.980830670926517489e-01,8.887290167865707247e+00,4.244604316546762846e-01,4.410071942446043280e+00
1.271608393939770565e+01,-1.576144834930777450e-01,2.981895633652822258e-02,-1.884984025559105492e-01,9.088729016786571080e+00,5.635491606714628787e-01,4.038369304556354678e+00
1.272104197379667667e+01,-1.821086261980830734e-01,2.662406815761448470e-02,-1.778487752928647470e-01,8.851318944844123848e+00,6.546762589928057929e-01,4.745803357314148485e+00
1.272600000819564947e+01,-1.480298189563365174e-01,0.000000000000000000e+00,-1.586794462193823196e-01,8.705035971223020752e+00,7.074340527577938076e-01,4.263788968824940184e+00
1.273095804259462049e+01,-1.618743343982960714e-01,-1.810436634717784918e-02,-1.395101171458998923e-01,8.805755395683453557e+00,5.755395683453237154e-01,4.189448441247002108e+00
1.273591607699359152e+01,-1.437699680511182188e-01,-4.259850905218317760e-03,-1.246006389776357776e-01,8.860911270983214294e+00,6.019184652278177783e-01,3.988009592326139163e+00
1.274087411139256432e+01,-1.331203407880724165e-01,1.490947816826411129e-02,-1.107561235356762513e-01,8.949640287769783598e+00,6.091127098321342803e-01,4.105515587529976251e+00
1.274583214579153534e+01,-1.171458998935037271e-01,1.171458998935037341e-02,-1.001064962726304630e-01,8.858513189448441238e+00,5.659472422062350461e-01,4.374100719424460770e+00
1.275079018019050636e+01,-8.626198083067092293e-02,-3.194888178913737886e-03,-8.519701810436634826e-02,8.803357314148680501e+00,6.282973621103117301e-01,4.004796163069544335e+00
1.275574821458947916e+01,-8.413205537806177359e-02,-1.064962726304579440e-03,-6.815761448349308416e-02,8.776978417266187549e+00,6.810551558752997447e-01,4.194244604316546443e+00
1.276070624898845018e+01,-4.898828541001064990e-02,1.703940362087327104e-02,-4.366347177848775574e-02,8.896882494004795916e+00,7.098321342925659749e-01,4.064748201438848518e+00
1.276566428338742121e+01,-5.431309904153354406e-02,1.810436634717784918e-02,-2.768903088391906284e-02,9.105515587529975363e+00,6.594724220623501276e-01,4.297362110311750527e+00
1.277062231778639401e+01,-5.431309904153354406e-02,-4.259850905218317760e-03,-2.768903088391906284e-02,9.014388489208633004e+00,8.489208633093525691e-01,4.076738609112710243e+00
1.277558035218536503e+01,-7.348242811501597138e-02,-1.384451544195953142e-02,-2.129925452609158706e-02,8.750599520383692820e+00,1.136690647482014427e+00,3.971223021582733992e+00
1.278053838658433605e+01,-9.158679446219382403e-02,-5.324813631522896766e-03,-2.129925452609158880e-03,8.822541966426857840e+00,1.297362110311750527e+00,3.810551558752997447e+00
1.278549642098330885e+01,-1.246006389776357776e-01,8.519701810436635520e-03,1.597444089456868943e-02,9.103117505995204084e+00,1.345323741007194318e+00,3.779376498800959272e+00
1.279045445538227987e+01,-1.565495207667731703e-01,1.490947816826411129e-02,3.194888178913737886e-02,8.983213429256593940e+00,1.505995203836930418e+00,4.093525179856115415e+00
1.279541248978125090e+01,-1.565495207667731703e-01,3.194888178913737886e-03,8.093716719914803570e-02,8.863309352517985573e+00,1.606714628297362113e+00,3.959232613908872711e+00
1.280037052418022370e+01,-1.437699680511182188e-01,1.703940362087327104e-02,1.640042598509052207e-01,8.882494004796162912e+00,1.282973621103117523e+00,4.076738609112710243e+00
1.280532855857919472e+01,-7.987220447284344715e-02,4.792332268370606829e-02,2.374866879659212060e-01,8.834532374100719565e+00,7.122302158273381423e-01,4.225419664268585507e+00
1.281028659297816574e+01,-2.555910543130990309e-02,4.898828541001064990e-02,2.768903088391906353e-01,8.860911270983214294e+00,2.086330935251798635e-01,4.580335731414868050e+00
1.281524462737713677e+01,3.940362087326943624e-02,2.555910543130990309e-02,2.875399361022364375e-01,8.311750599520383531e+00,-7.194244604316547137e-03,4.340527577937649539e+00
1.282020266177610957e+01,6.922257720979765883e-02,2.129925452609158880e-03,2.981895633652822397e-01,8.793764988009591832e+00,-3.165467625899280324e-01,3.649880095923261347e+00
1.282516069617508059e+01,6.070287539936101984e-02,5.111821086261980618e-02,2.683706070287539824e-01,9.179856115107913439e+00,-5.299760191846523139e-01,3.534772182254196426e+00
1.283011873057405161e+01,1.384451544195953142e-02,1.001064962726304630e-01,2.066027689030884018e-01,9.115107913669064033e+00,-6.618705035971222950e-01,4.323741007194244368e+00
1.283507676497302441e+01,-2.023429179978700893e-02,8.413205537806177359e-02,1.597444089456868943e-01,8.896882494004795916e+00,-8.585131894484412385e-01,5.318944844124700033e+00
1.284003479937199543e+01,-7.454739084132055646e-03,2.023429179978700893e-02,1.320553780617678419e-01,8.561151079136690711e+00,-1.023980815347721895e+00,5.031175059952038175e+00
1.284499283377096646e+01,-2.555910543130990309e-02,-3.407880724174654208e-02,1.075612353567625135e-01,8.496402877697841305e+00,-1.251798561151079126e+00,4.884892086330935079e+00
1.284995086816993926e+01,-1.064962726304579353e-02,-5.005324813631523151e-02,6.283280085197018305e-02,8.618705035971222728e+00,-1.278177458033573188e+00,4.369304556354916436e+00
1.285490890256891028e+01,-3.514376996805111675e-02,-4.366347177848775574e-02,1.171458998935037341e-02,8.817745803357313505e+00,-1.330935251798561092e+00,4.275779376498801021e+00
1.285986693696788130e+01,-5.857294994675186356e-02,-5.218317358892438779e-02,-4.579339723109691201e-02,8.594724220623501054e+00,-1.340527577937649983e+00,4.182254196642685606e+00
1.286482497136685410e+01,-7.561235356762513460e-02,-5.644302449414270728e-02,-9.158679446219382403e-02,8.726618705035971146e+00,-1.402877697841726556e+00,4.021582733812949506e+00
1.286978300576582512e+01,-7.348242811501597138e-02,-2.768903088391906284e-02,-1.458998935037273681e-01,9.067146282973620686e+00,-1.422062350119904117e+00,4.321342925659472201e+00
1.287474104016479615e+01,-5.431309904153354406e-02,-2.662406815761448470e-02,-2.034078807241746500e-01,9.393285371702637221e+00,-1.340527577937649983e+00,4.143884892086330929e+00
1.287969907456376895e+01,-7.987220447284344715e-02,-5.644302449414270728e-02,-2.566560170394036056e-01,9.148681055155876152e+00,-1.009592326139088669e+00,4.311750599520383531e+00
1.288465710896273997e+01,-6.815761448349308416e-02,-7.241746538871139671e-02,-2.800851970181043593e-01,8.640287769784173122e+00,-5.611510791366906004e-01,3.815347721822541782e+00
1.288961514336171099e+01,-7.028753993610223350e-02,-5.005324813631523151e-02,-2.832800851970180833e-01,8.700239808153476417e+00,-4.388489208633093441e-01,3.541966426858513373e+00
1.289457317776068379e+01,-7.774227902023429781e-02,-1.064962726304579353e-02,-3.258785942492012921e-01,8.812949640287769171e+00,-2.494004796163069582e-01,3.896882494004796360e+00
1.289953121215965481e+01,-5.537806176783812567e-02,6.389776357827475772e-03,-3.801916932907348223e-01,9.345323741007193874e+00,5.227817745803357008e-01,3.808153477218225280e+00
1.290448924655862584e+01,-1.373801916932907430e-01,2.129925452609158880e-03,-3.833865814696485463e-01,8.906474820143884585e+00,1.551558752997601820e+00,3.858513189448441238e+00
1.290944728095759864e+01,-2.225772097976570774e-01,-8.519701810436635520e-03,-3.162939297124600646e-01,8.803357314148680501e+00,1.635491606714628343e+00,4.649880095923261791e+00
1.291440531535656966e+01,-2.396166134185303553e-01,-9.584664536741213658e-03,-2.492012779552715551e-01,9.062350119904076351e+00,1.213429256594724226e+00,3.776978417266187105e+00
1.291936334975554068e+01,-3.631522896698615721e-01,-3.301384451544196047e-02,-2.545260915867944562e-01,9.040767386091127733e+00,7.553956834532373765e-01,4.729016786570743314e+00
1.292432138415451348e+01,-3.663471778487752961e-01,-6.496272630457934627e-02,-2.896698615548455868e-01,8.683453237410072134e+00,1.047961630695443569e+00,3.702637889688249473e+00
1.292927941855348450e+01,-4.281150159744409045e-01,-6.176783812566560145e-02,-2.832800851970180833e-01,8.606714628297362779e+00,1.002398081534772167e+00,4.282973621103117523e+00
1.293423745295245553e+01,-3.727369542066027441e-01,-3.514376996805111675e-02,-2.577209797657081802e-01,8.875299760191847298e+00,8.657074340527577405e-01,3.872901678657074243e+00
1.293919548735142655e+01,-3.769968051118210983e-01,-3.194888178913737886e-02,-2.449414270500532564e-01,9.047961630695443347e+00,8.513189448441247364e-01,4.115107913669064921e+00
1.294415352175039935e+01,-3.482428115015974712e-01,-4.685835995740149362e-02,-2.257720979765708291e-01,8.995203836930455665e+00,1.064748201438848962e+00,4.211031175059951615e+00
1.294911155614937037e+01,-2.907348242811501615e-01,-4.472843450479233041e-02,-1.746538871139510229e-01,8.937649880095923649e+00,1.179856115107913661e+00,3.688249400479616469e+00
1.295406959054834140e+01,-2.662406815761448331e-01,-2.768903088391906284e-02,-1.182108626198083018e-01,9.038369304556354678e+00,8.585131894484412385e-01,4.155875299760191766e+00
1.295902762494731419e+01,-1.874334398296059745e-01,-1.810436634717784918e-02,-8.732694355697551147e-02,9.172661870503597825e+00,8.297362110311750083e-01,3.393285371702638109e+00
1.296398565934628522e+01,-1.895633652822151238e-01,-5.324813631522896766e-03,-6.389776357827475772e-02,8.973621103117505271e+00,8.920863309352518034e-01,4.059952038369304184e+00
1.296894369374525624e+01,-1.033013844515442009e-01,1.064962726304579353e-02,-2.023429179978700893e-02,8.928057553956834980e+00,9.496402877697841527e-01,3.589928057553956720e+00
1.297390172814422904e+01,-7.454739084132055993e-02,3.301384451544196047e-02,2.768903088391906284e-02,9.011990407673861725e+00,7.194244604316546443e-01,3.858513189448441238e+00
1.297885976254320006e+01,-2.555910543130990309e-02,5.857294994675186356e-02,5.218317358892438779e-02,9.000000000000000000e+00,6.978417266187050272e-01,4.141486810551558762e+00
1.298381779694217109e+01,-1.064962726304579440e-03,7.241746538871139671e-02,6.389776357827475772e-02,8.820143884892086561e+00,9.136690647482014205e-01,4.189448441247002108e+00
1.298877583134114388e+01,-3.301384451544196047e-02,4.792332268370606829e-02,8.413205537806177359e-02,8.750599520383692820e+00,8.345323741007194540e-01,4.815347721822542226e+00
1.299373386574011491e+01,-3.088391906283280072e-02,5.324813631522896766e-03,1.022364217252396124e-01,8.916067146282973255e+00,6.354916067146283432e-01,3.980815347721822661e+00
1.299869190013908593e+01,-8.732694355697551147e-02,7.454739084132055646e-03,9.478168264110756192e-02,8.901678657074340251e+00,4.508393285371702364e-01,4.436450839328537121e+00
1.300364993453805873e+01,-6.070287539936101984e-02,9.584664536741213658e-03,9.371671991480298725e-02,8.928057553956834980e+00,5.011990407673860837e-01,4.194244604316546443e+00
1.300860796893702975e+01,-5.324813631522896940e-02,7.454739084132055646e-03,1.128860489882854146e-01,8.793764988009591832e+00,4.892086330935251914e-01,4.232613908872902009e+00
1.301356600333600078e+01,-3.620873269435569836e-02,1.384451544195953142e-02,1.384451544195953177e-01,8.714628297362111198e+00,4.748201438848920763e-01,4.110311750599520586e+00
1.301852403773497358e+01,-3.620873269435569836e-02,2.129925452609158706e-02,1.618743343982960714e-01,8.901678657074340251e+00,2.422062350119904006e-01,4.153477218225419598e+00
1.302348207213394460e+01,-2.342917997870074681e-02,3.194888178913737886e-02,1.682641107561235472e-01,8.671462829736210409e+00,-8.153477218225420320e-02,4.477218225419663966e+00
1.302844010653291562e+01,-1.277955271565495154e-02,9.584664536741213658e-03,1.586794462193823196e-01,8.592326139088729775e+00,-2.733812949640287981e-01,4.316546762589927866e+00
1.303339814093188842e+01,-7.454739084132055646e-03,-6.389776357827475772e-03,1.299254526091586925e-01,9.021582733812950394e+00,-4.004796163069544446e-01,4.239808153477218511e+00
1.303835617533085944e+01,7.454739084132055646e-03,1.810436634717784918e-02,8.839190628328008614e-02,9.199040767386090778e+00,-2.206235011990407557e-01,4.002398081534772167e+00
1.304331420972983047e+01,-3.514376996805111675e-02,3.194888178913737886e-03,7.028753993610223350e-02,8.925659472422061924e+00,-1.390887290167865664e-01,4.517985611510791699e+00
1.304827224412880149e+01,-3.407880724174654208e-02,-2.342917997870074681e-02,8.839190628328008614e-02,8.609112709832134058e+00,-2.733812949640287981e-01,4.064748201438848518e+00
1.305323027852777429e+01,-3.088391906283280072e-02,-9.584664536741213658e-03,9.478168264110756192e-02,8.745803357314148485e+00,-6.043165467625899456e-01,4.134292565947242259e+00
1.305818831292674531e+01,-8.519701810436635520e-03,7.454739084132055646e-03,6.602768903088392094e-02,9.009592326139088669e+00,-7.841726618705036067e-01,3.956834532374100544e+00
1.306314634732571633e+01,-3.194888178913737886e-02,-1.064962726304579440e-03,1.277955271565495154e-02,9.189448441247002108e+00,-8.345323741007194540e-01,4.323741007194244368e+00
1.306810438172468913e+01,-2.236421725239616520e-02,-1.597444089456868943e-02,-3.194888178913737886e-02,8.868105515587529908e+00,-6.067146282973621130e-01,4.191846522781774276e+00
1.307306241612366016e+01,-2.023429179978700893e-02,-2.555910543130990309e-02,-5.005324813631523151e-02,8.827338129496402175e+00,-5.155875299760191988e-01,3.976019184652278327e+00
1.307802045052263118e+01,-1.171458998935037341e-02,-1.064962726304579353e-02,-6.176783812566560145e-02,9.011990407673861725e+00,-4.916067146282973588e-01,3.997601918465227833e+00
1.308297848492160398e+01,-5.324813631522896766e-03,-3.194888178913737886e-03,-7.241746538871139671e-02,8.693045563549160804e+00,-4.052757793764987793e-01,3.918465227817745866e+00
1.308793651932057500e+01,-1.916932907348242732e-02,-1.384451544195953142e-02,-8.200212992545261037e-02,8.717026378896882477e+00,-4.628297362110311841e-01,4.038369304556354678e+00
1.309289455371954602e+01,7.454739084132055646e-03,1.490947816826411129e-02,-1.064962726304579388e-01,9.215827338129496837e+00,-4.100719424460431695e-01,3.851318944844124736e+00
1.309785258811851882e+01,-9.584664536741213658e-03,2.555910543130990309e-02,-1.490947816826411199e-01,9.611510791366907114e+00,-3.261390887290168128e-01,4.342925659472421707e+00
1.310281062251748985e+01,-1.597444089456868943e-02,-1.171458998935037341e-02,-1.767838125665601723e-01,9.083932853717026745e+00,-3.117505995203836977e-02,4.177458033573141272e+00
1.310776865691646087e+01,-2.236421725239616520e-02,-3.301384451544196047e-02,-1.682641107561235472e-01,8.570743405275779381e+00,2.709832134292565753e-01,3.911270983213429364e+00
1.311272669131543367e+01,6.389776357827475772e-03,2.129925452609158880e-03,-1.458998935037273681e-01,8.573141486810552436e+00,3.860911270983213295e-01,3.731414868105515481e+00
1.311768472571440469e+01,1.597444089456868943e-02,3.727369542066027996e-02,-1.373801916932907430e-01,8.954436450839327932e+00,3.213429256594724226e-01,3.817745803357313950e+00
1.312264276011337572e+01,-7.454739084132055646e-03,4.153354632587859252e-02,-1.512247071352502692e-01,9.076738609112709355e+00,4.148681055155875042e-01,4.369304556354916436e+00
1.312760079451234851e+01,3.194888178913737886e-03,2.662406815761448470e-02,-1.608093716719914690e-01,8.961630695443645322e+00,7.458033573141487071e-01,4.354916067146282543e+00
1.313255882891131954e+01,-3.194888178913737886e-03,1.171458998935037341e-02,-1.480298189563365174e-01,8.762589928057554545e+00,1.095923261390887360e+00,4.450839328537170125e+00
1.313751686331029056e+01,-7.454739084132055646e-03,-1.064962726304579440e-03,-1.118210862619808260e-01,8.642685851318944401e+00,1.282973621103117523e+00,4.326139088729016535e+00
1.314247489770926336e+01,-6.389776357827475772e-03,-7.454739084132055646e-03,-5.857294994675186356e-02,8.764988009592325824e+00,1.175059952038369326e+00,4.218225419664269005e+00
1.314743293210823438e+01,-4.259850905218317760e-03,-2.129925452609158880e-03,-2.449414270500532495e-02,8.805755395683453557e+00,9.712230215827337698e-01,4.062350119904076351e+00
1.315239096650720541e+01,-9.584664536741213658e-03,1.064962726304579440e-03,-1.384451544195953142e-02,8.889688249400480302e+00,8.776978417266186883e-01,4.098321342925659749e+00
1.315734900090617820e+01,-7.454739084132055646e-03,5.324813631522896766e-03,-9.584664536741213658e-03,8.853717026378896904e+00,9.568345323741007658e-01,4.079136690647482411e+00
1.316230703530514923e+01,-1.597444089456868943e-02,7.454739084132055646e-03,7.454739084132055646e-03,8.781774580335731883e+00,1.040767386091127067e+00,4.170263788968824770e+00
1.316726506970412025e+01,-2.023429179978700893e-02,5.324813631522896766e-03,4.046858359957401785e-02,8.824940047961630896e+00,9.592326139088729331e-01,4.249400479616307180e+00
1.317222310410309127e+01,-1.916932907348242732e-02,1.064962726304579440e-03,7.028753993610223350e-02,8.892086330935251581e+00,7.242206235011990900e-01,4.134292565947242259e+00
1.317718113850206407e+01,-2.555910543130990309e-02,-3.194888178913737886e-03,8.093716719914803570e-02,8.940047961630694928e+00,4.844124700239808012e-01,4.146282973621103096e+00
1.318213917290103510e+01,-2.236421725239616520e-02,-4.259850905218317760e-03,8.093716719914803570e-02,8.928057553956834980e+00,3.525179856115107646e-01,4.043165467625899012e+00
1.318709720730000612e+01,-2.236421725239616520e-02,-1.064962726304579440e-03,8.306709265175718504e-02,8.884892086330935967e+00,2.805755395683453002e-01,3.995203836930455665e+00
1.319205524169897892e+01,-2.129925452609158706e-02,4.259850905218317760e-03,8.839190628328008614e-02,8.896882494004795916e+00,1.007194244604316530e-01,4.000000000000000000e+00
1.319701327609794994e+01,-1.916932907348242732e-02,1.277955271565495154e-02,9.052183173588924936e-02,9.014388489208633004e+00,-9.112709832134292809e-02,4.095923261390887582e+00
1.320197131049692096e+01,-1.384451544195953142e-02,1.384451544195953142e-02,7.987220447284344715e-02,8.829736211031175230e+00,-1.774580335731414937e-01,4.148681055155875264e+00
1.320692934489589376e+01,-1.597444089456868943e-02,5.324813631522896766e-03,6.389776357827475772e-02,9.091127098321342359e+00,-3.117505995203836977e-01,4.148681055155875264e+00
1.321188737929486479e+01,-1.171458998935037341e-02,1.490947816826411129e-02,3.833865814696485463e-02,9.002398081534773056e+00,-3.093525179856115304e-01,4.431654676258992787e+00
1.321684541369383581e+01,-1.277955271565495154e-02,-1.810436634717784918e-02,2.981895633652822258e-02,8.462829736211030962e+00,-1.870503597122302186e-01,4.203836930455635112e+00
1.322180344809280861e+01,-1.810436634717784918e-02,-2.342917997870074681e-02,2.768903088391906284e-02,8.582733812949641106e+00,-2.565947242206235157e-01,4.093525179856115415e+00
1.322676148249177963e+01,1.064962726304579353e-02,1.490947816826411129e-02,1.064962726304579353e-02,9.412470023980814560e+00,-3.285371702637889801e-01,4.038369304556354678e+00
1.323171951689075065e+01,-4.259850905218317760e-03,9.584664536741213658e-03,-2.768903088391906284e-02,9.472422062350119631e+00,-2.182254196642685884e-01,4.170263788968824770e+00
1.323667755128972345e+01,-3.514376996805111675e-02,-2.875399361022364098e-02,-5.324813631522896940e-02,8.798561151079136167e+00,2.398081534772182090e-03,4.201438848920862945e+00
1.324163558568869448e+01,-1.064962726304579353e-02,-1.490947816826411129e-02,-4.792332268370606829e-02,8.429256594724220619e+00,3.069544364508393075e-01,3.815347721822541782e+00
1.324659362008766550e+01,-1.064962726304579440e-03,1.916932907348242732e-02,-3.620873269435569836e-02,8.769784172661870159e+00,3.884892086330935523e-01,4.076738609112710243e+00
1.325155165448663830e+01,-1.064962726304579440e-03,2.342917997870074681e-02,-3.088391906283280072e-02,9.127098321342925757e+00,3.285371702637889801e-01,4.148681055155875264e+00
1.325650968888560932e+01,-1.810436634717784918e-02,1.916932907348242732e-02,-3.620873269435569836e-02,8.961630695443645322e+00,4.508393285371702364e-01,4.383693045563549440e+00
1.326146772328458034e+01,-2.023429179978700893e-02,4.259850905218317760e-03,-3.620873269435569836e-02,8.784172661870503163e+00,6.594724220623501276e-01,4.482014388489208301e+00
1.326642575768355314e+01,-1.384451544195953142e-02,-1.490947816826411129e-02,-2.129925452609158706e-02,8.779376498800958828e+00,7.146282973621103096e-01,4.239808153477218511e+00
1.327138379208252417e+01,-2.449414270500532495e-02,-2.023429179978700893e-02,-3.194888178913737886e-03,8.796163069544364888e+00,6.954436450839328598e-01,4.235011990407674176e+00
1.327634182648149519e+01,-2.129925452609158706e-02,-2.023429179978700893e-02,1.703940362087327104e-02,8.851318944844123848e+00,6.306954436450838974e-01,4.079136690647482411e+00
1.328129986088046799e+01,-1.916932907348242732e-02,-1.490947816826411129e-02,3.194888178913737886e-02,8.928057553956834980e+00,5.347721822541966485e-01,3.942446043165467540e+00
1.328625789527943901e+01,-2.129925452609158706e-02,-4.259850905218317760e-03,3.833865814696485463e-02,8.949640287769783598e+00,4.580335731414867939e-01,3.911270983213429364e+00
1.329121592967841003e+01,-2.129925452609158706e-02,7.454739084132055646e-03,4.579339723109691201e-02,8.959232613908872267e+00,3.908872901678657197e-01,4.014388489208633004e+00
1.329617396407738106e+01,-1.810436634717784918e-02,1.171458998935037341e-02,5.111821086261980618e-02,8.940047961630694928e+00,2.973621103117505826e-01,4.028776978417266008e+00
1.330113199847635386e+01,-1.916932907348242732e-02,1.384451544195953142e-02,5.750798722044728195e-02,8.889688249400480302e+00,2.062350119904076684e-01,4.143884892086330929e+00
1.330609003287532488e+01,-1.277955271565495154e-02,1.064962726304579353e-02,5.857294994675186356e-02,8.889688249400480302e+00,9.352517985611510931e-02,4.151079136690647431e+00
1.331104806727429590e+01,-1.277955271565495154e-02,9.584664536741213658e-03,5.537806176783812567e-02,8.942446043165467984e+00,-1.199040767386091132e-02,4.215827338129496837e+00
1.331600610167326870e+01,-1.597444089456868943e-02,1.064962726304579440e-03,4.366347177848775574e-02,8.839328537170263900e+00,-5.275779376498800771e-02,4.177458033573141272e+00
1.332096413607223973e+01,-1.384451544195953142e-02,6.389776357827475772e-03,3.088391906283280072e-02,8.568345323741006325e+00,9.592326139088729053e-02,3.690647482014388636e+00
1.332592217047121075e+01,-1.171458998935037341e-02,4.685835995740149362e-02,2.555910543130990309e-02,8.872901678657074243e+00,1.414868105515587615e-01,3.906474820143885029e+00
1.333088020487018355e+01,-1.703940362087327104e-02,5.111821086261980618e-02,2.129925452609158706e-02,9.067146282973620686e+00,-5.275779376498800771e-02,4.621103117505994895e+00
1.333583823926915457e+01,-1.597444089456868943e-02,7.454739084132055646e-03,1.064962726304579440e-03,8.959232613908872267e+00,-2.158273381294964141e-02,4.657074340527578293e+00
1.334079627366812559e+01,-1.703940362087327104e-02,-1.171458998935037341e-02,-1.703940362087327104e-02,8.726618705035971146e+00,1.438848920863309289e-01,4.429256594724220619e+00
1.334575430806709839e+01,-1.916932907348242732e-02,-1.916932907348242732e-02,-1.597444089456868943e-02,8.760191846522781489e+00,1.438848920863309427e-02,4.047961630695443347e+00
1.335071234246606942e+01,-2.236421725239616520e-02,-1.064962726304579353e-02,-2.236421725239616520e-02,8.810551558752997892e+00,-2.470023980815347631e-01,3.983213429256594829e+00
1.335567037686504044e+01,-1.064962726304579440e-03,8.519701810436635520e-03,-3.940362087326943624e-02,8.971223021582733992e+00,-3.141486810551558650e-01,3.649880095923261347e+00
1.336062841126401324e+01,2.129925452609158880e-03,3.514376996805111675e-02,-5.111821086261980618e-02,9.009592326139088669e+00,-3.237410071942445899e-01,3.534772182254196426e+00
1.336558644566298426e+01,2.555910543130990309e-02,6.389776357827475772e-02,-5.431309904153354406e-02,9.175059952038369104e+00,-3.141486810551558650e-01,3.510791366906474753e+00
1.337054448006195528e+01,3.620873269435569836e-02,9.691160809371672513e-02,-5.644302449414270728e-02,9.235011990407674176e+00,-1.894484412470023860e-01,3.508393285371702586e+00
1.337550251446092808e+01,8.519701810436635520e-03,1.075612353567625135e-01,-6.709265175718849561e-02,9.086330935251798024e+00,-2.158273381294964141e-02,4.558752997601918544e+00
1.338046054885989911e+01,4.579339723109691201e-02,7.135250266240682204e-02,-6.815761448349308416e-02,8.980815347721822661e+00,2.661870503597122406e-01,4.374100719424460770e+00
1.338541858325887013e+01,4.685835995740149362e-02,4.685835995740149362e-02,-6.922257720979765883e-02,8.966426858513189657e+00,5.827338129496403285e-01,4.290167865707434025e+00
1.339037661765784293e+01,3.620873269435569836e-02,3.833865814696485463e-02,-6.496272630457934627e-02,8.755395683453237154e+00,1.002398081534772167e+00,4.232613908872902009e+00
1.339533465205681395e+01,2.236421725239616520e-02,3.301384451544196047e-02,-3.194888178913737886e-02,8.671462829736210409e+00,1.182254196642685828e+00,4.297362110311750527e+00
1.340029268645578497e+01,1.810436634717784918e-02,3.514376996805111675e-02,3.194888178913737886e-03,8.793764988009591832e+00,1.143884892086330929e+00,4.364508393285372101e+00
1.340525072085475600e+01,-4.259850905218317760e-03,2.449414270500532495e-02,2.875399361022364098e-02,8.803357314148680501e+00,1.191846522781774498e+00,4.884892086330935079e+00
1.341020875525372880e+01,-6.389776357827475772e-03,-1.490947816826411129e-02,5.111821086261980618e-02,8.741007194244604150e+00,1.235011990407673954e+00,4.904076738609112418e+00
1.341516678965269982e+01,-7.454739084132055646e-03,-5.218317358892438779e-02,7.880724174653887248e-02,8.702637889688249473e+00,1.064748201438848962e+00,4.621103117505994895e+00
1.342012482405167084e+01,-1.277955271565495154e-02,-6.602768903088392094e-02,9.265175718849839870e-02,8.678657074340527799e+00,7.793764988009592720e-01,4.342925659472421707e+00
1.342508285845064364e+01,-1.703940362087327104e-02,-7.028753993610223350e-02,9.691160809371672513e-02,8.657074340527577405e+00,5.347721822541966485e-01,4.160671462829736100e+00
1.343004089284961466e+01,-1.064962726304579440e-03,-6.283280085197018305e-02,1.033013844515442009e-01,8.808153477218224836e+00,1.702637889688249362e-01,4.031175059952038175e+00
1.343499892724858569e+01,1.810436634717784918e-02,-3.833865814696485463e-02,9.904153354632587447e-02,8.923261390887290645e+00,2.877697841726618855e-02,3.824940047961630896e+00
1.343995696164755849e+01,1.277955271565495154e-02,-1.597444089456868943e-02,8.626198083067092293e-02,8.810551558752997892e+00,-2.158273381294963933e-01,3.853717026378896904e+00
1.344491499604652951e+01,2.129925452609158706e-02,1.064962726304579440e-03,7.241746538871139671e-02,8.681055155875299079e+00,-6.594724220623501276e-01,3.676258992805755188e+00
1.344987303044550053e+01,2.555910543130990309e-02,3.727369542066027996e-02,3.833865814696485463e-02,8.932853717026379314e+00,-9.808153477218225502e-01,3.935251798561151038e+00
1.345483106484447333e+01,5.324813631522896940e-02,7.135250266240682204e-02,1.490947816826411129e-02,9.016786570743406060e+00,-1.045563549160671402e+00,4.884892086330935079e+00
1.345978909924344435e+01,1.096911608093716767e-01,3.301384451544196047e-02,-1.064962726304579440e-03,9.177458033573142160e+00,-1.002398081534772167e+00,4.587529976019184552e+00
1.346474713364241538e+01,9.052183173588924936e-02,-3.301384451544196047e-02,-3.620873269435569836e-02,9.052757793764987682e+00,-7.793764988009592720e-01,4.247002398081535013e+00
1.346970516804138818e+01,8.839190628328008614e-02,-4.046858359957401785e-02,-5.431309904153354406e-02,8.688249400479616469e+00,-4.796163069544364527e-02,4.247002398081535013e+00
1.347466320244035920e+01,1.043663471778487756e-01,-2.129925452609158706e-02,-2.023429179978700893e-02,8.863309352517985573e+00,4.052757793764987793e-01,3.817745803357313950e+00
1.347962123683933022e+01,7.348242811501597138e-02,-2.129925452609158706e-02,-4.259850905218317760e-03,9.170263788968824770e+00,6.930455635491606925e-01,4.213429256594723782e+00
1.348457927123830302e+01,9.478168264110756192e-02,-3.194888178913737886e-02,-1.490947816826411129e-02,9.167865707434053490e+00,1.146282973621103096e+00,3.083932853717026301e+00
1.348953730563727405e+01,2.342917997870074681e-02,2.129925452609158880e-03,-6.389776357827475772e-03,8.846522781774579514e+00,1.477218225419664188e+00,4.091127098321343247e+00
1.349449534003624507e+01,7.774227902023429781e-02,2.555910543130990309e-02,3.833865814696485463e-02,8.800959232613909222e+00,1.669064748201438908e+00,3.846522781774580402e+00
1.349945337443521787e+01,4.046858359957401785e-02,2.875399361022364098e-02,9.158679446219382403e-02,9.002398081534773056e+00,1.057553956834532460e+00,4.079136690647482411e+00
1.350441140883418889e+01,5.005324813631523151e-02,3.514376996805111675e-02,1.075612353567625135e-01,8.573141486810552436e+00,7.865707434052757741e-01,4.925659472422061924e+00
1.350936944323315991e+01,8.519701810436634826e-02,1.064962726304579440e-03,9.904153354632587447e-02,8.839328537170263900e+00,1.438848920863309289e-01,4.414868105515587615e+00
1.351432747763213271e+01,5.644302449414270728e-02,-2.555910543130990309e-02,6.389776357827475772e-02,8.803357314148680501e+00,-3.788968824940047719e-01,4.748201438848920652e+00
1.351928551203110374e+01,1.203407880724174650e-01,-9.584664536741213658e-03,2.981895633652822258e-02,8.527577937649880369e+00,-3.213429256594724226e-01,3.707434052757793808e+00
1.352424354643007476e+01,1.022364217252396124e-01,1.064962726304579440e-03,1.277955271565495154e-02,8.678657074340527799e+00,-7.002398081534771945e-01,4.107913669064748419e+00
1.352920158082904578e+01,1.246006389776357776e-01,1.703940362087327104e-02,-1.064962726304579440e-03,8.904076738609113306e+00,-1.127098321342925757e+00,3.717026378896882477e+00
1.353415961522801858e+01,9.371671991480298725e-02,4.366347177848775574e-02,-3.940362087326943624e-02,9.019184652278177339e+00,-7.553956834532373765e-01,4.482014388489208301e+00
1.353911764962698960e+01,1.331203407880724165e-01,4.366347177848775574e-02,-6.283280085197018305e-02,9.064748201438849406e+00,8.393285371702638442e-02,3.330935251798561314e+00
1.354407568402596063e+01,3.514376996805111675e-02,5.644302449414270728e-02,-3.514376996805111675e-02,9.318944844124700921e+00,6.762589928057554101e-01,4.299760191846522694e+00
