{
  "rigid (scale=1, metric test)": {
    "scale": 1.0,
    "ate_rmse_cm": 1.8812025199765463,
    "ate_mean_cm": 1.7009752464058336,
    "ate_median_cm": 1.7088835236185942,
    "ate_p95_cm": 3.079468767399241,
    "ate_max_cm": 3.531457884573878
  },
  "similarity (scale free)": {
    "scale": 1.1264387896936534,
    "ate_rmse_cm": 0.3375901412043556,
    "ate_mean_cm": 0.26592296798284965,
    "ate_median_cm": 0.21900693909579944,
    "ate_p95_cm": 0.592400245197099,
    "ate_max_cm": 1.537547005636926
  }
}