{
  "model": "kannala_brandt (cv2.fisheye, KB4)",
  "image_size": [
    2688,
    2016
  ],
  "fps": 59.94005994005994,
  "K": [
    [
      1003.4951247250002,
      0.0,
      1346.0477944686984
    ],
    [
      0.0,
      1002.7271413105943,
      984.0872606971989
    ],
    [
      0.0,
      0.0,
      1.0
    ]
  ],
  "D": [
    0.17100744410845745,
    -0.03198336118008995,
    0.030820832398867824,
    -0.022557103064614385
  ],
  "rms_px": 0.8172314005604001,
  "n_views": 60,
  "board": {
    "dict": "DICT_ARUCO_ORIGINAL",
    "layout": [
      10,
      8
    ],
    "square_size_m": 0.023,
    "legacy": true
  },
  "video": "data/acepro2/umi/VID_531.mp4"
}